step,method,source_method,mean_energy_per_site,standard_error_of_mean,n_independent_runs
100,Metropolis,metropolis,-1.37901008,2.28249966e-03,20
100,Row-Update,mps,-1.38321589,2.12965786e-03,20
100,Hybrid,mixture,-1.38728193,1.95844261e-03,20
101,Metropolis,metropolis,-1.37912166,2.28319288e-03,20
101,Row-Update,mps,-1.38345537,2.09969790e-03,20
101,Hybrid,mixture,-1.38737955,1.95102041e-03,20
102,Metropolis,metropolis,-1.37925081,2.29077716e-03,20
102,Row-Update,mps,-1.38354013,2.10016939e-03,20
102,Hybrid,mixture,-1.38748898,1.96151126e-03,20
103,Metropolis,metropolis,-1.37932569,2.29863853e-03,20
103,Row-Update,mps,-1.38365908,2.10910030e-03,20
103,Hybrid,mixture,-1.38761663,1.96258503e-03,20
104,Metropolis,metropolis,-1.37935866,2.30349699e-03,20
104,Row-Update,mps,-1.38395298,2.09783718e-03,20
104,Hybrid,mixture,-1.38777783,1.95383572e-03,20
105,Metropolis,metropolis,-1.37944593,2.30996070e-03,20
105,Row-Update,mps,-1.38415305,2.07847993e-03,20
105,Hybrid,mixture,-1.38766464,1.97720728e-03,20
106,Metropolis,metropolis,-1.37958300,2.30530137e-03,20
106,Row-Update,mps,-1.38439275,2.07607118e-03,20
106,Hybrid,mixture,-1.38784317,1.97439459e-03,20
107,Metropolis,metropolis,-1.37977115,2.33578877e-03,20
107,Row-Update,mps,-1.38457762,2.06228729e-03,20
107,Hybrid,mixture,-1.38807997,1.94741906e-03,20
108,Metropolis,metropolis,-1.37972301,2.32131377e-03,20
108,Row-Update,mps,-1.38482989,2.03505149e-03,20
108,Hybrid,mixture,-1.38820006,1.93090600e-03,20
109,Metropolis,metropolis,-1.37993757,2.33641999e-03,20
109,Row-Update,mps,-1.38507225,2.03647081e-03,20
109,Hybrid,mixture,-1.38818911,1.94232088e-03,20
110,Metropolis,metropolis,-1.38002931,2.35532220e-03,20
110,Row-Update,mps,-1.38532397,2.02333708e-03,20
110,Hybrid,mixture,-1.38833601,1.94171454e-03,20
111,Metropolis,metropolis,-1.38020448,2.36683516e-03,20
111,Row-Update,mps,-1.38557903,2.03275726e-03,20
111,Hybrid,mixture,-1.38839737,1.93112315e-03,20
112,Metropolis,metropolis,-1.38037616,2.39408006e-03,20
112,Row-Update,mps,-1.38575935,2.02591707e-03,20
112,Hybrid,mixture,-1.38848326,1.92665239e-03,20
113,Metropolis,metropolis,-1.38047529,2.40156057e-03,20
113,Row-Update,mps,-1.38589682,2.01481082e-03,20
113,Hybrid,mixture,-1.38855704,1.92014678e-03,20
114,Metropolis,metropolis,-1.38053319,2.40936766e-03,20
114,Row-Update,mps,-1.38610239,2.01401911e-03,20
114,Hybrid,mixture,-1.38866368,1.91850151e-03,20
115,Metropolis,metropolis,-1.38067329,2.40444332e-03,20
115,Row-Update,mps,-1.38626565,2.00077741e-03,20
115,Hybrid,mixture,-1.38883999,1.89981781e-03,20
116,Metropolis,metropolis,-1.38076021,2.41239257e-03,20
116,Row-Update,mps,-1.38640082,1.99622203e-03,20
116,Hybrid,mixture,-1.38874434,1.91104745e-03,20
117,Metropolis,metropolis,-1.38091015,2.42140395e-03,20
117,Row-Update,mps,-1.38643193,2.01348212e-03,20
117,Hybrid,mixture,-1.38876209,1.90917003e-03,20
118,Metropolis,metropolis,-1.38093864,2.42015410e-03,20
118,Row-Update,mps,-1.38655888,2.01172700e-03,20
118,Hybrid,mixture,-1.38898589,1.88932559e-03,20
119,Metropolis,metropolis,-1.38111976,2.44035449e-03,20
119,Row-Update,mps,-1.38667301,2.00941527e-03,20
119,Hybrid,mixture,-1.38900152,1.90631333e-03,20
120,Metropolis,metropolis,-1.38112810,2.43791123e-03,20
120,Row-Update,mps,-1.38673975,2.00546871e-03,20
120,Hybrid,mixture,-1.38908684,1.88303839e-03,20
121,Metropolis,metropolis,-1.38119582,2.43695553e-03,20
121,Row-Update,mps,-1.38679682,2.02214632e-03,20
121,Hybrid,mixture,-1.38920892,1.87369528e-03,20
122,Metropolis,metropolis,-1.38131989,2.44643213e-03,20
122,Row-Update,mps,-1.38697395,2.02418788e-03,20
122,Hybrid,mixture,-1.38933207,1.88347530e-03,20
123,Metropolis,metropolis,-1.38142288,2.46250118e-03,20
123,Row-Update,mps,-1.38695441,2.03332498e-03,20
123,Hybrid,mixture,-1.38945976,1.87089736e-03,20
124,Metropolis,metropolis,-1.38153875,2.46382213e-03,20
124,Row-Update,mps,-1.38706004,2.02845016e-03,20
124,Hybrid,mixture,-1.38962684,1.87509304e-03,20
125,Metropolis,metropolis,-1.38160733,2.47256071e-03,20
125,Row-Update,mps,-1.38721281,2.04030828e-03,20
125,Hybrid,mixture,-1.38970333,1.85406438e-03,20
126,Metropolis,metropolis,-1.38168648,2.48488671e-03,20
126,Row-Update,mps,-1.38737879,2.05310773e-03,20
126,Hybrid,mixture,-1.38995744,1.85610496e-03,20
127,Metropolis,metropolis,-1.38172094,2.46829777e-03,20
127,Row-Update,mps,-1.38749240,2.06562367e-03,20
127,Hybrid,mixture,-1.38997344,1.86740331e-03,20
128,Metropolis,metropolis,-1.38176834,2.47201831e-03,20
128,Row-Update,mps,-1.38755499,2.06182907e-03,20
128,Hybrid,mixture,-1.39002562,1.87098295e-03,20
129,Metropolis,metropolis,-1.38188733,2.48948050e-03,20
129,Row-Update,mps,-1.38764873,2.07282122e-03,20
129,Hybrid,mixture,-1.39024644,1.86713187e-03,20
130,Metropolis,metropolis,-1.38195725,2.47678625e-03,20
130,Row-Update,mps,-1.38770711,2.07451784e-03,20
130,Hybrid,mixture,-1.39028046,1.87394130e-03,20
131,Metropolis,metropolis,-1.38192143,2.48004806e-03,20
131,Row-Update,mps,-1.38786998,2.09821117e-03,20
131,Hybrid,mixture,-1.39036415,1.87772595e-03,20
132,Metropolis,metropolis,-1.38199061,2.47721903e-03,20
132,Row-Update,mps,-1.38792981,2.08917609e-03,20
132,Hybrid,mixture,-1.39051117,1.86759124e-03,20
133,Metropolis,metropolis,-1.38205810,2.46821283e-03,20
133,Row-Update,mps,-1.38799314,2.10077309e-03,20
133,Hybrid,mixture,-1.39053990,1.89035907e-03,20
134,Metropolis,metropolis,-1.38211816,2.45754005e-03,20
134,Row-Update,mps,-1.38813068,2.10203495e-03,20
134,Hybrid,mixture,-1.39056294,1.88403911e-03,20
135,Metropolis,metropolis,-1.38214963,2.44239362e-03,20
135,Row-Update,mps,-1.38819611,2.11113407e-03,20
135,Hybrid,mixture,-1.39076300,1.88149033e-03,20
136,Metropolis,metropolis,-1.38216819,2.45504024e-03,20
136,Row-Update,mps,-1.38829633,2.11431741e-03,20
136,Hybrid,mixture,-1.39092561,1.89737183e-03,20
137,Metropolis,metropolis,-1.38228037,2.45694333e-03,20
137,Row-Update,mps,-1.38832934,2.12849719e-03,20
137,Hybrid,mixture,-1.39093640,1.90752031e-03,20
138,Metropolis,metropolis,-1.38230022,2.44859823e-03,20
138,Row-Update,mps,-1.38843412,2.12989099e-03,20
138,Hybrid,mixture,-1.39110589,1.92044635e-03,20
139,Metropolis,metropolis,-1.38237009,2.46323562e-03,20
139,Row-Update,mps,-1.38849828,2.13936666e-03,20
139,Hybrid,mixture,-1.39122525,1.91318679e-03,20
140,Metropolis,metropolis,-1.38241687,2.46099774e-03,20
140,Row-Update,mps,-1.38854404,2.12885867e-03,20
140,Hybrid,mixture,-1.39130195,1.90348195e-03,20
141,Metropolis,metropolis,-1.38249308,2.46004735e-03,20
141,Row-Update,mps,-1.38859983,2.13086485e-03,20
141,Hybrid,mixture,-1.39131185,1.90732341e-03,20
142,Metropolis,metropolis,-1.38256879,2.44254666e-03,20
142,Row-Update,mps,-1.38869669,2.14315120e-03,20
142,Hybrid,mixture,-1.39143651,1.92325022e-03,20
143,Metropolis,metropolis,-1.38261602,2.45759259e-03,20
143,Row-Update,mps,-1.38874375,2.13585924e-03,20
143,Hybrid,mixture,-1.39152771,1.91410618e-03,20
144,Metropolis,metropolis,-1.38263850,2.46191275e-03,20
144,Row-Update,mps,-1.38874306,2.15138793e-03,20
144,Hybrid,mixture,-1.39161480,1.92185050e-03,20
145,Metropolis,metropolis,-1.38271101,2.46114241e-03,20
145,Row-Update,mps,-1.38889025,2.15171610e-03,20
145,Hybrid,mixture,-1.39160449,1.92339275e-03,20
146,Metropolis,metropolis,-1.38277268,2.47546621e-03,20
146,Row-Update,mps,-1.38895732,2.15758058e-03,20
146,Hybrid,mixture,-1.39170154,1.91869070e-03,20
147,Metropolis,metropolis,-1.38283196,2.48194180e-03,20
147,Row-Update,mps,-1.38898781,2.14902748e-03,20
147,Hybrid,mixture,-1.39170870,1.91635659e-03,20
148,Metropolis,metropolis,-1.38293820,2.47927311e-03,20
148,Row-Update,mps,-1.38899057,2.15272605e-03,20
148,Hybrid,mixture,-1.39178569,1.93745801e-03,20
149,Metropolis,metropolis,-1.38298885,2.48646298e-03,20
149,Row-Update,mps,-1.38908099,2.15160789e-03,20
149,Hybrid,mixture,-1.39180058,1.92961360e-03,20
150,Metropolis,metropolis,-1.38308485,2.49882884e-03,20
150,Row-Update,mps,-1.38919262,2.16011739e-03,20
150,Hybrid,mixture,-1.39184918,1.92357936e-03,20
151,Metropolis,metropolis,-1.38317233,2.51497097e-03,20
151,Row-Update,mps,-1.38914610,2.16586097e-03,20
151,Hybrid,mixture,-1.39196113,1.91634381e-03,20
152,Metropolis,metropolis,-1.38324529,2.52598661e-03,20
152,Row-Update,mps,-1.38914724,2.15882882e-03,20
152,Hybrid,mixture,-1.39201622,1.92366957e-03,20
153,Metropolis,metropolis,-1.38345748,2.56535108e-03,20
153,Row-Update,mps,-1.38922476,2.17121045e-03,20
153,Hybrid,mixture,-1.39203032,1.91659029e-03,20
154,Metropolis,metropolis,-1.38345567,2.55308925e-03,20
154,Row-Update,mps,-1.38933378,2.18955201e-03,20
154,Hybrid,mixture,-1.39207347,1.90740090e-03,20
155,Metropolis,metropolis,-1.38354105,2.56869949e-03,20
155,Row-Update,mps,-1.38933494,2.17562601e-03,20
155,Hybrid,mixture,-1.39216846,1.90304155e-03,20
156,Metropolis,metropolis,-1.38365179,2.56290521e-03,20
156,Row-Update,mps,-1.38931758,2.18013314e-03,20
156,Hybrid,mixture,-1.39214126,1.91282667e-03,20
157,Metropolis,metropolis,-1.38372381,2.58161221e-03,20
157,Row-Update,mps,-1.38942766,2.18405789e-03,20
157,Hybrid,mixture,-1.39225396,1.90675208e-03,20
158,Metropolis,metropolis,-1.38380385,2.59004207e-03,20
158,Row-Update,mps,-1.38946911,2.18376603e-03,20
158,Hybrid,mixture,-1.39225147,1.90755416e-03,20
159,Metropolis,metropolis,-1.38382764,2.58613776e-03,20
159,Row-Update,mps,-1.38949531,2.19208097e-03,20
159,Hybrid,mixture,-1.39238998,1.89492092e-03,20
160,Metropolis,metropolis,-1.38391127,2.58026689e-03,20
160,Row-Update,mps,-1.38954357,2.19609555e-03,20
160,Hybrid,mixture,-1.39243815,1.87042943e-03,20
161,Metropolis,metropolis,-1.38401380,2.57715372e-03,20
161,Row-Update,mps,-1.38952088,2.20472816e-03,20
161,Hybrid,mixture,-1.39242083,1.87736814e-03,20
162,Metropolis,metropolis,-1.38406944,2.56387308e-03,20
162,Row-Update,mps,-1.38952689,2.19610069e-03,20
162,Hybrid,mixture,-1.39243000,1.89069259e-03,20
163,Metropolis,metropolis,-1.38411669,2.56614980e-03,20
163,Row-Update,mps,-1.38959980,2.20777883e-03,20
163,Hybrid,mixture,-1.39254829,1.87677305e-03,20
164,Metropolis,metropolis,-1.38415757,2.56726461e-03,20
164,Row-Update,mps,-1.38962038,2.19942650e-03,20
164,Hybrid,mixture,-1.39257569,1.86598991e-03,20
165,Metropolis,metropolis,-1.38420800,2.56887742e-03,20
165,Row-Update,mps,-1.38970465,2.20467874e-03,20
165,Hybrid,mixture,-1.39263333,1.84446340e-03,20
166,Metropolis,metropolis,-1.38428717,2.56902178e-03,20
166,Row-Update,mps,-1.38963680,2.19469294e-03,20
166,Hybrid,mixture,-1.39264177,1.84461834e-03,20
167,Metropolis,metropolis,-1.38431756,2.57972033e-03,20
167,Row-Update,mps,-1.38970678,2.21427692e-03,20
167,Hybrid,mixture,-1.39269770,1.85429914e-03,20
168,Metropolis,metropolis,-1.38432102,2.57059552e-03,20
168,Row-Update,mps,-1.38975996,2.21576606e-03,20
168,Hybrid,mixture,-1.39274453,1.83457574e-03,20
169,Metropolis,metropolis,-1.38438808,2.57470139e-03,20
169,Row-Update,mps,-1.38973767,2.20435866e-03,20
169,Hybrid,mixture,-1.39284226,1.83455148e-03,20
170,Metropolis,metropolis,-1.38440542,2.56233548e-03,20
170,Row-Update,mps,-1.38974432,2.20383101e-03,20
170,Hybrid,mixture,-1.39284859,1.83016838e-03,20
171,Metropolis,metropolis,-1.38448503,2.56882037e-03,20
171,Row-Update,mps,-1.38982827,2.22010464e-03,20
171,Hybrid,mixture,-1.39287716,1.83307236e-03,20
172,Metropolis,metropolis,-1.38454703,2.57433547e-03,20
172,Row-Update,mps,-1.38981727,2.20672290e-03,20
172,Hybrid,mixture,-1.39288202,1.83422837e-03,20
173,Metropolis,metropolis,-1.38454409,2.56505150e-03,20
173,Row-Update,mps,-1.38981320,2.21160315e-03,20
173,Hybrid,mixture,-1.39288202,1.82653232e-03,20
174,Metropolis,metropolis,-1.38459122,2.57246556e-03,20
174,Row-Update,mps,-1.38987451,2.20930911e-03,20
174,Hybrid,mixture,-1.39286138,1.83976138e-03,20
175,Metropolis,metropolis,-1.38467180,2.57074440e-03,20
175,Row-Update,mps,-1.38989667,2.21533195e-03,20
175,Hybrid,mixture,-1.39295570,1.83718628e-03,20
176,Metropolis,metropolis,-1.38470194,2.57672156e-03,20
176,Row-Update,mps,-1.38987390,2.20388795e-03,20
176,Hybrid,mixture,-1.39300853,1.81806431e-03,20
177,Metropolis,metropolis,-1.38478517,2.58749366e-03,20
177,Row-Update,mps,-1.38996542,2.21474214e-03,20
177,Hybrid,mixture,-1.39301693,1.82218047e-03,20
178,Metropolis,metropolis,-1.38478725,2.58116908e-03,20
178,Row-Update,mps,-1.38996609,2.20581819e-03,20
178,Hybrid,mixture,-1.39311005,1.82305167e-03,20
179,Metropolis,metropolis,-1.38479343,2.58366428e-03,20
179,Row-Update,mps,-1.38995651,2.21234035e-03,20
179,Hybrid,mixture,-1.39310694,1.82250225e-03,20
180,Metropolis,metropolis,-1.38482476,2.58540827e-03,20
180,Row-Update,mps,-1.39000011,2.20984704e-03,20
180,Hybrid,mixture,-1.39308263,1.83214642e-03,20
181,Metropolis,metropolis,-1.38480760,2.57070833e-03,20
181,Row-Update,mps,-1.38999212,2.21247314e-03,20
181,Hybrid,mixture,-1.39313333,1.82132161e-03,20
182,Metropolis,metropolis,-1.38493568,2.59492401e-03,20
182,Row-Update,mps,-1.39009022,2.20076604e-03,20
182,Hybrid,mixture,-1.39318032,1.82025837e-03,20
183,Metropolis,metropolis,-1.38498499,2.60972025e-03,20
183,Row-Update,mps,-1.39008236,2.20116136e-03,20
183,Hybrid,mixture,-1.39322227,1.80727176e-03,20
184,Metropolis,metropolis,-1.38499415,2.61474964e-03,20
184,Row-Update,mps,-1.39014607,2.20584767e-03,20
184,Hybrid,mixture,-1.39326811,1.81180662e-03,20
185,Metropolis,metropolis,-1.38498271,2.60718862e-03,20
185,Row-Update,mps,-1.39019124,2.19775991e-03,20
185,Hybrid,mixture,-1.39329203,1.80614705e-03,20
186,Metropolis,metropolis,-1.38511729,2.60288974e-03,20
186,Row-Update,mps,-1.39028662,2.19879746e-03,20
186,Hybrid,mixture,-1.39329634,1.79967107e-03,20
187,Metropolis,metropolis,-1.38511974,2.61528583e-03,20
187,Row-Update,mps,-1.39028500,2.19454274e-03,20
187,Hybrid,mixture,-1.39329352,1.80694040e-03,20
188,Metropolis,metropolis,-1.38511472,2.61001351e-03,20
188,Row-Update,mps,-1.39027738,2.18423215e-03,20
188,Hybrid,mixture,-1.39334764,1.79623008e-03,20
189,Metropolis,metropolis,-1.38512192,2.60859913e-03,20
189,Row-Update,mps,-1.39037015,2.18828910e-03,20
189,Hybrid,mixture,-1.39337110,1.80935599e-03,20
190,Metropolis,metropolis,-1.38523917,2.62913905e-03,20
190,Row-Update,mps,-1.39035497,2.19248977e-03,20
190,Hybrid,mixture,-1.39338381,1.80225181e-03,20
191,Metropolis,metropolis,-1.38518730,2.61646902e-03,20
191,Row-Update,mps,-1.39042887,2.19056770e-03,20
191,Hybrid,mixture,-1.39339722,1.78880670e-03,20
192,Metropolis,metropolis,-1.38523753,2.62349277e-03,20
192,Row-Update,mps,-1.39049978,2.18733402e-03,20
192,Hybrid,mixture,-1.39342536,1.80456846e-03,20
193,Metropolis,metropolis,-1.38526774,2.62459183e-03,20
193,Row-Update,mps,-1.39050354,2.20203266e-03,20
193,Hybrid,mixture,-1.39348722,1.77669912e-03,20
194,Metropolis,metropolis,-1.38529229,2.61955630e-03,20
194,Row-Update,mps,-1.39054170,2.18866257e-03,20
194,Hybrid,mixture,-1.39350987,1.78736804e-03,20
195,Metropolis,metropolis,-1.38529713,2.61691547e-03,20
195,Row-Update,mps,-1.39054524,2.18145037e-03,20
195,Hybrid,mixture,-1.39355501,1.78445391e-03,20
196,Metropolis,metropolis,-1.38533904,2.61337121e-03,20
196,Row-Update,mps,-1.39056440,2.19343502e-03,20
196,Hybrid,mixture,-1.39353618,1.78618857e-03,20
197,Metropolis,metropolis,-1.38538121,2.62490141e-03,20
197,Row-Update,mps,-1.39062529,2.18758032e-03,20
197,Hybrid,mixture,-1.39355031,1.79056294e-03,20
198,Metropolis,metropolis,-1.38536584,2.61343562e-03,20
198,Row-Update,mps,-1.39064251,2.19481251e-03,20
198,Hybrid,mixture,-1.39359999,1.78453652e-03,20
199,Metropolis,metropolis,-1.38538125,2.62711820e-03,20
199,Row-Update,mps,-1.39063957,2.18463283e-03,20
199,Hybrid,mixture,-1.39359708,1.78544404e-03,20
200,Metropolis,metropolis,-1.38540966,2.63002634e-03,20
200,Row-Update,mps,-1.39068907,2.19084490e-03,20
200,Hybrid,mixture,-1.39362983,1.78256781e-03,20
201,Metropolis,metropolis,-1.38541373,2.61710675e-03,20
201,Row-Update,mps,-1.39066302,2.19073791e-03,20
201,Hybrid,mixture,-1.39361970,1.77924788e-03,20
202,Metropolis,metropolis,-1.38539957,2.61870008e-03,20
202,Row-Update,mps,-1.39071636,2.19013057e-03,20
202,Hybrid,mixture,-1.39369009,1.76820150e-03,20
203,Metropolis,metropolis,-1.38554854,2.62308508e-03,20
203,Row-Update,mps,-1.39067449,2.19283292e-03,20
203,Hybrid,mixture,-1.39373008,1.75752309e-03,20
204,Metropolis,metropolis,-1.38545491,2.61327346e-03,20
204,Row-Update,mps,-1.39076477,2.19192690e-03,20
204,Hybrid,mixture,-1.39368281,1.78535087e-03,20
205,Metropolis,metropolis,-1.38550383,2.62469282e-03,20
205,Row-Update,mps,-1.39077106,2.20001472e-03,20
205,Hybrid,mixture,-1.39371497,1.77799325e-03,20
206,Metropolis,metropolis,-1.38559634,2.62097998e-03,20
206,Row-Update,mps,-1.39076358,2.19896677e-03,20
206,Hybrid,mixture,-1.39367161,1.77195136e-03,20
207,Metropolis,metropolis,-1.38560958,2.62479746e-03,20
207,Row-Update,mps,-1.39077377,2.18935817e-03,20
207,Hybrid,mixture,-1.39370150,1.76577547e-03,20
208,Metropolis,metropolis,-1.38562312,2.62996443e-03,20
208,Row-Update,mps,-1.39084112,2.19379184e-03,20
208,Hybrid,mixture,-1.39374840,1.77037873e-03,20
209,Metropolis,metropolis,-1.38564051,2.62859721e-03,20
209,Row-Update,mps,-1.39084087,2.20442711e-03,20
209,Hybrid,mixture,-1.39373537,1.78049632e-03,20
210,Metropolis,metropolis,-1.38567304,2.63148870e-03,20
210,Row-Update,mps,-1.39091192,2.19846191e-03,20
210,Hybrid,mixture,-1.39378216,1.76506692e-03,20
211,Metropolis,metropolis,-1.38566601,2.61553938e-03,20
211,Row-Update,mps,-1.39085050,2.19702460e-03,20
211,Hybrid,mixture,-1.39380908,1.76229638e-03,20
212,Metropolis,metropolis,-1.38566134,2.61916207e-03,20
212,Row-Update,mps,-1.39091463,2.20735474e-03,20
212,Hybrid,mixture,-1.39379067,1.76459514e-03,20
213,Metropolis,metropolis,-1.38574037,2.63040400e-03,20
213,Row-Update,mps,-1.39092448,2.19503343e-03,20
213,Hybrid,mixture,-1.39378208,1.77012302e-03,20
214,Metropolis,metropolis,-1.38579410,2.61596560e-03,20
214,Row-Update,mps,-1.39086282,2.19911040e-03,20
214,Hybrid,mixture,-1.39379984,1.76686314e-03,20
215,Metropolis,metropolis,-1.38575123,2.61556263e-03,20
215,Row-Update,mps,-1.39095054,2.20294218e-03,20
215,Hybrid,mixture,-1.39385589,1.77411654e-03,20
216,Metropolis,metropolis,-1.38580356,2.61410253e-03,20
216,Row-Update,mps,-1.39096374,2.20458419e-03,20
216,Hybrid,mixture,-1.39386359,1.75951288e-03,20
217,Metropolis,metropolis,-1.38567675,2.59274404e-03,20
217,Row-Update,mps,-1.39097423,2.20018493e-03,20
217,Hybrid,mixture,-1.39386170,1.76125381e-03,20
218,Metropolis,metropolis,-1.38586450,2.61587089e-03,20
218,Row-Update,mps,-1.39099682,2.19926700e-03,20
218,Hybrid,mixture,-1.39389827,1.76070665e-03,20
219,Metropolis,metropolis,-1.38589438,2.62055795e-03,20
219,Row-Update,mps,-1.39102458,2.20980061e-03,20
219,Hybrid,mixture,-1.39390274,1.78134722e-03,20
220,Metropolis,metropolis,-1.38593685,2.61370701e-03,20
220,Row-Update,mps,-1.39105070,2.20431695e-03,20
220,Hybrid,mixture,-1.39392391,1.77874621e-03,20
221,Metropolis,metropolis,-1.38590662,2.61714562e-03,20
221,Row-Update,mps,-1.39106360,2.20926382e-03,20
221,Hybrid,mixture,-1.39394382,1.76691269e-03,20
222,Metropolis,metropolis,-1.38594551,2.62122435e-03,20
222,Row-Update,mps,-1.39107589,2.20639751e-03,20
222,Hybrid,mixture,-1.39393224,1.77251086e-03,20
223,Metropolis,metropolis,-1.38593567,2.60448500e-03,20
223,Row-Update,mps,-1.39112910,2.20740864e-03,20
223,Hybrid,mixture,-1.39395050,1.76761524e-03,20
224,Metropolis,metropolis,-1.38600129,2.63250172e-03,20
224,Row-Update,mps,-1.39116318,2.20631245e-03,20
224,Hybrid,mixture,-1.39398395,1.76628194e-03,20
225,Metropolis,metropolis,-1.38601978,2.61664201e-03,20
225,Row-Update,mps,-1.39110344,2.21391572e-03,20
225,Hybrid,mixture,-1.39402682,1.76916389e-03,20
226,Metropolis,metropolis,-1.38602346,2.63417967e-03,20
226,Row-Update,mps,-1.39115949,2.20870576e-03,20
226,Hybrid,mixture,-1.39406691,1.76633427e-03,20
227,Metropolis,metropolis,-1.38606267,2.63933556e-03,20
227,Row-Update,mps,-1.39113915,2.21252185e-03,20
227,Hybrid,mixture,-1.39402360,1.77258643e-03,20
228,Metropolis,metropolis,-1.38601132,2.63913862e-03,20
228,Row-Update,mps,-1.39117218,2.21060011e-03,20
228,Hybrid,mixture,-1.39407785,1.76574823e-03,20
229,Metropolis,metropolis,-1.38614345,2.64737611e-03,20
229,Row-Update,mps,-1.39121249,2.21526011e-03,20
229,Hybrid,mixture,-1.39411468,1.76827554e-03,20
230,Metropolis,metropolis,-1.38616029,2.64236538e-03,20
230,Row-Update,mps,-1.39125051,2.21302668e-03,20
230,Hybrid,mixture,-1.39415527,1.78155590e-03,20
231,Metropolis,metropolis,-1.38616726,2.65873625e-03,20
231,Row-Update,mps,-1.39124748,2.21275390e-03,20
231,Hybrid,mixture,-1.39415641,1.76984904e-03,20
232,Metropolis,metropolis,-1.38617280,2.64186637e-03,20
232,Row-Update,mps,-1.39129219,2.20583858e-03,20
232,Hybrid,mixture,-1.39419695,1.77394535e-03,20
233,Metropolis,metropolis,-1.38621775,2.65854639e-03,20
233,Row-Update,mps,-1.39133103,2.21631840e-03,20
233,Hybrid,mixture,-1.39421343,1.77655928e-03,20
234,Metropolis,metropolis,-1.38626535,2.66768341e-03,20
234,Row-Update,mps,-1.39131291,2.22090667e-03,20
234,Hybrid,mixture,-1.39424014,1.78017212e-03,20
235,Metropolis,metropolis,-1.38622445,2.65083984e-03,20
235,Row-Update,mps,-1.39136742,2.22994197e-03,20
235,Hybrid,mixture,-1.39423735,1.78522515e-03,20
236,Metropolis,metropolis,-1.38623397,2.65800918e-03,20
236,Row-Update,mps,-1.39135195,2.22540889e-03,20
236,Hybrid,mixture,-1.39427394,1.79084100e-03,20
237,Metropolis,metropolis,-1.38627874,2.65600132e-03,20
237,Row-Update,mps,-1.39134479,2.22209166e-03,20
237,Hybrid,mixture,-1.39428498,1.79153004e-03,20
238,Metropolis,metropolis,-1.38631680,2.66160354e-03,20
238,Row-Update,mps,-1.39141973,2.21696685e-03,20
238,Hybrid,mixture,-1.39431165,1.77980299e-03,20
239,Metropolis,metropolis,-1.38632477,2.64830623e-03,20
239,Row-Update,mps,-1.39137421,2.22892851e-03,20
239,Hybrid,mixture,-1.39433120,1.78002931e-03,20
240,Metropolis,metropolis,-1.38629797,2.64280628e-03,20
240,Row-Update,mps,-1.39140173,2.21992680e-03,20
240,Hybrid,mixture,-1.39435936,1.78955116e-03,20
241,Metropolis,metropolis,-1.38637741,2.65851524e-03,20
241,Row-Update,mps,-1.39140990,2.22680609e-03,20
241,Hybrid,mixture,-1.39433671,1.79095315e-03,20
242,Metropolis,metropolis,-1.38635034,2.65269607e-03,20
242,Row-Update,mps,-1.39142327,2.22593166e-03,20
242,Hybrid,mixture,-1.39435970,1.79183049e-03,20
243,Metropolis,metropolis,-1.38634712,2.66265628e-03,20
243,Row-Update,mps,-1.39147232,2.21996899e-03,20
243,Hybrid,mixture,-1.39437983,1.79245129e-03,20
244,Metropolis,metropolis,-1.38639264,2.66324126e-03,20
244,Row-Update,mps,-1.39144465,2.22796471e-03,20
244,Hybrid,mixture,-1.39436756,1.78902774e-03,20
245,Metropolis,metropolis,-1.38641508,2.67120966e-03,20
245,Row-Update,mps,-1.39146667,2.22594285e-03,20
245,Hybrid,mixture,-1.39435820,1.78966568e-03,20
246,Metropolis,metropolis,-1.38647890,2.68018519e-03,20
246,Row-Update,mps,-1.39145952,2.23349781e-03,20
246,Hybrid,mixture,-1.39437485,1.78339666e-03,20
247,Metropolis,metropolis,-1.38648244,2.66485207e-03,20
247,Row-Update,mps,-1.39149699,2.22627367e-03,20
247,Hybrid,mixture,-1.39436963,1.79564373e-03,20
248,Metropolis,metropolis,-1.38655243,2.69051386e-03,20
248,Row-Update,mps,-1.39152605,2.22901623e-03,20
248,Hybrid,mixture,-1.39437463,1.78939061e-03,20
249,Metropolis,metropolis,-1.38654666,2.68419528e-03,20
249,Row-Update,mps,-1.39156964,2.23365784e-03,20
249,Hybrid,mixture,-1.39440829,1.79324464e-03,20
250,Metropolis,metropolis,-1.38655295,2.68801881e-03,20
250,Row-Update,mps,-1.39152501,2.23526995e-03,20
250,Hybrid,mixture,-1.39441170,1.78765553e-03,20
251,Metropolis,metropolis,-1.38658826,2.69746049e-03,20
251,Row-Update,mps,-1.39158655,2.23757006e-03,20
251,Hybrid,mixture,-1.39443526,1.78952304e-03,20
252,Metropolis,metropolis,-1.38661762,2.69255416e-03,20
252,Row-Update,mps,-1.39162630,2.23889060e-03,20
252,Hybrid,mixture,-1.39441868,1.78428360e-03,20
253,Metropolis,metropolis,-1.38671750,2.72106726e-03,20
253,Row-Update,mps,-1.39155355,2.23388911e-03,20
253,Hybrid,mixture,-1.39444259,1.78449415e-03,20
254,Metropolis,metropolis,-1.38666587,2.73143428e-03,20
254,Row-Update,mps,-1.39165009,2.24333886e-03,20
254,Hybrid,mixture,-1.39448126,1.78963659e-03,20
255,Metropolis,metropolis,-1.38674081,2.72404884e-03,20
255,Row-Update,mps,-1.39167217,2.24523063e-03,20
255,Hybrid,mixture,-1.39445670,1.78431233e-03,20
256,Metropolis,metropolis,-1.38678762,2.72563508e-03,20
256,Row-Update,mps,-1.39166953,2.24115864e-03,20
256,Hybrid,mixture,-1.39444283,1.77585565e-03,20
257,Metropolis,metropolis,-1.38680582,2.72928375e-03,20
257,Row-Update,mps,-1.39166265,2.24357344e-03,20
257,Hybrid,mixture,-1.39448054,1.77912781e-03,20
258,Metropolis,metropolis,-1.38680715,2.73005766e-03,20
258,Row-Update,mps,-1.39170612,2.23795223e-03,20
258,Hybrid,mixture,-1.39439846,1.77452583e-03,20
259,Metropolis,metropolis,-1.38678302,2.73219948e-03,20
259,Row-Update,mps,-1.39169779,2.24337643e-03,20
259,Hybrid,mixture,-1.39448131,1.77604481e-03,20
260,Metropolis,metropolis,-1.38683813,2.72879405e-03,20
260,Row-Update,mps,-1.39174546,2.24749799e-03,20
260,Hybrid,mixture,-1.39448760,1.78100602e-03,20
261,Metropolis,metropolis,-1.38680870,2.73243088e-03,20
261,Row-Update,mps,-1.39175004,2.24099940e-03,20
261,Hybrid,mixture,-1.39448266,1.77457257e-03,20
262,Metropolis,metropolis,-1.38682831,2.73961492e-03,20
262,Row-Update,mps,-1.39178352,2.24539958e-03,20
262,Hybrid,mixture,-1.39449895,1.78547987e-03,20
263,Metropolis,metropolis,-1.38686377,2.72901363e-03,20
263,Row-Update,mps,-1.39177514,2.25402928e-03,20
263,Hybrid,mixture,-1.39448584,1.78248418e-03,20
264,Metropolis,metropolis,-1.38683023,2.70633706e-03,20
264,Row-Update,mps,-1.39181248,2.25048218e-03,20
264,Hybrid,mixture,-1.39448200,1.77757268e-03,20
265,Metropolis,metropolis,-1.38687716,2.73359793e-03,20
265,Row-Update,mps,-1.39180359,2.24999950e-03,20
265,Hybrid,mixture,-1.39450161,1.77393978e-03,20
266,Metropolis,metropolis,-1.38688366,2.72789862e-03,20
266,Row-Update,mps,-1.39181398,2.25102260e-03,20
266,Hybrid,mixture,-1.39450628,1.77990925e-03,20
267,Metropolis,metropolis,-1.38692508,2.72505711e-03,20
267,Row-Update,mps,-1.39185167,2.24262184e-03,20
267,Hybrid,mixture,-1.39451263,1.77966993e-03,20
268,Metropolis,metropolis,-1.38690302,2.73400592e-03,20
268,Row-Update,mps,-1.39185045,2.25200676e-03,20
268,Hybrid,mixture,-1.39454968,1.78198364e-03,20
269,Metropolis,metropolis,-1.38694385,2.72912877e-03,20
269,Row-Update,mps,-1.39185480,2.25198697e-03,20
269,Hybrid,mixture,-1.39448076,1.78108073e-03,20
270,Metropolis,metropolis,-1.38693427,2.73047941e-03,20
270,Row-Update,mps,-1.39183600,2.25064456e-03,20
270,Hybrid,mixture,-1.39451026,1.78409890e-03,20
271,Metropolis,metropolis,-1.38693835,2.73541906e-03,20
271,Row-Update,mps,-1.39181595,2.25669917e-03,20
271,Hybrid,mixture,-1.39448513,1.78396700e-03,20
272,Metropolis,metropolis,-1.38690713,2.72597570e-03,20
272,Row-Update,mps,-1.39183863,2.24567146e-03,20
272,Hybrid,mixture,-1.39450154,1.79246475e-03,20
273,Metropolis,metropolis,-1.38696463,2.72366290e-03,20
273,Row-Update,mps,-1.39183213,2.24403944e-03,20
273,Hybrid,mixture,-1.39452930,1.78820216e-03,20
274,Metropolis,metropolis,-1.38697398,2.73163836e-03,20
274,Row-Update,mps,-1.39187378,2.24731288e-03,20
274,Hybrid,mixture,-1.39452490,1.78377207e-03,20
275,Metropolis,metropolis,-1.38698900,2.73875967e-03,20
275,Row-Update,mps,-1.39189980,2.24884116e-03,20
275,Hybrid,mixture,-1.39450943,1.79421013e-03,20
276,Metropolis,metropolis,-1.38696853,2.72654524e-03,20
276,Row-Update,mps,-1.39189095,2.25150123e-03,20
276,Hybrid,mixture,-1.39454547,1.78296734e-03,20
277,Metropolis,metropolis,-1.38701895,2.73460427e-03,20
277,Row-Update,mps,-1.39187896,2.25580692e-03,20
277,Hybrid,mixture,-1.39459720,1.77701316e-03,20
278,Metropolis,metropolis,-1.38698089,2.72906581e-03,20
278,Row-Update,mps,-1.39190729,2.24849741e-03,20
278,Hybrid,mixture,-1.39460812,1.77623797e-03,20
279,Metropolis,metropolis,-1.38701981,2.72246237e-03,20
279,Row-Update,mps,-1.39189064,2.24759048e-03,20
279,Hybrid,mixture,-1.39459585,1.77399398e-03,20
280,Metropolis,metropolis,-1.38704129,2.72823275e-03,20
280,Row-Update,mps,-1.39190310,2.24653278e-03,20
280,Hybrid,mixture,-1.39455182,1.77780528e-03,20
281,Metropolis,metropolis,-1.38705287,2.73396606e-03,20
281,Row-Update,mps,-1.39194227,2.24687622e-03,20
281,Hybrid,mixture,-1.39460640,1.77356987e-03,20
282,Metropolis,metropolis,-1.38705512,2.73155963e-03,20
282,Row-Update,mps,-1.39194057,2.26012763e-03,20
282,Hybrid,mixture,-1.39459972,1.76742254e-03,20
283,Metropolis,metropolis,-1.38706769,2.72867503e-03,20
283,Row-Update,mps,-1.39192407,2.26391983e-03,20
283,Hybrid,mixture,-1.39456585,1.77387069e-03,20
284,Metropolis,metropolis,-1.38704028,2.72586417e-03,20
284,Row-Update,mps,-1.39196616,2.24787000e-03,20
284,Hybrid,mixture,-1.39459807,1.77355293e-03,20
285,Metropolis,metropolis,-1.38707918,2.74012220e-03,20
285,Row-Update,mps,-1.39193762,2.24844770e-03,20
285,Hybrid,mixture,-1.39465784,1.76700105e-03,20
286,Metropolis,metropolis,-1.38708598,2.74124397e-03,20
286,Row-Update,mps,-1.39199237,2.25181524e-03,20
286,Hybrid,mixture,-1.39462921,1.76836620e-03,20
287,Metropolis,metropolis,-1.38709577,2.75005595e-03,20
287,Row-Update,mps,-1.39195286,2.24907673e-03,20
287,Hybrid,mixture,-1.39463124,1.77113418e-03,20
288,Metropolis,metropolis,-1.38712894,2.73806268e-03,20
288,Row-Update,mps,-1.39202140,2.25569637e-03,20
288,Hybrid,mixture,-1.39463531,1.76936878e-03,20
289,Metropolis,metropolis,-1.38715099,2.73989374e-03,20
289,Row-Update,mps,-1.39197026,2.24991720e-03,20
289,Hybrid,mixture,-1.39461709,1.76502109e-03,20
290,Metropolis,metropolis,-1.38712790,2.74202395e-03,20
290,Row-Update,mps,-1.39196995,2.25546919e-03,20
290,Hybrid,mixture,-1.39460569,1.77256056e-03,20
291,Metropolis,metropolis,-1.38714188,2.74444945e-03,20
291,Row-Update,mps,-1.39201588,2.25952552e-03,20
291,Hybrid,mixture,-1.39461461,1.78364976e-03,20
292,Metropolis,metropolis,-1.38714791,2.74034866e-03,20
292,Row-Update,mps,-1.39205054,2.24285472e-03,20
292,Hybrid,mixture,-1.39465700,1.77135195e-03,20
293,Metropolis,metropolis,-1.38716033,2.75029809e-03,20
293,Row-Update,mps,-1.39201609,2.24686641e-03,20
293,Hybrid,mixture,-1.39463809,1.76929134e-03,20
294,Metropolis,metropolis,-1.38721585,2.74731630e-03,20
294,Row-Update,mps,-1.39201943,2.24870077e-03,20
294,Hybrid,mixture,-1.39467718,1.77159675e-03,20
295,Metropolis,metropolis,-1.38723899,2.73551801e-03,20
295,Row-Update,mps,-1.39203038,2.25007055e-03,20
295,Hybrid,mixture,-1.39461196,1.78210855e-03,20
296,Metropolis,metropolis,-1.38724660,2.74631521e-03,20
296,Row-Update,mps,-1.39207969,2.24908293e-03,20
296,Hybrid,mixture,-1.39463090,1.78032314e-03,20
297,Metropolis,metropolis,-1.38724594,2.74941891e-03,20
297,Row-Update,mps,-1.39210422,2.25777014e-03,20
297,Hybrid,mixture,-1.39467305,1.76942363e-03,20
298,Metropolis,metropolis,-1.38726419,2.75845592e-03,20
298,Row-Update,mps,-1.39210841,2.25854829e-03,20
298,Hybrid,mixture,-1.39470446,1.76809582e-03,20
299,Metropolis,metropolis,-1.38730421,2.74675218e-03,20
299,Row-Update,mps,-1.39206694,2.24982436e-03,20
299,Hybrid,mixture,-1.39470515,1.77388129e-03,20
300,Metropolis,metropolis,-1.38733004,2.75308926e-03,20
300,Row-Update,mps,-1.39205866,2.24997223e-03,20
300,Hybrid,mixture,-1.39468012,1.76182467e-03,20
301,Metropolis,metropolis,-1.38729218,2.74828055e-03,20
301,Row-Update,mps,-1.39211823,2.25385127e-03,20
301,Hybrid,mixture,-1.39470917,1.77144170e-03,20
302,Metropolis,metropolis,-1.38732502,2.76316902e-03,20
302,Row-Update,mps,-1.39212431,2.25133968e-03,20
302,Hybrid,mixture,-1.39461178,1.78716940e-03,20
303,Metropolis,metropolis,-1.38734577,2.75676231e-03,20
303,Row-Update,mps,-1.39215986,2.25866568e-03,20
303,Hybrid,mixture,-1.39466430,1.76873581e-03,20
304,Metropolis,metropolis,-1.38735514,2.75084305e-03,20
304,Row-Update,mps,-1.39216263,2.24559420e-03,20
304,Hybrid,mixture,-1.39470292,1.77040303e-03,20
305,Metropolis,metropolis,-1.38731791,2.76614068e-03,20
305,Row-Update,mps,-1.39216114,2.25407978e-03,20
305,Hybrid,mixture,-1.39471893,1.76942520e-03,20
306,Metropolis,metropolis,-1.38736306,2.75526394e-03,20
306,Row-Update,mps,-1.39216724,2.25795326e-03,20
306,Hybrid,mixture,-1.39473017,1.77283326e-03,20
307,Metropolis,metropolis,-1.38740959,2.75740639e-03,20
307,Row-Update,mps,-1.39220340,2.25214242e-03,20
307,Hybrid,mixture,-1.39474125,1.76463369e-03,20
308,Metropolis,metropolis,-1.38739788,2.76019205e-03,20
308,Row-Update,mps,-1.39217077,2.25651587e-03,20
308,Hybrid,mixture,-1.39474558,1.76877343e-03,20
309,Metropolis,metropolis,-1.38739677,2.76579658e-03,20
309,Row-Update,mps,-1.39220781,2.25746682e-03,20
309,Hybrid,mixture,-1.39471993,1.76671496e-03,20
310,Metropolis,metropolis,-1.38745368,2.75466223e-03,20
310,Row-Update,mps,-1.39220330,2.25207623e-03,20
310,Hybrid,mixture,-1.39474045,1.76844847e-03,20
311,Metropolis,metropolis,-1.38744092,2.75726157e-03,20
311,Row-Update,mps,-1.39218688,2.24743336e-03,20
311,Hybrid,mixture,-1.39477205,1.77390285e-03,20
312,Metropolis,metropolis,-1.38744563,2.75666180e-03,20
312,Row-Update,mps,-1.39219832,2.24968677e-03,20
312,Hybrid,mixture,-1.39474443,1.77167602e-03,20
313,Metropolis,metropolis,-1.38743207,2.76826881e-03,20
313,Row-Update,mps,-1.39223205,2.25250174e-03,20
313,Hybrid,mixture,-1.39476672,1.76397915e-03,20
314,Metropolis,metropolis,-1.38746427,2.75935511e-03,20
314,Row-Update,mps,-1.39221139,2.25722388e-03,20
314,Hybrid,mixture,-1.39476508,1.76814859e-03,20
315,Metropolis,metropolis,-1.38745697,2.76498986e-03,20
315,Row-Update,mps,-1.39227771,2.25856575e-03,20
315,Hybrid,mixture,-1.39482019,1.76247416e-03,20
316,Metropolis,metropolis,-1.38747804,2.76407183e-03,20
316,Row-Update,mps,-1.39225127,2.24821937e-03,20
316,Hybrid,mixture,-1.39475958,1.77117409e-03,20
317,Metropolis,metropolis,-1.38745117,2.76789020e-03,20
317,Row-Update,mps,-1.39226829,2.24787570e-03,20
317,Hybrid,mixture,-1.39481351,1.77220560e-03,20
318,Metropolis,metropolis,-1.38745149,2.77365717e-03,20
318,Row-Update,mps,-1.39227182,2.25817864e-03,20
318,Hybrid,mixture,-1.39475058,1.77478803e-03,20
319,Metropolis,metropolis,-1.38748470,2.76612415e-03,20
319,Row-Update,mps,-1.39227016,2.25301068e-03,20
319,Hybrid,mixture,-1.39478028,1.77476013e-03,20
320,Metropolis,metropolis,-1.38750084,2.76307710e-03,20
320,Row-Update,mps,-1.39227231,2.24934580e-03,20
320,Hybrid,mixture,-1.39475161,1.79317827e-03,20
321,Metropolis,metropolis,-1.38747093,2.76853366e-03,20
321,Row-Update,mps,-1.39230551,2.25798663e-03,20
321,Hybrid,mixture,-1.39478035,1.78207977e-03,20
322,Metropolis,metropolis,-1.38748420,2.76279642e-03,20
322,Row-Update,mps,-1.39232314,2.25185686e-03,20
322,Hybrid,mixture,-1.39480137,1.77841097e-03,20
323,Metropolis,metropolis,-1.38750993,2.77086270e-03,20
323,Row-Update,mps,-1.39233045,2.25727092e-03,20
323,Hybrid,mixture,-1.39478325,1.77279197e-03,20
324,Metropolis,metropolis,-1.38752758,2.75346007e-03,20
324,Row-Update,mps,-1.39232572,2.25308751e-03,20
324,Hybrid,mixture,-1.39480418,1.76821341e-03,20
325,Metropolis,metropolis,-1.38750507,2.75702772e-03,20
325,Row-Update,mps,-1.39232206,2.26672103e-03,20
325,Hybrid,mixture,-1.39484246,1.77136031e-03,20
326,Metropolis,metropolis,-1.38752547,2.75804755e-03,20
326,Row-Update,mps,-1.39232282,2.25592788e-03,20
326,Hybrid,mixture,-1.39481655,1.76975018e-03,20
327,Metropolis,metropolis,-1.38754973,2.74480159e-03,20
327,Row-Update,mps,-1.39237606,2.27014953e-03,20
327,Hybrid,mixture,-1.39484095,1.77317327e-03,20
328,Metropolis,metropolis,-1.38753330,2.74782566e-03,20
328,Row-Update,mps,-1.39240183,2.26157219e-03,20
328,Hybrid,mixture,-1.39485739,1.75840316e-03,20
329,Metropolis,metropolis,-1.38757633,2.74689677e-03,20
329,Row-Update,mps,-1.39238332,2.26450453e-03,20
329,Hybrid,mixture,-1.39484307,1.77269981e-03,20
330,Metropolis,metropolis,-1.38755123,2.75595210e-03,20
330,Row-Update,mps,-1.39238442,2.26485819e-03,20
330,Hybrid,mixture,-1.39488693,1.76268396e-03,20
331,Metropolis,metropolis,-1.38756788,2.75632371e-03,20
331,Row-Update,mps,-1.39237985,2.25961351e-03,20
331,Hybrid,mixture,-1.39486605,1.76732442e-03,20
332,Metropolis,metropolis,-1.38754165,2.74632055e-03,20
332,Row-Update,mps,-1.39241475,2.26838462e-03,20
332,Hybrid,mixture,-1.39485828,1.76506058e-03,20
333,Metropolis,metropolis,-1.38759102,2.74378618e-03,20
333,Row-Update,mps,-1.39245230,2.26856411e-03,20
333,Hybrid,mixture,-1.39486412,1.76549956e-03,20
334,Metropolis,metropolis,-1.38759865,2.74162291e-03,20
334,Row-Update,mps,-1.39245809,2.27165534e-03,20
334,Hybrid,mixture,-1.39490044,1.75891846e-03,20
335,Metropolis,metropolis,-1.38756468,2.74054119e-03,20
335,Row-Update,mps,-1.39244759,2.26906403e-03,20
335,Hybrid,mixture,-1.39489376,1.76572896e-03,20
336,Metropolis,metropolis,-1.38756187,2.75661420e-03,20
336,Row-Update,mps,-1.39246521,2.26555607e-03,20
336,Hybrid,mixture,-1.39494469,1.75969956e-03,20
337,Metropolis,metropolis,-1.38757241,2.74574040e-03,20
337,Row-Update,mps,-1.39246984,2.26994875e-03,20
337,Hybrid,mixture,-1.39490167,1.75895189e-03,20
338,Metropolis,metropolis,-1.38756479,2.74894797e-03,20
338,Row-Update,mps,-1.39248202,2.26883533e-03,20
338,Hybrid,mixture,-1.39487383,1.76149506e-03,20
339,Metropolis,metropolis,-1.38760044,2.74183075e-03,20
339,Row-Update,mps,-1.39251247,2.27350831e-03,20
339,Hybrid,mixture,-1.39489885,1.76638662e-03,20
340,Metropolis,metropolis,-1.38757818,2.75144710e-03,20
340,Row-Update,mps,-1.39250404,2.26796311e-03,20
340,Hybrid,mixture,-1.39489324,1.78269310e-03,20
341,Metropolis,metropolis,-1.38762082,2.74857711e-03,20
341,Row-Update,mps,-1.39254390,2.26145876e-03,20
341,Hybrid,mixture,-1.39485766,1.77178696e-03,20
342,Metropolis,metropolis,-1.38760195,2.75096145e-03,20
342,Row-Update,mps,-1.39256378,2.26017997e-03,20
342,Hybrid,mixture,-1.39490653,1.77237949e-03,20
343,Metropolis,metropolis,-1.38760219,2.74512483e-03,20
343,Row-Update,mps,-1.39250910,2.24847693e-03,20
343,Hybrid,mixture,-1.39494834,1.76920094e-03,20
344,Metropolis,metropolis,-1.38763478,2.74850362e-03,20
344,Row-Update,mps,-1.39262018,2.24832185e-03,20
344,Hybrid,mixture,-1.39491309,1.77682986e-03,20
345,Metropolis,metropolis,-1.38759937,2.74095271e-03,20
345,Row-Update,mps,-1.39262213,2.24633462e-03,20
345,Hybrid,mixture,-1.39489895,1.77372993e-03,20
346,Metropolis,metropolis,-1.38760271,2.74228446e-03,20
346,Row-Update,mps,-1.39260160,2.24260051e-03,20
346,Hybrid,mixture,-1.39495562,1.76570694e-03,20
347,Metropolis,metropolis,-1.38761176,2.74264447e-03,20
347,Row-Update,mps,-1.39264302,2.23361187e-03,20
347,Hybrid,mixture,-1.39497145,1.75725030e-03,20
348,Metropolis,metropolis,-1.38762457,2.74394592e-03,20
348,Row-Update,mps,-1.39265468,2.21837503e-03,20
348,Hybrid,mixture,-1.39496825,1.76474015e-03,20
349,Metropolis,metropolis,-1.38764254,2.73614138e-03,20
349,Row-Update,mps,-1.39269441,2.21091799e-03,20
349,Hybrid,mixture,-1.39498805,1.75353896e-03,20
350,Metropolis,metropolis,-1.38761708,2.74358339e-03,20
350,Row-Update,mps,-1.39271558,2.20477914e-03,20
350,Hybrid,mixture,-1.39503033,1.75866081e-03,20
351,Metropolis,metropolis,-1.38760976,2.75768836e-03,20
351,Row-Update,mps,-1.39276029,2.19411629e-03,20
351,Hybrid,mixture,-1.39504532,1.74914354e-03,20
352,Metropolis,metropolis,-1.38763815,2.74265571e-03,20
352,Row-Update,mps,-1.39280504,2.18015084e-03,20
352,Hybrid,mixture,-1.39503233,1.75403169e-03,20
353,Metropolis,metropolis,-1.38760607,2.75071957e-03,20
353,Row-Update,mps,-1.39281482,2.16659669e-03,20
353,Hybrid,mixture,-1.39505602,1.76060802e-03,20
354,Metropolis,metropolis,-1.38763711,2.73707373e-03,20
354,Row-Update,mps,-1.39285246,2.15468090e-03,20
354,Hybrid,mixture,-1.39504578,1.75804016e-03,20
355,Metropolis,metropolis,-1.38764097,2.74495846e-03,20
355,Row-Update,mps,-1.39289304,2.13586279e-03,20
355,Hybrid,mixture,-1.39504229,1.74726452e-03,20
356,Metropolis,metropolis,-1.38766892,2.73323693e-03,20
356,Row-Update,mps,-1.39295609,2.12084338e-03,20
356,Hybrid,mixture,-1.39500206,1.75643819e-03,20
357,Metropolis,metropolis,-1.38766371,2.73763384e-03,20
357,Row-Update,mps,-1.39294803,2.11623697e-03,20
357,Hybrid,mixture,-1.39506873,1.75990931e-03,20
358,Metropolis,metropolis,-1.38764367,2.74475926e-03,20
358,Row-Update,mps,-1.39303811,2.09679214e-03,20
358,Hybrid,mixture,-1.39507190,1.75274196e-03,20
359,Metropolis,metropolis,-1.38767507,2.73565987e-03,20
359,Row-Update,mps,-1.39302139,2.08318111e-03,20
359,Hybrid,mixture,-1.39512011,1.74861877e-03,20
360,Metropolis,metropolis,-1.38768162,2.74399042e-03,20
360,Row-Update,mps,-1.39305514,2.06761451e-03,20
360,Hybrid,mixture,-1.39511244,1.75354697e-03,20
361,Metropolis,metropolis,-1.38769310,2.73356747e-03,20
361,Row-Update,mps,-1.39306508,2.05706988e-03,20
361,Hybrid,mixture,-1.39508449,1.74756534e-03,20
362,Metropolis,metropolis,-1.38764373,2.72711883e-03,20
362,Row-Update,mps,-1.39309482,2.05857756e-03,20
362,Hybrid,mixture,-1.39510202,1.75620296e-03,20
363,Metropolis,metropolis,-1.38767248,2.74702125e-03,20
363,Row-Update,mps,-1.39313409,2.05365793e-03,20
363,Hybrid,mixture,-1.39508576,1.76108748e-03,20
364,Metropolis,metropolis,-1.38767133,2.74106269e-03,20
364,Row-Update,mps,-1.39313643,2.05455709e-03,20
364,Hybrid,mixture,-1.39509383,1.75000372e-03,20
365,Metropolis,metropolis,-1.38768627,2.74249552e-03,20
365,Row-Update,mps,-1.39313552,2.04800143e-03,20
365,Hybrid,mixture,-1.39514987,1.75631234e-03,20
366,Metropolis,metropolis,-1.38768180,2.73328598e-03,20
366,Row-Update,mps,-1.39318419,2.04457894e-03,20
366,Hybrid,mixture,-1.39511556,1.75805687e-03,20
367,Metropolis,metropolis,-1.38771598,2.72043532e-03,20
367,Row-Update,mps,-1.39314446,2.04876477e-03,20
367,Hybrid,mixture,-1.39515140,1.75347700e-03,20
368,Metropolis,metropolis,-1.38772511,2.73115278e-03,20
368,Row-Update,mps,-1.39318944,2.04379786e-03,20
368,Hybrid,mixture,-1.39517589,1.74684181e-03,20
369,Metropolis,metropolis,-1.38772483,2.73410016e-03,20
369,Row-Update,mps,-1.39319409,2.03685837e-03,20
369,Hybrid,mixture,-1.39516602,1.75624838e-03,20
370,Metropolis,metropolis,-1.38772282,2.73228510e-03,20
370,Row-Update,mps,-1.39317913,2.03814766e-03,20
370,Hybrid,mixture,-1.39517397,1.75437203e-03,20
371,Metropolis,metropolis,-1.38774128,2.73074844e-03,20
371,Row-Update,mps,-1.39320581,2.02999817e-03,20
371,Hybrid,mixture,-1.39514227,1.75265586e-03,20
372,Metropolis,metropolis,-1.38772729,2.72333368e-03,20
372,Row-Update,mps,-1.39321495,2.03216185e-03,20
372,Hybrid,mixture,-1.39518815,1.74986919e-03,20
373,Metropolis,metropolis,-1.38773961,2.72361940e-03,20
373,Row-Update,mps,-1.39325703,2.03305561e-03,20
373,Hybrid,mixture,-1.39519324,1.75710467e-03,20
374,Metropolis,metropolis,-1.38775412,2.73209422e-03,20
374,Row-Update,mps,-1.39325037,2.02296130e-03,20
374,Hybrid,mixture,-1.39520993,1.74779378e-03,20
375,Metropolis,metropolis,-1.38775885,2.72385957e-03,20
375,Row-Update,mps,-1.39327274,2.01478530e-03,20
375,Hybrid,mixture,-1.39523721,1.75471653e-03,20
376,Metropolis,metropolis,-1.38775653,2.72518689e-03,20
376,Row-Update,mps,-1.39328037,2.00894503e-03,20
376,Hybrid,mixture,-1.39522092,1.75469712e-03,20
377,Metropolis,metropolis,-1.38773824,2.72938345e-03,20
377,Row-Update,mps,-1.39327948,2.00143547e-03,20
377,Hybrid,mixture,-1.39525764,1.75074063e-03,20
378,Metropolis,metropolis,-1.38778533,2.72422835e-03,20
378,Row-Update,mps,-1.39332023,2.00227189e-03,20
378,Hybrid,mixture,-1.39525820,1.74866094e-03,20
379,Metropolis,metropolis,-1.38780185,2.72096407e-03,20
379,Row-Update,mps,-1.39333346,1.98994918e-03,20
379,Hybrid,mixture,-1.39524366,1.75270367e-03,20
380,Metropolis,metropolis,-1.38779507,2.72124826e-03,20
380,Row-Update,mps,-1.39338748,1.99461275e-03,20
380,Hybrid,mixture,-1.39525274,1.75298794e-03,20
381,Metropolis,metropolis,-1.38779275,2.72041725e-03,20
381,Row-Update,mps,-1.39338603,1.97637248e-03,20
381,Hybrid,mixture,-1.39524653,1.75624694e-03,20
382,Metropolis,metropolis,-1.38779890,2.71171283e-03,20
382,Row-Update,mps,-1.39344309,1.97560799e-03,20
382,Hybrid,mixture,-1.39530195,1.74950163e-03,20
383,Metropolis,metropolis,-1.38783956,2.71588880e-03,20
383,Row-Update,mps,-1.39350157,1.97010482e-03,20
383,Hybrid,mixture,-1.39525356,1.74938817e-03,20
384,Metropolis,metropolis,-1.38784829,2.71144661e-03,20
384,Row-Update,mps,-1.39354916,1.96650864e-03,20
384,Hybrid,mixture,-1.39525325,1.76115086e-03,20
385,Metropolis,metropolis,-1.38785236,2.70760839e-03,20
385,Row-Update,mps,-1.39359999,1.96353366e-03,20
385,Hybrid,mixture,-1.39531017,1.75099947e-03,20
386,Metropolis,metropolis,-1.38783098,2.71315771e-03,20
386,Row-Update,mps,-1.39363093,1.95293635e-03,20
386,Hybrid,mixture,-1.39529567,1.75222444e-03,20
387,Metropolis,metropolis,-1.38785941,2.70874610e-03,20
387,Row-Update,mps,-1.39362998,1.95407062e-03,20
387,Hybrid,mixture,-1.39530561,1.74815807e-03,20
388,Metropolis,metropolis,-1.38785204,2.70724654e-03,20
388,Row-Update,mps,-1.39370348,1.95732324e-03,20
388,Hybrid,mixture,-1.39532584,1.75019845e-03,20
389,Metropolis,metropolis,-1.38786591,2.70638529e-03,20
389,Row-Update,mps,-1.39367472,1.95292672e-03,20
389,Hybrid,mixture,-1.39532530,1.74919832e-03,20
390,Metropolis,metropolis,-1.38788338,2.70023017e-03,20
390,Row-Update,mps,-1.39367590,1.95102287e-03,20
390,Hybrid,mixture,-1.39530388,1.75239518e-03,20
391,Metropolis,metropolis,-1.38789122,2.69872931e-03,20
391,Row-Update,mps,-1.39368623,1.95410889e-03,20
391,Hybrid,mixture,-1.39530700,1.74725533e-03,20
392,Metropolis,metropolis,-1.38790774,2.69576124e-03,20
392,Row-Update,mps,-1.39370189,1.94723115e-03,20
392,Hybrid,mixture,-1.39533719,1.75130849e-03,20
393,Metropolis,metropolis,-1.38789149,2.69579551e-03,20
393,Row-Update,mps,-1.39369429,1.94666821e-03,20
393,Hybrid,mixture,-1.39534089,1.75275663e-03,20
394,Metropolis,metropolis,-1.38792065,2.69628234e-03,20
394,Row-Update,mps,-1.39369432,1.95343205e-03,20
394,Hybrid,mixture,-1.39533732,1.74337180e-03,20
395,Metropolis,metropolis,-1.38789103,2.69972347e-03,20
395,Row-Update,mps,-1.39370624,1.95464496e-03,20
395,Hybrid,mixture,-1.39532959,1.75763762e-03,20
396,Metropolis,metropolis,-1.38793626,2.68983470e-03,20
396,Row-Update,mps,-1.39371341,1.95389221e-03,20
396,Hybrid,mixture,-1.39532561,1.75527255e-03,20
397,Metropolis,metropolis,-1.38793277,2.69650361e-03,20
397,Row-Update,mps,-1.39371180,1.95010034e-03,20
397,Hybrid,mixture,-1.39535092,1.75122173e-03,20
398,Metropolis,metropolis,-1.38793208,2.69844867e-03,20
398,Row-Update,mps,-1.39373496,1.95294210e-03,20
398,Hybrid,mixture,-1.39533001,1.75487959e-03,20
399,Metropolis,metropolis,-1.38795755,2.68404395e-03,20
399,Row-Update,mps,-1.39369563,1.94636970e-03,20
399,Hybrid,mixture,-1.39535594,1.75520001e-03,20
400,Metropolis,metropolis,-1.38796976,2.69530828e-03,20
400,Row-Update,mps,-1.39377153,1.95542322e-03,20
400,Hybrid,mixture,-1.39536513,1.75547643e-03,20
401,Metropolis,metropolis,-1.38796993,2.69065616e-03,20
401,Row-Update,mps,-1.39373978,1.95124943e-03,20
401,Hybrid,mixture,-1.39534747,1.75985121e-03,20
402,Metropolis,metropolis,-1.38797622,2.68541616e-03,20
402,Row-Update,mps,-1.39372067,1.95290766e-03,20
402,Hybrid,mixture,-1.39534990,1.75224276e-03,20
403,Metropolis,metropolis,-1.38798830,2.68957864e-03,20
403,Row-Update,mps,-1.39374423,1.95496907e-03,20
403,Hybrid,mixture,-1.39534984,1.75492710e-03,20
404,Metropolis,metropolis,-1.38799718,2.68263548e-03,20
404,Row-Update,mps,-1.39376494,1.95393907e-03,20
404,Hybrid,mixture,-1.39533481,1.74673996e-03,20
405,Metropolis,metropolis,-1.38799350,2.68546994e-03,20
405,Row-Update,mps,-1.39376938,1.95060227e-03,20
405,Hybrid,mixture,-1.39537602,1.75379567e-03,20
406,Metropolis,metropolis,-1.38799979,2.68243743e-03,20
406,Row-Update,mps,-1.39374974,1.94914158e-03,20
406,Hybrid,mixture,-1.39537298,1.75264228e-03,20
407,Metropolis,metropolis,-1.38800177,2.68492074e-03,20
407,Row-Update,mps,-1.39378680,1.95005578e-03,20
407,Hybrid,mixture,-1.39536847,1.75187785e-03,20
408,Metropolis,metropolis,-1.38801370,2.68148145e-03,20
408,Row-Update,mps,-1.39377783,1.94896689e-03,20
408,Hybrid,mixture,-1.39539687,1.75485156e-03,20
409,Metropolis,metropolis,-1.38800350,2.67617349e-03,20
409,Row-Update,mps,-1.39378490,1.96030486e-03,20
409,Hybrid,mixture,-1.39539836,1.75332544e-03,20
410,Metropolis,metropolis,-1.38804641,2.68396699e-03,20
410,Row-Update,mps,-1.39376306,1.94990868e-03,20
410,Hybrid,mixture,-1.39535626,1.74895369e-03,20
411,Metropolis,metropolis,-1.38802427,2.68171931e-03,20
411,Row-Update,mps,-1.39378834,1.95235127e-03,20
411,Hybrid,mixture,-1.39537123,1.75283805e-03,20
412,Metropolis,metropolis,-1.38804642,2.67419879e-03,20
412,Row-Update,mps,-1.39380945,1.96329659e-03,20
412,Hybrid,mixture,-1.39538733,1.75964081e-03,20
413,Metropolis,metropolis,-1.38804478,2.67200450e-03,20
413,Row-Update,mps,-1.39382034,1.95792546e-03,20
413,Hybrid,mixture,-1.39537504,1.75454483e-03,20
414,Metropolis,metropolis,-1.38807193,2.67450317e-03,20
414,Row-Update,mps,-1.39378342,1.95303436e-03,20
414,Hybrid,mixture,-1.39538165,1.75779422e-03,20
415,Metropolis,metropolis,-1.38806310,2.67213213e-03,20
415,Row-Update,mps,-1.39380542,1.95340492e-03,20
415,Hybrid,mixture,-1.39537762,1.75782352e-03,20
416,Metropolis,metropolis,-1.38804698,2.67533002e-03,20
416,Row-Update,mps,-1.39379185,1.95496065e-03,20
416,Hybrid,mixture,-1.39540500,1.75009324e-03,20
417,Metropolis,metropolis,-1.38806023,2.67558639e-03,20
417,Row-Update,mps,-1.39381327,1.95589649e-03,20
417,Hybrid,mixture,-1.39540654,1.75539323e-03,20
418,Metropolis,metropolis,-1.38806338,2.67174448e-03,20
418,Row-Update,mps,-1.39382314,1.95887442e-03,20
418,Hybrid,mixture,-1.39540189,1.75432517e-03,20
419,Metropolis,metropolis,-1.38806304,2.67708621e-03,20
419,Row-Update,mps,-1.39385965,1.96666288e-03,20
419,Hybrid,mixture,-1.39541875,1.75416389e-03,20
420,Metropolis,metropolis,-1.38805859,2.67635630e-03,20
420,Row-Update,mps,-1.39388537,1.95975145e-03,20
420,Hybrid,mixture,-1.39540363,1.75187299e-03,20
421,Metropolis,metropolis,-1.38807632,2.67564130e-03,20
421,Row-Update,mps,-1.39389495,1.96543023e-03,20
421,Hybrid,mixture,-1.39543528,1.76136479e-03,20
422,Metropolis,metropolis,-1.38808224,2.67138363e-03,20
422,Row-Update,mps,-1.39389237,1.96849453e-03,20
422,Hybrid,mixture,-1.39540906,1.75368560e-03,20
423,Metropolis,metropolis,-1.38806582,2.67576123e-03,20
423,Row-Update,mps,-1.39389777,1.96521467e-03,20
423,Hybrid,mixture,-1.39544198,1.75360891e-03,20
424,Metropolis,metropolis,-1.38807017,2.67135588e-03,20
424,Row-Update,mps,-1.39391033,1.97005151e-03,20
424,Hybrid,mixture,-1.39542002,1.75210299e-03,20
425,Metropolis,metropolis,-1.38807854,2.66816338e-03,20
425,Row-Update,mps,-1.39393413,1.97610196e-03,20
425,Hybrid,mixture,-1.39542063,1.74819425e-03,20
426,Metropolis,metropolis,-1.38806585,2.67379902e-03,20
426,Row-Update,mps,-1.39390569,1.96919494e-03,20
426,Hybrid,mixture,-1.39541272,1.74846991e-03,20
427,Metropolis,metropolis,-1.38806962,2.66697723e-03,20
427,Row-Update,mps,-1.39397358,1.98075671e-03,20
427,Hybrid,mixture,-1.39540769,1.75371556e-03,20
428,Metropolis,metropolis,-1.38809350,2.66717359e-03,20
428,Row-Update,mps,-1.39395424,1.97708366e-03,20
428,Hybrid,mixture,-1.39541687,1.74948062e-03,20
429,Metropolis,metropolis,-1.38807057,2.67569753e-03,20
429,Row-Update,mps,-1.39394719,1.97739755e-03,20
429,Hybrid,mixture,-1.39541958,1.75134275e-03,20
430,Metropolis,metropolis,-1.38808377,2.66988682e-03,20
430,Row-Update,mps,-1.39402567,1.99176552e-03,20
430,Hybrid,mixture,-1.39543533,1.75723881e-03,20
431,Metropolis,metropolis,-1.38810002,2.66652945e-03,20
431,Row-Update,mps,-1.39401703,1.99115687e-03,20
431,Hybrid,mixture,-1.39542111,1.74984221e-03,20
432,Metropolis,metropolis,-1.38806421,2.66736906e-03,20
432,Row-Update,mps,-1.39402447,1.99171756e-03,20
432,Hybrid,mixture,-1.39544585,1.75378546e-03,20
433,Metropolis,metropolis,-1.38808868,2.67596843e-03,20
433,Row-Update,mps,-1.39403760,1.99546244e-03,20
433,Hybrid,mixture,-1.39542762,1.75388313e-03,20
434,Metropolis,metropolis,-1.38811136,2.67087165e-03,20
434,Row-Update,mps,-1.39402620,1.99679049e-03,20
434,Hybrid,mixture,-1.39542425,1.75376528e-03,20
435,Metropolis,metropolis,-1.38810949,2.67599766e-03,20
435,Row-Update,mps,-1.39407359,1.99330622e-03,20
435,Hybrid,mixture,-1.39544771,1.74455295e-03,20
436,Metropolis,metropolis,-1.38811153,2.67788387e-03,20
436,Row-Update,mps,-1.39406947,2.00131046e-03,20
436,Hybrid,mixture,-1.39546084,1.75001059e-03,20
437,Metropolis,metropolis,-1.38809817,2.67560603e-03,20
437,Row-Update,mps,-1.39403849,2.00857661e-03,20
437,Hybrid,mixture,-1.39546832,1.74922071e-03,20
438,Metropolis,metropolis,-1.38811703,2.66844059e-03,20
438,Row-Update,mps,-1.39407821,2.00227334e-03,20
438,Hybrid,mixture,-1.39544120,1.75900648e-03,20
439,Metropolis,metropolis,-1.38812670,2.66420987e-03,20
439,Row-Update,mps,-1.39410177,2.00418215e-03,20
439,Hybrid,mixture,-1.39548940,1.74512391e-03,20
440,Metropolis,metropolis,-1.38811691,2.67438088e-03,20
440,Row-Update,mps,-1.39410675,2.00028331e-03,20
440,Hybrid,mixture,-1.39546719,1.74849214e-03,20
441,Metropolis,metropolis,-1.38814696,2.66624454e-03,20
441,Row-Update,mps,-1.39408973,2.00540138e-03,20
441,Hybrid,mixture,-1.39544446,1.74156346e-03,20
442,Metropolis,metropolis,-1.38812999,2.67062506e-03,20
442,Row-Update,mps,-1.39413736,2.00198362e-03,20
442,Hybrid,mixture,-1.39549549,1.74430980e-03,20
443,Metropolis,metropolis,-1.38809870,2.66618923e-03,20
443,Row-Update,mps,-1.39409377,2.00522893e-03,20
443,Hybrid,mixture,-1.39548089,1.74312093e-03,20
444,Metropolis,metropolis,-1.38813793,2.67609508e-03,20
444,Row-Update,mps,-1.39412829,1.99863744e-03,20
444,Hybrid,mixture,-1.39550098,1.73924223e-03,20
445,Metropolis,metropolis,-1.38814082,2.66263723e-03,20
445,Row-Update,mps,-1.39413072,2.00281694e-03,20
445,Hybrid,mixture,-1.39548949,1.74741980e-03,20
446,Metropolis,metropolis,-1.38814694,2.67459030e-03,20
446,Row-Update,mps,-1.39411572,2.00594936e-03,20
446,Hybrid,mixture,-1.39547226,1.74232149e-03,20
447,Metropolis,metropolis,-1.38817888,2.67022120e-03,20
447,Row-Update,mps,-1.39414742,2.00539531e-03,20
447,Hybrid,mixture,-1.39549514,1.74116230e-03,20
448,Metropolis,metropolis,-1.38819095,2.66995790e-03,20
448,Row-Update,mps,-1.39415397,2.00552345e-03,20
448,Hybrid,mixture,-1.39550467,1.74491122e-03,20
449,Metropolis,metropolis,-1.38817619,2.67470501e-03,20
449,Row-Update,mps,-1.39415181,2.00389775e-03,20
449,Hybrid,mixture,-1.39551371,1.73925849e-03,20
450,Metropolis,metropolis,-1.38819816,2.67405640e-03,20
450,Row-Update,mps,-1.39415631,2.00376473e-03,20
450,Hybrid,mixture,-1.39550710,1.73981665e-03,20
451,Metropolis,metropolis,-1.38820969,2.66412146e-03,20
451,Row-Update,mps,-1.39413917,2.00063740e-03,20
451,Hybrid,mixture,-1.39548988,1.74225981e-03,20
452,Metropolis,metropolis,-1.38824574,2.66989815e-03,20
452,Row-Update,mps,-1.39417555,2.00384154e-03,20
452,Hybrid,mixture,-1.39552026,1.74173779e-03,20
453,Metropolis,metropolis,-1.38824939,2.67206676e-03,20
453,Row-Update,mps,-1.39417883,2.00554053e-03,20
453,Hybrid,mixture,-1.39552340,1.74481625e-03,20
454,Metropolis,metropolis,-1.38825858,2.67491325e-03,20
454,Row-Update,mps,-1.39417773,2.00095028e-03,20
454,Hybrid,mixture,-1.39551451,1.74113579e-03,20
455,Metropolis,metropolis,-1.38825532,2.67718692e-03,20
455,Row-Update,mps,-1.39418058,2.00363443e-03,20
455,Hybrid,mixture,-1.39552508,1.73939482e-03,20
456,Metropolis,metropolis,-1.38827528,2.67602359e-03,20
456,Row-Update,mps,-1.39416144,2.00579820e-03,20
456,Hybrid,mixture,-1.39554366,1.73496010e-03,20
457,Metropolis,metropolis,-1.38828774,2.67966944e-03,20
457,Row-Update,mps,-1.39415724,2.01189889e-03,20
457,Hybrid,mixture,-1.39554395,1.74576082e-03,20
458,Metropolis,metropolis,-1.38832924,2.67560886e-03,20
458,Row-Update,mps,-1.39420418,2.00232251e-03,20
458,Hybrid,mixture,-1.39552895,1.74293590e-03,20
459,Metropolis,metropolis,-1.38830911,2.67598105e-03,20
459,Row-Update,mps,-1.39420150,2.00257819e-03,20
459,Hybrid,mixture,-1.39555644,1.73575464e-03,20
460,Metropolis,metropolis,-1.38833428,2.67967321e-03,20
460,Row-Update,mps,-1.39420136,2.00695848e-03,20
460,Hybrid,mixture,-1.39553544,1.73791338e-03,20
461,Metropolis,metropolis,-1.38834301,2.68015666e-03,20
461,Row-Update,mps,-1.39421061,2.00735825e-03,20
461,Hybrid,mixture,-1.39553255,1.73732454e-03,20
462,Metropolis,metropolis,-1.38832698,2.67829941e-03,20
462,Row-Update,mps,-1.39421357,2.00003813e-03,20
462,Hybrid,mixture,-1.39553397,1.73764693e-03,20
463,Metropolis,metropolis,-1.38835781,2.67741941e-03,20
463,Row-Update,mps,-1.39420129,2.00592575e-03,20
463,Hybrid,mixture,-1.39558281,1.73471201e-03,20
464,Metropolis,metropolis,-1.38833070,2.68387381e-03,20
464,Row-Update,mps,-1.39420629,2.00144367e-03,20
464,Hybrid,mixture,-1.39553430,1.74164458e-03,20
465,Metropolis,metropolis,-1.38836371,2.68583709e-03,20
465,Row-Update,mps,-1.39422365,2.00163542e-03,20
465,Hybrid,mixture,-1.39554597,1.73627733e-03,20
466,Metropolis,metropolis,-1.38838117,2.68442066e-03,20
466,Row-Update,mps,-1.39422638,2.00472448e-03,20
466,Hybrid,mixture,-1.39552958,1.73599689e-03,20
467,Metropolis,metropolis,-1.38839622,2.68610451e-03,20
467,Row-Update,mps,-1.39423751,2.00301662e-03,20
467,Hybrid,mixture,-1.39559149,1.73002008e-03,20
468,Metropolis,metropolis,-1.38840007,2.68898244e-03,20
468,Row-Update,mps,-1.39425899,2.00282751e-03,20
468,Hybrid,mixture,-1.39554610,1.73554182e-03,20
469,Metropolis,metropolis,-1.38836517,2.68217508e-03,20
469,Row-Update,mps,-1.39427516,1.99931119e-03,20
469,Hybrid,mixture,-1.39556329,1.73392222e-03,20
470,Metropolis,metropolis,-1.38835496,2.68860031e-03,20
470,Row-Update,mps,-1.39427020,2.00070336e-03,20
470,Hybrid,mixture,-1.39553487,1.74416007e-03,20
471,Metropolis,metropolis,-1.38838596,2.68577310e-03,20
471,Row-Update,mps,-1.39423882,1.99342151e-03,20
471,Hybrid,mixture,-1.39554910,1.73885623e-03,20
472,Metropolis,metropolis,-1.38838981,2.68939759e-03,20
472,Row-Update,mps,-1.39425398,1.99991639e-03,20
472,Hybrid,mixture,-1.39555536,1.73329841e-03,20
473,Metropolis,metropolis,-1.38838542,2.68481186e-03,20
473,Row-Update,mps,-1.39429390,1.99555309e-03,20
473,Hybrid,mixture,-1.39556072,1.75319829e-03,20
474,Metropolis,metropolis,-1.38838559,2.68595380e-03,20
474,Row-Update,mps,-1.39425349,2.00440073e-03,20
474,Hybrid,mixture,-1.39556069,1.73856281e-03,20
475,Metropolis,metropolis,-1.38841523,2.68583726e-03,20
475,Row-Update,mps,-1.39426643,2.00440487e-03,20
475,Hybrid,mixture,-1.39556270,1.73773185e-03,20
476,Metropolis,metropolis,-1.38838813,2.68312102e-03,20
476,Row-Update,mps,-1.39426777,1.99564531e-03,20
476,Hybrid,mixture,-1.39559057,1.73620027e-03,20
477,Metropolis,metropolis,-1.38838007,2.68246698e-03,20
477,Row-Update,mps,-1.39429955,1.99822482e-03,20
477,Hybrid,mixture,-1.39556219,1.73680485e-03,20
478,Metropolis,metropolis,-1.38841732,2.68261513e-03,20
478,Row-Update,mps,-1.39428053,1.99734104e-03,20
478,Hybrid,mixture,-1.39558422,1.73941336e-03,20
479,Metropolis,metropolis,-1.38842795,2.68451973e-03,20
479,Row-Update,mps,-1.39431140,2.00194884e-03,20
479,Hybrid,mixture,-1.39555254,1.73128599e-03,20
480,Metropolis,metropolis,-1.38842471,2.68740116e-03,20
480,Row-Update,mps,-1.39429577,1.99908014e-03,20
480,Hybrid,mixture,-1.39555113,1.73842165e-03,20
481,Metropolis,metropolis,-1.38841730,2.68489439e-03,20
481,Row-Update,mps,-1.39430366,1.99814043e-03,20
481,Hybrid,mixture,-1.39556698,1.73930619e-03,20
482,Metropolis,metropolis,-1.38839869,2.68206343e-03,20
482,Row-Update,mps,-1.39431627,1.99945727e-03,20
482,Hybrid,mixture,-1.39554445,1.74208991e-03,20
483,Metropolis,metropolis,-1.38847557,2.68676527e-03,20
483,Row-Update,mps,-1.39431843,1.99702057e-03,20
483,Hybrid,mixture,-1.39558148,1.74370534e-03,20
484,Metropolis,metropolis,-1.38842014,2.68119910e-03,20
484,Row-Update,mps,-1.39430944,1.99746967e-03,20
484,Hybrid,mixture,-1.39556873,1.74430197e-03,20
485,Metropolis,metropolis,-1.38843398,2.68427996e-03,20
485,Row-Update,mps,-1.39431039,1.99864173e-03,20
485,Hybrid,mixture,-1.39555216,1.73908521e-03,20
486,Metropolis,metropolis,-1.38843251,2.68343969e-03,20
486,Row-Update,mps,-1.39434381,1.99100412e-03,20
486,Hybrid,mixture,-1.39557171,1.74194013e-03,20
487,Metropolis,metropolis,-1.38839961,2.68105221e-03,20
487,Row-Update,mps,-1.39434302,2.00238314e-03,20
487,Hybrid,mixture,-1.39557454,1.73906974e-03,20
488,Metropolis,metropolis,-1.38845520,2.68326385e-03,20
488,Row-Update,mps,-1.39432648,1.99607126e-03,20
488,Hybrid,mixture,-1.39553337,1.74458840e-03,20
489,Metropolis,metropolis,-1.38842983,2.68216974e-03,20
489,Row-Update,mps,-1.39433514,1.99575501e-03,20
489,Hybrid,mixture,-1.39556255,1.74473080e-03,20
490,Metropolis,metropolis,-1.38845197,2.68212492e-03,20
490,Row-Update,mps,-1.39434716,1.99718611e-03,20
490,Hybrid,mixture,-1.39555959,1.74178704e-03,20
491,Metropolis,metropolis,-1.38843389,2.68770397e-03,20
491,Row-Update,mps,-1.39434524,1.99915475e-03,20
491,Hybrid,mixture,-1.39558465,1.74234313e-03,20
492,Metropolis,metropolis,-1.38843074,2.68175772e-03,20
492,Row-Update,mps,-1.39435141,1.99997657e-03,20
492,Hybrid,mixture,-1.39558557,1.73712395e-03,20
493,Metropolis,metropolis,-1.38843771,2.68231046e-03,20
493,Row-Update,mps,-1.39436075,1.99775706e-03,20
493,Hybrid,mixture,-1.39561468,1.73529687e-03,20
494,Metropolis,metropolis,-1.38843657,2.68186955e-03,20
494,Row-Update,mps,-1.39435318,1.99892134e-03,20
494,Hybrid,mixture,-1.39559759,1.74293920e-03,20
495,Metropolis,metropolis,-1.38847191,2.68352567e-03,20
495,Row-Update,mps,-1.39436017,1.99435939e-03,20
495,Hybrid,mixture,-1.39558822,1.73858232e-03,20
496,Metropolis,metropolis,-1.38849766,2.68351531e-03,20
496,Row-Update,mps,-1.39436464,1.99264171e-03,20
496,Hybrid,mixture,-1.39557446,1.74150021e-03,20
497,Metropolis,metropolis,-1.38848983,2.68567592e-03,20
497,Row-Update,mps,-1.39435002,1.99808926e-03,20
497,Hybrid,mixture,-1.39554912,1.74043274e-03,20
498,Metropolis,metropolis,-1.38847363,2.68712807e-03,20
498,Row-Update,mps,-1.39439556,1.99628611e-03,20
498,Hybrid,mixture,-1.39557464,1.73504233e-03,20
499,Metropolis,metropolis,-1.38843992,2.67866829e-03,20
499,Row-Update,mps,-1.39439907,2.00189663e-03,20
499,Hybrid,mixture,-1.39558847,1.73428294e-03,20
500,Metropolis,metropolis,-1.38852701,2.68201641e-03,20
500,Row-Update,mps,-1.39437467,1.99754366e-03,20
500,Hybrid,mixture,-1.39557209,1.73810893e-03,20
501,Metropolis,metropolis,-1.38849700,2.68487035e-03,20
501,Row-Update,mps,-1.39437903,1.99672729e-03,20
501,Hybrid,mixture,-1.39557625,1.74073928e-03,20
502,Metropolis,metropolis,-1.38850322,2.68397688e-03,20
502,Row-Update,mps,-1.39438669,2.00090749e-03,20
502,Hybrid,mixture,-1.39556782,1.73838332e-03,20
503,Metropolis,metropolis,-1.38849332,2.68397537e-03,20
503,Row-Update,mps,-1.39441441,1.99372985e-03,20
503,Hybrid,mixture,-1.39556612,1.74111129e-03,20
504,Metropolis,metropolis,-1.38850886,2.68562323e-03,20
504,Row-Update,mps,-1.39439719,1.99514380e-03,20
504,Hybrid,mixture,-1.39559569,1.74085318e-03,20
505,Metropolis,metropolis,-1.38850467,2.68064218e-03,20
505,Row-Update,mps,-1.39440342,1.99380092e-03,20
505,Hybrid,mixture,-1.39557774,1.73771352e-03,20
506,Metropolis,metropolis,-1.38849939,2.68677619e-03,20
506,Row-Update,mps,-1.39442510,1.99526154e-03,20
506,Hybrid,mixture,-1.39559427,1.73275184e-03,20
507,Metropolis,metropolis,-1.38852794,2.68303671e-03,20
507,Row-Update,mps,-1.39442164,1.99537521e-03,20
507,Hybrid,mixture,-1.39557451,1.74056159e-03,20
508,Metropolis,metropolis,-1.38854467,2.68314446e-03,20
508,Row-Update,mps,-1.39444137,1.99818173e-03,20
508,Hybrid,mixture,-1.39557419,1.73966942e-03,20
509,Metropolis,metropolis,-1.38857624,2.67918271e-03,20
509,Row-Update,mps,-1.39442789,1.99964167e-03,20
509,Hybrid,mixture,-1.39559395,1.74202853e-03,20
510,Metropolis,metropolis,-1.38857071,2.68620427e-03,20
510,Row-Update,mps,-1.39442627,1.99894574e-03,20
510,Hybrid,mixture,-1.39559185,1.73846143e-03,20
511,Metropolis,metropolis,-1.38856960,2.68384880e-03,20
511,Row-Update,mps,-1.39442105,1.99624266e-03,20
511,Hybrid,mixture,-1.39558638,1.73797134e-03,20
512,Metropolis,metropolis,-1.38857625,2.68389216e-03,20
512,Row-Update,mps,-1.39441927,2.00132314e-03,20
512,Hybrid,mixture,-1.39559090,1.73545134e-03,20
513,Metropolis,metropolis,-1.38859077,2.68472388e-03,20
513,Row-Update,mps,-1.39439744,1.99845094e-03,20
513,Hybrid,mixture,-1.39558128,1.73707227e-03,20
514,Metropolis,metropolis,-1.38860554,2.68613742e-03,20
514,Row-Update,mps,-1.39445068,2.00310527e-03,20
514,Hybrid,mixture,-1.39559256,1.73776333e-03,20
515,Metropolis,metropolis,-1.38860870,2.68867064e-03,20
515,Row-Update,mps,-1.39447085,2.00303962e-03,20
515,Hybrid,mixture,-1.39555161,1.74131545e-03,20
516,Metropolis,metropolis,-1.38862132,2.68688994e-03,20
516,Row-Update,mps,-1.39445155,1.99765599e-03,20
516,Hybrid,mixture,-1.39558607,1.74049953e-03,20
517,Metropolis,metropolis,-1.38863957,2.68402113e-03,20
517,Row-Update,mps,-1.39444757,1.99960754e-03,20
517,Hybrid,mixture,-1.39557837,1.74223270e-03,20
518,Metropolis,metropolis,-1.38861817,2.69373059e-03,20
518,Row-Update,mps,-1.39445001,2.00207090e-03,20
518,Hybrid,mixture,-1.39557253,1.74173904e-03,20
519,Metropolis,metropolis,-1.38867887,2.68553286e-03,20
519,Row-Update,mps,-1.39444974,2.00200041e-03,20
519,Hybrid,mixture,-1.39558398,1.74219097e-03,20
520,Metropolis,metropolis,-1.38868838,2.68981858e-03,20
520,Row-Update,mps,-1.39444903,1.99496872e-03,20
520,Hybrid,mixture,-1.39556875,1.74430042e-03,20
521,Metropolis,metropolis,-1.38873408,2.69672465e-03,20
521,Row-Update,mps,-1.39447312,2.00094415e-03,20
521,Hybrid,mixture,-1.39557008,1.73897116e-03,20
522,Metropolis,metropolis,-1.38873814,2.69485429e-03,20
522,Row-Update,mps,-1.39446714,1.99823044e-03,20
522,Hybrid,mixture,-1.39558582,1.74336775e-03,20
523,Metropolis,metropolis,-1.38871175,2.69187514e-03,20
523,Row-Update,mps,-1.39447750,1.99998521e-03,20
523,Hybrid,mixture,-1.39558497,1.74146918e-03,20
524,Metropolis,metropolis,-1.38876689,2.70023661e-03,20
524,Row-Update,mps,-1.39446173,2.00540613e-03,20
524,Hybrid,mixture,-1.39558600,1.73275165e-03,20
525,Metropolis,metropolis,-1.38874975,2.70040909e-03,20
525,Row-Update,mps,-1.39447671,2.00001436e-03,20
525,Hybrid,mixture,-1.39560730,1.73618802e-03,20
526,Metropolis,metropolis,-1.38877253,2.70178781e-03,20
526,Row-Update,mps,-1.39446354,2.00332298e-03,20
526,Hybrid,mixture,-1.39556815,1.73714153e-03,20
527,Metropolis,metropolis,-1.38877980,2.69682560e-03,20
527,Row-Update,mps,-1.39448991,2.00674091e-03,20
527,Hybrid,mixture,-1.39559623,1.73786677e-03,20
528,Metropolis,metropolis,-1.38880172,2.70484488e-03,20
528,Row-Update,mps,-1.39447194,1.99699246e-03,20
528,Hybrid,mixture,-1.39558670,1.74391577e-03,20
529,Metropolis,metropolis,-1.38879214,2.70397581e-03,20
529,Row-Update,mps,-1.39449817,2.00228970e-03,20
529,Hybrid,mixture,-1.39557039,1.73318174e-03,20
530,Metropolis,metropolis,-1.38880151,2.70149765e-03,20
530,Row-Update,mps,-1.39450691,1.99988984e-03,20
530,Hybrid,mixture,-1.39559520,1.73855658e-03,20
531,Metropolis,metropolis,-1.38879821,2.70134303e-03,20
531,Row-Update,mps,-1.39450723,1.99911766e-03,20
531,Hybrid,mixture,-1.39558860,1.74303863e-03,20
532,Metropolis,metropolis,-1.38879726,2.70350415e-03,20
532,Row-Update,mps,-1.39450548,2.00095650e-03,20
532,Hybrid,mixture,-1.39559305,1.73464693e-03,20
533,Metropolis,metropolis,-1.38878959,2.70706418e-03,20
533,Row-Update,mps,-1.39451353,2.00828858e-03,20
533,Hybrid,mixture,-1.39558181,1.74031140e-03,20
534,Metropolis,metropolis,-1.38880186,2.70361647e-03,20
534,Row-Update,mps,-1.39449974,2.00348219e-03,20
534,Hybrid,mixture,-1.39560272,1.74115358e-03,20
535,Metropolis,metropolis,-1.38880909,2.70445195e-03,20
535,Row-Update,mps,-1.39452025,2.00788673e-03,20
535,Hybrid,mixture,-1.39559656,1.74379540e-03,20
536,Metropolis,metropolis,-1.38881983,2.69941795e-03,20
536,Row-Update,mps,-1.39451912,1.99986498e-03,20
536,Hybrid,mixture,-1.39557957,1.73648088e-03,20
537,Metropolis,metropolis,-1.38879835,2.69903556e-03,20
537,Row-Update,mps,-1.39452297,2.00843044e-03,20
537,Hybrid,mixture,-1.39560039,1.73767876e-03,20
538,Metropolis,metropolis,-1.38883232,2.69971824e-03,20
538,Row-Update,mps,-1.39452074,2.00333100e-03,20
538,Hybrid,mixture,-1.39557974,1.73652113e-03,20
539,Metropolis,metropolis,-1.38881301,2.70077058e-03,20
539,Row-Update,mps,-1.39454455,2.00699922e-03,20
539,Hybrid,mixture,-1.39560060,1.74352079e-03,20
540,Metropolis,metropolis,-1.38881106,2.69730785e-03,20
540,Row-Update,mps,-1.39454913,2.00835579e-03,20
540,Hybrid,mixture,-1.39559865,1.73863843e-03,20
541,Metropolis,metropolis,-1.38882925,2.70187740e-03,20
541,Row-Update,mps,-1.39456782,2.00719731e-03,20
541,Hybrid,mixture,-1.39559199,1.74024787e-03,20
542,Metropolis,metropolis,-1.38882362,2.70603484e-03,20
542,Row-Update,mps,-1.39455058,2.01092195e-03,20
542,Hybrid,mixture,-1.39562640,1.73918311e-03,20
543,Metropolis,metropolis,-1.38880430,2.69341514e-03,20
543,Row-Update,mps,-1.39455311,2.01185739e-03,20
543,Hybrid,mixture,-1.39562461,1.74332178e-03,20
544,Metropolis,metropolis,-1.38881573,2.69791456e-03,20
544,Row-Update,mps,-1.39455358,2.00655916e-03,20
544,Hybrid,mixture,-1.39558576,1.74369136e-03,20
545,Metropolis,metropolis,-1.38883997,2.69683312e-03,20
545,Row-Update,mps,-1.39458972,2.00633503e-03,20
545,Hybrid,mixture,-1.39560181,1.74096512e-03,20
546,Metropolis,metropolis,-1.38884316,2.69852038e-03,20
546,Row-Update,mps,-1.39458708,2.00172721e-03,20
546,Hybrid,mixture,-1.39559883,1.73544028e-03,20
547,Metropolis,metropolis,-1.38884184,2.70016948e-03,20
547,Row-Update,mps,-1.39457156,2.01242014e-03,20
547,Hybrid,mixture,-1.39560684,1.73865036e-03,20
548,Metropolis,metropolis,-1.38883017,2.70340539e-03,20
548,Row-Update,mps,-1.39459936,2.01257438e-03,20
548,Hybrid,mixture,-1.39558950,1.74033769e-03,20
549,Metropolis,metropolis,-1.38883100,2.70251027e-03,20
549,Row-Update,mps,-1.39456666,2.00729795e-03,20
549,Hybrid,mixture,-1.39558555,1.74394781e-03,20
550,Metropolis,metropolis,-1.38884698,2.70004221e-03,20
550,Row-Update,mps,-1.39459144,2.00859722e-03,20
550,Hybrid,mixture,-1.39559927,1.74327456e-03,20
551,Metropolis,metropolis,-1.38882940,2.69950083e-03,20
551,Row-Update,mps,-1.39460318,2.00914230e-03,20
551,Hybrid,mixture,-1.39559107,1.73792865e-03,20
552,Metropolis,metropolis,-1.38885263,2.69595143e-03,20
552,Row-Update,mps,-1.39460359,2.01023791e-03,20
552,Hybrid,mixture,-1.39558694,1.74634306e-03,20
553,Metropolis,metropolis,-1.38884706,2.69628234e-03,20
553,Row-Update,mps,-1.39460106,2.01167404e-03,20
553,Hybrid,mixture,-1.39559711,1.74271231e-03,20
554,Metropolis,metropolis,-1.38882798,2.69135337e-03,20
554,Row-Update,mps,-1.39461098,2.00771810e-03,20
554,Hybrid,mixture,-1.39561996,1.74219274e-03,20
555,Metropolis,metropolis,-1.38885036,2.70054793e-03,20
555,Row-Update,mps,-1.39458473,2.01294530e-03,20
555,Hybrid,mixture,-1.39557626,1.74317266e-03,20
556,Metropolis,metropolis,-1.38885519,2.70070556e-03,20
556,Row-Update,mps,-1.39460918,2.00952603e-03,20
556,Hybrid,mixture,-1.39558721,1.73797079e-03,20
557,Metropolis,metropolis,-1.38886940,2.70050632e-03,20
557,Row-Update,mps,-1.39460657,2.00797777e-03,20
557,Hybrid,mixture,-1.39556799,1.74313308e-03,20
558,Metropolis,metropolis,-1.38883693,2.68947686e-03,20
558,Row-Update,mps,-1.39462092,2.00659318e-03,20
558,Hybrid,mixture,-1.39561584,1.74374709e-03,20
559,Metropolis,metropolis,-1.38885030,2.69497233e-03,20
559,Row-Update,mps,-1.39459433,2.01619697e-03,20
559,Hybrid,mixture,-1.39564291,1.72310383e-03,20
560,Metropolis,metropolis,-1.38884053,2.69305845e-03,20
560,Row-Update,mps,-1.39460062,2.01331812e-03,20
560,Hybrid,mixture,-1.39561072,1.74152314e-03,20
561,Metropolis,metropolis,-1.38881911,2.68991731e-03,20
561,Row-Update,mps,-1.39462486,2.01144703e-03,20
561,Hybrid,mixture,-1.39559664,1.74215853e-03,20
562,Metropolis,metropolis,-1.38884350,2.69448427e-03,20
562,Row-Update,mps,-1.39462349,2.01120828e-03,20
562,Hybrid,mixture,-1.39559933,1.74285330e-03,20
563,Metropolis,metropolis,-1.38881629,2.68541392e-03,20
563,Row-Update,mps,-1.39461939,2.00684367e-03,20
563,Hybrid,mixture,-1.39560696,1.73716781e-03,20
564,Metropolis,metropolis,-1.38885408,2.69411119e-03,20
564,Row-Update,mps,-1.39462104,2.00837321e-03,20
564,Hybrid,mixture,-1.39562972,1.74258315e-03,20
565,Metropolis,metropolis,-1.38884805,2.69396463e-03,20
565,Row-Update,mps,-1.39461751,2.01395202e-03,20
565,Hybrid,mixture,-1.39560677,1.74742975e-03,20
566,Metropolis,metropolis,-1.38885598,2.69270607e-03,20
566,Row-Update,mps,-1.39462222,2.00673954e-03,20
566,Hybrid,mixture,-1.39558117,1.74105847e-03,20
567,Metropolis,metropolis,-1.38884305,2.69183204e-03,20
567,Row-Update,mps,-1.39460815,2.01168739e-03,20
567,Hybrid,mixture,-1.39557848,1.74544767e-03,20
568,Metropolis,metropolis,-1.38886235,2.69570028e-03,20
568,Row-Update,mps,-1.39461643,2.01100678e-03,20
568,Hybrid,mixture,-1.39560323,1.73992232e-03,20
569,Metropolis,metropolis,-1.38885919,2.69154434e-03,20
569,Row-Update,mps,-1.39462326,2.00494377e-03,20
569,Hybrid,mixture,-1.39560274,1.74196456e-03,20
570,Metropolis,metropolis,-1.38889011,2.69397592e-03,20
570,Row-Update,mps,-1.39462157,2.00778143e-03,20
570,Hybrid,mixture,-1.39559424,1.74106267e-03,20
571,Metropolis,metropolis,-1.38886106,2.69436815e-03,20
571,Row-Update,mps,-1.39462201,2.00402316e-03,20
571,Hybrid,mixture,-1.39562960,1.74234839e-03,20
572,Metropolis,metropolis,-1.38885829,2.70437642e-03,20
572,Row-Update,mps,-1.39460660,2.00909653e-03,20
572,Hybrid,mixture,-1.39558571,1.74649403e-03,20
573,Metropolis,metropolis,-1.38888473,2.69870281e-03,20
573,Row-Update,mps,-1.39463350,2.00516158e-03,20
573,Hybrid,mixture,-1.39561227,1.74469785e-03,20
574,Metropolis,metropolis,-1.38889337,2.69815348e-03,20
574,Row-Update,mps,-1.39463425,2.00063294e-03,20
574,Hybrid,mixture,-1.39559577,1.74386242e-03,20
575,Metropolis,metropolis,-1.38888078,2.69931192e-03,20
575,Row-Update,mps,-1.39466436,2.00516648e-03,20
575,Hybrid,mixture,-1.39558024,1.74571764e-03,20
576,Metropolis,metropolis,-1.38887986,2.69372041e-03,20
576,Row-Update,mps,-1.39463034,2.00114992e-03,20
576,Hybrid,mixture,-1.39560566,1.74847934e-03,20
577,Metropolis,metropolis,-1.38889178,2.69601198e-03,20
577,Row-Update,mps,-1.39464212,2.00413883e-03,20
577,Hybrid,mixture,-1.39559081,1.74632055e-03,20
578,Metropolis,metropolis,-1.38889870,2.69374179e-03,20
578,Row-Update,mps,-1.39461580,2.00336939e-03,20
578,Hybrid,mixture,-1.39561219,1.73959882e-03,20
579,Metropolis,metropolis,-1.38890141,2.69365695e-03,20
579,Row-Update,mps,-1.39460223,2.00663021e-03,20
579,Hybrid,mixture,-1.39560303,1.74460210e-03,20
580,Metropolis,metropolis,-1.38888457,2.69480270e-03,20
580,Row-Update,mps,-1.39465228,2.01286585e-03,20
580,Hybrid,mixture,-1.39561824,1.74287955e-03,20
581,Metropolis,metropolis,-1.38888533,2.69076318e-03,20
581,Row-Update,mps,-1.39463875,2.00137054e-03,20
581,Hybrid,mixture,-1.39558805,1.74195660e-03,20
582,Metropolis,metropolis,-1.38888628,2.69151490e-03,20
582,Row-Update,mps,-1.39464874,1.99387425e-03,20
582,Hybrid,mixture,-1.39560879,1.74107876e-03,20
583,Metropolis,metropolis,-1.38890293,2.69209976e-03,20
583,Row-Update,mps,-1.39461884,1.98909422e-03,20
583,Hybrid,mixture,-1.39560342,1.74608982e-03,20
584,Metropolis,metropolis,-1.38890716,2.69086831e-03,20
584,Row-Update,mps,-1.39462853,1.99673583e-03,20
584,Hybrid,mixture,-1.39560342,1.74267901e-03,20
585,Metropolis,metropolis,-1.38891530,2.68719383e-03,20
585,Row-Update,mps,-1.39464207,1.99046671e-03,20
585,Hybrid,mixture,-1.39564142,1.74034415e-03,20
586,Metropolis,metropolis,-1.38888070,2.68790257e-03,20
586,Row-Update,mps,-1.39462764,1.99164023e-03,20
586,Hybrid,mixture,-1.39560874,1.74184494e-03,20
587,Metropolis,metropolis,-1.38890653,2.68540593e-03,20
587,Row-Update,mps,-1.39465579,1.99068556e-03,20
587,Hybrid,mixture,-1.39560169,1.74344263e-03,20
588,Metropolis,metropolis,-1.38889020,2.69089143e-03,20
588,Row-Update,mps,-1.39465948,1.97814933e-03,20
588,Hybrid,mixture,-1.39563363,1.74781232e-03,20
589,Metropolis,metropolis,-1.38892422,2.69249461e-03,20
589,Row-Update,mps,-1.39466293,1.98157196e-03,20
589,Hybrid,mixture,-1.39559007,1.74279741e-03,20
590,Metropolis,metropolis,-1.38892278,2.68805793e-03,20
590,Row-Update,mps,-1.39465222,1.98168114e-03,20
590,Hybrid,mixture,-1.39560997,1.74384387e-03,20
591,Metropolis,metropolis,-1.38891196,2.69401058e-03,20
591,Row-Update,mps,-1.39470191,1.97509280e-03,20
591,Hybrid,mixture,-1.39559729,1.73953486e-03,20
592,Metropolis,metropolis,-1.38892921,2.69170007e-03,20
592,Row-Update,mps,-1.39468891,1.97227939e-03,20
592,Hybrid,mixture,-1.39561735,1.74757501e-03,20
593,Metropolis,metropolis,-1.38892381,2.68828970e-03,20
593,Row-Update,mps,-1.39471297,1.96861843e-03,20
593,Hybrid,mixture,-1.39561032,1.75057334e-03,20
594,Metropolis,metropolis,-1.38891527,2.67921831e-03,20
594,Row-Update,mps,-1.39468958,1.96641973e-03,20
594,Hybrid,mixture,-1.39562461,1.74449033e-03,20
595,Metropolis,metropolis,-1.38891542,2.68824028e-03,20
595,Row-Update,mps,-1.39470025,1.96510400e-03,20
595,Hybrid,mixture,-1.39562166,1.74227223e-03,20
596,Metropolis,metropolis,-1.38892980,2.68297041e-03,20
596,Row-Update,mps,-1.39470856,1.96724816e-03,20
596,Hybrid,mixture,-1.39559942,1.74040386e-03,20
597,Metropolis,metropolis,-1.38895398,2.68398415e-03,20
597,Row-Update,mps,-1.39470536,1.96511858e-03,20
597,Hybrid,mixture,-1.39561395,1.74487805e-03,20
598,Metropolis,metropolis,-1.38895102,2.67834100e-03,20
598,Row-Update,mps,-1.39471978,1.96136555e-03,20
598,Hybrid,mixture,-1.39563146,1.74436111e-03,20
599,Metropolis,metropolis,-1.38894676,2.67957418e-03,20
599,Row-Update,mps,-1.39469553,1.95308572e-03,20
599,Hybrid,mixture,-1.39563201,1.74517682e-03,20
600,Metropolis,metropolis,-1.38892628,2.68282719e-03,20
600,Row-Update,mps,-1.39469495,1.95957598e-03,20
600,Hybrid,mixture,-1.39565047,1.74515849e-03,20
601,Metropolis,metropolis,-1.38893046,2.67595290e-03,20
601,Row-Update,mps,-1.39472746,1.95245911e-03,20
601,Hybrid,mixture,-1.39563203,1.74194904e-03,20
602,Metropolis,metropolis,-1.38894175,2.68041176e-03,20
602,Row-Update,mps,-1.39472463,1.94857782e-03,20
602,Hybrid,mixture,-1.39561135,1.74064965e-03,20
603,Metropolis,metropolis,-1.38895182,2.68331041e-03,20
603,Row-Update,mps,-1.39472766,1.94671733e-03,20
603,Hybrid,mixture,-1.39564053,1.74423721e-03,20
604,Metropolis,metropolis,-1.38895297,2.67971698e-03,20
604,Row-Update,mps,-1.39476433,1.93951044e-03,20
604,Hybrid,mixture,-1.39561998,1.74323954e-03,20
605,Metropolis,metropolis,-1.38897691,2.67744783e-03,20
605,Row-Update,mps,-1.39474775,1.94572712e-03,20
605,Hybrid,mixture,-1.39562626,1.74464093e-03,20
606,Metropolis,metropolis,-1.38895814,2.67926800e-03,20
606,Row-Update,mps,-1.39474410,1.94254868e-03,20
606,Hybrid,mixture,-1.39565035,1.74594598e-03,20
607,Metropolis,metropolis,-1.38897188,2.67803540e-03,20
607,Row-Update,mps,-1.39477537,1.93904626e-03,20
607,Hybrid,mixture,-1.39562658,1.74855613e-03,20
608,Metropolis,metropolis,-1.38898553,2.67895322e-03,20
608,Row-Update,mps,-1.39475603,1.93812076e-03,20
608,Hybrid,mixture,-1.39564105,1.73950434e-03,20
609,Metropolis,metropolis,-1.38898483,2.67023093e-03,20
609,Row-Update,mps,-1.39475818,1.93556379e-03,20
609,Hybrid,mixture,-1.39565724,1.74460575e-03,20
610,Metropolis,metropolis,-1.38899500,2.67937065e-03,20
610,Row-Update,mps,-1.39474750,1.93717806e-03,20
610,Hybrid,mixture,-1.39565450,1.74131013e-03,20
611,Metropolis,metropolis,-1.38897891,2.67007625e-03,20
611,Row-Update,mps,-1.39474657,1.93376350e-03,20
611,Hybrid,mixture,-1.39563470,1.74655671e-03,20
612,Metropolis,metropolis,-1.38897981,2.66960193e-03,20
612,Row-Update,mps,-1.39477988,1.93411097e-03,20
612,Hybrid,mixture,-1.39562783,1.73586228e-03,20
613,Metropolis,metropolis,-1.38899744,2.67417754e-03,20
613,Row-Update,mps,-1.39476603,1.93073497e-03,20
613,Hybrid,mixture,-1.39563639,1.74323074e-03,20
614,Metropolis,metropolis,-1.38899068,2.67941173e-03,20
614,Row-Update,mps,-1.39476754,1.92964724e-03,20
614,Hybrid,mixture,-1.39564618,1.74332948e-03,20
615,Metropolis,metropolis,-1.38898520,2.67156549e-03,20
615,Row-Update,mps,-1.39476254,1.93258043e-03,20
615,Hybrid,mixture,-1.39564917,1.74041992e-03,20
616,Metropolis,metropolis,-1.38899943,2.67302870e-03,20
616,Row-Update,mps,-1.39475996,1.93082994e-03,20
616,Hybrid,mixture,-1.39567627,1.74332778e-03,20
617,Metropolis,metropolis,-1.38901536,2.67369562e-03,20
617,Row-Update,mps,-1.39476320,1.92966252e-03,20
617,Hybrid,mixture,-1.39566421,1.73811265e-03,20
618,Metropolis,metropolis,-1.38901784,2.67285058e-03,20
618,Row-Update,mps,-1.39475914,1.92893605e-03,20
618,Hybrid,mixture,-1.39566872,1.74072887e-03,20
619,Metropolis,metropolis,-1.38901466,2.67195736e-03,20
619,Row-Update,mps,-1.39477838,1.92997452e-03,20
619,Hybrid,mixture,-1.39569890,1.74149489e-03,20
620,Metropolis,metropolis,-1.38899819,2.66974747e-03,20
620,Row-Update,mps,-1.39475295,1.93220989e-03,20
620,Hybrid,mixture,-1.39565719,1.74021691e-03,20
621,Metropolis,metropolis,-1.38901742,2.67293115e-03,20
621,Row-Update,mps,-1.39476362,1.92416653e-03,20
621,Hybrid,mixture,-1.39567452,1.74174763e-03,20
622,Metropolis,metropolis,-1.38901717,2.66891979e-03,20
622,Row-Update,mps,-1.39475564,1.93105565e-03,20
622,Hybrid,mixture,-1.39568664,1.74253466e-03,20
623,Metropolis,metropolis,-1.38901782,2.67262190e-03,20
623,Row-Update,mps,-1.39479506,1.92750983e-03,20
623,Hybrid,mixture,-1.39568421,1.74142367e-03,20
624,Metropolis,metropolis,-1.38900885,2.66936621e-03,20
624,Row-Update,mps,-1.39478982,1.93167354e-03,20
624,Hybrid,mixture,-1.39569515,1.74290496e-03,20
625,Metropolis,metropolis,-1.38899766,2.66698741e-03,20
625,Row-Update,mps,-1.39477880,1.92874137e-03,20
625,Hybrid,mixture,-1.39568371,1.73920942e-03,20
626,Metropolis,metropolis,-1.38903916,2.66471995e-03,20
626,Row-Update,mps,-1.39476595,1.92777453e-03,20
626,Hybrid,mixture,-1.39571031,1.74235839e-03,20
627,Metropolis,metropolis,-1.38905184,2.66779268e-03,20
627,Row-Update,mps,-1.39476923,1.92850257e-03,20
627,Hybrid,mixture,-1.39569265,1.73692629e-03,20
628,Metropolis,metropolis,-1.38900381,2.65290268e-03,20
628,Row-Update,mps,-1.39477699,1.92996269e-03,20
628,Hybrid,mixture,-1.39572391,1.74204715e-03,20
629,Metropolis,metropolis,-1.38903588,2.66977837e-03,20
629,Row-Update,mps,-1.39477127,1.92997436e-03,20
629,Hybrid,mixture,-1.39571024,1.73904096e-03,20
630,Metropolis,metropolis,-1.38905325,2.66903455e-03,20
630,Row-Update,mps,-1.39476739,1.93086659e-03,20
630,Hybrid,mixture,-1.39568837,1.74371248e-03,20
631,Metropolis,metropolis,-1.38903919,2.66139864e-03,20
631,Row-Update,mps,-1.39480174,1.92540578e-03,20
631,Hybrid,mixture,-1.39574104,1.74323853e-03,20
632,Metropolis,metropolis,-1.38901925,2.64881740e-03,20
632,Row-Update,mps,-1.39476488,1.92887559e-03,20
632,Hybrid,mixture,-1.39571805,1.74331900e-03,20
633,Metropolis,metropolis,-1.38901253,2.65646313e-03,20
633,Row-Update,mps,-1.39477537,1.92886550e-03,20
633,Hybrid,mixture,-1.39573737,1.74127831e-03,20
634,Metropolis,metropolis,-1.38907595,2.65959111e-03,20
634,Row-Update,mps,-1.39477086,1.93022206e-03,20
634,Hybrid,mixture,-1.39571927,1.75013338e-03,20
635,Metropolis,metropolis,-1.38904699,2.65601000e-03,20
635,Row-Update,mps,-1.39476588,1.93152653e-03,20
635,Hybrid,mixture,-1.39573700,1.74039262e-03,20
636,Metropolis,metropolis,-1.38903215,2.64926935e-03,20
636,Row-Update,mps,-1.39477748,1.92771875e-03,20
636,Hybrid,mixture,-1.39574266,1.73853844e-03,20
637,Metropolis,metropolis,-1.38903858,2.65636743e-03,20
637,Row-Update,mps,-1.39480926,1.92927902e-03,20
637,Hybrid,mixture,-1.39574137,1.74154227e-03,20
638,Metropolis,metropolis,-1.38903319,2.65279021e-03,20
638,Row-Update,mps,-1.39478251,1.92422823e-03,20
638,Hybrid,mixture,-1.39574832,1.73994466e-03,20
639,Metropolis,metropolis,-1.38903579,2.65125955e-03,20
639,Row-Update,mps,-1.39477966,1.92589152e-03,20
639,Hybrid,mixture,-1.39575712,1.74319641e-03,20
640,Metropolis,metropolis,-1.38898984,2.64106184e-03,20
640,Row-Update,mps,-1.39480107,1.92215738e-03,20
640,Hybrid,mixture,-1.39577314,1.73848333e-03,20
641,Metropolis,metropolis,-1.38899571,2.63550042e-03,20
641,Row-Update,mps,-1.39480589,1.92594708e-03,20
641,Hybrid,mixture,-1.39577549,1.73509782e-03,20
642,Metropolis,metropolis,-1.38904315,2.64512118e-03,20
642,Row-Update,mps,-1.39480457,1.92412741e-03,20
642,Hybrid,mixture,-1.39576281,1.74142465e-03,20
643,Metropolis,metropolis,-1.38903697,2.64655788e-03,20
643,Row-Update,mps,-1.39477695,1.92125504e-03,20
643,Hybrid,mixture,-1.39577931,1.73720052e-03,20
644,Metropolis,metropolis,-1.38902754,2.63694777e-03,20
644,Row-Update,mps,-1.39482329,1.92187198e-03,20
644,Hybrid,mixture,-1.39576531,1.73695866e-03,20
645,Metropolis,metropolis,-1.38901882,2.64038715e-03,20
645,Row-Update,mps,-1.39481468,1.91507217e-03,20
645,Hybrid,mixture,-1.39582860,1.74317672e-03,20
646,Metropolis,metropolis,-1.38901339,2.64056004e-03,20
646,Row-Update,mps,-1.39482735,1.92055391e-03,20
646,Hybrid,mixture,-1.39580936,1.73705368e-03,20
647,Metropolis,metropolis,-1.38903898,2.64263747e-03,20
647,Row-Update,mps,-1.39482979,1.91559586e-03,20
647,Hybrid,mixture,-1.39581533,1.74061297e-03,20
648,Metropolis,metropolis,-1.38903850,2.63671602e-03,20
648,Row-Update,mps,-1.39482584,1.91367160e-03,20
648,Hybrid,mixture,-1.39583230,1.74250763e-03,20
649,Metropolis,metropolis,-1.38906138,2.63719244e-03,20
649,Row-Update,mps,-1.39482510,1.91564891e-03,20
649,Hybrid,mixture,-1.39582300,1.73857398e-03,20
650,Metropolis,metropolis,-1.38903435,2.64096441e-03,20
650,Row-Update,mps,-1.39482834,1.90866744e-03,20
650,Hybrid,mixture,-1.39580341,1.73226047e-03,20
651,Metropolis,metropolis,-1.38907764,2.64682300e-03,20
651,Row-Update,mps,-1.39483479,1.90773883e-03,20
651,Hybrid,mixture,-1.39583362,1.73283070e-03,20
652,Metropolis,metropolis,-1.38907460,2.64426261e-03,20
652,Row-Update,mps,-1.39484824,1.90732883e-03,20
652,Hybrid,mixture,-1.39582209,1.73684878e-03,20
653,Metropolis,metropolis,-1.38909615,2.64991391e-03,20
653,Row-Update,mps,-1.39485988,1.90293019e-03,20
653,Hybrid,mixture,-1.39584255,1.74013123e-03,20
654,Metropolis,metropolis,-1.38905714,2.64297298e-03,20
654,Row-Update,mps,-1.39487995,1.90385173e-03,20
654,Hybrid,mixture,-1.39580646,1.73961362e-03,20
655,Metropolis,metropolis,-1.38897578,2.61668000e-03,20
655,Row-Update,mps,-1.39486411,1.90214178e-03,20
655,Hybrid,mixture,-1.39582216,1.73780898e-03,20
656,Metropolis,metropolis,-1.38902304,2.64009475e-03,20
656,Row-Update,mps,-1.39491839,1.89896270e-03,20
656,Hybrid,mixture,-1.39585514,1.74182406e-03,20
657,Metropolis,metropolis,-1.38903571,2.62547672e-03,20
657,Row-Update,mps,-1.39490550,1.89702272e-03,20
657,Hybrid,mixture,-1.39584259,1.74064713e-03,20
658,Metropolis,metropolis,-1.38906496,2.64113029e-03,20
658,Row-Update,mps,-1.39491173,1.89304711e-03,20
658,Hybrid,mixture,-1.39584005,1.74443549e-03,20
659,Metropolis,metropolis,-1.38906771,2.63850974e-03,20
659,Row-Update,mps,-1.39491390,1.89498417e-03,20
659,Hybrid,mixture,-1.39582784,1.73967736e-03,20
660,Metropolis,metropolis,-1.38900672,2.62419612e-03,20
660,Row-Update,mps,-1.39493026,1.88807502e-03,20
660,Hybrid,mixture,-1.39583922,1.73580052e-03,20
661,Metropolis,metropolis,-1.38906427,2.63268307e-03,20
661,Row-Update,mps,-1.39492711,1.89135009e-03,20
661,Hybrid,mixture,-1.39586356,1.73517912e-03,20
662,Metropolis,metropolis,-1.38901679,2.62126772e-03,20
662,Row-Update,mps,-1.39494151,1.88827368e-03,20
662,Hybrid,mixture,-1.39580384,1.74194011e-03,20
663,Metropolis,metropolis,-1.38906596,2.63567891e-03,20
663,Row-Update,mps,-1.39493922,1.88612436e-03,20
663,Hybrid,mixture,-1.39586735,1.74192237e-03,20
664,Metropolis,metropolis,-1.38906180,2.63026115e-03,20
664,Row-Update,mps,-1.39496705,1.88393926e-03,20
664,Hybrid,mixture,-1.39583866,1.73768076e-03,20
665,Metropolis,metropolis,-1.38908668,2.63699134e-03,20
665,Row-Update,mps,-1.39498085,1.87979578e-03,20
665,Hybrid,mixture,-1.39585046,1.74289567e-03,20
666,Metropolis,metropolis,-1.38907936,2.63584479e-03,20
666,Row-Update,mps,-1.39498026,1.88239902e-03,20
666,Hybrid,mixture,-1.39585757,1.74126097e-03,20
667,Metropolis,metropolis,-1.38901350,2.62669983e-03,20
667,Row-Update,mps,-1.39498494,1.88008114e-03,20
667,Hybrid,mixture,-1.39585796,1.73991796e-03,20
668,Metropolis,metropolis,-1.38912609,2.64495714e-03,20
668,Row-Update,mps,-1.39500044,1.87754622e-03,20
668,Hybrid,mixture,-1.39585570,1.74134878e-03,20
669,Metropolis,metropolis,-1.38903757,2.62867242e-03,20
669,Row-Update,mps,-1.39500866,1.87432045e-03,20
669,Hybrid,mixture,-1.39588123,1.74341616e-03,20
670,Metropolis,metropolis,-1.38913727,2.64792232e-03,20
670,Row-Update,mps,-1.39501474,1.87625220e-03,20
670,Hybrid,mixture,-1.39587436,1.73951642e-03,20
671,Metropolis,metropolis,-1.38907445,2.64045224e-03,20
671,Row-Update,mps,-1.39502358,1.87301944e-03,20
671,Hybrid,mixture,-1.39587062,1.73989870e-03,20
672,Metropolis,metropolis,-1.38908175,2.63208645e-03,20
672,Row-Update,mps,-1.39503018,1.87135532e-03,20
672,Hybrid,mixture,-1.39588313,1.74192838e-03,20
673,Metropolis,metropolis,-1.38910743,2.64092310e-03,20
673,Row-Update,mps,-1.39500656,1.87528627e-03,20
673,Hybrid,mixture,-1.39584539,1.73735904e-03,20
674,Metropolis,metropolis,-1.38906532,2.63265454e-03,20
674,Row-Update,mps,-1.39504660,1.87222270e-03,20
674,Hybrid,mixture,-1.39588883,1.73682356e-03,20
675,Metropolis,metropolis,-1.38910346,2.63803994e-03,20
675,Row-Update,mps,-1.39506281,1.86690148e-03,20
675,Hybrid,mixture,-1.39590714,1.73933138e-03,20
676,Metropolis,metropolis,-1.38910844,2.64498140e-03,20
676,Row-Update,mps,-1.39507316,1.86691919e-03,20
676,Hybrid,mixture,-1.39587113,1.74246077e-03,20
677,Metropolis,metropolis,-1.38910577,2.64413310e-03,20
677,Row-Update,mps,-1.39507313,1.86527326e-03,20
677,Hybrid,mixture,-1.39587502,1.74171405e-03,20
678,Metropolis,metropolis,-1.38907186,2.63299695e-03,20
678,Row-Update,mps,-1.39508471,1.86672595e-03,20
678,Hybrid,mixture,-1.39588378,1.73693857e-03,20
679,Metropolis,metropolis,-1.38904865,2.62516058e-03,20
679,Row-Update,mps,-1.39508670,1.85766021e-03,20
679,Hybrid,mixture,-1.39587580,1.73959628e-03,20
680,Metropolis,metropolis,-1.38910372,2.63029837e-03,20
680,Row-Update,mps,-1.39509828,1.86038666e-03,20
680,Hybrid,mixture,-1.39585690,1.73729724e-03,20
681,Metropolis,metropolis,-1.38906825,2.62686468e-03,20
681,Row-Update,mps,-1.39509170,1.86334091e-03,20
681,Hybrid,mixture,-1.39587433,1.74093943e-03,20
682,Metropolis,metropolis,-1.38906703,2.62798904e-03,20
682,Row-Update,mps,-1.39511233,1.85750906e-03,20
682,Hybrid,mixture,-1.39587249,1.74078085e-03,20
683,Metropolis,metropolis,-1.38908661,2.62382031e-03,20
683,Row-Update,mps,-1.39511147,1.85937941e-03,20
683,Hybrid,mixture,-1.39588700,1.74185471e-03,20
684,Metropolis,metropolis,-1.38906633,2.62200544e-03,20
684,Row-Update,mps,-1.39514661,1.85746898e-03,20
684,Hybrid,mixture,-1.39588887,1.74331756e-03,20
685,Metropolis,metropolis,-1.38909347,2.62516587e-03,20
685,Row-Update,mps,-1.39516059,1.85542493e-03,20
685,Hybrid,mixture,-1.39588958,1.73838184e-03,20
686,Metropolis,metropolis,-1.38912369,2.62825569e-03,20
686,Row-Update,mps,-1.39517723,1.85647406e-03,20
686,Hybrid,mixture,-1.39589781,1.74306222e-03,20
687,Metropolis,metropolis,-1.38903489,2.60821587e-03,20
687,Row-Update,mps,-1.39516517,1.85425058e-03,20
687,Hybrid,mixture,-1.39589017,1.74204402e-03,20
688,Metropolis,metropolis,-1.38908911,2.61579493e-03,20
688,Row-Update,mps,-1.39518441,1.84956752e-03,20
688,Hybrid,mixture,-1.39588128,1.74611867e-03,20
689,Metropolis,metropolis,-1.38910705,2.62234834e-03,20
689,Row-Update,mps,-1.39517773,1.85531916e-03,20
689,Hybrid,mixture,-1.39587898,1.74095919e-03,20
690,Metropolis,metropolis,-1.38914144,2.61780586e-03,20
690,Row-Update,mps,-1.39519372,1.85363594e-03,20
690,Hybrid,mixture,-1.39587171,1.74367336e-03,20
691,Metropolis,metropolis,-1.38908071,2.60540845e-03,20
691,Row-Update,mps,-1.39521247,1.85117655e-03,20
691,Hybrid,mixture,-1.39588819,1.74169774e-03,20
692,Metropolis,metropolis,-1.38911150,2.60481506e-03,20
692,Row-Update,mps,-1.39518574,1.84663238e-03,20
692,Hybrid,mixture,-1.39590638,1.74668547e-03,20
693,Metropolis,metropolis,-1.38913708,2.60656337e-03,20
693,Row-Update,mps,-1.39521229,1.85222425e-03,20
693,Hybrid,mixture,-1.39588955,1.73698091e-03,20
694,Metropolis,metropolis,-1.38919178,2.60118475e-03,20
694,Row-Update,mps,-1.39522657,1.85166923e-03,20
694,Hybrid,mixture,-1.39588065,1.74360302e-03,20
695,Metropolis,metropolis,-1.38916237,2.58604320e-03,20
695,Row-Update,mps,-1.39523683,1.84631980e-03,20
695,Hybrid,mixture,-1.39588202,1.74027263e-03,20
696,Metropolis,metropolis,-1.38922263,2.58596831e-03,20
696,Row-Update,mps,-1.39524986,1.84863218e-03,20
696,Hybrid,mixture,-1.39588934,1.74716061e-03,20
697,Metropolis,metropolis,-1.38929614,2.59399815e-03,20
697,Row-Update,mps,-1.39525585,1.85085498e-03,20
697,Hybrid,mixture,-1.39589414,1.75103993e-03,20
698,Metropolis,metropolis,-1.38927245,2.58717132e-03,20
698,Row-Update,mps,-1.39527913,1.84653630e-03,20
698,Hybrid,mixture,-1.39588163,1.74570112e-03,20
699,Metropolis,metropolis,-1.38929722,2.57715603e-03,20
699,Row-Update,mps,-1.39524792,1.84033187e-03,20
699,Hybrid,mixture,-1.39588465,1.73975839e-03,20
700,Metropolis,metropolis,-1.38925403,2.56158582e-03,20
700,Row-Update,mps,-1.39526087,1.84721175e-03,20
700,Hybrid,mixture,-1.39588128,1.74703185e-03,20
701,Metropolis,metropolis,-1.38928237,2.55545882e-03,20
701,Row-Update,mps,-1.39526755,1.84723603e-03,20
701,Hybrid,mixture,-1.39587123,1.74932538e-03,20
702,Metropolis,metropolis,-1.38933595,2.56060292e-03,20
702,Row-Update,mps,-1.39524560,1.84589979e-03,20
702,Hybrid,mixture,-1.39587734,1.74810711e-03,20
703,Metropolis,metropolis,-1.38933133,2.55661036e-03,20
703,Row-Update,mps,-1.39526260,1.84739454e-03,20
703,Hybrid,mixture,-1.39590188,1.75230084e-03,20
704,Metropolis,metropolis,-1.38935530,2.54311655e-03,20
704,Row-Update,mps,-1.39527723,1.84947627e-03,20
704,Hybrid,mixture,-1.39590951,1.75672313e-03,20
705,Metropolis,metropolis,-1.38931592,2.53706657e-03,20
705,Row-Update,mps,-1.39528034,1.84515908e-03,20
705,Hybrid,mixture,-1.39589004,1.75107323e-03,20
706,Metropolis,metropolis,-1.38920476,2.49826196e-03,20
706,Row-Update,mps,-1.39526207,1.84512200e-03,20
706,Hybrid,mixture,-1.39589485,1.74770761e-03,20
707,Metropolis,metropolis,-1.38934648,2.52299874e-03,20
707,Row-Update,mps,-1.39526488,1.84336760e-03,20
707,Hybrid,mixture,-1.39591821,1.74194595e-03,20
708,Metropolis,metropolis,-1.38932734,2.51119264e-03,20
708,Row-Update,mps,-1.39525889,1.85205938e-03,20
708,Hybrid,mixture,-1.39588210,1.74179333e-03,20
709,Metropolis,metropolis,-1.38926413,2.49559482e-03,20
709,Row-Update,mps,-1.39525329,1.84249687e-03,20
709,Hybrid,mixture,-1.39589417,1.75043692e-03,20
710,Metropolis,metropolis,-1.38929274,2.48902449e-03,20
710,Row-Update,mps,-1.39526169,1.84576394e-03,20
710,Hybrid,mixture,-1.39591239,1.74707944e-03,20
711,Metropolis,metropolis,-1.38931540,2.49213093e-03,20
711,Row-Update,mps,-1.39526496,1.84352801e-03,20
711,Hybrid,mixture,-1.39589978,1.74673489e-03,20
712,Metropolis,metropolis,-1.38937385,2.49391159e-03,20
712,Row-Update,mps,-1.39527224,1.84816779e-03,20
712,Hybrid,mixture,-1.39589363,1.75442153e-03,20
713,Metropolis,metropolis,-1.38937837,2.48753428e-03,20
713,Row-Update,mps,-1.39524919,1.85109256e-03,20
713,Hybrid,mixture,-1.39589808,1.74298793e-03,20
714,Metropolis,metropolis,-1.38927456,2.47287107e-03,20
714,Row-Update,mps,-1.39525918,1.84537665e-03,20
714,Hybrid,mixture,-1.39584655,1.73968641e-03,20
715,Metropolis,metropolis,-1.38932156,2.47245188e-03,20
715,Row-Update,mps,-1.39525307,1.84032976e-03,20
715,Hybrid,mixture,-1.39589714,1.74904152e-03,20
716,Metropolis,metropolis,-1.38934307,2.46639903e-03,20
716,Row-Update,mps,-1.39527066,1.84731662e-03,20
716,Hybrid,mixture,-1.39590791,1.74650834e-03,20
717,Metropolis,metropolis,-1.38935183,2.45870612e-03,20
717,Row-Update,mps,-1.39527241,1.84733696e-03,20
717,Hybrid,mixture,-1.39591094,1.75303247e-03,20
718,Metropolis,metropolis,-1.38939016,2.45944074e-03,20
718,Row-Update,mps,-1.39527436,1.84816455e-03,20
718,Hybrid,mixture,-1.39591792,1.74741256e-03,20
719,Metropolis,metropolis,-1.38935412,2.45169443e-03,20
719,Row-Update,mps,-1.39527711,1.84606182e-03,20
719,Hybrid,mixture,-1.39592324,1.74748825e-03,20
720,Metropolis,metropolis,-1.38934780,2.44834869e-03,20
720,Row-Update,mps,-1.39527493,1.84729294e-03,20
720,Hybrid,mixture,-1.39591047,1.74894079e-03,20
721,Metropolis,metropolis,-1.38942133,2.44952763e-03,20
721,Row-Update,mps,-1.39528943,1.84731020e-03,20
721,Hybrid,mixture,-1.39592323,1.74205997e-03,20
722,Metropolis,metropolis,-1.38947637,2.45621924e-03,20
722,Row-Update,mps,-1.39527203,1.84795474e-03,20
722,Hybrid,mixture,-1.39592548,1.74901869e-03,20
723,Metropolis,metropolis,-1.38947020,2.45949461e-03,20
723,Row-Update,mps,-1.39527540,1.84568020e-03,20
723,Hybrid,mixture,-1.39593336,1.74737570e-03,20
724,Metropolis,metropolis,-1.38946180,2.44546504e-03,20
724,Row-Update,mps,-1.39527261,1.84553723e-03,20
724,Hybrid,mixture,-1.39595679,1.74392957e-03,20
725,Metropolis,metropolis,-1.38949559,2.44596565e-03,20
725,Row-Update,mps,-1.39525505,1.84959160e-03,20
725,Hybrid,mixture,-1.39594870,1.75224432e-03,20
726,Metropolis,metropolis,-1.38952289,2.44290750e-03,20
726,Row-Update,mps,-1.39525109,1.85219773e-03,20
726,Hybrid,mixture,-1.39596425,1.75736842e-03,20
727,Metropolis,metropolis,-1.38955762,2.45210335e-03,20
727,Row-Update,mps,-1.39527799,1.84684651e-03,20
727,Hybrid,mixture,-1.39593794,1.74481943e-03,20
728,Metropolis,metropolis,-1.38953123,2.43551979e-03,20
728,Row-Update,mps,-1.39527904,1.84582291e-03,20
728,Hybrid,mixture,-1.39595265,1.74938088e-03,20
729,Metropolis,metropolis,-1.38957442,2.45311287e-03,20
729,Row-Update,mps,-1.39526474,1.84392407e-03,20
729,Hybrid,mixture,-1.39596326,1.74867314e-03,20
730,Metropolis,metropolis,-1.38966976,2.45862921e-03,20
730,Row-Update,mps,-1.39524831,1.84972035e-03,20
730,Hybrid,mixture,-1.39598273,1.74610439e-03,20
731,Metropolis,metropolis,-1.38968721,2.45863531e-03,20
731,Row-Update,mps,-1.39526837,1.85204586e-03,20
731,Hybrid,mixture,-1.39598327,1.74126722e-03,20
732,Metropolis,metropolis,-1.38967240,2.45485857e-03,20
732,Row-Update,mps,-1.39526011,1.84763725e-03,20
732,Hybrid,mixture,-1.39599303,1.74786264e-03,20
733,Metropolis,metropolis,-1.38969594,2.44982542e-03,20
733,Row-Update,mps,-1.39527094,1.84747335e-03,20
733,Hybrid,mixture,-1.39599969,1.74522063e-03,20
734,Metropolis,metropolis,-1.38967362,2.43876038e-03,20
734,Row-Update,mps,-1.39527078,1.84947384e-03,20
734,Hybrid,mixture,-1.39601508,1.74605963e-03,20
735,Metropolis,metropolis,-1.38963595,2.43230923e-03,20
735,Row-Update,mps,-1.39528284,1.84723509e-03,20
735,Hybrid,mixture,-1.39600807,1.74830139e-03,20
736,Metropolis,metropolis,-1.38966234,2.43357689e-03,20
736,Row-Update,mps,-1.39525447,1.84561700e-03,20
736,Hybrid,mixture,-1.39602806,1.74237273e-03,20
737,Metropolis,metropolis,-1.38962767,2.43207210e-03,20
737,Row-Update,mps,-1.39527146,1.84161390e-03,20
737,Hybrid,mixture,-1.39605076,1.74451313e-03,20
738,Metropolis,metropolis,-1.38974814,2.45755777e-03,20
738,Row-Update,mps,-1.39527936,1.84914257e-03,20
738,Hybrid,mixture,-1.39603529,1.74183478e-03,20
739,Metropolis,metropolis,-1.38973663,2.45123252e-03,20
739,Row-Update,mps,-1.39528388,1.84575977e-03,20
739,Hybrid,mixture,-1.39605594,1.73867288e-03,20
740,Metropolis,metropolis,-1.38971421,2.44340226e-03,20
740,Row-Update,mps,-1.39528049,1.84840610e-03,20
740,Hybrid,mixture,-1.39606180,1.74062630e-03,20
741,Metropolis,metropolis,-1.38974877,2.45023814e-03,20
741,Row-Update,mps,-1.39526510,1.84482278e-03,20
741,Hybrid,mixture,-1.39606121,1.74597886e-03,20
742,Metropolis,metropolis,-1.38976363,2.45546311e-03,20
742,Row-Update,mps,-1.39525493,1.84701635e-03,20
742,Hybrid,mixture,-1.39606924,1.74380851e-03,20
743,Metropolis,metropolis,-1.38980159,2.46715214e-03,20
743,Row-Update,mps,-1.39527967,1.84735596e-03,20
743,Hybrid,mixture,-1.39609003,1.74363540e-03,20
744,Metropolis,metropolis,-1.38984532,2.47999351e-03,20
744,Row-Update,mps,-1.39527018,1.84741143e-03,20
744,Hybrid,mixture,-1.39610325,1.74761323e-03,20
745,Metropolis,metropolis,-1.38982294,2.47700747e-03,20
745,Row-Update,mps,-1.39526780,1.84210841e-03,20
745,Hybrid,mixture,-1.39610469,1.74136869e-03,20
746,Metropolis,metropolis,-1.38985184,2.48298422e-03,20
746,Row-Update,mps,-1.39526999,1.84821962e-03,20
746,Hybrid,mixture,-1.39612767,1.74307678e-03,20
747,Metropolis,metropolis,-1.38984505,2.47566049e-03,20
747,Row-Update,mps,-1.39526230,1.84832051e-03,20
747,Hybrid,mixture,-1.39611196,1.74534236e-03,20
748,Metropolis,metropolis,-1.38984397,2.47661126e-03,20
748,Row-Update,mps,-1.39526992,1.84362095e-03,20
748,Hybrid,mixture,-1.39613965,1.73890586e-03,20
749,Metropolis,metropolis,-1.38988907,2.48659697e-03,20
749,Row-Update,mps,-1.39526574,1.85025746e-03,20
749,Hybrid,mixture,-1.39615000,1.74329759e-03,20
750,Metropolis,metropolis,-1.38989336,2.48788090e-03,20
750,Row-Update,mps,-1.39528160,1.84798634e-03,20
750,Hybrid,mixture,-1.39618116,1.74130865e-03,20
751,Metropolis,metropolis,-1.38988655,2.49101413e-03,20
751,Row-Update,mps,-1.39528159,1.84752190e-03,20
751,Hybrid,mixture,-1.39619125,1.73781071e-03,20
752,Metropolis,metropolis,-1.38991711,2.50173829e-03,20
752,Row-Update,mps,-1.39526393,1.84734563e-03,20
752,Hybrid,mixture,-1.39619411,1.74201347e-03,20
753,Metropolis,metropolis,-1.38990524,2.49588434e-03,20
753,Row-Update,mps,-1.39527854,1.84763477e-03,20
753,Hybrid,mixture,-1.39622024,1.73817820e-03,20
754,Metropolis,metropolis,-1.38990126,2.49406806e-03,20
754,Row-Update,mps,-1.39528312,1.85081463e-03,20
754,Hybrid,mixture,-1.39622938,1.73696345e-03,20
755,Metropolis,metropolis,-1.38990166,2.49517931e-03,20
755,Row-Update,mps,-1.39530043,1.84594676e-03,20
755,Hybrid,mixture,-1.39623232,1.73380213e-03,20
756,Metropolis,metropolis,-1.38992008,2.49766193e-03,20
756,Row-Update,mps,-1.39526958,1.84291909e-03,20
756,Hybrid,mixture,-1.39624385,1.73420268e-03,20
757,Metropolis,metropolis,-1.38990461,2.49284320e-03,20
757,Row-Update,mps,-1.39530054,1.85172319e-03,20
757,Hybrid,mixture,-1.39624869,1.72855970e-03,20
758,Metropolis,metropolis,-1.38989172,2.49473114e-03,20
758,Row-Update,mps,-1.39528054,1.84644507e-03,20
758,Hybrid,mixture,-1.39625388,1.73029181e-03,20
759,Metropolis,metropolis,-1.38990050,2.49144105e-03,20
759,Row-Update,mps,-1.39527732,1.84649981e-03,20
759,Hybrid,mixture,-1.39626095,1.72730295e-03,20
760,Metropolis,metropolis,-1.38991454,2.49388719e-03,20
760,Row-Update,mps,-1.39527735,1.84974632e-03,20
760,Hybrid,mixture,-1.39626942,1.72627253e-03,20
761,Metropolis,metropolis,-1.38993645,2.50367646e-03,20
761,Row-Update,mps,-1.39528985,1.84356023e-03,20
761,Hybrid,mixture,-1.39627948,1.72053038e-03,20
762,Metropolis,metropolis,-1.38992301,2.50362253e-03,20
762,Row-Update,mps,-1.39528324,1.85228469e-03,20
762,Hybrid,mixture,-1.39627679,1.71740083e-03,20
763,Metropolis,metropolis,-1.38994639,2.50365406e-03,20
763,Row-Update,mps,-1.39526914,1.84550153e-03,20
763,Hybrid,mixture,-1.39629446,1.71599970e-03,20
764,Metropolis,metropolis,-1.38995206,2.49488095e-03,20
764,Row-Update,mps,-1.39529607,1.84434152e-03,20
764,Hybrid,mixture,-1.39629227,1.71213009e-03,20
765,Metropolis,metropolis,-1.38994735,2.50769770e-03,20
765,Row-Update,mps,-1.39528238,1.84728506e-03,20
765,Hybrid,mixture,-1.39631334,1.71606216e-03,20
766,Metropolis,metropolis,-1.38995425,2.51122127e-03,20
766,Row-Update,mps,-1.39529271,1.84618093e-03,20
766,Hybrid,mixture,-1.39627602,1.71026010e-03,20
767,Metropolis,metropolis,-1.38993964,2.50034232e-03,20
767,Row-Update,mps,-1.39528803,1.84738208e-03,20
767,Hybrid,mixture,-1.39629302,1.71532415e-03,20
768,Metropolis,metropolis,-1.38994860,2.50547470e-03,20
768,Row-Update,mps,-1.39526642,1.84438758e-03,20
768,Hybrid,mixture,-1.39631593,1.70585776e-03,20
769,Metropolis,metropolis,-1.38996527,2.51106079e-03,20
769,Row-Update,mps,-1.39527667,1.84539334e-03,20
769,Hybrid,mixture,-1.39630534,1.70777557e-03,20
770,Metropolis,metropolis,-1.38996288,2.51089927e-03,20
770,Row-Update,mps,-1.39528273,1.84625831e-03,20
770,Hybrid,mixture,-1.39633465,1.70530721e-03,20
771,Metropolis,metropolis,-1.38996891,2.50843417e-03,20
771,Row-Update,mps,-1.39528403,1.84620228e-03,20
771,Hybrid,mixture,-1.39632904,1.70403269e-03,20
772,Metropolis,metropolis,-1.38994672,2.50228659e-03,20
772,Row-Update,mps,-1.39528372,1.84680377e-03,20
772,Hybrid,mixture,-1.39634136,1.70143013e-03,20
773,Metropolis,metropolis,-1.38996747,2.50457005e-03,20
773,Row-Update,mps,-1.39528496,1.84427233e-03,20
773,Hybrid,mixture,-1.39633467,1.69962905e-03,20
774,Metropolis,metropolis,-1.38996649,2.51212019e-03,20
774,Row-Update,mps,-1.39528574,1.84918006e-03,20
774,Hybrid,mixture,-1.39633729,1.69914110e-03,20
775,Metropolis,metropolis,-1.38996026,2.51010252e-03,20
775,Row-Update,mps,-1.39526352,1.84603072e-03,20
775,Hybrid,mixture,-1.39633940,1.69735702e-03,20
776,Metropolis,metropolis,-1.38996250,2.51075105e-03,20
776,Row-Update,mps,-1.39528405,1.84451537e-03,20
776,Hybrid,mixture,-1.39635053,1.70229207e-03,20
777,Metropolis,metropolis,-1.38996090,2.50847533e-03,20
777,Row-Update,mps,-1.39526143,1.84630978e-03,20
777,Hybrid,mixture,-1.39634473,1.69999149e-03,20
778,Metropolis,metropolis,-1.38994315,2.50547411e-03,20
778,Row-Update,mps,-1.39527090,1.84540787e-03,20
778,Hybrid,mixture,-1.39634186,1.69751086e-03,20
779,Metropolis,metropolis,-1.38995796,2.50961947e-03,20
779,Row-Update,mps,-1.39526177,1.84554672e-03,20
779,Hybrid,mixture,-1.39633742,1.69087252e-03,20
780,Metropolis,metropolis,-1.38993463,2.50136813e-03,20
780,Row-Update,mps,-1.39525240,1.84743718e-03,20
780,Hybrid,mixture,-1.39634243,1.69772169e-03,20
781,Metropolis,metropolis,-1.38995981,2.51769426e-03,20
781,Row-Update,mps,-1.39526756,1.84812885e-03,20
781,Hybrid,mixture,-1.39633445,1.69960349e-03,20
782,Metropolis,metropolis,-1.38996615,2.51185651e-03,20
782,Row-Update,mps,-1.39525800,1.84945396e-03,20
782,Hybrid,mixture,-1.39635197,1.69863694e-03,20
783,Metropolis,metropolis,-1.38997519,2.51408414e-03,20
783,Row-Update,mps,-1.39528079,1.84637303e-03,20
783,Hybrid,mixture,-1.39633484,1.69742963e-03,20
784,Metropolis,metropolis,-1.38997671,2.51369980e-03,20
784,Row-Update,mps,-1.39529320,1.84923081e-03,20
784,Hybrid,mixture,-1.39635105,1.69683800e-03,20
785,Metropolis,metropolis,-1.38998987,2.51676195e-03,20
785,Row-Update,mps,-1.39530338,1.84241638e-03,20
785,Hybrid,mixture,-1.39635206,1.69909560e-03,20
786,Metropolis,metropolis,-1.38995525,2.51154095e-03,20
786,Row-Update,mps,-1.39528868,1.84501736e-03,20
786,Hybrid,mixture,-1.39635894,1.69584415e-03,20
787,Metropolis,metropolis,-1.38995932,2.51138256e-03,20
787,Row-Update,mps,-1.39527854,1.84561836e-03,20
787,Hybrid,mixture,-1.39633773,1.69495518e-03,20
788,Metropolis,metropolis,-1.38998066,2.51235865e-03,20
788,Row-Update,mps,-1.39529161,1.84676510e-03,20
788,Hybrid,mixture,-1.39635838,1.70031577e-03,20
789,Metropolis,metropolis,-1.38994558,2.50975814e-03,20
789,Row-Update,mps,-1.39528132,1.84728422e-03,20
789,Hybrid,mixture,-1.39635274,1.69548212e-03,20
790,Metropolis,metropolis,-1.38995837,2.50668478e-03,20
790,Row-Update,mps,-1.39528579,1.84371563e-03,20
790,Hybrid,mixture,-1.39635293,1.69797744e-03,20
791,Metropolis,metropolis,-1.38994786,2.50699784e-03,20
791,Row-Update,mps,-1.39528073,1.84738717e-03,20
791,Hybrid,mixture,-1.39635216,1.69281700e-03,20
792,Metropolis,metropolis,-1.38997851,2.51108596e-03,20
792,Row-Update,mps,-1.39528792,1.84577903e-03,20
792,Hybrid,mixture,-1.39636532,1.69388219e-03,20
793,Metropolis,metropolis,-1.38996582,2.51649204e-03,20
793,Row-Update,mps,-1.39526887,1.84592137e-03,20
793,Hybrid,mixture,-1.39637739,1.69458751e-03,20
794,Metropolis,metropolis,-1.38998700,2.51982477e-03,20
794,Row-Update,mps,-1.39529343,1.84662335e-03,20
794,Hybrid,mixture,-1.39634891,1.69361748e-03,20
795,Metropolis,metropolis,-1.38998693,2.51778794e-03,20
795,Row-Update,mps,-1.39528260,1.84693631e-03,20
795,Hybrid,mixture,-1.39633224,1.68618657e-03,20
796,Metropolis,metropolis,-1.38998763,2.52105380e-03,20
796,Row-Update,mps,-1.39528091,1.84807529e-03,20
796,Hybrid,mixture,-1.39635972,1.68763354e-03,20
797,Metropolis,metropolis,-1.38998496,2.51968369e-03,20
797,Row-Update,mps,-1.39528378,1.84759494e-03,20
797,Hybrid,mixture,-1.39634627,1.69714648e-03,20
798,Metropolis,metropolis,-1.38999799,2.51930461e-03,20
798,Row-Update,mps,-1.39529746,1.84326252e-03,20
798,Hybrid,mixture,-1.39634046,1.70066809e-03,20
799,Metropolis,metropolis,-1.38996831,2.51984411e-03,20
799,Row-Update,mps,-1.39529818,1.84613031e-03,20
799,Hybrid,mixture,-1.39636112,1.69872269e-03,20
800,Metropolis,metropolis,-1.38999403,2.51986872e-03,20
800,Row-Update,mps,-1.39528657,1.85013606e-03,20
800,Hybrid,mixture,-1.39635728,1.69482268e-03,20
801,Metropolis,metropolis,-1.38994723,2.50540124e-03,20
801,Row-Update,mps,-1.39528892,1.84550535e-03,20
801,Hybrid,mixture,-1.39634917,1.69482177e-03,20
802,Metropolis,metropolis,-1.38999600,2.52363593e-03,20
802,Row-Update,mps,-1.39528854,1.84584989e-03,20
802,Hybrid,mixture,-1.39636950,1.69712115e-03,20
803,Metropolis,metropolis,-1.38999727,2.52359070e-03,20
803,Row-Update,mps,-1.39527592,1.84502715e-03,20
803,Hybrid,mixture,-1.39635657,1.69159413e-03,20
804,Metropolis,metropolis,-1.39000070,2.52277632e-03,20
804,Row-Update,mps,-1.39528591,1.84218553e-03,20
804,Hybrid,mixture,-1.39636730,1.69345754e-03,20
805,Metropolis,metropolis,-1.38999482,2.52082872e-03,20
805,Row-Update,mps,-1.39528560,1.84446137e-03,20
805,Hybrid,mixture,-1.39634291,1.69820065e-03,20
806,Metropolis,metropolis,-1.39000135,2.52290938e-03,20
806,Row-Update,mps,-1.39527999,1.84566065e-03,20
806,Hybrid,mixture,-1.39635621,1.69859585e-03,20
807,Metropolis,metropolis,-1.39001955,2.52674264e-03,20
807,Row-Update,mps,-1.39530433,1.84439285e-03,20
807,Hybrid,mixture,-1.39637618,1.69318614e-03,20
808,Metropolis,metropolis,-1.39001181,2.52829724e-03,20
808,Row-Update,mps,-1.39527854,1.84608532e-03,20
808,Hybrid,mixture,-1.39637189,1.69406967e-03,20
809,Metropolis,metropolis,-1.39001776,2.53115023e-03,20
809,Row-Update,mps,-1.39529404,1.84885104e-03,20
809,Hybrid,mixture,-1.39635703,1.69500607e-03,20
810,Metropolis,metropolis,-1.39001571,2.52445214e-03,20
810,Row-Update,mps,-1.39529392,1.84380649e-03,20
810,Hybrid,mixture,-1.39635331,1.69031160e-03,20
811,Metropolis,metropolis,-1.39001326,2.52385896e-03,20
811,Row-Update,mps,-1.39527103,1.84427422e-03,20
811,Hybrid,mixture,-1.39638424,1.69293897e-03,20
812,Metropolis,metropolis,-1.39003230,2.52829068e-03,20
812,Row-Update,mps,-1.39527934,1.84815701e-03,20
812,Hybrid,mixture,-1.39636152,1.69850709e-03,20
813,Metropolis,metropolis,-1.39002156,2.52705566e-03,20
813,Row-Update,mps,-1.39528365,1.84565272e-03,20
813,Hybrid,mixture,-1.39637467,1.69103230e-03,20
814,Metropolis,metropolis,-1.39000437,2.52603855e-03,20
814,Row-Update,mps,-1.39527962,1.84592383e-03,20
814,Hybrid,mixture,-1.39636503,1.69613460e-03,20
815,Metropolis,metropolis,-1.39002196,2.53167106e-03,20
815,Row-Update,mps,-1.39528242,1.84627855e-03,20
815,Hybrid,mixture,-1.39635959,1.69529491e-03,20
816,Metropolis,metropolis,-1.39001484,2.52747089e-03,20
816,Row-Update,mps,-1.39528504,1.84940054e-03,20
816,Hybrid,mixture,-1.39636288,1.69762982e-03,20
817,Metropolis,metropolis,-1.39001209,2.52618031e-03,20
817,Row-Update,mps,-1.39529963,1.84795635e-03,20
817,Hybrid,mixture,-1.39635662,1.69880800e-03,20
818,Metropolis,metropolis,-1.39003042,2.52478128e-03,20
818,Row-Update,mps,-1.39529008,1.84780377e-03,20
818,Hybrid,mixture,-1.39637091,1.70131049e-03,20
819,Metropolis,metropolis,-1.39002932,2.53195868e-03,20
819,Row-Update,mps,-1.39527287,1.84281444e-03,20
819,Hybrid,mixture,-1.39636281,1.69659359e-03,20
820,Metropolis,metropolis,-1.39001302,2.52792293e-03,20
820,Row-Update,mps,-1.39528550,1.84688430e-03,20
820,Hybrid,mixture,-1.39635358,1.69584473e-03,20
821,Metropolis,metropolis,-1.39001424,2.52733963e-03,20
821,Row-Update,mps,-1.39528277,1.84904952e-03,20
821,Hybrid,mixture,-1.39635096,1.69184173e-03,20
822,Metropolis,metropolis,-1.39002866,2.52828290e-03,20
822,Row-Update,mps,-1.39529291,1.84527726e-03,20
822,Hybrid,mixture,-1.39636285,1.69750887e-03,20
823,Metropolis,metropolis,-1.39003405,2.53061563e-03,20
823,Row-Update,mps,-1.39528844,1.84392441e-03,20
823,Hybrid,mixture,-1.39636427,1.69377985e-03,20
824,Metropolis,metropolis,-1.39003053,2.53066190e-03,20
824,Row-Update,mps,-1.39529015,1.84727817e-03,20
824,Hybrid,mixture,-1.39637352,1.69777296e-03,20
825,Metropolis,metropolis,-1.39001117,2.53128932e-03,20
825,Row-Update,mps,-1.39530802,1.84637764e-03,20
825,Hybrid,mixture,-1.39637544,1.69535136e-03,20
826,Metropolis,metropolis,-1.39000662,2.52627819e-03,20
826,Row-Update,mps,-1.39529639,1.84661727e-03,20
826,Hybrid,mixture,-1.39637192,1.69673886e-03,20
827,Metropolis,metropolis,-1.39002368,2.53252605e-03,20
827,Row-Update,mps,-1.39529203,1.84616827e-03,20
827,Hybrid,mixture,-1.39634722,1.69288354e-03,20
828,Metropolis,metropolis,-1.39003005,2.52917456e-03,20
828,Row-Update,mps,-1.39530120,1.84380658e-03,20
828,Hybrid,mixture,-1.39639260,1.69747458e-03,20
829,Metropolis,metropolis,-1.39003727,2.52925547e-03,20
829,Row-Update,mps,-1.39529404,1.84896004e-03,20
829,Hybrid,mixture,-1.39636799,1.69518542e-03,20
830,Metropolis,metropolis,-1.39001686,2.53549031e-03,20
830,Row-Update,mps,-1.39530205,1.84687799e-03,20
830,Hybrid,mixture,-1.39632594,1.69782520e-03,20
831,Metropolis,metropolis,-1.39002991,2.52908631e-03,20
831,Row-Update,mps,-1.39528676,1.84598864e-03,20
831,Hybrid,mixture,-1.39636690,1.69613128e-03,20
832,Metropolis,metropolis,-1.39001842,2.52742153e-03,20
832,Row-Update,mps,-1.39528213,1.84652283e-03,20
832,Hybrid,mixture,-1.39633577,1.70057601e-03,20
833,Metropolis,metropolis,-1.39000768,2.53337909e-03,20
833,Row-Update,mps,-1.39529892,1.84573631e-03,20
833,Hybrid,mixture,-1.39636952,1.69462420e-03,20
834,Metropolis,metropolis,-1.39003363,2.53122885e-03,20
834,Row-Update,mps,-1.39528863,1.84669302e-03,20
834,Hybrid,mixture,-1.39636239,1.69679305e-03,20
835,Metropolis,metropolis,-1.39003228,2.53225311e-03,20
835,Row-Update,mps,-1.39528451,1.84864855e-03,20
835,Hybrid,mixture,-1.39635513,1.69879709e-03,20
836,Metropolis,metropolis,-1.39002458,2.53352348e-03,20
836,Row-Update,mps,-1.39529202,1.84921317e-03,20
836,Hybrid,mixture,-1.39637586,1.69846465e-03,20
837,Metropolis,metropolis,-1.39004914,2.53425448e-03,20
837,Row-Update,mps,-1.39529421,1.84523687e-03,20
837,Hybrid,mixture,-1.39634003,1.69142133e-03,20
838,Metropolis,metropolis,-1.39006481,2.53322019e-03,20
838,Row-Update,mps,-1.39528577,1.84812140e-03,20
838,Hybrid,mixture,-1.39636051,1.69953693e-03,20
839,Metropolis,metropolis,-1.39001571,2.52875366e-03,20
839,Row-Update,mps,-1.39529612,1.84574252e-03,20
839,Hybrid,mixture,-1.39636379,1.69825306e-03,20
840,Metropolis,metropolis,-1.39003300,2.53394938e-03,20
840,Row-Update,mps,-1.39528262,1.84801488e-03,20
840,Hybrid,mixture,-1.39636282,1.69804245e-03,20
841,Metropolis,metropolis,-1.39003549,2.53226307e-03,20
841,Row-Update,mps,-1.39530393,1.84481111e-03,20
841,Hybrid,mixture,-1.39637780,1.69647186e-03,20
842,Metropolis,metropolis,-1.39001148,2.52871317e-03,20
842,Row-Update,mps,-1.39527943,1.84795776e-03,20
842,Hybrid,mixture,-1.39636680,1.69808586e-03,20
843,Metropolis,metropolis,-1.39003262,2.52863966e-03,20
843,Row-Update,mps,-1.39529641,1.84952721e-03,20
843,Hybrid,mixture,-1.39636621,1.69709840e-03,20
844,Metropolis,metropolis,-1.39003812,2.53406507e-03,20
844,Row-Update,mps,-1.39529422,1.84810391e-03,20
844,Hybrid,mixture,-1.39635648,1.69936367e-03,20
845,Metropolis,metropolis,-1.39003402,2.53426875e-03,20
845,Row-Update,mps,-1.39530464,1.84742278e-03,20
845,Hybrid,mixture,-1.39636974,1.69676345e-03,20
846,Metropolis,metropolis,-1.39004113,2.53698268e-03,20
846,Row-Update,mps,-1.39529968,1.84641180e-03,20
846,Hybrid,mixture,-1.39635666,1.69675960e-03,20
847,Metropolis,metropolis,-1.39003932,2.53470908e-03,20
847,Row-Update,mps,-1.39530785,1.84717747e-03,20
847,Hybrid,mixture,-1.39635748,1.69865403e-03,20
848,Metropolis,metropolis,-1.39002443,2.53692894e-03,20
848,Row-Update,mps,-1.39529538,1.84612766e-03,20
848,Hybrid,mixture,-1.39637983,1.69407121e-03,20
849,Metropolis,metropolis,-1.39000036,2.52367992e-03,20
849,Row-Update,mps,-1.39530688,1.84525779e-03,20
849,Hybrid,mixture,-1.39636454,1.69909157e-03,20
850,Metropolis,metropolis,-1.39005842,2.53191599e-03,20
850,Row-Update,mps,-1.39529869,1.85283808e-03,20
850,Hybrid,mixture,-1.39636435,1.69613338e-03,20
851,Metropolis,metropolis,-1.39005396,2.53406756e-03,20
851,Row-Update,mps,-1.39529031,1.84465408e-03,20
851,Hybrid,mixture,-1.39638392,1.69256624e-03,20
852,Metropolis,metropolis,-1.39006633,2.52422396e-03,20
852,Row-Update,mps,-1.39529289,1.84943167e-03,20
852,Hybrid,mixture,-1.39633609,1.69571501e-03,20
853,Metropolis,metropolis,-1.39002318,2.52902980e-03,20
853,Row-Update,mps,-1.39529881,1.84461876e-03,20
853,Hybrid,mixture,-1.39636689,1.69661396e-03,20
854,Metropolis,metropolis,-1.39004835,2.53326626e-03,20
854,Row-Update,mps,-1.39531399,1.84494111e-03,20
854,Hybrid,mixture,-1.39637994,1.69254616e-03,20
855,Metropolis,metropolis,-1.39003842,2.53255220e-03,20
855,Row-Update,mps,-1.39529266,1.84842055e-03,20
855,Hybrid,mixture,-1.39637242,1.69655786e-03,20
856,Metropolis,metropolis,-1.39004391,2.53596887e-03,20
856,Row-Update,mps,-1.39529518,1.84468942e-03,20
856,Hybrid,mixture,-1.39638050,1.69360681e-03,20
857,Metropolis,metropolis,-1.39005952,2.53068042e-03,20
857,Row-Update,mps,-1.39527807,1.84813994e-03,20
857,Hybrid,mixture,-1.39637085,1.69630994e-03,20
858,Metropolis,metropolis,-1.39002311,2.52824951e-03,20
858,Row-Update,mps,-1.39528665,1.84556863e-03,20
858,Hybrid,mixture,-1.39637469,1.69238888e-03,20
859,Metropolis,metropolis,-1.39005103,2.53447008e-03,20
859,Row-Update,mps,-1.39531867,1.84921182e-03,20
859,Hybrid,mixture,-1.39638329,1.69588953e-03,20
860,Metropolis,metropolis,-1.39006894,2.52965963e-03,20
860,Row-Update,mps,-1.39531361,1.84797852e-03,20
860,Hybrid,mixture,-1.39637338,1.70059396e-03,20
861,Metropolis,metropolis,-1.39005199,2.53681804e-03,20
861,Row-Update,mps,-1.39530862,1.84747685e-03,20
861,Hybrid,mixture,-1.39637184,1.69766226e-03,20
862,Metropolis,metropolis,-1.39003641,2.53436770e-03,20
862,Row-Update,mps,-1.39530729,1.84503422e-03,20
862,Hybrid,mixture,-1.39634556,1.70184320e-03,20
863,Metropolis,metropolis,-1.39004837,2.52905328e-03,20
863,Row-Update,mps,-1.39531056,1.84773008e-03,20
863,Hybrid,mixture,-1.39636538,1.69664180e-03,20
864,Metropolis,metropolis,-1.39003595,2.53425789e-03,20
864,Row-Update,mps,-1.39531948,1.84550964e-03,20
864,Hybrid,mixture,-1.39635207,1.69714947e-03,20
865,Metropolis,metropolis,-1.39003955,2.53510035e-03,20
865,Row-Update,mps,-1.39529719,1.84715301e-03,20
865,Hybrid,mixture,-1.39639220,1.69955174e-03,20
866,Metropolis,metropolis,-1.39004277,2.53349306e-03,20
866,Row-Update,mps,-1.39530024,1.84868144e-03,20
866,Hybrid,mixture,-1.39635547,1.69831042e-03,20
867,Metropolis,metropolis,-1.39003738,2.53295890e-03,20
867,Row-Update,mps,-1.39531160,1.84620110e-03,20
867,Hybrid,mixture,-1.39639075,1.69687230e-03,20
868,Metropolis,metropolis,-1.39005198,2.53375221e-03,20
868,Row-Update,mps,-1.39528528,1.84766293e-03,20
868,Hybrid,mixture,-1.39637397,1.70283369e-03,20
869,Metropolis,metropolis,-1.39004264,2.53199438e-03,20
869,Row-Update,mps,-1.39529041,1.84592039e-03,20
869,Hybrid,mixture,-1.39635976,1.69876278e-03,20
870,Metropolis,metropolis,-1.39003250,2.53134113e-03,20
870,Row-Update,mps,-1.39531109,1.84629100e-03,20
870,Hybrid,mixture,-1.39634959,1.70379819e-03,20
871,Metropolis,metropolis,-1.39005499,2.53479695e-03,20
871,Row-Update,mps,-1.39527350,1.84819399e-03,20
871,Hybrid,mixture,-1.39636485,1.70038576e-03,20
872,Metropolis,metropolis,-1.39003262,2.53257745e-03,20
872,Row-Update,mps,-1.39527032,1.84475159e-03,20
872,Hybrid,mixture,-1.39634468,1.70449550e-03,20
873,Metropolis,metropolis,-1.39004738,2.53488993e-03,20
873,Row-Update,mps,-1.39530176,1.84545972e-03,20
873,Hybrid,mixture,-1.39636064,1.70029466e-03,20
874,Metropolis,metropolis,-1.39003547,2.53188369e-03,20
874,Row-Update,mps,-1.39529073,1.84432064e-03,20
874,Hybrid,mixture,-1.39633798,1.70149060e-03,20
875,Metropolis,metropolis,-1.39004236,2.53331078e-03,20
875,Row-Update,mps,-1.39529917,1.84787200e-03,20
875,Hybrid,mixture,-1.39634233,1.70696235e-03,20
876,Metropolis,metropolis,-1.39004424,2.53551286e-03,20
876,Row-Update,mps,-1.39530357,1.84429644e-03,20
876,Hybrid,mixture,-1.39634115,1.70451971e-03,20
877,Metropolis,metropolis,-1.39003994,2.53053598e-03,20
877,Row-Update,mps,-1.39530745,1.84724957e-03,20
877,Hybrid,mixture,-1.39635689,1.70468031e-03,20
878,Metropolis,metropolis,-1.39005789,2.53515544e-03,20
878,Row-Update,mps,-1.39530202,1.84651065e-03,20
878,Hybrid,mixture,-1.39636056,1.70219294e-03,20
879,Metropolis,metropolis,-1.39004746,2.53923415e-03,20
879,Row-Update,mps,-1.39530224,1.84562943e-03,20
879,Hybrid,mixture,-1.39635558,1.70160849e-03,20
880,Metropolis,metropolis,-1.39004875,2.53313680e-03,20
880,Row-Update,mps,-1.39528804,1.84735420e-03,20
880,Hybrid,mixture,-1.39634116,1.70778565e-03,20
881,Metropolis,metropolis,-1.39004506,2.53635707e-03,20
881,Row-Update,mps,-1.39528950,1.84483185e-03,20
881,Hybrid,mixture,-1.39635555,1.70198987e-03,20
882,Metropolis,metropolis,-1.39004632,2.53790171e-03,20
882,Row-Update,mps,-1.39531038,1.84607269e-03,20
882,Hybrid,mixture,-1.39634321,1.70686877e-03,20
883,Metropolis,metropolis,-1.39004746,2.53289922e-03,20
883,Row-Update,mps,-1.39529657,1.84566982e-03,20
883,Hybrid,mixture,-1.39635603,1.70103244e-03,20
884,Metropolis,metropolis,-1.39004014,2.53485580e-03,20
884,Row-Update,mps,-1.39530364,1.84611758e-03,20
884,Hybrid,mixture,-1.39634419,1.70720012e-03,20
885,Metropolis,metropolis,-1.39004090,2.53661265e-03,20
885,Row-Update,mps,-1.39532455,1.85068336e-03,20
885,Hybrid,mixture,-1.39634781,1.70686395e-03,20
886,Metropolis,metropolis,-1.39006091,2.53684750e-03,20
886,Row-Update,mps,-1.39531071,1.84766955e-03,20
886,Hybrid,mixture,-1.39636737,1.70762609e-03,20
887,Metropolis,metropolis,-1.39004067,2.53520892e-03,20
887,Row-Update,mps,-1.39530020,1.84609471e-03,20
887,Hybrid,mixture,-1.39635784,1.70660062e-03,20
888,Metropolis,metropolis,-1.39004739,2.53342337e-03,20
888,Row-Update,mps,-1.39531119,1.84806530e-03,20
888,Hybrid,mixture,-1.39635232,1.70609577e-03,20
889,Metropolis,metropolis,-1.39005215,2.53657449e-03,20
889,Row-Update,mps,-1.39530079,1.84652135e-03,20
889,Hybrid,mixture,-1.39638056,1.70662001e-03,20
890,Metropolis,metropolis,-1.39003373,2.53342986e-03,20
890,Row-Update,mps,-1.39530877,1.84758464e-03,20
890,Hybrid,mixture,-1.39635993,1.70269348e-03,20
891,Metropolis,metropolis,-1.39003686,2.53443472e-03,20
891,Row-Update,mps,-1.39527738,1.84476180e-03,20
891,Hybrid,mixture,-1.39635895,1.70451149e-03,20
892,Metropolis,metropolis,-1.39006840,2.53509987e-03,20
892,Row-Update,mps,-1.39529491,1.84558555e-03,20
892,Hybrid,mixture,-1.39635245,1.70733736e-03,20
893,Metropolis,metropolis,-1.39004748,2.53322561e-03,20
893,Row-Update,mps,-1.39531319,1.84624435e-03,20
893,Hybrid,mixture,-1.39634296,1.70312797e-03,20
894,Metropolis,metropolis,-1.39004449,2.53476896e-03,20
894,Row-Update,mps,-1.39530334,1.85036531e-03,20
894,Hybrid,mixture,-1.39634457,1.71181222e-03,20
895,Metropolis,metropolis,-1.39005998,2.53615689e-03,20
895,Row-Update,mps,-1.39530738,1.84476801e-03,20
895,Hybrid,mixture,-1.39637398,1.70059025e-03,20
896,Metropolis,metropolis,-1.39004239,2.53346167e-03,20
896,Row-Update,mps,-1.39530098,1.84680196e-03,20
896,Hybrid,mixture,-1.39635647,1.70131957e-03,20
897,Metropolis,metropolis,-1.39004707,2.53295690e-03,20
897,Row-Update,mps,-1.39530675,1.84630141e-03,20
897,Hybrid,mixture,-1.39638192,1.71208492e-03,20
898,Metropolis,metropolis,-1.39002849,2.53614057e-03,20
898,Row-Update,mps,-1.39531940,1.84629885e-03,20
898,Hybrid,mixture,-1.39635787,1.70557785e-03,20
899,Metropolis,metropolis,-1.39004751,2.53486025e-03,20
899,Row-Update,mps,-1.39529522,1.84321581e-03,20
899,Hybrid,mixture,-1.39635548,1.70611551e-03,20
900,Metropolis,metropolis,-1.39003797,2.53363513e-03,20
900,Row-Update,mps,-1.39530790,1.84751312e-03,20
900,Hybrid,mixture,-1.39635526,1.70539228e-03,20
901,Metropolis,metropolis,-1.39005668,2.53561421e-03,20
901,Row-Update,mps,-1.39531791,1.84766966e-03,20
901,Hybrid,mixture,-1.39634057,1.70968584e-03,20
902,Metropolis,metropolis,-1.39003428,2.53628286e-03,20
902,Row-Update,mps,-1.39529633,1.84408131e-03,20
902,Hybrid,mixture,-1.39635647,1.70363398e-03,20
903,Metropolis,metropolis,-1.39004835,2.53461007e-03,20
903,Row-Update,mps,-1.39531993,1.84498760e-03,20
903,Hybrid,mixture,-1.39635512,1.70487145e-03,20
904,Metropolis,metropolis,-1.39004216,2.53743341e-03,20
904,Row-Update,mps,-1.39529568,1.84435274e-03,20
904,Hybrid,mixture,-1.39635937,1.70643725e-03,20
905,Metropolis,metropolis,-1.39004325,2.53552255e-03,20
905,Row-Update,mps,-1.39530722,1.84689823e-03,20
905,Hybrid,mixture,-1.39636535,1.70482933e-03,20
906,Metropolis,metropolis,-1.39005102,2.53253876e-03,20
906,Row-Update,mps,-1.39532888,1.85113093e-03,20
906,Hybrid,mixture,-1.39634989,1.70278535e-03,20
907,Metropolis,metropolis,-1.39004963,2.53603960e-03,20
907,Row-Update,mps,-1.39532332,1.84410127e-03,20
907,Hybrid,mixture,-1.39636672,1.69932158e-03,20
908,Metropolis,metropolis,-1.39005423,2.53724618e-03,20
908,Row-Update,mps,-1.39532198,1.84472713e-03,20
908,Hybrid,mixture,-1.39637193,1.70613098e-03,20
909,Metropolis,metropolis,-1.39003065,2.53353930e-03,20
909,Row-Update,mps,-1.39530894,1.84405633e-03,20
909,Hybrid,mixture,-1.39637556,1.70984347e-03,20
910,Metropolis,metropolis,-1.39003232,2.53995491e-03,20
910,Row-Update,mps,-1.39531198,1.84236674e-03,20
910,Hybrid,mixture,-1.39637028,1.70242911e-03,20
911,Metropolis,metropolis,-1.39005692,2.53602905e-03,20
911,Row-Update,mps,-1.39530124,1.84421089e-03,20
911,Hybrid,mixture,-1.39635331,1.70580818e-03,20
912,Metropolis,metropolis,-1.39006229,2.53673894e-03,20
912,Row-Update,mps,-1.39532269,1.84520223e-03,20
912,Hybrid,mixture,-1.39637596,1.69957218e-03,20
913,Metropolis,metropolis,-1.39005438,2.53559727e-03,20
913,Row-Update,mps,-1.39532155,1.84791961e-03,20
913,Hybrid,mixture,-1.39637752,1.69859735e-03,20
914,Metropolis,metropolis,-1.39003347,2.53822378e-03,20
914,Row-Update,mps,-1.39532109,1.85060631e-03,20
914,Hybrid,mixture,-1.39636771,1.70323856e-03,20
915,Metropolis,metropolis,-1.39007036,2.53589678e-03,20
915,Row-Update,mps,-1.39531802,1.84764102e-03,20
915,Hybrid,mixture,-1.39637928,1.69852819e-03,20
916,Metropolis,metropolis,-1.39004680,2.53641317e-03,20
916,Row-Update,mps,-1.39533694,1.84479018e-03,20
916,Hybrid,mixture,-1.39636517,1.69794759e-03,20
917,Metropolis,metropolis,-1.39003790,2.53211515e-03,20
917,Row-Update,mps,-1.39531349,1.84821255e-03,20
917,Hybrid,mixture,-1.39637941,1.70173451e-03,20
918,Metropolis,metropolis,-1.39005738,2.53604112e-03,20
918,Row-Update,mps,-1.39531427,1.84727120e-03,20
918,Hybrid,mixture,-1.39635815,1.70056188e-03,20
919,Metropolis,metropolis,-1.39005452,2.53475645e-03,20
919,Row-Update,mps,-1.39531628,1.84492688e-03,20
919,Hybrid,mixture,-1.39635951,1.69771696e-03,20
920,Metropolis,metropolis,-1.39005301,2.53612550e-03,20
920,Row-Update,mps,-1.39530934,1.84889301e-03,20
920,Hybrid,mixture,-1.39639169,1.70164275e-03,20
921,Metropolis,metropolis,-1.39004782,2.53275784e-03,20
921,Row-Update,mps,-1.39533074,1.84459803e-03,20
921,Hybrid,mixture,-1.39637353,1.69697752e-03,20
922,Metropolis,metropolis,-1.39005778,2.53184026e-03,20
922,Row-Update,mps,-1.39533235,1.84883896e-03,20
922,Hybrid,mixture,-1.39638807,1.69390261e-03,20
923,Metropolis,metropolis,-1.39004910,2.53597896e-03,20
923,Row-Update,mps,-1.39532584,1.84875108e-03,20
923,Hybrid,mixture,-1.39639526,1.69956376e-03,20
924,Metropolis,metropolis,-1.39006006,2.53429123e-03,20
924,Row-Update,mps,-1.39532770,1.84200646e-03,20
924,Hybrid,mixture,-1.39639833,1.69618993e-03,20
925,Metropolis,metropolis,-1.39004856,2.53476935e-03,20
925,Row-Update,mps,-1.39533539,1.84385058e-03,20
925,Hybrid,mixture,-1.39636244,1.70276092e-03,20
926,Metropolis,metropolis,-1.39005618,2.53459070e-03,20
926,Row-Update,mps,-1.39531751,1.84459080e-03,20
926,Hybrid,mixture,-1.39636410,1.69971609e-03,20
927,Metropolis,metropolis,-1.39004704,2.53577831e-03,20
927,Row-Update,mps,-1.39532774,1.84226869e-03,20
927,Hybrid,mixture,-1.39637173,1.70023526e-03,20
928,Metropolis,metropolis,-1.39005259,2.53799627e-03,20
928,Row-Update,mps,-1.39532497,1.84446765e-03,20
928,Hybrid,mixture,-1.39639444,1.69636585e-03,20
929,Metropolis,metropolis,-1.39005918,2.53559071e-03,20
929,Row-Update,mps,-1.39531954,1.84525452e-03,20
929,Hybrid,mixture,-1.39637740,1.69992669e-03,20
930,Metropolis,metropolis,-1.39004035,2.53395323e-03,20
930,Row-Update,mps,-1.39535119,1.84526597e-03,20
930,Hybrid,mixture,-1.39636422,1.70355200e-03,20
931,Metropolis,metropolis,-1.39005524,2.53534676e-03,20
931,Row-Update,mps,-1.39531829,1.84739247e-03,20
931,Hybrid,mixture,-1.39636850,1.70256498e-03,20
932,Metropolis,metropolis,-1.39003923,2.53598452e-03,20
932,Row-Update,mps,-1.39533235,1.84719680e-03,20
932,Hybrid,mixture,-1.39637015,1.69994213e-03,20
933,Metropolis,metropolis,-1.39006660,2.53505079e-03,20
933,Row-Update,mps,-1.39532001,1.84725895e-03,20
933,Hybrid,mixture,-1.39636529,1.70064665e-03,20
934,Metropolis,metropolis,-1.39006039,2.53321737e-03,20
934,Row-Update,mps,-1.39533276,1.84574832e-03,20
934,Hybrid,mixture,-1.39637933,1.70095019e-03,20
935,Metropolis,metropolis,-1.39004828,2.53319626e-03,20
935,Row-Update,mps,-1.39531158,1.84459597e-03,20
935,Hybrid,mixture,-1.39639323,1.69872034e-03,20
936,Metropolis,metropolis,-1.39006147,2.53414131e-03,20
936,Row-Update,mps,-1.39532188,1.84742853e-03,20
936,Hybrid,mixture,-1.39638474,1.69704514e-03,20
937,Metropolis,metropolis,-1.39004282,2.54005351e-03,20
937,Row-Update,mps,-1.39533690,1.84740416e-03,20
937,Hybrid,mixture,-1.39637212,1.69849585e-03,20
938,Metropolis,metropolis,-1.39005103,2.53351266e-03,20
938,Row-Update,mps,-1.39532405,1.84744610e-03,20
938,Hybrid,mixture,-1.39638432,1.69880669e-03,20
939,Metropolis,metropolis,-1.39005006,2.53305474e-03,20
939,Row-Update,mps,-1.39533016,1.84612538e-03,20
939,Hybrid,mixture,-1.39637663,1.69788941e-03,20
940,Metropolis,metropolis,-1.39006218,2.53349166e-03,20
940,Row-Update,mps,-1.39534873,1.84342776e-03,20
940,Hybrid,mixture,-1.39637374,1.69987150e-03,20
941,Metropolis,metropolis,-1.39004175,2.53348102e-03,20
941,Row-Update,mps,-1.39533094,1.84715214e-03,20
941,Hybrid,mixture,-1.39638729,1.69634969e-03,20
942,Metropolis,metropolis,-1.39004067,2.53487409e-03,20
942,Row-Update,mps,-1.39533375,1.84534424e-03,20
942,Hybrid,mixture,-1.39638970,1.70061060e-03,20
943,Metropolis,metropolis,-1.39004352,2.53305035e-03,20
943,Row-Update,mps,-1.39534052,1.84693216e-03,20
943,Hybrid,mixture,-1.39637240,1.69788205e-03,20
944,Metropolis,metropolis,-1.39005094,2.53684411e-03,20
944,Row-Update,mps,-1.39534555,1.84610869e-03,20
944,Hybrid,mixture,-1.39640171,1.69674132e-03,20
945,Metropolis,metropolis,-1.39004415,2.53382915e-03,20
945,Row-Update,mps,-1.39531728,1.84911090e-03,20
945,Hybrid,mixture,-1.39638778,1.69764910e-03,20
946,Metropolis,metropolis,-1.39006366,2.53588242e-03,20
946,Row-Update,mps,-1.39530772,1.84583946e-03,20
946,Hybrid,mixture,-1.39639099,1.69527130e-03,20
947,Metropolis,metropolis,-1.39005855,2.53688793e-03,20
947,Row-Update,mps,-1.39531934,1.84536056e-03,20
947,Hybrid,mixture,-1.39638740,1.69518637e-03,20
948,Metropolis,metropolis,-1.39006383,2.53801084e-03,20
948,Row-Update,mps,-1.39533102,1.84254955e-03,20
948,Hybrid,mixture,-1.39638306,1.69679410e-03,20
949,Metropolis,metropolis,-1.39007783,2.53311476e-03,20
949,Row-Update,mps,-1.39530867,1.84903227e-03,20
949,Hybrid,mixture,-1.39638696,1.69912401e-03,20
950,Metropolis,metropolis,-1.39006723,2.53708907e-03,20
950,Row-Update,mps,-1.39534886,1.85032134e-03,20
950,Hybrid,mixture,-1.39639508,1.69681476e-03,20
951,Metropolis,metropolis,-1.39005783,2.53694068e-03,20
951,Row-Update,mps,-1.39532266,1.84808423e-03,20
951,Hybrid,mixture,-1.39640092,1.69703004e-03,20
952,Metropolis,metropolis,-1.39005078,2.52904465e-03,20
952,Row-Update,mps,-1.39533362,1.85075616e-03,20
952,Hybrid,mixture,-1.39638733,1.69563941e-03,20
953,Metropolis,metropolis,-1.39005889,2.53578306e-03,20
953,Row-Update,mps,-1.39532855,1.84722124e-03,20
953,Hybrid,mixture,-1.39637970,1.69728342e-03,20
954,Metropolis,metropolis,-1.39006182,2.53325866e-03,20
954,Row-Update,mps,-1.39532963,1.84570299e-03,20
954,Hybrid,mixture,-1.39638001,1.69617481e-03,20
955,Metropolis,metropolis,-1.39006891,2.53407449e-03,20
955,Row-Update,mps,-1.39534585,1.84755033e-03,20
955,Hybrid,mixture,-1.39639331,1.69870094e-03,20
956,Metropolis,metropolis,-1.39006783,2.53671938e-03,20
956,Row-Update,mps,-1.39533874,1.84460980e-03,20
956,Hybrid,mixture,-1.39637586,1.69614856e-03,20
957,Metropolis,metropolis,-1.39004327,2.53410050e-03,20
957,Row-Update,mps,-1.39531479,1.84678680e-03,20
957,Hybrid,mixture,-1.39639312,1.70244465e-03,20
958,Metropolis,metropolis,-1.39004849,2.53367324e-03,20
958,Row-Update,mps,-1.39533284,1.84812789e-03,20
958,Hybrid,mixture,-1.39638720,1.69394263e-03,20
959,Metropolis,metropolis,-1.39005526,2.53515530e-03,20
959,Row-Update,mps,-1.39531666,1.84613430e-03,20
959,Hybrid,mixture,-1.39638169,1.69502026e-03,20
960,Metropolis,metropolis,-1.39005736,2.53397707e-03,20
960,Row-Update,mps,-1.39534597,1.84565865e-03,20
960,Hybrid,mixture,-1.39639463,1.69807337e-03,20
961,Metropolis,metropolis,-1.39006068,2.53624770e-03,20
961,Row-Update,mps,-1.39532161,1.84429873e-03,20
961,Hybrid,mixture,-1.39639166,1.69705395e-03,20
962,Metropolis,metropolis,-1.39005973,2.53714285e-03,20
962,Row-Update,mps,-1.39533654,1.84883595e-03,20
962,Hybrid,mixture,-1.39639048,1.69996403e-03,20
963,Metropolis,metropolis,-1.39005900,2.53478996e-03,20
963,Row-Update,mps,-1.39533143,1.84776630e-03,20
963,Hybrid,mixture,-1.39639379,1.69815512e-03,20
964,Metropolis,metropolis,-1.39005667,2.53840868e-03,20
964,Row-Update,mps,-1.39532592,1.84732090e-03,20
964,Hybrid,mixture,-1.39639227,1.69563777e-03,20
965,Metropolis,metropolis,-1.39006804,2.53298817e-03,20
965,Row-Update,mps,-1.39535354,1.84813582e-03,20
965,Hybrid,mixture,-1.39638006,1.70077573e-03,20
966,Metropolis,metropolis,-1.39006244,2.53354143e-03,20
966,Row-Update,mps,-1.39532684,1.84657728e-03,20
966,Hybrid,mixture,-1.39639479,1.69515589e-03,20
967,Metropolis,metropolis,-1.39006649,2.53450741e-03,20
967,Row-Update,mps,-1.39533371,1.84630439e-03,20
967,Hybrid,mixture,-1.39639104,1.69714109e-03,20
968,Metropolis,metropolis,-1.39005609,2.53538103e-03,20
968,Row-Update,mps,-1.39532148,1.84738938e-03,20
968,Hybrid,mixture,-1.39638042,1.70127557e-03,20
969,Metropolis,metropolis,-1.39006197,2.53474007e-03,20
969,Row-Update,mps,-1.39532073,1.84782796e-03,20
969,Hybrid,mixture,-1.39637187,1.70461599e-03,20
970,Metropolis,metropolis,-1.39005380,2.53483372e-03,20
970,Row-Update,mps,-1.39532879,1.84641974e-03,20
970,Hybrid,mixture,-1.39636385,1.69882248e-03,20
971,Metropolis,metropolis,-1.39005784,2.53223898e-03,20
971,Row-Update,mps,-1.39531731,1.84067459e-03,20
971,Hybrid,mixture,-1.39638159,1.69915276e-03,20
972,Metropolis,metropolis,-1.39005891,2.53312271e-03,20
972,Row-Update,mps,-1.39534085,1.85003149e-03,20
972,Hybrid,mixture,-1.39637417,1.69983597e-03,20
973,Metropolis,metropolis,-1.39005854,2.53557391e-03,20
973,Row-Update,mps,-1.39532329,1.84453823e-03,20
973,Hybrid,mixture,-1.39638897,1.70104506e-03,20
974,Metropolis,metropolis,-1.39008126,2.52861492e-03,20
974,Row-Update,mps,-1.39532276,1.84556106e-03,20
974,Hybrid,mixture,-1.39638889,1.70038915e-03,20
975,Metropolis,metropolis,-1.39005635,2.53578066e-03,20
975,Row-Update,mps,-1.39533102,1.84399317e-03,20
975,Hybrid,mixture,-1.39638810,1.69830852e-03,20
976,Metropolis,metropolis,-1.39005614,2.53286237e-03,20
976,Row-Update,mps,-1.39534157,1.84723536e-03,20
976,Hybrid,mixture,-1.39638008,1.69596536e-03,20
977,Metropolis,metropolis,-1.39005533,2.53099864e-03,20
977,Row-Update,mps,-1.39533291,1.84375697e-03,20
977,Hybrid,mixture,-1.39637862,1.70249602e-03,20
978,Metropolis,metropolis,-1.39004989,2.53745860e-03,20
978,Row-Update,mps,-1.39534508,1.84605564e-03,20
978,Hybrid,mixture,-1.39639224,1.69839160e-03,20
979,Metropolis,metropolis,-1.39006948,2.53576215e-03,20
979,Row-Update,mps,-1.39533275,1.84656146e-03,20
979,Hybrid,mixture,-1.39639681,1.69510648e-03,20
980,Metropolis,metropolis,-1.39007010,2.53268613e-03,20
980,Row-Update,mps,-1.39535265,1.84429392e-03,20
980,Hybrid,mixture,-1.39638813,1.69641415e-03,20
981,Metropolis,metropolis,-1.39005779,2.53682725e-03,20
981,Row-Update,mps,-1.39534242,1.84599189e-03,20
981,Hybrid,mixture,-1.39639140,1.69649557e-03,20
982,Metropolis,metropolis,-1.39005260,2.53385284e-03,20
982,Row-Update,mps,-1.39534619,1.85041663e-03,20
982,Hybrid,mixture,-1.39638408,1.69693629e-03,20
983,Metropolis,metropolis,-1.39006582,2.53421563e-03,20
983,Row-Update,mps,-1.39533662,1.84634749e-03,20
983,Hybrid,mixture,-1.39638910,1.69543378e-03,20
984,Metropolis,metropolis,-1.39007627,2.53283404e-03,20
984,Row-Update,mps,-1.39534700,1.84552050e-03,20
984,Hybrid,mixture,-1.39639029,1.69648977e-03,20
985,Metropolis,metropolis,-1.39004934,2.53200924e-03,20
985,Row-Update,mps,-1.39534353,1.84450272e-03,20
985,Hybrid,mixture,-1.39638827,1.69863160e-03,20
986,Metropolis,metropolis,-1.39007127,2.53527982e-03,20
986,Row-Update,mps,-1.39533849,1.84867584e-03,20
986,Hybrid,mixture,-1.39638721,1.69789821e-03,20
987,Metropolis,metropolis,-1.39006532,2.53584048e-03,20
987,Row-Update,mps,-1.39534872,1.84829445e-03,20
987,Hybrid,mixture,-1.39638363,1.70578221e-03,20
988,Metropolis,metropolis,-1.39005163,2.53391631e-03,20
988,Row-Update,mps,-1.39534512,1.84573093e-03,20
988,Hybrid,mixture,-1.39638154,1.70375029e-03,20
989,Metropolis,metropolis,-1.39005952,2.53355619e-03,20
989,Row-Update,mps,-1.39534534,1.84809034e-03,20
989,Hybrid,mixture,-1.39638721,1.70039383e-03,20
990,Metropolis,metropolis,-1.39006575,2.53571517e-03,20
990,Row-Update,mps,-1.39533357,1.84580798e-03,20
990,Hybrid,mixture,-1.39636549,1.69784628e-03,20
991,Metropolis,metropolis,-1.39005960,2.53753171e-03,20
991,Row-Update,mps,-1.39534119,1.84402663e-03,20
991,Hybrid,mixture,-1.39640761,1.69936497e-03,20
992,Metropolis,metropolis,-1.39005955,2.53667641e-03,20
992,Row-Update,mps,-1.39534829,1.84306336e-03,20
992,Hybrid,mixture,-1.39638592,1.69625289e-03,20
993,Metropolis,metropolis,-1.39006690,2.52930712e-03,20
993,Row-Update,mps,-1.39535349,1.84340146e-03,20
993,Hybrid,mixture,-1.39638348,1.70037037e-03,20
994,Metropolis,metropolis,-1.39006923,2.53692547e-03,20
994,Row-Update,mps,-1.39532465,1.84670535e-03,20
994,Hybrid,mixture,-1.39636418,1.69981118e-03,20
995,Metropolis,metropolis,-1.39005284,2.53348265e-03,20
995,Row-Update,mps,-1.39533916,1.84520792e-03,20
995,Hybrid,mixture,-1.39636009,1.70462507e-03,20
996,Metropolis,metropolis,-1.39006632,2.53192658e-03,20
996,Row-Update,mps,-1.39535565,1.84425267e-03,20
996,Hybrid,mixture,-1.39639320,1.70108737e-03,20
997,Metropolis,metropolis,-1.39005101,2.53320008e-03,20
997,Row-Update,mps,-1.39533800,1.84353103e-03,20
997,Hybrid,mixture,-1.39636751,1.70765190e-03,20
998,Metropolis,metropolis,-1.39006670,2.53519801e-03,20
998,Row-Update,mps,-1.39535603,1.84654680e-03,20
998,Hybrid,mixture,-1.39637065,1.70289562e-03,20
999,Metropolis,metropolis,-1.39007157,2.53368078e-03,20
999,Row-Update,mps,-1.39534393,1.84852088e-03,20
999,Hybrid,mixture,-1.39637654,1.70514152e-03,20
1000,Metropolis,metropolis,-1.39005740,2.53749989e-03,20
1000,Row-Update,mps,-1.39538534,1.84866316e-03,20
1000,Hybrid,mixture,-1.39638402,1.70270596e-03,20
1001,Metropolis,metropolis,-1.39009300,2.53646180e-03,20
1001,Row-Update,mps,-1.39535366,1.84566511e-03,20
1001,Hybrid,mixture,-1.39635511,1.70829758e-03,20
1002,Metropolis,metropolis,-1.39006114,2.53138677e-03,20
1002,Row-Update,mps,-1.39535564,1.84591471e-03,20
1002,Hybrid,mixture,-1.39638517,1.69930157e-03,20
1003,Metropolis,metropolis,-1.39005809,2.53600560e-03,20
1003,Row-Update,mps,-1.39533952,1.84605244e-03,20
1003,Hybrid,mixture,-1.39637085,1.69791542e-03,20
1004,Metropolis,metropolis,-1.39006663,2.53373773e-03,20
1004,Row-Update,mps,-1.39535927,1.84681632e-03,20
1004,Hybrid,mixture,-1.39636644,1.70036796e-03,20
1005,Metropolis,metropolis,-1.39008480,2.52462566e-03,20
1005,Row-Update,mps,-1.39536394,1.84498957e-03,20
1005,Hybrid,mixture,-1.39638006,1.70417086e-03,20
1006,Metropolis,metropolis,-1.39005789,2.53312512e-03,20
1006,Row-Update,mps,-1.39533089,1.84490302e-03,20
1006,Hybrid,mixture,-1.39636944,1.70387184e-03,20
1007,Metropolis,metropolis,-1.39005663,2.53142717e-03,20
1007,Row-Update,mps,-1.39536182,1.84633925e-03,20
1007,Hybrid,mixture,-1.39636739,1.70666495e-03,20
1008,Metropolis,metropolis,-1.39006530,2.53635926e-03,20
1008,Row-Update,mps,-1.39535961,1.84600125e-03,20
1008,Hybrid,mixture,-1.39635154,1.70992860e-03,20
1009,Metropolis,metropolis,-1.39005619,2.53461658e-03,20
1009,Row-Update,mps,-1.39536478,1.84673614e-03,20
1009,Hybrid,mixture,-1.39637275,1.70879474e-03,20
1010,Metropolis,metropolis,-1.39006117,2.53137853e-03,20
1010,Row-Update,mps,-1.39534734,1.84917944e-03,20
1010,Hybrid,mixture,-1.39638732,1.70212323e-03,20
1011,Metropolis,metropolis,-1.39006866,2.53452634e-03,20
1011,Row-Update,mps,-1.39534863,1.84609771e-03,20
1011,Hybrid,mixture,-1.39637745,1.70033057e-03,20
1012,Metropolis,metropolis,-1.39005243,2.53632816e-03,20
1012,Row-Update,mps,-1.39536773,1.84834638e-03,20
1012,Hybrid,mixture,-1.39638795,1.69782008e-03,20
1013,Metropolis,metropolis,-1.39006207,2.53034743e-03,20
1013,Row-Update,mps,-1.39536078,1.84503766e-03,20
1013,Hybrid,mixture,-1.39633165,1.71337778e-03,20
1014,Metropolis,metropolis,-1.39006259,2.53652084e-03,20
1014,Row-Update,mps,-1.39536037,1.84560497e-03,20
1014,Hybrid,mixture,-1.39637806,1.69818892e-03,20
1015,Metropolis,metropolis,-1.39008459,2.53419096e-03,20
1015,Row-Update,mps,-1.39535953,1.84314197e-03,20
1015,Hybrid,mixture,-1.39637514,1.70160094e-03,20
1016,Metropolis,metropolis,-1.39006686,2.53466263e-03,20
1016,Row-Update,mps,-1.39537137,1.84472914e-03,20
1016,Hybrid,mixture,-1.39640010,1.69695827e-03,20
1017,Metropolis,metropolis,-1.39006386,2.53805671e-03,20
1017,Row-Update,mps,-1.39536845,1.84640447e-03,20
1017,Hybrid,mixture,-1.39638383,1.69916788e-03,20
1018,Metropolis,metropolis,-1.39006681,2.53208554e-03,20
1018,Row-Update,mps,-1.39536183,1.84404046e-03,20
1018,Hybrid,mixture,-1.39639677,1.69969003e-03,20
1019,Metropolis,metropolis,-1.39006169,2.53317780e-03,20
1019,Row-Update,mps,-1.39537830,1.84140766e-03,20
1019,Hybrid,mixture,-1.39637233,1.69842949e-03,20
1020,Metropolis,metropolis,-1.39006604,2.53397759e-03,20
1020,Row-Update,mps,-1.39536572,1.84319461e-03,20
1020,Hybrid,mixture,-1.39640555,1.70029570e-03,20
1021,Metropolis,metropolis,-1.39004231,2.53462725e-03,20
1021,Row-Update,mps,-1.39535391,1.84208563e-03,20
1021,Hybrid,mixture,-1.39638124,1.69627949e-03,20
1022,Metropolis,metropolis,-1.39005221,2.53403551e-03,20
1022,Row-Update,mps,-1.39537053,1.84062828e-03,20
1022,Hybrid,mixture,-1.39641072,1.70141590e-03,20
1023,Metropolis,metropolis,-1.39004241,2.53947817e-03,20
1023,Row-Update,mps,-1.39536890,1.84175399e-03,20
1023,Hybrid,mixture,-1.39638321,1.70272845e-03,20
1024,Metropolis,metropolis,-1.39006123,2.53034353e-03,20
1024,Row-Update,mps,-1.39537102,1.83957186e-03,20
1024,Hybrid,mixture,-1.39637953,1.70058177e-03,20
1025,Metropolis,metropolis,-1.39006499,2.53345476e-03,20
1025,Row-Update,mps,-1.39538589,1.84049816e-03,20
1025,Hybrid,mixture,-1.39637035,1.70083294e-03,20
1026,Metropolis,metropolis,-1.39005614,2.53633749e-03,20
1026,Row-Update,mps,-1.39537776,1.83961382e-03,20
1026,Hybrid,mixture,-1.39638797,1.70296726e-03,20
1027,Metropolis,metropolis,-1.39006081,2.53370073e-03,20
1027,Row-Update,mps,-1.39536649,1.84014929e-03,20
1027,Hybrid,mixture,-1.39639081,1.70304309e-03,20
1028,Metropolis,metropolis,-1.39005669,2.53282206e-03,20
1028,Row-Update,mps,-1.39536128,1.83879263e-03,20
1028,Hybrid,mixture,-1.39637447,1.70101474e-03,20
1029,Metropolis,metropolis,-1.39004039,2.53841615e-03,20
1029,Row-Update,mps,-1.39538166,1.83360493e-03,20
1029,Hybrid,mixture,-1.39638006,1.70008135e-03,20
1030,Metropolis,metropolis,-1.39008462,2.53176687e-03,20
1030,Row-Update,mps,-1.39536716,1.83439093e-03,20
1030,Hybrid,mixture,-1.39638361,1.70352033e-03,20
1031,Metropolis,metropolis,-1.39006323,2.53171419e-03,20
1031,Row-Update,mps,-1.39537801,1.82997965e-03,20
1031,Hybrid,mixture,-1.39639669,1.69859352e-03,20
1032,Metropolis,metropolis,-1.39006634,2.53543393e-03,20
1032,Row-Update,mps,-1.39538108,1.83723117e-03,20
1032,Hybrid,mixture,-1.39639338,1.69872724e-03,20
1033,Metropolis,metropolis,-1.39005592,2.53203763e-03,20
1033,Row-Update,mps,-1.39539869,1.83408333e-03,20
1033,Hybrid,mixture,-1.39640042,1.69601481e-03,20
1034,Metropolis,metropolis,-1.39006974,2.53126196e-03,20
1034,Row-Update,mps,-1.39538242,1.83467835e-03,20
1034,Hybrid,mixture,-1.39639491,1.69675423e-03,20
1035,Metropolis,metropolis,-1.39006301,2.53777559e-03,20
1035,Row-Update,mps,-1.39539312,1.82981229e-03,20
1035,Hybrid,mixture,-1.39641221,1.69570753e-03,20
1036,Metropolis,metropolis,-1.39006882,2.53325769e-03,20
1036,Row-Update,mps,-1.39538512,1.83297413e-03,20
1036,Hybrid,mixture,-1.39639206,1.70330194e-03,20
1037,Metropolis,metropolis,-1.39007571,2.53413983e-03,20
1037,Row-Update,mps,-1.39539714,1.82743552e-03,20
1037,Hybrid,mixture,-1.39639044,1.69690657e-03,20
1038,Metropolis,metropolis,-1.39006454,2.53268508e-03,20
1038,Row-Update,mps,-1.39539616,1.82679068e-03,20
1038,Hybrid,mixture,-1.39639766,1.69613501e-03,20
1039,Metropolis,metropolis,-1.39006001,2.53494835e-03,20
1039,Row-Update,mps,-1.39540227,1.82947834e-03,20
1039,Hybrid,mixture,-1.39638161,1.69698592e-03,20
1040,Metropolis,metropolis,-1.39007995,2.53540744e-03,20
1040,Row-Update,mps,-1.39541047,1.82545596e-03,20
1040,Hybrid,mixture,-1.39638668,1.69682747e-03,20
1041,Metropolis,metropolis,-1.39007147,2.53362701e-03,20
1041,Row-Update,mps,-1.39540308,1.82727420e-03,20
1041,Hybrid,mixture,-1.39638011,1.70113710e-03,20
1042,Metropolis,metropolis,-1.39007242,2.53359842e-03,20
1042,Row-Update,mps,-1.39540349,1.82475397e-03,20
1042,Hybrid,mixture,-1.39639495,1.70242745e-03,20
1043,Metropolis,metropolis,-1.39007079,2.53089855e-03,20
1043,Row-Update,mps,-1.39540599,1.82224772e-03,20
1043,Hybrid,mixture,-1.39639870,1.69990849e-03,20
1044,Metropolis,metropolis,-1.39005687,2.53666129e-03,20
1044,Row-Update,mps,-1.39541145,1.81611119e-03,20
1044,Hybrid,mixture,-1.39638461,1.70058636e-03,20
1045,Metropolis,metropolis,-1.39006864,2.53317398e-03,20
1045,Row-Update,mps,-1.39540273,1.81352216e-03,20
1045,Hybrid,mixture,-1.39639062,1.70115031e-03,20
1046,Metropolis,metropolis,-1.39007866,2.53019747e-03,20
1046,Row-Update,mps,-1.39541788,1.81909326e-03,20
1046,Hybrid,mixture,-1.39638158,1.70152869e-03,20
1047,Metropolis,metropolis,-1.39006619,2.53016785e-03,20
1047,Row-Update,mps,-1.39541008,1.81285752e-03,20
1047,Hybrid,mixture,-1.39639494,1.69948275e-03,20
1048,Metropolis,metropolis,-1.39007933,2.53847703e-03,20
1048,Row-Update,mps,-1.39541591,1.81095075e-03,20
1048,Hybrid,mixture,-1.39638421,1.69740827e-03,20
1049,Metropolis,metropolis,-1.39006821,2.53127507e-03,20
1049,Row-Update,mps,-1.39542864,1.81060709e-03,20
1049,Hybrid,mixture,-1.39640523,1.69899646e-03,20
1050,Metropolis,metropolis,-1.39006600,2.53291449e-03,20
1050,Row-Update,mps,-1.39543244,1.81032985e-03,20
1050,Hybrid,mixture,-1.39639571,1.70006718e-03,20
1051,Metropolis,metropolis,-1.39008438,2.53493498e-03,20
1051,Row-Update,mps,-1.39544328,1.80851724e-03,20
1051,Hybrid,mixture,-1.39638450,1.70108321e-03,20
1052,Metropolis,metropolis,-1.39006352,2.53044077e-03,20
1052,Row-Update,mps,-1.39546531,1.80280264e-03,20
1052,Hybrid,mixture,-1.39638707,1.70286645e-03,20
1053,Metropolis,metropolis,-1.39008159,2.53202712e-03,20
1053,Row-Update,mps,-1.39544980,1.79837361e-03,20
1053,Hybrid,mixture,-1.39639183,1.70355616e-03,20
1054,Metropolis,metropolis,-1.39005750,2.53970688e-03,20
1054,Row-Update,mps,-1.39546345,1.80133776e-03,20
1054,Hybrid,mixture,-1.39637930,1.69936483e-03,20
1055,Metropolis,metropolis,-1.39006786,2.53209434e-03,20
1055,Row-Update,mps,-1.39546377,1.79468809e-03,20
1055,Hybrid,mixture,-1.39640272,1.69928285e-03,20
1056,Metropolis,metropolis,-1.39007428,2.53092053e-03,20
1056,Row-Update,mps,-1.39546810,1.79536986e-03,20
1056,Hybrid,mixture,-1.39640392,1.70241597e-03,20
1057,Metropolis,metropolis,-1.39007622,2.53528356e-03,20
1057,Row-Update,mps,-1.39548377,1.78491055e-03,20
1057,Hybrid,mixture,-1.39639838,1.69805574e-03,20
1058,Metropolis,metropolis,-1.39007272,2.53181123e-03,20
1058,Row-Update,mps,-1.39548589,1.78772709e-03,20
1058,Hybrid,mixture,-1.39638484,1.69684108e-03,20
1059,Metropolis,metropolis,-1.39008206,2.52891289e-03,20
1059,Row-Update,mps,-1.39549584,1.78502685e-03,20
1059,Hybrid,mixture,-1.39639472,1.69427058e-03,20
1060,Metropolis,metropolis,-1.39007797,2.52885835e-03,20
1060,Row-Update,mps,-1.39547000,1.79255491e-03,20
1060,Hybrid,mixture,-1.39637618,1.69836124e-03,20
1061,Metropolis,metropolis,-1.39008219,2.52841332e-03,20
1061,Row-Update,mps,-1.39549783,1.78201402e-03,20
1061,Hybrid,mixture,-1.39638268,1.70296811e-03,20
1062,Metropolis,metropolis,-1.39008310,2.53121447e-03,20
1062,Row-Update,mps,-1.39550598,1.78221630e-03,20
1062,Hybrid,mixture,-1.39638865,1.69933222e-03,20
1063,Metropolis,metropolis,-1.39007737,2.52737250e-03,20
1063,Row-Update,mps,-1.39549533,1.77757774e-03,20
1063,Hybrid,mixture,-1.39639028,1.70474476e-03,20
1064,Metropolis,metropolis,-1.39007596,2.52956737e-03,20
1064,Row-Update,mps,-1.39551151,1.77117295e-03,20
1064,Hybrid,mixture,-1.39637525,1.70397753e-03,20
1065,Metropolis,metropolis,-1.39007771,2.53167104e-03,20
1065,Row-Update,mps,-1.39551458,1.77465011e-03,20
1065,Hybrid,mixture,-1.39637863,1.70345657e-03,20
1066,Metropolis,metropolis,-1.39008894,2.53227816e-03,20
1066,Row-Update,mps,-1.39552473,1.77485879e-03,20
1066,Hybrid,mixture,-1.39635551,1.70489326e-03,20
1067,Metropolis,metropolis,-1.39009116,2.52547165e-03,20
1067,Row-Update,mps,-1.39553312,1.76899426e-03,20
1067,Hybrid,mixture,-1.39638852,1.70489238e-03,20
1068,Metropolis,metropolis,-1.39008749,2.52568757e-03,20
1068,Row-Update,mps,-1.39553381,1.76680295e-03,20
1068,Hybrid,mixture,-1.39639892,1.70082237e-03,20
1069,Metropolis,metropolis,-1.39008269,2.52919660e-03,20
1069,Row-Update,mps,-1.39552622,1.76551222e-03,20
1069,Hybrid,mixture,-1.39637561,1.70226702e-03,20
1070,Metropolis,metropolis,-1.39009380,2.52967343e-03,20
1070,Row-Update,mps,-1.39553746,1.76338772e-03,20
1070,Hybrid,mixture,-1.39638676,1.69876147e-03,20
1071,Metropolis,metropolis,-1.39008010,2.52833047e-03,20
1071,Row-Update,mps,-1.39552504,1.76288264e-03,20
1071,Hybrid,mixture,-1.39636929,1.69501871e-03,20
1072,Metropolis,metropolis,-1.39009195,2.52897168e-03,20
1072,Row-Update,mps,-1.39554242,1.76041423e-03,20
1072,Hybrid,mixture,-1.39639079,1.69775729e-03,20
1073,Metropolis,metropolis,-1.39008180,2.52397945e-03,20
1073,Row-Update,mps,-1.39555056,1.75470951e-03,20
1073,Hybrid,mixture,-1.39640004,1.69356827e-03,20
1074,Metropolis,metropolis,-1.39009865,2.52597733e-03,20
1074,Row-Update,mps,-1.39555674,1.75985851e-03,20
1074,Hybrid,mixture,-1.39641283,1.69453274e-03,20
1075,Metropolis,metropolis,-1.39010495,2.52596867e-03,20
1075,Row-Update,mps,-1.39553261,1.75196729e-03,20
1075,Hybrid,mixture,-1.39640152,1.68694479e-03,20
1076,Metropolis,metropolis,-1.39009919,2.52707878e-03,20
1076,Row-Update,mps,-1.39555627,1.75701869e-03,20
1076,Hybrid,mixture,-1.39640890,1.70360601e-03,20
1077,Metropolis,metropolis,-1.39011583,2.52140118e-03,20
1077,Row-Update,mps,-1.39553867,1.75238591e-03,20
1077,Hybrid,mixture,-1.39639860,1.69836270e-03,20
1078,Metropolis,metropolis,-1.39012961,2.51778867e-03,20
1078,Row-Update,mps,-1.39554264,1.75425964e-03,20
1078,Hybrid,mixture,-1.39638446,1.70143018e-03,20
1079,Metropolis,metropolis,-1.39011477,2.52047452e-03,20
1079,Row-Update,mps,-1.39555011,1.75201983e-03,20
1079,Hybrid,mixture,-1.39638552,1.70009924e-03,20
1080,Metropolis,metropolis,-1.39012620,2.51789090e-03,20
1080,Row-Update,mps,-1.39556041,1.75220027e-03,20
1080,Hybrid,mixture,-1.39638919,1.70248995e-03,20
1081,Metropolis,metropolis,-1.39012983,2.52021075e-03,20
1081,Row-Update,mps,-1.39555031,1.75322435e-03,20
1081,Hybrid,mixture,-1.39638260,1.70077470e-03,20
1082,Metropolis,metropolis,-1.39013744,2.51839545e-03,20
1082,Row-Update,mps,-1.39556333,1.75293221e-03,20
1082,Hybrid,mixture,-1.39637992,1.70069072e-03,20
1083,Metropolis,metropolis,-1.39015125,2.51365154e-03,20
1083,Row-Update,mps,-1.39556602,1.75516771e-03,20
1083,Hybrid,mixture,-1.39639541,1.70624173e-03,20
1084,Metropolis,metropolis,-1.39015948,2.51083448e-03,20
1084,Row-Update,mps,-1.39556447,1.74978293e-03,20
1084,Hybrid,mixture,-1.39638369,1.70235881e-03,20
1085,Metropolis,metropolis,-1.39015289,2.51253499e-03,20
1085,Row-Update,mps,-1.39557225,1.74734827e-03,20
1085,Hybrid,mixture,-1.39637666,1.70527888e-03,20
1086,Metropolis,metropolis,-1.39016589,2.50753236e-03,20
1086,Row-Update,mps,-1.39557962,1.74971673e-03,20
1086,Hybrid,mixture,-1.39636478,1.70709830e-03,20
1087,Metropolis,metropolis,-1.39016427,2.50290323e-03,20
1087,Row-Update,mps,-1.39554768,1.76035975e-03,20
1087,Hybrid,mixture,-1.39635362,1.70593716e-03,20
1088,Metropolis,metropolis,-1.39019653,2.50816058e-03,20
1088,Row-Update,mps,-1.39557878,1.75279253e-03,20
1088,Hybrid,mixture,-1.39636493,1.71133564e-03,20
1089,Metropolis,metropolis,-1.39018082,2.50132471e-03,20
1089,Row-Update,mps,-1.39556395,1.74922535e-03,20
1089,Hybrid,mixture,-1.39636794,1.70758092e-03,20
1090,Metropolis,metropolis,-1.39020618,2.50005684e-03,20
1090,Row-Update,mps,-1.39557732,1.74746124e-03,20
1090,Hybrid,mixture,-1.39638375,1.69919723e-03,20
1091,Metropolis,metropolis,-1.39020799,2.49910552e-03,20
1091,Row-Update,mps,-1.39555831,1.75154987e-03,20
1091,Hybrid,mixture,-1.39639599,1.69851104e-03,20
1092,Metropolis,metropolis,-1.39021190,2.49387056e-03,20
1092,Row-Update,mps,-1.39557238,1.74966704e-03,20
1092,Hybrid,mixture,-1.39639369,1.69993065e-03,20
1093,Metropolis,metropolis,-1.39022429,2.49565348e-03,20
1093,Row-Update,mps,-1.39556888,1.74788083e-03,20
1093,Hybrid,mixture,-1.39639917,1.69761226e-03,20
1094,Metropolis,metropolis,-1.39024591,2.49352343e-03,20
1094,Row-Update,mps,-1.39557731,1.74898903e-03,20
1094,Hybrid,mixture,-1.39638977,1.69875407e-03,20
1095,Metropolis,metropolis,-1.39025208,2.48966105e-03,20
1095,Row-Update,mps,-1.39557268,1.74936874e-03,20
1095,Hybrid,mixture,-1.39640777,1.69480213e-03,20
1096,Metropolis,metropolis,-1.39025438,2.49000888e-03,20
1096,Row-Update,mps,-1.39557866,1.74538911e-03,20
1096,Hybrid,mixture,-1.39640062,1.70060518e-03,20
1097,Metropolis,metropolis,-1.39025881,2.48715470e-03,20
1097,Row-Update,mps,-1.39555707,1.74806003e-03,20
1097,Hybrid,mixture,-1.39642019,1.69424110e-03,20
1098,Metropolis,metropolis,-1.39026855,2.48448234e-03,20
1098,Row-Update,mps,-1.39557888,1.74991641e-03,20
1098,Hybrid,mixture,-1.39640186,1.69735180e-03,20
1099,Metropolis,metropolis,-1.39027693,2.48296571e-03,20
1099,Row-Update,mps,-1.39557725,1.75235513e-03,20
1099,Hybrid,mixture,-1.39641477,1.69608791e-03,20
1100,Metropolis,metropolis,-1.39027592,2.48089233e-03,20
1100,Row-Update,mps,-1.39558143,1.74954594e-03,20
1100,Hybrid,mixture,-1.39639764,1.69877041e-03,20
1101,Metropolis,metropolis,-1.39030138,2.48181232e-03,20
1101,Row-Update,mps,-1.39557497,1.74878137e-03,20
1101,Hybrid,mixture,-1.39641477,1.69778358e-03,20
1102,Metropolis,metropolis,-1.39031249,2.48513750e-03,20
1102,Row-Update,mps,-1.39557265,1.75115636e-03,20
1102,Hybrid,mixture,-1.39639977,1.69538444e-03,20
1103,Metropolis,metropolis,-1.39030449,2.48212308e-03,20
1103,Row-Update,mps,-1.39557606,1.74965693e-03,20
1103,Hybrid,mixture,-1.39640285,1.69656216e-03,20
1104,Metropolis,metropolis,-1.39031455,2.48166479e-03,20
1104,Row-Update,mps,-1.39557150,1.74873646e-03,20
1104,Hybrid,mixture,-1.39640197,1.69768673e-03,20
1105,Metropolis,metropolis,-1.39030115,2.48211624e-03,20
1105,Row-Update,mps,-1.39557475,1.75058556e-03,20
1105,Hybrid,mixture,-1.39640248,1.70084164e-03,20
1106,Metropolis,metropolis,-1.39030352,2.48178618e-03,20
1106,Row-Update,mps,-1.39557215,1.74378999e-03,20
1106,Hybrid,mixture,-1.39642250,1.69603755e-03,20
1107,Metropolis,metropolis,-1.39031197,2.47989097e-03,20
1107,Row-Update,mps,-1.39555692,1.74941662e-03,20
1107,Hybrid,mixture,-1.39642766,1.69896939e-03,20
1108,Metropolis,metropolis,-1.39032002,2.48248534e-03,20
1108,Row-Update,mps,-1.39556662,1.75223251e-03,20
1108,Hybrid,mixture,-1.39639604,1.70001587e-03,20
1109,Metropolis,metropolis,-1.39033204,2.47967435e-03,20
1109,Row-Update,mps,-1.39556502,1.74576052e-03,20
1109,Hybrid,mixture,-1.39641387,1.69785784e-03,20
1110,Metropolis,metropolis,-1.39033174,2.47968866e-03,20
1110,Row-Update,mps,-1.39557823,1.74913481e-03,20
1110,Hybrid,mixture,-1.39640941,1.69926795e-03,20
1111,Metropolis,metropolis,-1.39032626,2.47732299e-03,20
1111,Row-Update,mps,-1.39557559,1.74857427e-03,20
1111,Hybrid,mixture,-1.39639952,1.70312747e-03,20
1112,Metropolis,metropolis,-1.39033273,2.47941432e-03,20
1112,Row-Update,mps,-1.39557347,1.74905857e-03,20
1112,Hybrid,mixture,-1.39640307,1.69715015e-03,20
1113,Metropolis,metropolis,-1.39032180,2.48481469e-03,20
1113,Row-Update,mps,-1.39557816,1.74993062e-03,20
1113,Hybrid,mixture,-1.39640436,1.69581588e-03,20
1114,Metropolis,metropolis,-1.39033683,2.48255602e-03,20
1114,Row-Update,mps,-1.39557657,1.74671407e-03,20
1114,Hybrid,mixture,-1.39639144,1.70215173e-03,20
1115,Metropolis,metropolis,-1.39033771,2.48222367e-03,20
1115,Row-Update,mps,-1.39556758,1.75140548e-03,20
1115,Hybrid,mixture,-1.39639266,1.69899288e-03,20
1116,Metropolis,metropolis,-1.39033885,2.47875437e-03,20
1116,Row-Update,mps,-1.39558055,1.74549915e-03,20
1116,Hybrid,mixture,-1.39638889,1.69982738e-03,20
1117,Metropolis,metropolis,-1.39033729,2.48138071e-03,20
1117,Row-Update,mps,-1.39557433,1.74820951e-03,20
1117,Hybrid,mixture,-1.39637861,1.70059043e-03,20
1118,Metropolis,metropolis,-1.39032627,2.48445068e-03,20
1118,Row-Update,mps,-1.39554147,1.74816680e-03,20
1118,Hybrid,mixture,-1.39638777,1.70007528e-03,20
1119,Metropolis,metropolis,-1.39033843,2.48176088e-03,20
1119,Row-Update,mps,-1.39557561,1.74498211e-03,20
1119,Hybrid,mixture,-1.39640254,1.69797339e-03,20
1120,Metropolis,metropolis,-1.39034488,2.48378402e-03,20
1120,Row-Update,mps,-1.39555680,1.75035556e-03,20
1120,Hybrid,mixture,-1.39639043,1.69458156e-03,20
1121,Metropolis,metropolis,-1.39034990,2.48398089e-03,20
1121,Row-Update,mps,-1.39558066,1.74752662e-03,20
1121,Hybrid,mixture,-1.39640528,1.69642081e-03,20
1122,Metropolis,metropolis,-1.39033966,2.48507653e-03,20
1122,Row-Update,mps,-1.39557732,1.74602462e-03,20
1122,Hybrid,mixture,-1.39637953,1.70589644e-03,20
1123,Metropolis,metropolis,-1.39033752,2.48669466e-03,20
1123,Row-Update,mps,-1.39556465,1.74322616e-03,20
1123,Hybrid,mixture,-1.39640086,1.70086208e-03,20
1124,Metropolis,metropolis,-1.39035277,2.48452977e-03,20
1124,Row-Update,mps,-1.39556833,1.75001612e-03,20
1124,Hybrid,mixture,-1.39640663,1.70200539e-03,20
1125,Metropolis,metropolis,-1.39036197,2.48356974e-03,20
1125,Row-Update,mps,-1.39556175,1.74781743e-03,20
1125,Hybrid,mixture,-1.39639763,1.69930170e-03,20
1126,Metropolis,metropolis,-1.39036867,2.48611742e-03,20
1126,Row-Update,mps,-1.39555817,1.74734668e-03,20
1126,Hybrid,mixture,-1.39641339,1.69619618e-03,20
1127,Metropolis,metropolis,-1.39037316,2.48959562e-03,20
1127,Row-Update,mps,-1.39557871,1.74963765e-03,20
1127,Hybrid,mixture,-1.39639830,1.70001228e-03,20
1128,Metropolis,metropolis,-1.39036864,2.48712223e-03,20
1128,Row-Update,mps,-1.39556284,1.75027763e-03,20
1128,Hybrid,mixture,-1.39638799,1.70185670e-03,20
1129,Metropolis,metropolis,-1.39036258,2.49062909e-03,20
1129,Row-Update,mps,-1.39556475,1.74500350e-03,20
1129,Hybrid,mixture,-1.39640654,1.70928527e-03,20
1130,Metropolis,metropolis,-1.39038099,2.49007627e-03,20
1130,Row-Update,mps,-1.39558510,1.75113766e-03,20
1130,Hybrid,mixture,-1.39637504,1.70180523e-03,20
1131,Metropolis,metropolis,-1.39038443,2.49064879e-03,20
1131,Row-Update,mps,-1.39558657,1.74743613e-03,20
1131,Hybrid,mixture,-1.39637023,1.70805515e-03,20
1132,Metropolis,metropolis,-1.39038852,2.48750382e-03,20
1132,Row-Update,mps,-1.39558131,1.75067036e-03,20
1132,Hybrid,mixture,-1.39638985,1.70466827e-03,20
1133,Metropolis,metropolis,-1.39038912,2.49369508e-03,20
1133,Row-Update,mps,-1.39557576,1.74851149e-03,20
1133,Hybrid,mixture,-1.39638227,1.70385193e-03,20
1134,Metropolis,metropolis,-1.39041310,2.48825062e-03,20
1134,Row-Update,mps,-1.39557925,1.74936432e-03,20
1134,Hybrid,mixture,-1.39640165,1.70188090e-03,20
1135,Metropolis,metropolis,-1.39041253,2.49279053e-03,20
1135,Row-Update,mps,-1.39556246,1.74902876e-03,20
1135,Hybrid,mixture,-1.39637571,1.69938391e-03,20
1136,Metropolis,metropolis,-1.39042443,2.49142765e-03,20
1136,Row-Update,mps,-1.39557887,1.74860904e-03,20
1136,Hybrid,mixture,-1.39638511,1.70216449e-03,20
1137,Metropolis,metropolis,-1.39042891,2.49467578e-03,20
1137,Row-Update,mps,-1.39557652,1.75212584e-03,20
1137,Hybrid,mixture,-1.39640152,1.70148606e-03,20
1138,Metropolis,metropolis,-1.39044129,2.49713402e-03,20
1138,Row-Update,mps,-1.39557143,1.75021606e-03,20
1138,Hybrid,mixture,-1.39639213,1.69632244e-03,20
1139,Metropolis,metropolis,-1.39045817,2.50255016e-03,20
1139,Row-Update,mps,-1.39558412,1.74802301e-03,20
1139,Hybrid,mixture,-1.39639952,1.69475716e-03,20
1140,Metropolis,metropolis,-1.39044855,2.49990425e-03,20
1140,Row-Update,mps,-1.39557291,1.74747035e-03,20
1140,Hybrid,mixture,-1.39639625,1.69774357e-03,20
1141,Metropolis,metropolis,-1.39047691,2.50091509e-03,20
1141,Row-Update,mps,-1.39556567,1.75314068e-03,20
1141,Hybrid,mixture,-1.39639921,1.69963566e-03,20
1142,Metropolis,metropolis,-1.39045913,2.50288818e-03,20
1142,Row-Update,mps,-1.39556919,1.74691476e-03,20
1142,Hybrid,mixture,-1.39641415,1.69988062e-03,20
1143,Metropolis,metropolis,-1.39046638,2.50909560e-03,20
1143,Row-Update,mps,-1.39558168,1.74899283e-03,20
1143,Hybrid,mixture,-1.39639334,1.69884320e-03,20
1144,Metropolis,metropolis,-1.39049560,2.51323304e-03,20
1144,Row-Update,mps,-1.39558027,1.75038015e-03,20
1144,Hybrid,mixture,-1.39638558,1.70264005e-03,20
1145,Metropolis,metropolis,-1.39051058,2.51328611e-03,20
1145,Row-Update,mps,-1.39556463,1.74877872e-03,20
1145,Hybrid,mixture,-1.39640191,1.69636007e-03,20
1146,Metropolis,metropolis,-1.39052679,2.51678969e-03,20
1146,Row-Update,mps,-1.39557207,1.74776275e-03,20
1146,Hybrid,mixture,-1.39640430,1.69622478e-03,20
1147,Metropolis,metropolis,-1.39052390,2.51524418e-03,20
1147,Row-Update,mps,-1.39558088,1.74926073e-03,20
1147,Hybrid,mixture,-1.39643401,1.68630859e-03,20
1148,Metropolis,metropolis,-1.39054448,2.52021679e-03,20
1148,Row-Update,mps,-1.39556643,1.74938333e-03,20
1148,Hybrid,mixture,-1.39641545,1.69162122e-03,20
1149,Metropolis,metropolis,-1.39056131,2.52050943e-03,20
1149,Row-Update,mps,-1.39556896,1.74973097e-03,20
1149,Hybrid,mixture,-1.39640041,1.69540719e-03,20
1150,Metropolis,metropolis,-1.39056104,2.52503392e-03,20
1150,Row-Update,mps,-1.39556441,1.74580486e-03,20
1150,Hybrid,mixture,-1.39640620,1.69651800e-03,20
1151,Metropolis,metropolis,-1.39056814,2.52607925e-03,20
1151,Row-Update,mps,-1.39558140,1.74959645e-03,20
1151,Hybrid,mixture,-1.39639945,1.69679172e-03,20
1152,Metropolis,metropolis,-1.39059187,2.52943783e-03,20
1152,Row-Update,mps,-1.39556941,1.75008503e-03,20
1152,Hybrid,mixture,-1.39640056,1.69194748e-03,20
1153,Metropolis,metropolis,-1.39057653,2.52813954e-03,20
1153,Row-Update,mps,-1.39557620,1.75381772e-03,20
1153,Hybrid,mixture,-1.39640627,1.69813738e-03,20
1154,Metropolis,metropolis,-1.39057254,2.53204082e-03,20
1154,Row-Update,mps,-1.39557256,1.75090120e-03,20
1154,Hybrid,mixture,-1.39641243,1.69715275e-03,20
1155,Metropolis,metropolis,-1.39058948,2.53321918e-03,20
1155,Row-Update,mps,-1.39559163,1.75162731e-03,20
1155,Hybrid,mixture,-1.39640497,1.69566280e-03,20
1156,Metropolis,metropolis,-1.39059062,2.52745504e-03,20
1156,Row-Update,mps,-1.39558727,1.74664589e-03,20
1156,Hybrid,mixture,-1.39642613,1.69547623e-03,20
1157,Metropolis,metropolis,-1.39060198,2.53155879e-03,20
1157,Row-Update,mps,-1.39558374,1.74846908e-03,20
1157,Hybrid,mixture,-1.39642949,1.69152781e-03,20
1158,Metropolis,metropolis,-1.39058283,2.52872940e-03,20
1158,Row-Update,mps,-1.39558362,1.74873943e-03,20
1158,Hybrid,mixture,-1.39642467,1.69630744e-03,20
1159,Metropolis,metropolis,-1.39055637,2.53294971e-03,20
1159,Row-Update,mps,-1.39557326,1.74601249e-03,20
1159,Hybrid,mixture,-1.39642689,1.69344579e-03,20
1160,Metropolis,metropolis,-1.39058619,2.53249873e-03,20
1160,Row-Update,mps,-1.39558626,1.75237204e-03,20
1160,Hybrid,mixture,-1.39642820,1.69327904e-03,20
1161,Metropolis,metropolis,-1.39059210,2.52899164e-03,20
1161,Row-Update,mps,-1.39558401,1.74988888e-03,20
1161,Hybrid,mixture,-1.39643235,1.69021275e-03,20
1162,Metropolis,metropolis,-1.39059520,2.53128390e-03,20
1162,Row-Update,mps,-1.39559485,1.75194635e-03,20
1162,Hybrid,mixture,-1.39641863,1.69513082e-03,20
1163,Metropolis,metropolis,-1.39059107,2.52833296e-03,20
1163,Row-Update,mps,-1.39560689,1.75310540e-03,20
1163,Hybrid,mixture,-1.39642010,1.69802864e-03,20
1164,Metropolis,metropolis,-1.39059226,2.52993201e-03,20
1164,Row-Update,mps,-1.39557372,1.75441559e-03,20
1164,Hybrid,mixture,-1.39642211,1.69195220e-03,20
1165,Metropolis,metropolis,-1.39059862,2.52917858e-03,20
1165,Row-Update,mps,-1.39560180,1.74959355e-03,20
1165,Hybrid,mixture,-1.39642413,1.69358792e-03,20
1166,Metropolis,metropolis,-1.39059651,2.52993704e-03,20
1166,Row-Update,mps,-1.39558937,1.74809732e-03,20
1166,Hybrid,mixture,-1.39641060,1.69883954e-03,20
1167,Metropolis,metropolis,-1.39058962,2.53238009e-03,20
1167,Row-Update,mps,-1.39558325,1.75169226e-03,20
1167,Hybrid,mixture,-1.39642087,1.69195448e-03,20
1168,Metropolis,metropolis,-1.39059532,2.53018355e-03,20
1168,Row-Update,mps,-1.39559134,1.74770201e-03,20
1168,Hybrid,mixture,-1.39642296,1.69542168e-03,20
1169,Metropolis,metropolis,-1.39060062,2.53266855e-03,20
1169,Row-Update,mps,-1.39559763,1.75065456e-03,20
1169,Hybrid,mixture,-1.39641555,1.69629509e-03,20
1170,Metropolis,metropolis,-1.39059595,2.53270447e-03,20
1170,Row-Update,mps,-1.39559135,1.75180947e-03,20
1170,Hybrid,mixture,-1.39641105,1.69789402e-03,20
1171,Metropolis,metropolis,-1.39060313,2.53367412e-03,20
1171,Row-Update,mps,-1.39559396,1.75043581e-03,20
1171,Hybrid,mixture,-1.39642175,1.69297385e-03,20
1172,Metropolis,metropolis,-1.39057301,2.52601177e-03,20
1172,Row-Update,mps,-1.39558987,1.75164421e-03,20
1172,Hybrid,mixture,-1.39643378,1.69309840e-03,20
1173,Metropolis,metropolis,-1.39059503,2.53025440e-03,20
1173,Row-Update,mps,-1.39559966,1.75123101e-03,20
1173,Hybrid,mixture,-1.39641256,1.70185556e-03,20
1174,Metropolis,metropolis,-1.39058981,2.53168114e-03,20
1174,Row-Update,mps,-1.39559268,1.75062557e-03,20
1174,Hybrid,mixture,-1.39642507,1.69305444e-03,20
1175,Metropolis,metropolis,-1.39059845,2.52906392e-03,20
1175,Row-Update,mps,-1.39558247,1.75047091e-03,20
1175,Hybrid,mixture,-1.39642025,1.69789595e-03,20
1176,Metropolis,metropolis,-1.39059916,2.53102863e-03,20
1176,Row-Update,mps,-1.39561674,1.75285971e-03,20
1176,Hybrid,mixture,-1.39642533,1.69736201e-03,20
1177,Metropolis,metropolis,-1.39059463,2.53179344e-03,20
1177,Row-Update,mps,-1.39560821,1.74915386e-03,20
1177,Hybrid,mixture,-1.39641603,1.69750348e-03,20
1178,Metropolis,metropolis,-1.39060639,2.53259485e-03,20
1178,Row-Update,mps,-1.39560165,1.75393460e-03,20
1178,Hybrid,mixture,-1.39638808,1.69958839e-03,20
1179,Metropolis,metropolis,-1.39060074,2.53192002e-03,20
1179,Row-Update,mps,-1.39559991,1.75391939e-03,20
1179,Hybrid,mixture,-1.39641543,1.69237083e-03,20
1180,Metropolis,metropolis,-1.39059649,2.53123098e-03,20
1180,Row-Update,mps,-1.39561529,1.74967454e-03,20
1180,Hybrid,mixture,-1.39644688,1.69989905e-03,20
1181,Metropolis,metropolis,-1.39059330,2.52880917e-03,20
1181,Row-Update,mps,-1.39560468,1.75339365e-03,20
1181,Hybrid,mixture,-1.39640681,1.70155603e-03,20
1182,Metropolis,metropolis,-1.39059889,2.53065565e-03,20
1182,Row-Update,mps,-1.39560496,1.75228042e-03,20
1182,Hybrid,mixture,-1.39638490,1.70087878e-03,20
1183,Metropolis,metropolis,-1.39059676,2.53059907e-03,20
1183,Row-Update,mps,-1.39562790,1.75100863e-03,20
1183,Hybrid,mixture,-1.39639883,1.70488063e-03,20
1184,Metropolis,metropolis,-1.39059111,2.52956267e-03,20
1184,Row-Update,mps,-1.39561031,1.75081460e-03,20
1184,Hybrid,mixture,-1.39640316,1.70086608e-03,20
1185,Metropolis,metropolis,-1.39059697,2.53031941e-03,20
1185,Row-Update,mps,-1.39561563,1.75491151e-03,20
1185,Hybrid,mixture,-1.39640293,1.69938357e-03,20
1186,Metropolis,metropolis,-1.39060629,2.53129762e-03,20
1186,Row-Update,mps,-1.39562587,1.75316155e-03,20
1186,Hybrid,mixture,-1.39644197,1.68805920e-03,20
1187,Metropolis,metropolis,-1.39061009,2.52969235e-03,20
1187,Row-Update,mps,-1.39564738,1.75502485e-03,20
1187,Hybrid,mixture,-1.39641521,1.69537376e-03,20
1188,Metropolis,metropolis,-1.39059427,2.53177667e-03,20
1188,Row-Update,mps,-1.39562488,1.75355741e-03,20
1188,Hybrid,mixture,-1.39642716,1.69373475e-03,20
1189,Metropolis,metropolis,-1.39060024,2.53019121e-03,20
1189,Row-Update,mps,-1.39561936,1.75120306e-03,20
1189,Hybrid,mixture,-1.39642043,1.69288915e-03,20
1190,Metropolis,metropolis,-1.39059252,2.53186574e-03,20
1190,Row-Update,mps,-1.39562204,1.75377744e-03,20
1190,Hybrid,mixture,-1.39641569,1.69164938e-03,20
1191,Metropolis,metropolis,-1.39060142,2.52880244e-03,20
1191,Row-Update,mps,-1.39563527,1.75309381e-03,20
1191,Hybrid,mixture,-1.39640744,1.68734948e-03,20
1192,Metropolis,metropolis,-1.39060098,2.52863588e-03,20
1192,Row-Update,mps,-1.39562505,1.75109790e-03,20
1192,Hybrid,mixture,-1.39642565,1.69816999e-03,20
1193,Metropolis,metropolis,-1.39060252,2.52922344e-03,20
1193,Row-Update,mps,-1.39563249,1.75487354e-03,20
1193,Hybrid,mixture,-1.39643373,1.69359874e-03,20
1194,Metropolis,metropolis,-1.39061355,2.53058157e-03,20
1194,Row-Update,mps,-1.39562286,1.75542199e-03,20
1194,Hybrid,mixture,-1.39642276,1.69770854e-03,20
1195,Metropolis,metropolis,-1.39059680,2.53157694e-03,20
1195,Row-Update,mps,-1.39562246,1.75711210e-03,20
1195,Hybrid,mixture,-1.39641160,1.69745254e-03,20
1196,Metropolis,metropolis,-1.39060269,2.52993653e-03,20
1196,Row-Update,mps,-1.39564898,1.75446793e-03,20
1196,Hybrid,mixture,-1.39642233,1.69711482e-03,20
1197,Metropolis,metropolis,-1.39059473,2.53090711e-03,20
1197,Row-Update,mps,-1.39565049,1.75497778e-03,20
1197,Hybrid,mixture,-1.39641875,1.69671565e-03,20
1198,Metropolis,metropolis,-1.39060489,2.53020869e-03,20
1198,Row-Update,mps,-1.39564223,1.75622555e-03,20
1198,Hybrid,mixture,-1.39640959,1.70060506e-03,20
1199,Metropolis,metropolis,-1.39059664,2.52610967e-03,20
1199,Row-Update,mps,-1.39565347,1.75674316e-03,20
1199,Hybrid,mixture,-1.39643536,1.69906858e-03,20
1200,Metropolis,metropolis,-1.39059380,2.52765759e-03,20
1200,Row-Update,mps,-1.39566185,1.75826482e-03,20
1200,Hybrid,mixture,-1.39641695,1.69797308e-03,20
1201,Metropolis,metropolis,-1.39060405,2.52608137e-03,20
1201,Row-Update,mps,-1.39563906,1.75432462e-03,20
1201,Hybrid,mixture,-1.39641401,1.69973183e-03,20
1202,Metropolis,metropolis,-1.39059078,2.52589270e-03,20
1202,Row-Update,mps,-1.39566267,1.75519127e-03,20
1202,Hybrid,mixture,-1.39640583,1.70165321e-03,20
1203,Metropolis,metropolis,-1.39060004,2.53116173e-03,20
1203,Row-Update,mps,-1.39565536,1.75628549e-03,20
1203,Hybrid,mixture,-1.39641130,1.70054796e-03,20
1204,Metropolis,metropolis,-1.39059887,2.53024446e-03,20
1204,Row-Update,mps,-1.39565688,1.75498766e-03,20
1204,Hybrid,mixture,-1.39641124,1.70078826e-03,20
1205,Metropolis,metropolis,-1.39061166,2.52700468e-03,20
1205,Row-Update,mps,-1.39564778,1.75833317e-03,20
1205,Hybrid,mixture,-1.39643079,1.69972651e-03,20
1206,Metropolis,metropolis,-1.39059834,2.52644099e-03,20
1206,Row-Update,mps,-1.39565735,1.76220976e-03,20
1206,Hybrid,mixture,-1.39643956,1.69789539e-03,20
1207,Metropolis,metropolis,-1.39060089,2.52750149e-03,20
1207,Row-Update,mps,-1.39565036,1.75971185e-03,20
1207,Hybrid,mixture,-1.39641753,1.69627371e-03,20
1208,Metropolis,metropolis,-1.39059191,2.52726690e-03,20
1208,Row-Update,mps,-1.39566220,1.75727284e-03,20
1208,Hybrid,mixture,-1.39640969,1.69858782e-03,20
1209,Metropolis,metropolis,-1.39060910,2.52780320e-03,20
1209,Row-Update,mps,-1.39566209,1.75731859e-03,20
1209,Hybrid,mixture,-1.39639645,1.70311683e-03,20
1210,Metropolis,metropolis,-1.39059793,2.52763020e-03,20
1210,Row-Update,mps,-1.39566736,1.75760681e-03,20
1210,Hybrid,mixture,-1.39640291,1.70071462e-03,20
1211,Metropolis,metropolis,-1.39059581,2.52853717e-03,20
1211,Row-Update,mps,-1.39567678,1.75824023e-03,20
1211,Hybrid,mixture,-1.39641361,1.70182776e-03,20
1212,Metropolis,metropolis,-1.39060477,2.52752625e-03,20
1212,Row-Update,mps,-1.39565043,1.75544543e-03,20
1212,Hybrid,mixture,-1.39641232,1.69680782e-03,20
1213,Metropolis,metropolis,-1.39061276,2.52693670e-03,20
1213,Row-Update,mps,-1.39567477,1.75681698e-03,20
1213,Hybrid,mixture,-1.39640546,1.69912258e-03,20
1214,Metropolis,metropolis,-1.39061319,2.52521109e-03,20
1214,Row-Update,mps,-1.39566482,1.75637800e-03,20
1214,Hybrid,mixture,-1.39640768,1.69966931e-03,20
1215,Metropolis,metropolis,-1.39061066,2.52650307e-03,20
1215,Row-Update,mps,-1.39567343,1.76261442e-03,20
1215,Hybrid,mixture,-1.39642954,1.69788280e-03,20
1216,Metropolis,metropolis,-1.39059529,2.52960666e-03,20
1216,Row-Update,mps,-1.39568467,1.76378001e-03,20
1216,Hybrid,mixture,-1.39642022,1.69404160e-03,20
1217,Metropolis,metropolis,-1.39060387,2.52753244e-03,20
1217,Row-Update,mps,-1.39569083,1.76150172e-03,20
1217,Hybrid,mixture,-1.39642771,1.69820969e-03,20
1218,Metropolis,metropolis,-1.39060680,2.52464333e-03,20
1218,Row-Update,mps,-1.39567744,1.75920934e-03,20
1218,Hybrid,mixture,-1.39643424,1.69470552e-03,20
1219,Metropolis,metropolis,-1.39061881,2.52745251e-03,20
1219,Row-Update,mps,-1.39567970,1.75867522e-03,20
1219,Hybrid,mixture,-1.39644472,1.69329515e-03,20
1220,Metropolis,metropolis,-1.39062158,2.52396643e-03,20
1220,Row-Update,mps,-1.39568145,1.76126736e-03,20
1220,Hybrid,mixture,-1.39644570,1.69109885e-03,20
1221,Metropolis,metropolis,-1.39061163,2.52686493e-03,20
1221,Row-Update,mps,-1.39568915,1.76048201e-03,20
1221,Hybrid,mixture,-1.39646164,1.69139799e-03,20
1222,Metropolis,metropolis,-1.39060916,2.52303224e-03,20
1222,Row-Update,mps,-1.39570906,1.75174750e-03,20
1222,Hybrid,mixture,-1.39645206,1.69308596e-03,20
1223,Metropolis,metropolis,-1.39062783,2.52527089e-03,20
1223,Row-Update,mps,-1.39568790,1.76064973e-03,20
1223,Hybrid,mixture,-1.39643683,1.69694448e-03,20
1224,Metropolis,metropolis,-1.39062547,2.52412443e-03,20
1224,Row-Update,mps,-1.39570697,1.76228936e-03,20
1224,Hybrid,mixture,-1.39641527,1.70083782e-03,20
1225,Metropolis,metropolis,-1.39062011,2.52452710e-03,20
1225,Row-Update,mps,-1.39568137,1.76172772e-03,20
1225,Hybrid,mixture,-1.39643102,1.69633334e-03,20
1226,Metropolis,metropolis,-1.39062827,2.51800122e-03,20
1226,Row-Update,mps,-1.39569969,1.76183082e-03,20
1226,Hybrid,mixture,-1.39646627,1.69017743e-03,20
1227,Metropolis,metropolis,-1.39062733,2.52144039e-03,20
1227,Row-Update,mps,-1.39569194,1.76097431e-03,20
1227,Hybrid,mixture,-1.39645165,1.69543098e-03,20
1228,Metropolis,metropolis,-1.39062010,2.52363509e-03,20
1228,Row-Update,mps,-1.39568996,1.76115875e-03,20
1228,Hybrid,mixture,-1.39644972,1.69436001e-03,20
1229,Metropolis,metropolis,-1.39062577,2.52516591e-03,20
1229,Row-Update,mps,-1.39571841,1.76228600e-03,20
1229,Hybrid,mixture,-1.39644605,1.69729755e-03,20
1230,Metropolis,metropolis,-1.39061503,2.52092593e-03,20
1230,Row-Update,mps,-1.39570648,1.76140071e-03,20
1230,Hybrid,mixture,-1.39645689,1.69685093e-03,20
1231,Metropolis,metropolis,-1.39061993,2.51964268e-03,20
1231,Row-Update,mps,-1.39570814,1.75729497e-03,20
1231,Hybrid,mixture,-1.39645348,1.70062457e-03,20
1232,Metropolis,metropolis,-1.39062401,2.52319480e-03,20
1232,Row-Update,mps,-1.39569787,1.76187154e-03,20
1232,Hybrid,mixture,-1.39644025,1.69742653e-03,20
1233,Metropolis,metropolis,-1.39063394,2.52193709e-03,20
1233,Row-Update,mps,-1.39570576,1.75879265e-03,20
1233,Hybrid,mixture,-1.39645131,1.69395661e-03,20
1234,Metropolis,metropolis,-1.39063157,2.52448869e-03,20
1234,Row-Update,mps,-1.39570459,1.76246148e-03,20
1234,Hybrid,mixture,-1.39645627,1.69749113e-03,20
1235,Metropolis,metropolis,-1.39062896,2.51841555e-03,20
1235,Row-Update,mps,-1.39569749,1.75858140e-03,20
1235,Hybrid,mixture,-1.39644875,1.70171786e-03,20
1236,Metropolis,metropolis,-1.39062425,2.51989731e-03,20
1236,Row-Update,mps,-1.39570692,1.76329287e-03,20
1236,Hybrid,mixture,-1.39645807,1.69675084e-03,20
1237,Metropolis,metropolis,-1.39063840,2.51526394e-03,20
1237,Row-Update,mps,-1.39571206,1.76149501e-03,20
1237,Hybrid,mixture,-1.39644290,1.69748215e-03,20
1238,Metropolis,metropolis,-1.39062692,2.51951330e-03,20
1238,Row-Update,mps,-1.39571214,1.76172278e-03,20
1238,Hybrid,mixture,-1.39646543,1.69809477e-03,20
1239,Metropolis,metropolis,-1.39063159,2.52079074e-03,20
1239,Row-Update,mps,-1.39572280,1.76108037e-03,20
1239,Hybrid,mixture,-1.39646440,1.69683395e-03,20
1240,Metropolis,metropolis,-1.39064529,2.51815583e-03,20
1240,Row-Update,mps,-1.39571138,1.76542902e-03,20
1240,Hybrid,mixture,-1.39646419,1.69972774e-03,20
1241,Metropolis,metropolis,-1.39064575,2.51457081e-03,20
1241,Row-Update,mps,-1.39572227,1.76191667e-03,20
1241,Hybrid,mixture,-1.39646185,1.70248917e-03,20
1242,Metropolis,metropolis,-1.39062759,2.51768941e-03,20
1242,Row-Update,mps,-1.39571309,1.76552962e-03,20
1242,Hybrid,mixture,-1.39646315,1.70433960e-03,20
1243,Metropolis,metropolis,-1.39062552,2.51716418e-03,20
1243,Row-Update,mps,-1.39571372,1.76230631e-03,20
1243,Hybrid,mixture,-1.39645023,1.70648841e-03,20
1244,Metropolis,metropolis,-1.39064601,2.51360137e-03,20
1244,Row-Update,mps,-1.39571493,1.76338942e-03,20
1244,Hybrid,mixture,-1.39644565,1.70867800e-03,20
1245,Metropolis,metropolis,-1.39064880,2.51305729e-03,20
1245,Row-Update,mps,-1.39571692,1.76229915e-03,20
1245,Hybrid,mixture,-1.39645863,1.70021567e-03,20
1246,Metropolis,metropolis,-1.39064272,2.51265686e-03,20
1246,Row-Update,mps,-1.39571567,1.76107909e-03,20
1246,Hybrid,mixture,-1.39647229,1.70169192e-03,20
1247,Metropolis,metropolis,-1.39064591,2.51304878e-03,20
1247,Row-Update,mps,-1.39572415,1.76160897e-03,20
1247,Hybrid,mixture,-1.39646909,1.70314118e-03,20
1248,Metropolis,metropolis,-1.39066499,2.51200971e-03,20
1248,Row-Update,mps,-1.39573329,1.76385766e-03,20
1248,Hybrid,mixture,-1.39646483,1.70629427e-03,20
1249,Metropolis,metropolis,-1.39066938,2.50820003e-03,20
1249,Row-Update,mps,-1.39572076,1.76203747e-03,20
1249,Hybrid,mixture,-1.39645297,1.70608950e-03,20
1250,Metropolis,metropolis,-1.39065809,2.51164548e-03,20
1250,Row-Update,mps,-1.39571731,1.76208517e-03,20
1250,Hybrid,mixture,-1.39649679,1.70205104e-03,20
1251,Metropolis,metropolis,-1.39065415,2.50951225e-03,20
1251,Row-Update,mps,-1.39572652,1.76430479e-03,20
1251,Hybrid,mixture,-1.39648648,1.70043281e-03,20
1252,Metropolis,metropolis,-1.39064890,2.50970259e-03,20
1252,Row-Update,mps,-1.39571887,1.76145958e-03,20
1252,Hybrid,mixture,-1.39648629,1.70088713e-03,20
1253,Metropolis,metropolis,-1.39064553,2.50923398e-03,20
1253,Row-Update,mps,-1.39572610,1.76498463e-03,20
1253,Hybrid,mixture,-1.39650993,1.69624862e-03,20
1254,Metropolis,metropolis,-1.39066553,2.50619618e-03,20
1254,Row-Update,mps,-1.39572638,1.76404743e-03,20
1254,Hybrid,mixture,-1.39649101,1.69763988e-03,20
1255,Metropolis,metropolis,-1.39067050,2.50709265e-03,20
1255,Row-Update,mps,-1.39573720,1.76327938e-03,20
1255,Hybrid,mixture,-1.39651919,1.70074022e-03,20
1256,Metropolis,metropolis,-1.39066333,2.50379512e-03,20
1256,Row-Update,mps,-1.39572577,1.76307073e-03,20
1256,Hybrid,mixture,-1.39650900,1.69537855e-03,20
1257,Metropolis,metropolis,-1.39067383,2.50651030e-03,20
1257,Row-Update,mps,-1.39571622,1.76091437e-03,20
1257,Hybrid,mixture,-1.39650091,1.69625213e-03,20
1258,Metropolis,metropolis,-1.39067991,2.50456178e-03,20
1258,Row-Update,mps,-1.39573455,1.76198673e-03,20
1258,Hybrid,mixture,-1.39648953,1.69020250e-03,20
1259,Metropolis,metropolis,-1.39066427,2.50489707e-03,20
1259,Row-Update,mps,-1.39573757,1.76514613e-03,20
1259,Hybrid,mixture,-1.39651561,1.69519917e-03,20
1260,Metropolis,metropolis,-1.39066667,2.50351327e-03,20
1260,Row-Update,mps,-1.39573786,1.76353386e-03,20
1260,Hybrid,mixture,-1.39651664,1.69591040e-03,20
1261,Metropolis,metropolis,-1.39069288,2.50343686e-03,20
1261,Row-Update,mps,-1.39574048,1.76594311e-03,20
1261,Hybrid,mixture,-1.39650342,1.70305792e-03,20
1262,Metropolis,metropolis,-1.39067033,2.49998062e-03,20
1262,Row-Update,mps,-1.39572680,1.76126092e-03,20
1262,Hybrid,mixture,-1.39651931,1.69901993e-03,20
1263,Metropolis,metropolis,-1.39069184,2.50183557e-03,20
1263,Row-Update,mps,-1.39575481,1.76459375e-03,20
1263,Hybrid,mixture,-1.39651945,1.69797473e-03,20
1264,Metropolis,metropolis,-1.39067884,2.50134218e-03,20
1264,Row-Update,mps,-1.39575199,1.76573100e-03,20
1264,Hybrid,mixture,-1.39652856,1.69428957e-03,20
1265,Metropolis,metropolis,-1.39068328,2.50004237e-03,20
1265,Row-Update,mps,-1.39573186,1.76223457e-03,20
1265,Hybrid,mixture,-1.39651635,1.69589156e-03,20
1266,Metropolis,metropolis,-1.39069813,2.49752031e-03,20
1266,Row-Update,mps,-1.39576874,1.76537009e-03,20
1266,Hybrid,mixture,-1.39653418,1.69548212e-03,20
1267,Metropolis,metropolis,-1.39069519,2.50016387e-03,20
1267,Row-Update,mps,-1.39576215,1.76366764e-03,20
1267,Hybrid,mixture,-1.39654006,1.69805637e-03,20
1268,Metropolis,metropolis,-1.39069482,2.49957162e-03,20
1268,Row-Update,mps,-1.39576325,1.76650857e-03,20
1268,Hybrid,mixture,-1.39652566,1.69732688e-03,20
1269,Metropolis,metropolis,-1.39069301,2.49811145e-03,20
1269,Row-Update,mps,-1.39575912,1.76749450e-03,20
1269,Hybrid,mixture,-1.39652619,1.69752909e-03,20
1270,Metropolis,metropolis,-1.39068871,2.49934258e-03,20
1270,Row-Update,mps,-1.39572638,1.76258095e-03,20
1270,Hybrid,mixture,-1.39653220,1.69586631e-03,20
1271,Metropolis,metropolis,-1.39070263,2.49711505e-03,20
1271,Row-Update,mps,-1.39576859,1.76456739e-03,20
1271,Hybrid,mixture,-1.39652234,1.70159352e-03,20
1272,Metropolis,metropolis,-1.39070419,2.49762924e-03,20
1272,Row-Update,mps,-1.39574997,1.76499138e-03,20
1272,Hybrid,mixture,-1.39654667,1.69333286e-03,20
1273,Metropolis,metropolis,-1.39070542,2.49778482e-03,20
1273,Row-Update,mps,-1.39577211,1.76817317e-03,20
1273,Hybrid,mixture,-1.39654731,1.69653419e-03,20
1274,Metropolis,metropolis,-1.39070338,2.49650474e-03,20
1274,Row-Update,mps,-1.39577213,1.76633815e-03,20
1274,Hybrid,mixture,-1.39652544,1.69680776e-03,20
1275,Metropolis,metropolis,-1.39069804,2.49792001e-03,20
1275,Row-Update,mps,-1.39577743,1.76262962e-03,20
1275,Hybrid,mixture,-1.39653880,1.69309213e-03,20
1276,Metropolis,metropolis,-1.39069132,2.49272048e-03,20
1276,Row-Update,mps,-1.39577859,1.76753759e-03,20
1276,Hybrid,mixture,-1.39651612,1.70171701e-03,20
1277,Metropolis,metropolis,-1.39069308,2.49272441e-03,20
1277,Row-Update,mps,-1.39575941,1.76621179e-03,20
1277,Hybrid,mixture,-1.39651708,1.69951394e-03,20
1278,Metropolis,metropolis,-1.39070075,2.49631625e-03,20
1278,Row-Update,mps,-1.39577534,1.76790926e-03,20
1278,Hybrid,mixture,-1.39652592,1.70216808e-03,20
1279,Metropolis,metropolis,-1.39069829,2.49614341e-03,20
1279,Row-Update,mps,-1.39578517,1.76810459e-03,20
1279,Hybrid,mixture,-1.39650617,1.70468209e-03,20
1280,Metropolis,metropolis,-1.39069625,2.49713976e-03,20
1280,Row-Update,mps,-1.39578070,1.76607365e-03,20
1280,Hybrid,mixture,-1.39650102,1.70550607e-03,20
1281,Metropolis,metropolis,-1.39070892,2.49309565e-03,20
1281,Row-Update,mps,-1.39579119,1.76812072e-03,20
1281,Hybrid,mixture,-1.39651051,1.70041392e-03,20
1282,Metropolis,metropolis,-1.39070519,2.49641220e-03,20
1282,Row-Update,mps,-1.39579285,1.76684601e-03,20
1282,Hybrid,mixture,-1.39653014,1.70775147e-03,20
1283,Metropolis,metropolis,-1.39071691,2.49252607e-03,20
1283,Row-Update,mps,-1.39581287,1.76667336e-03,20
1283,Hybrid,mixture,-1.39653911,1.70191490e-03,20
1284,Metropolis,metropolis,-1.39070210,2.49520262e-03,20
1284,Row-Update,mps,-1.39579766,1.76804600e-03,20
1284,Hybrid,mixture,-1.39653074,1.70413502e-03,20
1285,Metropolis,metropolis,-1.39071032,2.49418353e-03,20
1285,Row-Update,mps,-1.39577309,1.76506265e-03,20
1285,Hybrid,mixture,-1.39651303,1.70342786e-03,20
1286,Metropolis,metropolis,-1.39071744,2.49585939e-03,20
1286,Row-Update,mps,-1.39580190,1.76720902e-03,20
1286,Hybrid,mixture,-1.39652998,1.70410465e-03,20
1287,Metropolis,metropolis,-1.39071222,2.49131521e-03,20
1287,Row-Update,mps,-1.39580875,1.76956908e-03,20
1287,Hybrid,mixture,-1.39652438,1.70145672e-03,20
1288,Metropolis,metropolis,-1.39071615,2.49352186e-03,20
1288,Row-Update,mps,-1.39579623,1.76824938e-03,20
1288,Hybrid,mixture,-1.39655256,1.70063749e-03,20
1289,Metropolis,metropolis,-1.39070495,2.49434852e-03,20
1289,Row-Update,mps,-1.39579951,1.77020174e-03,20
1289,Hybrid,mixture,-1.39651482,1.70009054e-03,20
1290,Metropolis,metropolis,-1.39071140,2.49386039e-03,20
1290,Row-Update,mps,-1.39581113,1.76974590e-03,20
1290,Hybrid,mixture,-1.39652039,1.70769222e-03,20
1291,Metropolis,metropolis,-1.39071569,2.49092506e-03,20
1291,Row-Update,mps,-1.39578836,1.76332279e-03,20
1291,Hybrid,mixture,-1.39651092,1.69849262e-03,20
1292,Metropolis,metropolis,-1.39071796,2.49236037e-03,20
1292,Row-Update,mps,-1.39581143,1.76844568e-03,20
1292,Hybrid,mixture,-1.39652489,1.70502236e-03,20
1293,Metropolis,metropolis,-1.39070002,2.49289703e-03,20
1293,Row-Update,mps,-1.39580970,1.76597495e-03,20
1293,Hybrid,mixture,-1.39654850,1.70086128e-03,20
1294,Metropolis,metropolis,-1.39072160,2.49324946e-03,20
1294,Row-Update,mps,-1.39579983,1.77031865e-03,20
1294,Hybrid,mixture,-1.39653872,1.70184157e-03,20
1295,Metropolis,metropolis,-1.39070991,2.49453739e-03,20
1295,Row-Update,mps,-1.39579067,1.76662813e-03,20
1295,Hybrid,mixture,-1.39652599,1.69854245e-03,20
1296,Metropolis,metropolis,-1.39069938,2.49121759e-03,20
1296,Row-Update,mps,-1.39582143,1.76955003e-03,20
1296,Hybrid,mixture,-1.39655409,1.69496350e-03,20
1297,Metropolis,metropolis,-1.39071718,2.49269243e-03,20
1297,Row-Update,mps,-1.39580748,1.76861354e-03,20
1297,Hybrid,mixture,-1.39652166,1.70102872e-03,20
1298,Metropolis,metropolis,-1.39071670,2.49370443e-03,20
1298,Row-Update,mps,-1.39581263,1.76780305e-03,20
1298,Hybrid,mixture,-1.39654426,1.70281892e-03,20
1299,Metropolis,metropolis,-1.39072725,2.49033729e-03,20
1299,Row-Update,mps,-1.39581219,1.76782359e-03,20
1299,Hybrid,mixture,-1.39657274,1.69331540e-03,20
1300,Metropolis,metropolis,-1.39071288,2.49236480e-03,20
1300,Row-Update,mps,-1.39580130,1.77218324e-03,20
1300,Hybrid,mixture,-1.39655841,1.69335135e-03,20
1301,Metropolis,metropolis,-1.39071726,2.49037361e-03,20
1301,Row-Update,mps,-1.39581500,1.77074528e-03,20
1301,Hybrid,mixture,-1.39655887,1.69539860e-03,20
1302,Metropolis,metropolis,-1.39071031,2.49332835e-03,20
1302,Row-Update,mps,-1.39581450,1.76934146e-03,20
1302,Hybrid,mixture,-1.39653211,1.70092991e-03,20
1303,Metropolis,metropolis,-1.39072264,2.49145297e-03,20
1303,Row-Update,mps,-1.39581389,1.76756261e-03,20
1303,Hybrid,mixture,-1.39654434,1.69974272e-03,20
1304,Metropolis,metropolis,-1.39070708,2.49390433e-03,20
1304,Row-Update,mps,-1.39582082,1.76893101e-03,20
1304,Hybrid,mixture,-1.39654365,1.69662027e-03,20
1305,Metropolis,metropolis,-1.39071374,2.49237736e-03,20
1305,Row-Update,mps,-1.39582399,1.76997431e-03,20
1305,Hybrid,mixture,-1.39654507,1.69986697e-03,20
1306,Metropolis,metropolis,-1.39071612,2.49013113e-03,20
1306,Row-Update,mps,-1.39581701,1.77116221e-03,20
1306,Hybrid,mixture,-1.39653260,1.70205085e-03,20
1307,Metropolis,metropolis,-1.39072212,2.49427464e-03,20
1307,Row-Update,mps,-1.39582337,1.76974483e-03,20
1307,Hybrid,mixture,-1.39654741,1.69259610e-03,20
1308,Metropolis,metropolis,-1.39071259,2.49188648e-03,20
1308,Row-Update,mps,-1.39583159,1.77039095e-03,20
1308,Hybrid,mixture,-1.39655417,1.69504033e-03,20
1309,Metropolis,metropolis,-1.39071431,2.49057729e-03,20
1309,Row-Update,mps,-1.39582973,1.76583965e-03,20
1309,Hybrid,mixture,-1.39655311,1.69676079e-03,20
1310,Metropolis,metropolis,-1.39071522,2.49286717e-03,20
1310,Row-Update,mps,-1.39581603,1.77047797e-03,20
1310,Hybrid,mixture,-1.39655356,1.69733864e-03,20
1311,Metropolis,metropolis,-1.39073426,2.48795226e-03,20
1311,Row-Update,mps,-1.39581842,1.77259026e-03,20
1311,Hybrid,mixture,-1.39655041,1.69301618e-03,20
1312,Metropolis,metropolis,-1.39073123,2.49270218e-03,20
1312,Row-Update,mps,-1.39583085,1.76727475e-03,20
1312,Hybrid,mixture,-1.39655614,1.69767667e-03,20
1313,Metropolis,metropolis,-1.39072188,2.49025805e-03,20
1313,Row-Update,mps,-1.39581655,1.77364204e-03,20
1313,Hybrid,mixture,-1.39656315,1.69258812e-03,20
1314,Metropolis,metropolis,-1.39070574,2.49024865e-03,20
1314,Row-Update,mps,-1.39582468,1.76835151e-03,20
1314,Hybrid,mixture,-1.39656525,1.69067896e-03,20
1315,Metropolis,metropolis,-1.39070467,2.48836181e-03,20
1315,Row-Update,mps,-1.39582830,1.77080031e-03,20
1315,Hybrid,mixture,-1.39655831,1.69293440e-03,20
1316,Metropolis,metropolis,-1.39072357,2.48885336e-03,20
1316,Row-Update,mps,-1.39583479,1.77132005e-03,20
1316,Hybrid,mixture,-1.39657581,1.69241840e-03,20
1317,Metropolis,metropolis,-1.39072957,2.49081122e-03,20
1317,Row-Update,mps,-1.39583822,1.76877847e-03,20
1317,Hybrid,mixture,-1.39655731,1.69812262e-03,20
1318,Metropolis,metropolis,-1.39072818,2.49092896e-03,20
1318,Row-Update,mps,-1.39582875,1.76812207e-03,20
1318,Hybrid,mixture,-1.39656809,1.69145545e-03,20
1319,Metropolis,metropolis,-1.39072133,2.49150970e-03,20
1319,Row-Update,mps,-1.39583164,1.77049598e-03,20
1319,Hybrid,mixture,-1.39654748,1.69675589e-03,20
1320,Metropolis,metropolis,-1.39072728,2.49195357e-03,20
1320,Row-Update,mps,-1.39582347,1.76786786e-03,20
1320,Hybrid,mixture,-1.39654619,1.69717825e-03,20
1321,Metropolis,metropolis,-1.39071663,2.49088441e-03,20
1321,Row-Update,mps,-1.39582931,1.76695778e-03,20
1321,Hybrid,mixture,-1.39654660,1.69731761e-03,20
1322,Metropolis,metropolis,-1.39072186,2.49087090e-03,20
1322,Row-Update,mps,-1.39582976,1.76855796e-03,20
1322,Hybrid,mixture,-1.39655427,1.69454648e-03,20
1323,Metropolis,metropolis,-1.39072572,2.48941992e-03,20
1323,Row-Update,mps,-1.39584731,1.76809924e-03,20
1323,Hybrid,mixture,-1.39656384,1.69285655e-03,20
1324,Metropolis,metropolis,-1.39073075,2.49249441e-03,20
1324,Row-Update,mps,-1.39583677,1.76843391e-03,20
1324,Hybrid,mixture,-1.39655802,1.69184185e-03,20
1325,Metropolis,metropolis,-1.39072946,2.49179009e-03,20
1325,Row-Update,mps,-1.39583637,1.77002814e-03,20
1325,Hybrid,mixture,-1.39656507,1.69124631e-03,20
1326,Metropolis,metropolis,-1.39072640,2.49467672e-03,20
1326,Row-Update,mps,-1.39584549,1.77228550e-03,20
1326,Hybrid,mixture,-1.39657670,1.69316872e-03,20
1327,Metropolis,metropolis,-1.39073740,2.49028750e-03,20
1327,Row-Update,mps,-1.39583898,1.77109382e-03,20
1327,Hybrid,mixture,-1.39658375,1.68976873e-03,20
1328,Metropolis,metropolis,-1.39071247,2.49043661e-03,20
1328,Row-Update,mps,-1.39583634,1.77087507e-03,20
1328,Hybrid,mixture,-1.39656598,1.69168184e-03,20
1329,Metropolis,metropolis,-1.39073104,2.49016822e-03,20
1329,Row-Update,mps,-1.39583543,1.76857859e-03,20
1329,Hybrid,mixture,-1.39657230,1.68898131e-03,20
1330,Metropolis,metropolis,-1.39072030,2.49008815e-03,20
1330,Row-Update,mps,-1.39584888,1.77254915e-03,20
1330,Hybrid,mixture,-1.39657012,1.69022521e-03,20
1331,Metropolis,metropolis,-1.39071071,2.49214993e-03,20
1331,Row-Update,mps,-1.39582862,1.77311669e-03,20
1331,Hybrid,mixture,-1.39658777,1.69273535e-03,20
1332,Metropolis,metropolis,-1.39073899,2.49160921e-03,20
1332,Row-Update,mps,-1.39584802,1.76654472e-03,20
1332,Hybrid,mixture,-1.39658289,1.68818619e-03,20
1333,Metropolis,metropolis,-1.39073564,2.48556696e-03,20
1333,Row-Update,mps,-1.39585526,1.76968951e-03,20
1333,Hybrid,mixture,-1.39656019,1.69153809e-03,20
1334,Metropolis,metropolis,-1.39071843,2.49009417e-03,20
1334,Row-Update,mps,-1.39585684,1.77183518e-03,20
1334,Hybrid,mixture,-1.39657816,1.69113995e-03,20
1335,Metropolis,metropolis,-1.39073689,2.49190594e-03,20
1335,Row-Update,mps,-1.39585614,1.76926733e-03,20
1335,Hybrid,mixture,-1.39654275,1.69526392e-03,20
1336,Metropolis,metropolis,-1.39071977,2.48970463e-03,20
1336,Row-Update,mps,-1.39585743,1.77134372e-03,20
1336,Hybrid,mixture,-1.39656999,1.69195509e-03,20
1337,Metropolis,metropolis,-1.39071269,2.48916782e-03,20
1337,Row-Update,mps,-1.39585965,1.76783218e-03,20
1337,Hybrid,mixture,-1.39655235,1.69485294e-03,20
1338,Metropolis,metropolis,-1.39072700,2.48913144e-03,20
1338,Row-Update,mps,-1.39586063,1.77112983e-03,20
1338,Hybrid,mixture,-1.39658302,1.68842515e-03,20
1339,Metropolis,metropolis,-1.39072930,2.49015622e-03,20
1339,Row-Update,mps,-1.39586383,1.77063047e-03,20
1339,Hybrid,mixture,-1.39656791,1.69071669e-03,20
1340,Metropolis,metropolis,-1.39072878,2.49120219e-03,20
1340,Row-Update,mps,-1.39584840,1.77124060e-03,20
1340,Hybrid,mixture,-1.39655086,1.69412601e-03,20
1341,Metropolis,metropolis,-1.39072419,2.48874225e-03,20
1341,Row-Update,mps,-1.39586996,1.77473507e-03,20
1341,Hybrid,mixture,-1.39656838,1.69296996e-03,20
1342,Metropolis,metropolis,-1.39071452,2.48914528e-03,20
1342,Row-Update,mps,-1.39585735,1.77088234e-03,20
1342,Hybrid,mixture,-1.39658900,1.68568385e-03,20
1343,Metropolis,metropolis,-1.39072895,2.48946482e-03,20
1343,Row-Update,mps,-1.39586241,1.77303860e-03,20
1343,Hybrid,mixture,-1.39657810,1.69207979e-03,20
1344,Metropolis,metropolis,-1.39072507,2.49032396e-03,20
1344,Row-Update,mps,-1.39587152,1.77263969e-03,20
1344,Hybrid,mixture,-1.39657209,1.69329867e-03,20
1345,Metropolis,metropolis,-1.39071651,2.49292790e-03,20
1345,Row-Update,mps,-1.39587105,1.76988060e-03,20
1345,Hybrid,mixture,-1.39654270,1.69683173e-03,20
1346,Metropolis,metropolis,-1.39072908,2.48742507e-03,20
1346,Row-Update,mps,-1.39587181,1.77044877e-03,20
1346,Hybrid,mixture,-1.39653979,1.70040255e-03,20
1347,Metropolis,metropolis,-1.39073983,2.48902159e-03,20
1347,Row-Update,mps,-1.39588273,1.76945494e-03,20
1347,Hybrid,mixture,-1.39653324,1.70018787e-03,20
1348,Metropolis,metropolis,-1.39072673,2.49112089e-03,20
1348,Row-Update,mps,-1.39586951,1.77320433e-03,20
1348,Hybrid,mixture,-1.39656979,1.69162712e-03,20
1349,Metropolis,metropolis,-1.39072647,2.48845942e-03,20
1349,Row-Update,mps,-1.39588276,1.77502327e-03,20
1349,Hybrid,mixture,-1.39656990,1.69165244e-03,20
1350,Metropolis,metropolis,-1.39074378,2.49479758e-03,20
1350,Row-Update,mps,-1.39589010,1.77474223e-03,20
1350,Hybrid,mixture,-1.39654316,1.69631909e-03,20
1351,Metropolis,metropolis,-1.39072997,2.49059722e-03,20
1351,Row-Update,mps,-1.39589312,1.77344441e-03,20
1351,Hybrid,mixture,-1.39654652,1.69526634e-03,20
1352,Metropolis,metropolis,-1.39073056,2.48805735e-03,20
1352,Row-Update,mps,-1.39590793,1.77729477e-03,20
1352,Hybrid,mixture,-1.39655114,1.69864583e-03,20
1353,Metropolis,metropolis,-1.39071691,2.49017529e-03,20
1353,Row-Update,mps,-1.39590475,1.77740488e-03,20
1353,Hybrid,mixture,-1.39654274,1.69323167e-03,20
1354,Metropolis,metropolis,-1.39073147,2.49114994e-03,20
1354,Row-Update,mps,-1.39588723,1.76704414e-03,20
1354,Hybrid,mixture,-1.39655363,1.69736609e-03,20
1355,Metropolis,metropolis,-1.39072198,2.48961385e-03,20
1355,Row-Update,mps,-1.39590016,1.77309923e-03,20
1355,Hybrid,mixture,-1.39654798,1.70181781e-03,20
1356,Metropolis,metropolis,-1.39071890,2.49217699e-03,20
1356,Row-Update,mps,-1.39588792,1.77177810e-03,20
1356,Hybrid,mixture,-1.39657432,1.69304714e-03,20
1357,Metropolis,metropolis,-1.39073314,2.49061943e-03,20
1357,Row-Update,mps,-1.39589239,1.77378398e-03,20
1357,Hybrid,mixture,-1.39653060,1.69947607e-03,20
1358,Metropolis,metropolis,-1.39073503,2.48939052e-03,20
1358,Row-Update,mps,-1.39589370,1.77649836e-03,20
1358,Hybrid,mixture,-1.39655095,1.69227200e-03,20
1359,Metropolis,metropolis,-1.39071352,2.49527035e-03,20
1359,Row-Update,mps,-1.39589547,1.77524821e-03,20
1359,Hybrid,mixture,-1.39656818,1.69547428e-03,20
1360,Metropolis,metropolis,-1.39073280,2.48976997e-03,20
1360,Row-Update,mps,-1.39590975,1.77490074e-03,20
1360,Hybrid,mixture,-1.39653516,1.69786675e-03,20
1361,Metropolis,metropolis,-1.39072517,2.48953819e-03,20
1361,Row-Update,mps,-1.39591271,1.77405765e-03,20
1361,Hybrid,mixture,-1.39656402,1.69256453e-03,20
1362,Metropolis,metropolis,-1.39072702,2.49098958e-03,20
1362,Row-Update,mps,-1.39589546,1.77402178e-03,20
1362,Hybrid,mixture,-1.39656380,1.69339588e-03,20
1363,Metropolis,metropolis,-1.39072803,2.49084370e-03,20
1363,Row-Update,mps,-1.39591136,1.77473846e-03,20
1363,Hybrid,mixture,-1.39652553,1.70291906e-03,20
1364,Metropolis,metropolis,-1.39071834,2.49104425e-03,20
1364,Row-Update,mps,-1.39591165,1.77398284e-03,20
1364,Hybrid,mixture,-1.39655144,1.69704712e-03,20
1365,Metropolis,metropolis,-1.39071261,2.49227770e-03,20
1365,Row-Update,mps,-1.39591366,1.77524616e-03,20
1365,Hybrid,mixture,-1.39657818,1.68937960e-03,20
1366,Metropolis,metropolis,-1.39072960,2.49080300e-03,20
1366,Row-Update,mps,-1.39589821,1.77618871e-03,20
1366,Hybrid,mixture,-1.39656828,1.68764148e-03,20
1367,Metropolis,metropolis,-1.39072334,2.48943346e-03,20
1367,Row-Update,mps,-1.39590282,1.77334322e-03,20
1367,Hybrid,mixture,-1.39657419,1.69426452e-03,20
1368,Metropolis,metropolis,-1.39073116,2.48758873e-03,20
1368,Row-Update,mps,-1.39590793,1.77541140e-03,20
1368,Hybrid,mixture,-1.39657285,1.69202572e-03,20
1369,Metropolis,metropolis,-1.39073001,2.49056144e-03,20
1369,Row-Update,mps,-1.39592223,1.77427406e-03,20
1369,Hybrid,mixture,-1.39657277,1.69178044e-03,20
1370,Metropolis,metropolis,-1.39073766,2.48723391e-03,20
1370,Row-Update,mps,-1.39590839,1.77691226e-03,20
1370,Hybrid,mixture,-1.39657539,1.68902993e-03,20
1371,Metropolis,metropolis,-1.39072341,2.49141408e-03,20
1371,Row-Update,mps,-1.39591648,1.77263453e-03,20
1371,Hybrid,mixture,-1.39656304,1.69243413e-03,20
1372,Metropolis,metropolis,-1.39073308,2.48801438e-03,20
1372,Row-Update,mps,-1.39591868,1.77486712e-03,20
1372,Hybrid,mixture,-1.39657411,1.68914488e-03,20
1373,Metropolis,metropolis,-1.39073582,2.48969271e-03,20
1373,Row-Update,mps,-1.39589420,1.76897102e-03,20
1373,Hybrid,mixture,-1.39656250,1.69511403e-03,20
1374,Metropolis,metropolis,-1.39073817,2.49093471e-03,20
1374,Row-Update,mps,-1.39592646,1.77464726e-03,20
1374,Hybrid,mixture,-1.39653814,1.70615443e-03,20
1375,Metropolis,metropolis,-1.39073517,2.49062262e-03,20
1375,Row-Update,mps,-1.39593138,1.77661470e-03,20
1375,Hybrid,mixture,-1.39656415,1.69682812e-03,20
1376,Metropolis,metropolis,-1.39072935,2.49085219e-03,20
1376,Row-Update,mps,-1.39591952,1.77927121e-03,20
1376,Hybrid,mixture,-1.39657247,1.69061115e-03,20
1377,Metropolis,metropolis,-1.39072838,2.49137684e-03,20
1377,Row-Update,mps,-1.39591493,1.77654854e-03,20
1377,Hybrid,mixture,-1.39658166,1.69095911e-03,20
1378,Metropolis,metropolis,-1.39073916,2.48901974e-03,20
1378,Row-Update,mps,-1.39591405,1.77809906e-03,20
1378,Hybrid,mixture,-1.39657055,1.69235865e-03,20
1379,Metropolis,metropolis,-1.39073422,2.49203296e-03,20
1379,Row-Update,mps,-1.39592262,1.77679058e-03,20
1379,Hybrid,mixture,-1.39657076,1.68970809e-03,20
1380,Metropolis,metropolis,-1.39072335,2.48829361e-03,20
1380,Row-Update,mps,-1.39591739,1.77756984e-03,20
1380,Hybrid,mixture,-1.39656618,1.69347615e-03,20
1381,Metropolis,metropolis,-1.39072201,2.49049613e-03,20
1381,Row-Update,mps,-1.39592481,1.77486090e-03,20
1381,Hybrid,mixture,-1.39657598,1.69156876e-03,20
1382,Metropolis,metropolis,-1.39073219,2.48903409e-03,20
1382,Row-Update,mps,-1.39592402,1.77718877e-03,20
1382,Hybrid,mixture,-1.39654890,1.68980602e-03,20
1383,Metropolis,metropolis,-1.39073376,2.49128558e-03,20
1383,Row-Update,mps,-1.39591116,1.77634835e-03,20
1383,Hybrid,mixture,-1.39656415,1.69137782e-03,20
1384,Metropolis,metropolis,-1.39072060,2.49220383e-03,20
1384,Row-Update,mps,-1.39593743,1.77588509e-03,20
1384,Hybrid,mixture,-1.39656654,1.68841531e-03,20
1385,Metropolis,metropolis,-1.39072990,2.49114418e-03,20
1385,Row-Update,mps,-1.39591734,1.77586115e-03,20
1385,Hybrid,mixture,-1.39656144,1.69367913e-03,20
1386,Metropolis,metropolis,-1.39073801,2.48999270e-03,20
1386,Row-Update,mps,-1.39593003,1.77732376e-03,20
1386,Hybrid,mixture,-1.39657174,1.69060597e-03,20
1387,Metropolis,metropolis,-1.39073519,2.48970785e-03,20
1387,Row-Update,mps,-1.39593137,1.77540530e-03,20
1387,Hybrid,mixture,-1.39657014,1.68922009e-03,20
1388,Metropolis,metropolis,-1.39074019,2.49134068e-03,20
1388,Row-Update,mps,-1.39592736,1.77468189e-03,20
1388,Hybrid,mixture,-1.39656149,1.69177226e-03,20
1389,Metropolis,metropolis,-1.39072582,2.48996210e-03,20
1389,Row-Update,mps,-1.39593381,1.77723297e-03,20
1389,Hybrid,mixture,-1.39656334,1.69528403e-03,20
1390,Metropolis,metropolis,-1.39073242,2.49051688e-03,20
1390,Row-Update,mps,-1.39590722,1.77422089e-03,20
1390,Hybrid,mixture,-1.39658510,1.69016294e-03,20
1391,Metropolis,metropolis,-1.39073317,2.49209001e-03,20
1391,Row-Update,mps,-1.39593380,1.77609022e-03,20
1391,Hybrid,mixture,-1.39658234,1.68749682e-03,20
1392,Metropolis,metropolis,-1.39073163,2.49124967e-03,20
1392,Row-Update,mps,-1.39592140,1.77629683e-03,20
1392,Hybrid,mixture,-1.39659424,1.68374886e-03,20
1393,Metropolis,metropolis,-1.39073636,2.49237137e-03,20
1393,Row-Update,mps,-1.39593542,1.77524298e-03,20
1393,Hybrid,mixture,-1.39659281,1.68211975e-03,20
1394,Metropolis,metropolis,-1.39073697,2.48809705e-03,20
1394,Row-Update,mps,-1.39592350,1.77654063e-03,20
1394,Hybrid,mixture,-1.39655996,1.69029385e-03,20
1395,Metropolis,metropolis,-1.39072601,2.48937924e-03,20
1395,Row-Update,mps,-1.39592276,1.77669641e-03,20
1395,Hybrid,mixture,-1.39654522,1.69987335e-03,20
1396,Metropolis,metropolis,-1.39072336,2.49227767e-03,20
1396,Row-Update,mps,-1.39592856,1.77690977e-03,20
1396,Hybrid,mixture,-1.39658896,1.68189373e-03,20
1397,Metropolis,metropolis,-1.39072979,2.49231048e-03,20
1397,Row-Update,mps,-1.39593860,1.77377667e-03,20
1397,Hybrid,mixture,-1.39658801,1.68512681e-03,20
1398,Metropolis,metropolis,-1.39073819,2.48962967e-03,20
1398,Row-Update,mps,-1.39592750,1.77780621e-03,20
1398,Hybrid,mixture,-1.39658210,1.68925263e-03,20
1399,Metropolis,metropolis,-1.39073857,2.49032802e-03,20
1399,Row-Update,mps,-1.39591188,1.77638518e-03,20
1399,Hybrid,mixture,-1.39658299,1.68330775e-03,20
1400,Metropolis,metropolis,-1.39072833,2.49200143e-03,20
1400,Row-Update,mps,-1.39593172,1.77510721e-03,20
1400,Hybrid,mixture,-1.39658517,1.68809359e-03,20
1401,Metropolis,metropolis,-1.39073335,2.49083149e-03,20
1401,Row-Update,mps,-1.39592646,1.77846727e-03,20
1401,Hybrid,mixture,-1.39659005,1.68795731e-03,20
1402,Metropolis,metropolis,-1.39073184,2.48939002e-03,20
1402,Row-Update,mps,-1.39592771,1.77428251e-03,20
1402,Hybrid,mixture,-1.39656737,1.69137730e-03,20
1403,Metropolis,metropolis,-1.39072620,2.48746103e-03,20
1403,Row-Update,mps,-1.39593769,1.77603479e-03,20
1403,Hybrid,mixture,-1.39658173,1.69049567e-03,20
1404,Metropolis,metropolis,-1.39072539,2.49236745e-03,20
1404,Row-Update,mps,-1.39591677,1.77643114e-03,20
1404,Hybrid,mixture,-1.39659440,1.68533835e-03,20
1405,Metropolis,metropolis,-1.39073451,2.49135273e-03,20
1405,Row-Update,mps,-1.39593086,1.77567390e-03,20
1405,Hybrid,mixture,-1.39658363,1.68726608e-03,20
1406,Metropolis,metropolis,-1.39073863,2.49122738e-03,20
1406,Row-Update,mps,-1.39593112,1.77759333e-03,20
1406,Hybrid,mixture,-1.39658093,1.68668693e-03,20
1407,Metropolis,metropolis,-1.39074061,2.48856447e-03,20
1407,Row-Update,mps,-1.39591858,1.77789344e-03,20
1407,Hybrid,mixture,-1.39658200,1.68622398e-03,20
1408,Metropolis,metropolis,-1.39073834,2.49116952e-03,20
1408,Row-Update,mps,-1.39592532,1.77588544e-03,20
1408,Hybrid,mixture,-1.39658326,1.68876490e-03,20
1409,Metropolis,metropolis,-1.39073436,2.49165698e-03,20
1409,Row-Update,mps,-1.39592685,1.77589287e-03,20
1409,Hybrid,mixture,-1.39659639,1.68456806e-03,20
1410,Metropolis,metropolis,-1.39073129,2.49204910e-03,20
1410,Row-Update,mps,-1.39592149,1.77564017e-03,20
1410,Hybrid,mixture,-1.39659107,1.68427547e-03,20
1411,Metropolis,metropolis,-1.39073949,2.48942144e-03,20
1411,Row-Update,mps,-1.39592633,1.77949218e-03,20
1411,Hybrid,mixture,-1.39657694,1.68512724e-03,20
1412,Metropolis,metropolis,-1.39073856,2.49073547e-03,20
1412,Row-Update,mps,-1.39593429,1.77708912e-03,20
1412,Hybrid,mixture,-1.39656151,1.68898422e-03,20
1413,Metropolis,metropolis,-1.39073129,2.48848556e-03,20
1413,Row-Update,mps,-1.39593869,1.77331553e-03,20
1413,Hybrid,mixture,-1.39655867,1.69873408e-03,20
1414,Metropolis,metropolis,-1.39071832,2.48953997e-03,20
1414,Row-Update,mps,-1.39591451,1.77751293e-03,20
1414,Hybrid,mixture,-1.39659362,1.68240766e-03,20
1415,Metropolis,metropolis,-1.39073619,2.49081378e-03,20
1415,Row-Update,mps,-1.39593076,1.77516999e-03,20
1415,Hybrid,mixture,-1.39661277,1.68136817e-03,20
1416,Metropolis,metropolis,-1.39073751,2.49219239e-03,20
1416,Row-Update,mps,-1.39592529,1.77451586e-03,20
1416,Hybrid,mixture,-1.39661102,1.68328838e-03,20
1417,Metropolis,metropolis,-1.39073315,2.49255338e-03,20
1417,Row-Update,mps,-1.39594265,1.77279167e-03,20
1417,Hybrid,mixture,-1.39660022,1.68098443e-03,20
1418,Metropolis,metropolis,-1.39074238,2.49161676e-03,20
1418,Row-Update,mps,-1.39593016,1.77707648e-03,20
1418,Hybrid,mixture,-1.39659113,1.68397348e-03,20
1419,Metropolis,metropolis,-1.39074283,2.48948272e-03,20
1419,Row-Update,mps,-1.39593192,1.77720092e-03,20
1419,Hybrid,mixture,-1.39657233,1.69105539e-03,20
1420,Metropolis,metropolis,-1.39072965,2.48804402e-03,20
1420,Row-Update,mps,-1.39592060,1.77692352e-03,20
1420,Hybrid,mixture,-1.39658687,1.68951770e-03,20
1421,Metropolis,metropolis,-1.39072978,2.49308114e-03,20
1421,Row-Update,mps,-1.39593706,1.77589837e-03,20
1421,Hybrid,mixture,-1.39658254,1.68512481e-03,20
1422,Metropolis,metropolis,-1.39073704,2.48937577e-03,20
1422,Row-Update,mps,-1.39592533,1.77706935e-03,20
1422,Hybrid,mixture,-1.39658096,1.68655287e-03,20
1423,Metropolis,metropolis,-1.39073935,2.49081161e-03,20
1423,Row-Update,mps,-1.39592331,1.77234509e-03,20
1423,Hybrid,mixture,-1.39659818,1.68229266e-03,20
1424,Metropolis,metropolis,-1.39073086,2.49239672e-03,20
1424,Row-Update,mps,-1.39594691,1.77334684e-03,20
1424,Hybrid,mixture,-1.39658512,1.68462958e-03,20
1425,Metropolis,metropolis,-1.39074275,2.48889025e-03,20
1425,Row-Update,mps,-1.39593806,1.77865133e-03,20
1425,Hybrid,mixture,-1.39659662,1.68361740e-03,20
1426,Metropolis,metropolis,-1.39073566,2.49128812e-03,20
1426,Row-Update,mps,-1.39593563,1.77582508e-03,20
1426,Hybrid,mixture,-1.39658425,1.67840301e-03,20
1427,Metropolis,metropolis,-1.39072656,2.49073499e-03,20
1427,Row-Update,mps,-1.39591523,1.77631062e-03,20
1427,Hybrid,mixture,-1.39658908,1.68385922e-03,20
1428,Metropolis,metropolis,-1.39074164,2.49024643e-03,20
1428,Row-Update,mps,-1.39594228,1.77537251e-03,20
1428,Hybrid,mixture,-1.39658449,1.68571082e-03,20
1429,Metropolis,metropolis,-1.39073226,2.49012948e-03,20
1429,Row-Update,mps,-1.39592595,1.77708839e-03,20
1429,Hybrid,mixture,-1.39659501,1.68566097e-03,20
1430,Metropolis,metropolis,-1.39074154,2.49061798e-03,20
1430,Row-Update,mps,-1.39592923,1.77518406e-03,20
1430,Hybrid,mixture,-1.39658870,1.68341043e-03,20
1431,Metropolis,metropolis,-1.39073149,2.48842972e-03,20
1431,Row-Update,mps,-1.39592291,1.77646800e-03,20
1431,Hybrid,mixture,-1.39658631,1.68725220e-03,20
1432,Metropolis,metropolis,-1.39072545,2.49258442e-03,20
1432,Row-Update,mps,-1.39594066,1.77552514e-03,20
1432,Hybrid,mixture,-1.39661123,1.68123772e-03,20
1433,Metropolis,metropolis,-1.39072535,2.49121257e-03,20
1433,Row-Update,mps,-1.39592690,1.77610493e-03,20
1433,Hybrid,mixture,-1.39662264,1.67692643e-03,20
1434,Metropolis,metropolis,-1.39073209,2.49028077e-03,20
1434,Row-Update,mps,-1.39593122,1.77727469e-03,20
1434,Hybrid,mixture,-1.39660468,1.68074988e-03,20
1435,Metropolis,metropolis,-1.39074194,2.49281793e-03,20
1435,Row-Update,mps,-1.39592649,1.77616776e-03,20
1435,Hybrid,mixture,-1.39659145,1.68468961e-03,20
1436,Metropolis,metropolis,-1.39073826,2.49337724e-03,20
1436,Row-Update,mps,-1.39592411,1.77793192e-03,20
1436,Hybrid,mixture,-1.39660714,1.68240556e-03,20
1437,Metropolis,metropolis,-1.39072722,2.49007390e-03,20
1437,Row-Update,mps,-1.39591354,1.78471928e-03,20
1437,Hybrid,mixture,-1.39659088,1.67677448e-03,20
1438,Metropolis,metropolis,-1.39073026,2.49273280e-03,20
1438,Row-Update,mps,-1.39592143,1.77705933e-03,20
1438,Hybrid,mixture,-1.39660448,1.67983282e-03,20
1439,Metropolis,metropolis,-1.39073870,2.49231274e-03,20
1439,Row-Update,mps,-1.39593892,1.77106926e-03,20
1439,Hybrid,mixture,-1.39661885,1.67820420e-03,20
1440,Metropolis,metropolis,-1.39073340,2.48843865e-03,20
1440,Row-Update,mps,-1.39592146,1.77743650e-03,20
1440,Hybrid,mixture,-1.39662799,1.67904245e-03,20
1441,Metropolis,metropolis,-1.39073132,2.49069397e-03,20
1441,Row-Update,mps,-1.39593422,1.77464514e-03,20
1441,Hybrid,mixture,-1.39660756,1.67799099e-03,20
1442,Metropolis,metropolis,-1.39073707,2.48935349e-03,20
1442,Row-Update,mps,-1.39593798,1.77470725e-03,20
1442,Hybrid,mixture,-1.39659489,1.68491692e-03,20
1443,Metropolis,metropolis,-1.39072941,2.49337227e-03,20
1443,Row-Update,mps,-1.39592591,1.77547828e-03,20
1443,Hybrid,mixture,-1.39662419,1.67686777e-03,20
1444,Metropolis,metropolis,-1.39073185,2.49107804e-03,20
1444,Row-Update,mps,-1.39592699,1.77855493e-03,20
1444,Hybrid,mixture,-1.39663132,1.67764527e-03,20
1445,Metropolis,metropolis,-1.39073188,2.49101415e-03,20
1445,Row-Update,mps,-1.39592977,1.77624723e-03,20
1445,Hybrid,mixture,-1.39662405,1.67722006e-03,20
1446,Metropolis,metropolis,-1.39072647,2.48965152e-03,20
1446,Row-Update,mps,-1.39593007,1.77645347e-03,20
1446,Hybrid,mixture,-1.39661621,1.67498673e-03,20
1447,Metropolis,metropolis,-1.39072216,2.49089986e-03,20
1447,Row-Update,mps,-1.39593640,1.77777882e-03,20
1447,Hybrid,mixture,-1.39660513,1.68004519e-03,20
1448,Metropolis,metropolis,-1.39073107,2.48982935e-03,20
1448,Row-Update,mps,-1.39594001,1.77252850e-03,20
1448,Hybrid,mixture,-1.39661777,1.68206039e-03,20
1449,Metropolis,metropolis,-1.39073095,2.49149921e-03,20
1449,Row-Update,mps,-1.39592748,1.77740495e-03,20
1449,Hybrid,mixture,-1.39662684,1.67476333e-03,20
1450,Metropolis,metropolis,-1.39073180,2.49297368e-03,20
1450,Row-Update,mps,-1.39593775,1.77678819e-03,20
1450,Hybrid,mixture,-1.39660209,1.68085101e-03,20
1451,Metropolis,metropolis,-1.39073321,2.48901364e-03,20
1451,Row-Update,mps,-1.39591719,1.77840338e-03,20
1451,Hybrid,mixture,-1.39663136,1.67332223e-03,20
1452,Metropolis,metropolis,-1.39074501,2.49162306e-03,20
1452,Row-Update,mps,-1.39591898,1.77775057e-03,20
1452,Hybrid,mixture,-1.39665281,1.66987557e-03,20
1453,Metropolis,metropolis,-1.39073050,2.49181898e-03,20
1453,Row-Update,mps,-1.39593018,1.77694397e-03,20
1453,Hybrid,mixture,-1.39664283,1.67096321e-03,20
1454,Metropolis,metropolis,-1.39073188,2.49110998e-03,20
1454,Row-Update,mps,-1.39592961,1.77712425e-03,20
1454,Hybrid,mixture,-1.39665552,1.66585767e-03,20
1455,Metropolis,metropolis,-1.39074136,2.49019002e-03,20
1455,Row-Update,mps,-1.39594775,1.77737995e-03,20
1455,Hybrid,mixture,-1.39668679,1.66191800e-03,20
1456,Metropolis,metropolis,-1.39073849,2.48971792e-03,20
1456,Row-Update,mps,-1.39593642,1.77605958e-03,20
1456,Hybrid,mixture,-1.39668990,1.65985898e-03,20
1457,Metropolis,metropolis,-1.39073533,2.49186310e-03,20
1457,Row-Update,mps,-1.39593452,1.77640661e-03,20
1457,Hybrid,mixture,-1.39670363,1.65695895e-03,20
1458,Metropolis,metropolis,-1.39072614,2.49150771e-03,20
1458,Row-Update,mps,-1.39594056,1.77659706e-03,20
1458,Hybrid,mixture,-1.39671990,1.65066684e-03,20
1459,Metropolis,metropolis,-1.39073276,2.49289939e-03,20
1459,Row-Update,mps,-1.39593131,1.77535038e-03,20
1459,Hybrid,mixture,-1.39670397,1.65529743e-03,20
1460,Metropolis,metropolis,-1.39073647,2.48849233e-03,20
1460,Row-Update,mps,-1.39593854,1.77434395e-03,20
1460,Hybrid,mixture,-1.39672428,1.65122440e-03,20
1461,Metropolis,metropolis,-1.39073119,2.49161302e-03,20
1461,Row-Update,mps,-1.39592126,1.77427235e-03,20
1461,Hybrid,mixture,-1.39673309,1.64845373e-03,20
1462,Metropolis,metropolis,-1.39073401,2.48854846e-03,20
1462,Row-Update,mps,-1.39591940,1.77662077e-03,20
1462,Hybrid,mixture,-1.39674212,1.64819904e-03,20
1463,Metropolis,metropolis,-1.39073783,2.48964508e-03,20
1463,Row-Update,mps,-1.39594657,1.77499894e-03,20
1463,Hybrid,mixture,-1.39675943,1.64639400e-03,20
1464,Metropolis,metropolis,-1.39072733,2.49041799e-03,20
1464,Row-Update,mps,-1.39592940,1.77410373e-03,20
1464,Hybrid,mixture,-1.39673791,1.64816753e-03,20
1465,Metropolis,metropolis,-1.39073683,2.49068417e-03,20
1465,Row-Update,mps,-1.39592845,1.77576238e-03,20
1465,Hybrid,mixture,-1.39675543,1.64355459e-03,20
1466,Metropolis,metropolis,-1.39073712,2.48667224e-03,20
1466,Row-Update,mps,-1.39596648,1.77904751e-03,20
1466,Hybrid,mixture,-1.39675136,1.64571208e-03,20
1467,Metropolis,metropolis,-1.39072391,2.49199642e-03,20
1467,Row-Update,mps,-1.39593186,1.77698278e-03,20
1467,Hybrid,mixture,-1.39673882,1.64893497e-03,20
1468,Metropolis,metropolis,-1.39074209,2.49472227e-03,20
1468,Row-Update,mps,-1.39593419,1.77882109e-03,20
1468,Hybrid,mixture,-1.39675606,1.64479523e-03,20
1469,Metropolis,metropolis,-1.39075005,2.49099870e-03,20
1469,Row-Update,mps,-1.39594471,1.77584303e-03,20
1469,Hybrid,mixture,-1.39673910,1.64825004e-03,20
1470,Metropolis,metropolis,-1.39072833,2.49293532e-03,20
1470,Row-Update,mps,-1.39593051,1.77585245e-03,20
1470,Hybrid,mixture,-1.39674381,1.64509119e-03,20
1471,Metropolis,metropolis,-1.39073518,2.49075167e-03,20
1471,Row-Update,mps,-1.39593369,1.77704372e-03,20
1471,Hybrid,mixture,-1.39674193,1.64455212e-03,20
1472,Metropolis,metropolis,-1.39074167,2.48958141e-03,20
1472,Row-Update,mps,-1.39592571,1.77410162e-03,20
1472,Hybrid,mixture,-1.39676100,1.64193201e-03,20
1473,Metropolis,metropolis,-1.39074026,2.48972283e-03,20
1473,Row-Update,mps,-1.39593397,1.77351135e-03,20
1473,Hybrid,mixture,-1.39675761,1.64461425e-03,20
1474,Metropolis,metropolis,-1.39074725,2.49212710e-03,20
1474,Row-Update,mps,-1.39592376,1.77443687e-03,20
1474,Hybrid,mixture,-1.39675713,1.64516379e-03,20
1475,Metropolis,metropolis,-1.39073922,2.49091657e-03,20
1475,Row-Update,mps,-1.39592577,1.77668204e-03,20
1475,Hybrid,mixture,-1.39672069,1.64896398e-03,20
1476,Metropolis,metropolis,-1.39074770,2.48839312e-03,20
1476,Row-Update,mps,-1.39591514,1.78018331e-03,20
1476,Hybrid,mixture,-1.39673784,1.64737880e-03,20
1477,Metropolis,metropolis,-1.39074376,2.49116478e-03,20
1477,Row-Update,mps,-1.39593623,1.77834098e-03,20
1477,Hybrid,mixture,-1.39672181,1.65081301e-03,20
1478,Metropolis,metropolis,-1.39073747,2.49361432e-03,20
1478,Row-Update,mps,-1.39592750,1.77141210e-03,20
1478,Hybrid,mixture,-1.39672920,1.65122638e-03,20
1479,Metropolis,metropolis,-1.39074412,2.49241964e-03,20
1479,Row-Update,mps,-1.39593808,1.77677464e-03,20
1479,Hybrid,mixture,-1.39673625,1.64871484e-03,20
1480,Metropolis,metropolis,-1.39073649,2.48850476e-03,20
1480,Row-Update,mps,-1.39594456,1.77504748e-03,20
1480,Hybrid,mixture,-1.39673729,1.64625218e-03,20
1481,Metropolis,metropolis,-1.39074417,2.49130554e-03,20
1481,Row-Update,mps,-1.39592079,1.77687282e-03,20
1481,Hybrid,mixture,-1.39673924,1.64756123e-03,20
1482,Metropolis,metropolis,-1.39073339,2.48917128e-03,20
1482,Row-Update,mps,-1.39593728,1.77830020e-03,20
1482,Hybrid,mixture,-1.39675760,1.64355699e-03,20
1483,Metropolis,metropolis,-1.39073713,2.49078874e-03,20
1483,Row-Update,mps,-1.39593428,1.77594370e-03,20
1483,Hybrid,mixture,-1.39676361,1.64467377e-03,20
1484,Metropolis,metropolis,-1.39074334,2.49245852e-03,20
1484,Row-Update,mps,-1.39593035,1.77600357e-03,20
1484,Hybrid,mixture,-1.39676717,1.64214421e-03,20
1485,Metropolis,metropolis,-1.39074372,2.49237826e-03,20
1485,Row-Update,mps,-1.39593662,1.77563980e-03,20
1485,Hybrid,mixture,-1.39677693,1.63991219e-03,20
1486,Metropolis,metropolis,-1.39073520,2.49036737e-03,20
1486,Row-Update,mps,-1.39591992,1.78109718e-03,20
1486,Hybrid,mixture,-1.39678967,1.63955270e-03,20
1487,Metropolis,metropolis,-1.39074460,2.49173191e-03,20
1487,Row-Update,mps,-1.39593192,1.77666320e-03,20
1487,Hybrid,mixture,-1.39671541,1.65129990e-03,20
1488,Metropolis,metropolis,-1.39073167,2.49056397e-03,20
1488,Row-Update,mps,-1.39593180,1.77465278e-03,20
1488,Hybrid,mixture,-1.39673657,1.64973883e-03,20
1489,Metropolis,metropolis,-1.39073265,2.49085080e-03,20
1489,Row-Update,mps,-1.39592776,1.77924180e-03,20
1489,Hybrid,mixture,-1.39673353,1.64755869e-03,20
1490,Metropolis,metropolis,-1.39074075,2.49101404e-03,20
1490,Row-Update,mps,-1.39593604,1.77588059e-03,20
1490,Hybrid,mixture,-1.39674230,1.65130841e-03,20
1491,Metropolis,metropolis,-1.39073281,2.49142729e-03,20
1491,Row-Update,mps,-1.39593750,1.77630650e-03,20
1491,Hybrid,mixture,-1.39673436,1.64647883e-03,20
1492,Metropolis,metropolis,-1.39075037,2.49107359e-03,20
1492,Row-Update,mps,-1.39592036,1.77546823e-03,20
1492,Hybrid,mixture,-1.39672405,1.64858256e-03,20
1493,Metropolis,metropolis,-1.39073900,2.49132029e-03,20
1493,Row-Update,mps,-1.39594306,1.77619947e-03,20
1493,Hybrid,mixture,-1.39672146,1.64886504e-03,20
1494,Metropolis,metropolis,-1.39073679,2.49089174e-03,20
1494,Row-Update,mps,-1.39593397,1.77541366e-03,20
1494,Hybrid,mixture,-1.39674694,1.64629658e-03,20
1495,Metropolis,metropolis,-1.39074846,2.49277501e-03,20
1495,Row-Update,mps,-1.39592500,1.77677390e-03,20
1495,Hybrid,mixture,-1.39673480,1.64217079e-03,20
1496,Metropolis,metropolis,-1.39073368,2.49096621e-03,20
1496,Row-Update,mps,-1.39593131,1.77454886e-03,20
1496,Hybrid,mixture,-1.39677147,1.64296337e-03,20
1497,Metropolis,metropolis,-1.39074665,2.48840192e-03,20
1497,Row-Update,mps,-1.39593995,1.77651582e-03,20
1497,Hybrid,mixture,-1.39680228,1.63562261e-03,20
1498,Metropolis,metropolis,-1.39074589,2.49067484e-03,20
1498,Row-Update,mps,-1.39591869,1.77519548e-03,20
1498,Hybrid,mixture,-1.39679299,1.63514267e-03,20
1499,Metropolis,metropolis,-1.39074042,2.49139266e-03,20
1499,Row-Update,mps,-1.39593799,1.77772340e-03,20
1499,Hybrid,mixture,-1.39681145,1.63224529e-03,20
1500,Metropolis,metropolis,-1.39074837,2.49172864e-03,20
1500,Row-Update,mps,-1.39594127,1.77535340e-03,20
1500,Hybrid,mixture,-1.39680139,1.63383040e-03,20
1501,Metropolis,metropolis,-1.39073867,2.48965550e-03,20
1501,Row-Update,mps,-1.39593735,1.77395536e-03,20
1501,Hybrid,mixture,-1.39679033,1.63828330e-03,20
1502,Metropolis,metropolis,-1.39074194,2.49045337e-03,20
1502,Row-Update,mps,-1.39593835,1.77555219e-03,20
1502,Hybrid,mixture,-1.39681531,1.63400786e-03,20
1503,Metropolis,metropolis,-1.39072959,2.49312856e-03,20
1503,Row-Update,mps,-1.39593413,1.77690332e-03,20
1503,Hybrid,mixture,-1.39680767,1.63469875e-03,20
1504,Metropolis,metropolis,-1.39073819,2.49173350e-03,20
1504,Row-Update,mps,-1.39592111,1.77548884e-03,20
1504,Hybrid,mixture,-1.39678206,1.63657812e-03,20
1505,Metropolis,metropolis,-1.39074168,2.49264448e-03,20
1505,Row-Update,mps,-1.39592451,1.77738634e-03,20
1505,Hybrid,mixture,-1.39680806,1.63364260e-03,20
1506,Metropolis,metropolis,-1.39074144,2.49272641e-03,20
1506,Row-Update,mps,-1.39595867,1.77667859e-03,20
1506,Hybrid,mixture,-1.39679789,1.63500209e-03,20
1507,Metropolis,metropolis,-1.39073929,2.49389189e-03,20
1507,Row-Update,mps,-1.39592216,1.77248483e-03,20
1507,Hybrid,mixture,-1.39681322,1.63628794e-03,20
1508,Metropolis,metropolis,-1.39073173,2.49192136e-03,20
1508,Row-Update,mps,-1.39592962,1.77366698e-03,20
1508,Hybrid,mixture,-1.39679865,1.63129785e-03,20
1509,Metropolis,metropolis,-1.39073856,2.49170326e-03,20
1509,Row-Update,mps,-1.39593044,1.77542542e-03,20
1509,Hybrid,mixture,-1.39682724,1.63260742e-03,20
1510,Metropolis,metropolis,-1.39074083,2.49113505e-03,20
1510,Row-Update,mps,-1.39593069,1.77540524e-03,20
1510,Hybrid,mixture,-1.39683186,1.63031988e-03,20
1511,Metropolis,metropolis,-1.39073375,2.49193391e-03,20
1511,Row-Update,mps,-1.39594094,1.77344072e-03,20
1511,Hybrid,mixture,-1.39682465,1.62988223e-03,20
1512,Metropolis,metropolis,-1.39073677,2.49064542e-03,20
1512,Row-Update,mps,-1.39593997,1.77413289e-03,20
1512,Hybrid,mixture,-1.39681504,1.63338780e-03,20
1513,Metropolis,metropolis,-1.39073257,2.49280242e-03,20
1513,Row-Update,mps,-1.39592612,1.77544922e-03,20
1513,Hybrid,mixture,-1.39679710,1.63384475e-03,20
1514,Metropolis,metropolis,-1.39073691,2.49099526e-03,20
1514,Row-Update,mps,-1.39593721,1.77632129e-03,20
1514,Hybrid,mixture,-1.39680302,1.63644400e-03,20
1515,Metropolis,metropolis,-1.39074145,2.49329163e-03,20
1515,Row-Update,mps,-1.39591844,1.77960679e-03,20
1515,Hybrid,mixture,-1.39679671,1.63789307e-03,20
1516,Metropolis,metropolis,-1.39073283,2.49087478e-03,20
1516,Row-Update,mps,-1.39594130,1.77679559e-03,20
1516,Hybrid,mixture,-1.39681300,1.63104519e-03,20
1517,Metropolis,metropolis,-1.39074415,2.49019531e-03,20
1517,Row-Update,mps,-1.39593428,1.77734117e-03,20
1517,Hybrid,mixture,-1.39679766,1.63270206e-03,20
1518,Metropolis,metropolis,-1.39074185,2.49079634e-03,20
1518,Row-Update,mps,-1.39593953,1.77412220e-03,20
1518,Hybrid,mixture,-1.39682186,1.63217761e-03,20
1519,Metropolis,metropolis,-1.39073986,2.49157853e-03,20
1519,Row-Update,mps,-1.39592455,1.77535616e-03,20
1519,Hybrid,mixture,-1.39682807,1.62987073e-03,20
1520,Metropolis,metropolis,-1.39073964,2.49052849e-03,20
1520,Row-Update,mps,-1.39592916,1.77802562e-03,20
1520,Hybrid,mixture,-1.39682353,1.63225950e-03,20
1521,Metropolis,metropolis,-1.39073935,2.49164749e-03,20
1521,Row-Update,mps,-1.39592361,1.77486289e-03,20
1521,Hybrid,mixture,-1.39682092,1.63099604e-03,20
1522,Metropolis,metropolis,-1.39074404,2.49132333e-03,20
1522,Row-Update,mps,-1.39595068,1.76871911e-03,20
1522,Hybrid,mixture,-1.39682512,1.63042408e-03,20
1523,Metropolis,metropolis,-1.39073652,2.49184754e-03,20
1523,Row-Update,mps,-1.39592051,1.77377236e-03,20
1523,Hybrid,mixture,-1.39683346,1.63060316e-03,20
1524,Metropolis,metropolis,-1.39075118,2.49038602e-03,20
1524,Row-Update,mps,-1.39592669,1.77485532e-03,20
1524,Hybrid,mixture,-1.39684556,1.62666597e-03,20
1525,Metropolis,metropolis,-1.39074292,2.49306392e-03,20
1525,Row-Update,mps,-1.39591141,1.77513677e-03,20
1525,Hybrid,mixture,-1.39686479,1.62874471e-03,20
1526,Metropolis,metropolis,-1.39073578,2.49107009e-03,20
1526,Row-Update,mps,-1.39592787,1.77491344e-03,20
1526,Hybrid,mixture,-1.39683512,1.62704615e-03,20
1527,Metropolis,metropolis,-1.39072048,2.49141587e-03,20
1527,Row-Update,mps,-1.39593912,1.77610859e-03,20
1527,Hybrid,mixture,-1.39681223,1.63366234e-03,20
1528,Metropolis,metropolis,-1.39074203,2.49178429e-03,20
1528,Row-Update,mps,-1.39593612,1.77429641e-03,20
1528,Hybrid,mixture,-1.39683607,1.62779096e-03,20
1529,Metropolis,metropolis,-1.39074367,2.49290315e-03,20
1529,Row-Update,mps,-1.39593236,1.77345182e-03,20
1529,Hybrid,mixture,-1.39681685,1.63244413e-03,20
1530,Metropolis,metropolis,-1.39073366,2.49164576e-03,20
1530,Row-Update,mps,-1.39593731,1.77523016e-03,20
1530,Hybrid,mixture,-1.39683721,1.63005243e-03,20
1531,Metropolis,metropolis,-1.39073694,2.49037254e-03,20
1531,Row-Update,mps,-1.39591538,1.77356413e-03,20
1531,Hybrid,mixture,-1.39684030,1.62637773e-03,20
1532,Metropolis,metropolis,-1.39073083,2.48850368e-03,20
1532,Row-Update,mps,-1.39593572,1.77484369e-03,20
1532,Hybrid,mixture,-1.39686868,1.62488884e-03,20
1533,Metropolis,metropolis,-1.39074231,2.48889908e-03,20
1533,Row-Update,mps,-1.39593217,1.77597137e-03,20
1533,Hybrid,mixture,-1.39685385,1.62728816e-03,20
1534,Metropolis,metropolis,-1.39072532,2.49119138e-03,20
1534,Row-Update,mps,-1.39593970,1.77633538e-03,20
1534,Hybrid,mixture,-1.39685430,1.62694728e-03,20
1535,Metropolis,metropolis,-1.39074486,2.49355220e-03,20
1535,Row-Update,mps,-1.39593473,1.77655594e-03,20
1535,Hybrid,mixture,-1.39684715,1.62881217e-03,20
1536,Metropolis,metropolis,-1.39074439,2.49123718e-03,20
1536,Row-Update,mps,-1.39593570,1.77300568e-03,20
1536,Hybrid,mixture,-1.39687173,1.62303496e-03,20
1537,Metropolis,metropolis,-1.39073194,2.49289940e-03,20
1537,Row-Update,mps,-1.39593086,1.77424883e-03,20
1537,Hybrid,mixture,-1.39685890,1.62685529e-03,20
1538,Metropolis,metropolis,-1.39075483,2.49161974e-03,20
1538,Row-Update,mps,-1.39594161,1.77663181e-03,20
1538,Hybrid,mixture,-1.39686067,1.62733857e-03,20
1539,Metropolis,metropolis,-1.39073212,2.49066511e-03,20
1539,Row-Update,mps,-1.39592607,1.77380982e-03,20
1539,Hybrid,mixture,-1.39681933,1.63191253e-03,20
1540,Metropolis,metropolis,-1.39074323,2.49114903e-03,20
1540,Row-Update,mps,-1.39593951,1.77533129e-03,20
1540,Hybrid,mixture,-1.39685314,1.62733928e-03,20
1541,Metropolis,metropolis,-1.39074099,2.49217829e-03,20
1541,Row-Update,mps,-1.39592428,1.78188184e-03,20
1541,Hybrid,mixture,-1.39684314,1.62762984e-03,20
1542,Metropolis,metropolis,-1.39074801,2.49014615e-03,20
1542,Row-Update,mps,-1.39594128,1.77192660e-03,20
1542,Hybrid,mixture,-1.39685147,1.62571337e-03,20
1543,Metropolis,metropolis,-1.39073966,2.49149028e-03,20
1543,Row-Update,mps,-1.39592359,1.77558541e-03,20
1543,Hybrid,mixture,-1.39686659,1.62668923e-03,20
1544,Metropolis,metropolis,-1.39073903,2.49118176e-03,20
1544,Row-Update,mps,-1.39592393,1.77615580e-03,20
1544,Hybrid,mixture,-1.39687919,1.61999878e-03,20
1545,Metropolis,metropolis,-1.39074015,2.49069150e-03,20
1545,Row-Update,mps,-1.39594331,1.77581784e-03,20
1545,Hybrid,mixture,-1.39685867,1.62449787e-03,20
1546,Metropolis,metropolis,-1.39073846,2.49207698e-03,20
1546,Row-Update,mps,-1.39594269,1.77562879e-03,20
1546,Hybrid,mixture,-1.39685972,1.62539771e-03,20
1547,Metropolis,metropolis,-1.39073444,2.49186188e-03,20
1547,Row-Update,mps,-1.39592814,1.77526066e-03,20
1547,Hybrid,mixture,-1.39686867,1.62234666e-03,20
1548,Metropolis,metropolis,-1.39074168,2.49228304e-03,20
1548,Row-Update,mps,-1.39593017,1.77618450e-03,20
1548,Hybrid,mixture,-1.39686591,1.62319063e-03,20
1549,Metropolis,metropolis,-1.39073891,2.49179145e-03,20
1549,Row-Update,mps,-1.39594216,1.77567704e-03,20
1549,Hybrid,mixture,-1.39687942,1.62188619e-03,20
1550,Metropolis,metropolis,-1.39073897,2.49144663e-03,20
1550,Row-Update,mps,-1.39593991,1.77931655e-03,20
1550,Hybrid,mixture,-1.39687568,1.62156347e-03,20
1551,Metropolis,metropolis,-1.39074019,2.49225959e-03,20
1551,Row-Update,mps,-1.39593998,1.77458522e-03,20
1551,Hybrid,mixture,-1.39688301,1.62239888e-03,20
1552,Metropolis,metropolis,-1.39073239,2.49020416e-03,20
1552,Row-Update,mps,-1.39593922,1.77266593e-03,20
1552,Hybrid,mixture,-1.39690062,1.61890530e-03,20
1553,Metropolis,metropolis,-1.39074561,2.48895605e-03,20
1553,Row-Update,mps,-1.39593176,1.77250372e-03,20
1553,Hybrid,mixture,-1.39688363,1.62471345e-03,20
1554,Metropolis,metropolis,-1.39073543,2.49358657e-03,20
1554,Row-Update,mps,-1.39593173,1.77737258e-03,20
1554,Hybrid,mixture,-1.39690287,1.61813438e-03,20
1555,Metropolis,metropolis,-1.39074616,2.49200992e-03,20
1555,Row-Update,mps,-1.39593814,1.77656291e-03,20
1555,Hybrid,mixture,-1.39689704,1.62137347e-03,20
1556,Metropolis,metropolis,-1.39073278,2.49020879e-03,20
1556,Row-Update,mps,-1.39593998,1.77479855e-03,20
1556,Hybrid,mixture,-1.39688593,1.61848395e-03,20
1557,Metropolis,metropolis,-1.39073644,2.49273697e-03,20
1557,Row-Update,mps,-1.39595946,1.77713643e-03,20
1557,Hybrid,mixture,-1.39689212,1.61908027e-03,20
1558,Metropolis,metropolis,-1.39074862,2.49331804e-03,20
1558,Row-Update,mps,-1.39593340,1.77110223e-03,20
1558,Hybrid,mixture,-1.39690568,1.61882353e-03,20
1559,Metropolis,metropolis,-1.39074565,2.49413241e-03,20
1559,Row-Update,mps,-1.39593353,1.77459425e-03,20
1559,Hybrid,mixture,-1.39689583,1.61907956e-03,20
1560,Metropolis,metropolis,-1.39075227,2.49294566e-03,20
1560,Row-Update,mps,-1.39593172,1.77466072e-03,20
1560,Hybrid,mixture,-1.39689001,1.62126694e-03,20
1561,Metropolis,metropolis,-1.39073346,2.49203916e-03,20
1561,Row-Update,mps,-1.39592767,1.77700436e-03,20
1561,Hybrid,mixture,-1.39690560,1.61833518e-03,20
1562,Metropolis,metropolis,-1.39075123,2.49241728e-03,20
1562,Row-Update,mps,-1.39592831,1.77492998e-03,20
1562,Hybrid,mixture,-1.39689128,1.61884846e-03,20
1563,Metropolis,metropolis,-1.39075410,2.49079821e-03,20
1563,Row-Update,mps,-1.39592062,1.77189086e-03,20
1563,Hybrid,mixture,-1.39691424,1.61757367e-03,20
1564,Metropolis,metropolis,-1.39074338,2.49062189e-03,20
1564,Row-Update,mps,-1.39593696,1.77495137e-03,20
1564,Hybrid,mixture,-1.39691306,1.61863324e-03,20
1565,Metropolis,metropolis,-1.39074116,2.49297249e-03,20
1565,Row-Update,mps,-1.39593554,1.77552159e-03,20
1565,Hybrid,mixture,-1.39691548,1.61821478e-03,20
1566,Metropolis,metropolis,-1.39074418,2.49130409e-03,20
1566,Row-Update,mps,-1.39593041,1.77601892e-03,20
1566,Hybrid,mixture,-1.39690086,1.62057674e-03,20
1567,Metropolis,metropolis,-1.39074201,2.49177292e-03,20
1567,Row-Update,mps,-1.39592461,1.77512547e-03,20
1567,Hybrid,mixture,-1.39691395,1.62128990e-03,20
1568,Metropolis,metropolis,-1.39073891,2.49329092e-03,20
1568,Row-Update,mps,-1.39593021,1.77424413e-03,20
1568,Hybrid,mixture,-1.39690037,1.61868857e-03,20
1569,Metropolis,metropolis,-1.39073136,2.49409031e-03,20
1569,Row-Update,mps,-1.39593767,1.77538850e-03,20
1569,Hybrid,mixture,-1.39690438,1.61791298e-03,20
1570,Metropolis,metropolis,-1.39075723,2.49403849e-03,20
1570,Row-Update,mps,-1.39592798,1.77416076e-03,20
1570,Hybrid,mixture,-1.39691241,1.62036962e-03,20
1571,Metropolis,metropolis,-1.39074140,2.49236431e-03,20
1571,Row-Update,mps,-1.39593646,1.77454904e-03,20
1571,Hybrid,mixture,-1.39692294,1.61665618e-03,20
1572,Metropolis,metropolis,-1.39074337,2.49397671e-03,20
1572,Row-Update,mps,-1.39594049,1.77419089e-03,20
1572,Hybrid,mixture,-1.39691933,1.61733229e-03,20
1573,Metropolis,metropolis,-1.39074279,2.49208890e-03,20
1573,Row-Update,mps,-1.39594147,1.77485374e-03,20
1573,Hybrid,mixture,-1.39691107,1.61940795e-03,20
1574,Metropolis,metropolis,-1.39073688,2.49136843e-03,20
1574,Row-Update,mps,-1.39593780,1.77674229e-03,20
1574,Hybrid,mixture,-1.39692395,1.61720241e-03,20
1575,Metropolis,metropolis,-1.39074677,2.49238558e-03,20
1575,Row-Update,mps,-1.39593728,1.77456137e-03,20
1575,Hybrid,mixture,-1.39693147,1.61936956e-03,20
1576,Metropolis,metropolis,-1.39074704,2.49115605e-03,20
1576,Row-Update,mps,-1.39593951,1.77317018e-03,20
1576,Hybrid,mixture,-1.39692113,1.61711516e-03,20
1577,Metropolis,metropolis,-1.39073898,2.49401103e-03,20
1577,Row-Update,mps,-1.39594081,1.77698482e-03,20
1577,Hybrid,mixture,-1.39692597,1.61759129e-03,20
1578,Metropolis,metropolis,-1.39074838,2.49331831e-03,20
1578,Row-Update,mps,-1.39594529,1.77126978e-03,20
1578,Hybrid,mixture,-1.39693539,1.61742766e-03,20
1579,Metropolis,metropolis,-1.39074373,2.49470169e-03,20
1579,Row-Update,mps,-1.39593875,1.77675836e-03,20
1579,Hybrid,mixture,-1.39693163,1.61591893e-03,20
1580,Metropolis,metropolis,-1.39074422,2.49367447e-03,20
1580,Row-Update,mps,-1.39594385,1.77568448e-03,20
1580,Hybrid,mixture,-1.39693325,1.61706135e-03,20
1581,Metropolis,metropolis,-1.39075566,2.49115044e-03,20
1581,Row-Update,mps,-1.39592804,1.77813936e-03,20
1581,Hybrid,mixture,-1.39692729,1.61793158e-03,20
1582,Metropolis,metropolis,-1.39074849,2.49324742e-03,20
1582,Row-Update,mps,-1.39595603,1.77545683e-03,20
1582,Hybrid,mixture,-1.39692777,1.61444358e-03,20
1583,Metropolis,metropolis,-1.39074707,2.49340576e-03,20
1583,Row-Update,mps,-1.39594582,1.77517460e-03,20
1583,Hybrid,mixture,-1.39691141,1.61551170e-03,20
1584,Metropolis,metropolis,-1.39076397,2.49398284e-03,20
1584,Row-Update,mps,-1.39594513,1.77469913e-03,20
1584,Hybrid,mixture,-1.39691907,1.61964146e-03,20
1585,Metropolis,metropolis,-1.39077354,2.48941470e-03,20
1585,Row-Update,mps,-1.39593271,1.77434406e-03,20
1585,Hybrid,mixture,-1.39693695,1.61622788e-03,20
1586,Metropolis,metropolis,-1.39075135,2.49393907e-03,20
1586,Row-Update,mps,-1.39593949,1.77493758e-03,20
1586,Hybrid,mixture,-1.39693197,1.61611569e-03,20
1587,Metropolis,metropolis,-1.39075486,2.49298674e-03,20
1587,Row-Update,mps,-1.39594266,1.77637866e-03,20
1587,Hybrid,mixture,-1.39693272,1.61542154e-03,20
1588,Metropolis,metropolis,-1.39076304,2.49446470e-03,20
1588,Row-Update,mps,-1.39594358,1.77483939e-03,20
1588,Hybrid,mixture,-1.39693434,1.61605290e-03,20
1589,Metropolis,metropolis,-1.39076208,2.49576923e-03,20
1589,Row-Update,mps,-1.39593568,1.77466973e-03,20
1589,Hybrid,mixture,-1.39693433,1.61948574e-03,20
1590,Metropolis,metropolis,-1.39075916,2.49295547e-03,20
1590,Row-Update,mps,-1.39594354,1.77563238e-03,20
1590,Hybrid,mixture,-1.39693793,1.61525301e-03,20
1591,Metropolis,metropolis,-1.39076482,2.49632417e-03,20
1591,Row-Update,mps,-1.39594291,1.77515527e-03,20
1591,Hybrid,mixture,-1.39692853,1.61770162e-03,20
1592,Metropolis,metropolis,-1.39075637,2.49497686e-03,20
1592,Row-Update,mps,-1.39594863,1.77409596e-03,20
1592,Hybrid,mixture,-1.39693008,1.61390288e-03,20
1593,Metropolis,metropolis,-1.39076252,2.49502042e-03,20
1593,Row-Update,mps,-1.39593809,1.77362603e-03,20
1593,Hybrid,mixture,-1.39690449,1.61428173e-03,20
1594,Metropolis,metropolis,-1.39076181,2.49620367e-03,20
1594,Row-Update,mps,-1.39594134,1.77318352e-03,20
1594,Hybrid,mixture,-1.39692242,1.61576228e-03,20
1595,Metropolis,metropolis,-1.39075740,2.49647168e-03,20
1595,Row-Update,mps,-1.39593781,1.77545687e-03,20
1595,Hybrid,mixture,-1.39694588,1.61645890e-03,20
1596,Metropolis,metropolis,-1.39076131,2.49401731e-03,20
1596,Row-Update,mps,-1.39594148,1.77471376e-03,20
1596,Hybrid,mixture,-1.39693118,1.61653521e-03,20
1597,Metropolis,metropolis,-1.39076511,2.49648122e-03,20
1597,Row-Update,mps,-1.39594592,1.77257074e-03,20
1597,Hybrid,mixture,-1.39692481,1.61403897e-03,20
1598,Metropolis,metropolis,-1.39076693,2.49540196e-03,20
1598,Row-Update,mps,-1.39594543,1.77494674e-03,20
1598,Hybrid,mixture,-1.39693289,1.61505980e-03,20
1599,Metropolis,metropolis,-1.39077040,2.49586522e-03,20
1599,Row-Update,mps,-1.39592494,1.77639593e-03,20
1599,Hybrid,mixture,-1.39694013,1.61470588e-03,20
1600,Metropolis,metropolis,-1.39076097,2.49526981e-03,20
1600,Row-Update,mps,-1.39593705,1.77324918e-03,20
1600,Hybrid,mixture,-1.39693348,1.61556357e-03,20
1601,Metropolis,metropolis,-1.39075743,2.49951373e-03,20
1601,Row-Update,mps,-1.39592075,1.77280530e-03,20
1601,Hybrid,mixture,-1.39692199,1.61638685e-03,20
1602,Metropolis,metropolis,-1.39077637,2.49826141e-03,20
1602,Row-Update,mps,-1.39593403,1.77617412e-03,20
1602,Hybrid,mixture,-1.39693222,1.61409900e-03,20
1603,Metropolis,metropolis,-1.39077135,2.49546786e-03,20
1603,Row-Update,mps,-1.39593904,1.77543274e-03,20
1603,Hybrid,mixture,-1.39693420,1.61730036e-03,20
1604,Metropolis,metropolis,-1.39078777,2.49759069e-03,20
1604,Row-Update,mps,-1.39593918,1.77489015e-03,20
1604,Hybrid,mixture,-1.39693520,1.61697668e-03,20
1605,Metropolis,metropolis,-1.39076271,2.49805950e-03,20
1605,Row-Update,mps,-1.39594338,1.77500188e-03,20
1605,Hybrid,mixture,-1.39693258,1.61589798e-03,20
1606,Metropolis,metropolis,-1.39077634,2.50043092e-03,20
1606,Row-Update,mps,-1.39593370,1.77434610e-03,20
1606,Hybrid,mixture,-1.39691686,1.61610574e-03,20
1607,Metropolis,metropolis,-1.39078406,2.50200831e-03,20
1607,Row-Update,mps,-1.39593688,1.77623709e-03,20
1607,Hybrid,mixture,-1.39692107,1.61657294e-03,20
1608,Metropolis,metropolis,-1.39078554,2.50243805e-03,20
1608,Row-Update,mps,-1.39593290,1.77501221e-03,20
1608,Hybrid,mixture,-1.39693346,1.61566034e-03,20
1609,Metropolis,metropolis,-1.39078838,2.50144246e-03,20
1609,Row-Update,mps,-1.39592987,1.77304304e-03,20
1609,Hybrid,mixture,-1.39694071,1.61795908e-03,20
1610,Metropolis,metropolis,-1.39079303,2.49968732e-03,20
1610,Row-Update,mps,-1.39594058,1.77596683e-03,20
1610,Hybrid,mixture,-1.39693165,1.61533087e-03,20
1611,Metropolis,metropolis,-1.39079227,2.50027561e-03,20
1611,Row-Update,mps,-1.39594117,1.77346701e-03,20
1611,Hybrid,mixture,-1.39693072,1.62030215e-03,20
1612,Metropolis,metropolis,-1.39079051,2.50196764e-03,20
1612,Row-Update,mps,-1.39591610,1.77533959e-03,20
1612,Hybrid,mixture,-1.39693634,1.61871348e-03,20
1613,Metropolis,metropolis,-1.39078424,2.50234972e-03,20
1613,Row-Update,mps,-1.39594657,1.77747778e-03,20
1613,Hybrid,mixture,-1.39692965,1.61878406e-03,20
1614,Metropolis,metropolis,-1.39079531,2.50344040e-03,20
1614,Row-Update,mps,-1.39593966,1.77475357e-03,20
1614,Hybrid,mixture,-1.39693110,1.61833155e-03,20
1615,Metropolis,metropolis,-1.39079411,2.50290937e-03,20
1615,Row-Update,mps,-1.39594030,1.77527745e-03,20
1615,Hybrid,mixture,-1.39692638,1.61798686e-03,20
1616,Metropolis,metropolis,-1.39078777,2.50309267e-03,20
1616,Row-Update,mps,-1.39594196,1.77621946e-03,20
1616,Hybrid,mixture,-1.39693676,1.61630046e-03,20
1617,Metropolis,metropolis,-1.39080533,2.50554744e-03,20
1617,Row-Update,mps,-1.39594585,1.77456498e-03,20
1617,Hybrid,mixture,-1.39692750,1.61501148e-03,20
1618,Metropolis,metropolis,-1.39079509,2.50312102e-03,20
1618,Row-Update,mps,-1.39594244,1.77216602e-03,20
1618,Hybrid,mixture,-1.39692633,1.61628746e-03,20
1619,Metropolis,metropolis,-1.39081819,2.50639651e-03,20
1619,Row-Update,mps,-1.39594021,1.77294858e-03,20
1619,Hybrid,mixture,-1.39693821,1.62158053e-03,20
1620,Metropolis,metropolis,-1.39079470,2.50676248e-03,20
1620,Row-Update,mps,-1.39594156,1.77353638e-03,20
1620,Hybrid,mixture,-1.39693330,1.61820019e-03,20
1621,Metropolis,metropolis,-1.39080850,2.50539684e-03,20
1621,Row-Update,mps,-1.39593479,1.77237063e-03,20
1621,Hybrid,mixture,-1.39693586,1.61410889e-03,20
1622,Metropolis,metropolis,-1.39080316,2.50478330e-03,20
1622,Row-Update,mps,-1.39593824,1.77373215e-03,20
1622,Hybrid,mixture,-1.39693503,1.61676675e-03,20
1623,Metropolis,metropolis,-1.39081671,2.50662654e-03,20
1623,Row-Update,mps,-1.39594157,1.77341281e-03,20
1623,Hybrid,mixture,-1.39691625,1.61601552e-03,20
1624,Metropolis,metropolis,-1.39081933,2.50765920e-03,20
1624,Row-Update,mps,-1.39593637,1.77393636e-03,20
1624,Hybrid,mixture,-1.39693164,1.61561799e-03,20
1625,Metropolis,metropolis,-1.39081837,2.50642771e-03,20
1625,Row-Update,mps,-1.39594281,1.77342629e-03,20
1625,Hybrid,mixture,-1.39693642,1.61566646e-03,20
1626,Metropolis,metropolis,-1.39081999,2.50817769e-03,20
1626,Row-Update,mps,-1.39594694,1.77428301e-03,20
1626,Hybrid,mixture,-1.39692938,1.61645587e-03,20
1627,Metropolis,metropolis,-1.39081646,2.50849955e-03,20
1627,Row-Update,mps,-1.39594326,1.77230385e-03,20
1627,Hybrid,mixture,-1.39692722,1.61929709e-03,20
1628,Metropolis,metropolis,-1.39083001,2.50933452e-03,20
1628,Row-Update,mps,-1.39594740,1.77233771e-03,20
1628,Hybrid,mixture,-1.39693692,1.61757373e-03,20
1629,Metropolis,metropolis,-1.39082612,2.50778108e-03,20
1629,Row-Update,mps,-1.39594131,1.77426929e-03,20
1629,Hybrid,mixture,-1.39693162,1.61651522e-03,20
1630,Metropolis,metropolis,-1.39081823,2.50880891e-03,20
1630,Row-Update,mps,-1.39595428,1.77517112e-03,20
1630,Hybrid,mixture,-1.39692852,1.61490322e-03,20
1631,Metropolis,metropolis,-1.39083131,2.50960047e-03,20
1631,Row-Update,mps,-1.39594572,1.77401510e-03,20
1631,Hybrid,mixture,-1.39690513,1.61316578e-03,20
1632,Metropolis,metropolis,-1.39083037,2.50961638e-03,20
1632,Row-Update,mps,-1.39595057,1.77439496e-03,20
1632,Hybrid,mixture,-1.39693215,1.61596271e-03,20
1633,Metropolis,metropolis,-1.39083401,2.51122636e-03,20
1633,Row-Update,mps,-1.39593218,1.77282141e-03,20
1633,Hybrid,mixture,-1.39693675,1.61614472e-03,20
1634,Metropolis,metropolis,-1.39083007,2.51165787e-03,20
1634,Row-Update,mps,-1.39593722,1.77460528e-03,20
1634,Hybrid,mixture,-1.39693191,1.61592332e-03,20
1635,Metropolis,metropolis,-1.39083377,2.51149903e-03,20
1635,Row-Update,mps,-1.39593689,1.77498253e-03,20
1635,Hybrid,mixture,-1.39692337,1.61728443e-03,20
1636,Metropolis,metropolis,-1.39083951,2.51084389e-03,20
1636,Row-Update,mps,-1.39593552,1.77229790e-03,20
1636,Hybrid,mixture,-1.39693057,1.61507715e-03,20
1637,Metropolis,metropolis,-1.39084188,2.51259026e-03,20
1637,Row-Update,mps,-1.39594360,1.77425958e-03,20
1637,Hybrid,mixture,-1.39692376,1.61637811e-03,20
1638,Metropolis,metropolis,-1.39083235,2.51422369e-03,20
1638,Row-Update,mps,-1.39593465,1.77342344e-03,20
1638,Hybrid,mixture,-1.39693021,1.61555010e-03,20
1639,Metropolis,metropolis,-1.39083632,2.51269848e-03,20
1639,Row-Update,mps,-1.39595169,1.77405965e-03,20
1639,Hybrid,mixture,-1.39693071,1.61518978e-03,20
1640,Metropolis,metropolis,-1.39083451,2.51351823e-03,20
1640,Row-Update,mps,-1.39594831,1.77441916e-03,20
1640,Hybrid,mixture,-1.39693582,1.61791959e-03,20
1641,Metropolis,metropolis,-1.39083487,2.51207066e-03,20
1641,Row-Update,mps,-1.39593106,1.77076302e-03,20
1641,Hybrid,mixture,-1.39693127,1.61501350e-03,20
1642,Metropolis,metropolis,-1.39083480,2.51381463e-03,20
1642,Row-Update,mps,-1.39594490,1.77431629e-03,20
1642,Hybrid,mixture,-1.39693469,1.61613970e-03,20
1643,Metropolis,metropolis,-1.39083933,2.50938244e-03,20
1643,Row-Update,mps,-1.39594347,1.77452753e-03,20
1643,Hybrid,mixture,-1.39692108,1.61813672e-03,20
1644,Metropolis,metropolis,-1.39083967,2.51137126e-03,20
1644,Row-Update,mps,-1.39595271,1.77280994e-03,20
1644,Hybrid,mixture,-1.39692704,1.61837752e-03,20
1645,Metropolis,metropolis,-1.39083792,2.51462484e-03,20
1645,Row-Update,mps,-1.39594031,1.77532870e-03,20
1645,Hybrid,mixture,-1.39692403,1.61574211e-03,20
1646,Metropolis,metropolis,-1.39085687,2.51731646e-03,20
1646,Row-Update,mps,-1.39595030,1.77365813e-03,20
1646,Hybrid,mixture,-1.39692540,1.61627423e-03,20
1647,Metropolis,metropolis,-1.39084041,2.51725561e-03,20
1647,Row-Update,mps,-1.39595804,1.77067890e-03,20
1647,Hybrid,mixture,-1.39693514,1.61660585e-03,20
1648,Metropolis,metropolis,-1.39084573,2.51290812e-03,20
1648,Row-Update,mps,-1.39594550,1.77263467e-03,20
1648,Hybrid,mixture,-1.39691919,1.61484148e-03,20
1649,Metropolis,metropolis,-1.39084318,2.51631623e-03,20
1649,Row-Update,mps,-1.39595080,1.77235680e-03,20
1649,Hybrid,mixture,-1.39692448,1.61457026e-03,20
1650,Metropolis,metropolis,-1.39084629,2.51554024e-03,20
1650,Row-Update,mps,-1.39594497,1.77510378e-03,20
1650,Hybrid,mixture,-1.39693978,1.61616185e-03,20
1651,Metropolis,metropolis,-1.39084716,2.51942677e-03,20
1651,Row-Update,mps,-1.39595261,1.77452620e-03,20
1651,Hybrid,mixture,-1.39692494,1.61417155e-03,20
1652,Metropolis,metropolis,-1.39084771,2.51552949e-03,20
1652,Row-Update,mps,-1.39594687,1.77434391e-03,20
1652,Hybrid,mixture,-1.39693989,1.61789473e-03,20
1653,Metropolis,metropolis,-1.39084088,2.51397251e-03,20
1653,Row-Update,mps,-1.39594033,1.77566954e-03,20
1653,Hybrid,mixture,-1.39693662,1.61826246e-03,20
1654,Metropolis,metropolis,-1.39085244,2.51594770e-03,20
1654,Row-Update,mps,-1.39593875,1.77359460e-03,20
1654,Hybrid,mixture,-1.39693419,1.61601517e-03,20
1655,Metropolis,metropolis,-1.39085238,2.51612309e-03,20
1655,Row-Update,mps,-1.39594950,1.77538322e-03,20
1655,Hybrid,mixture,-1.39694158,1.61910244e-03,20
1656,Metropolis,metropolis,-1.39084741,2.51359464e-03,20
1656,Row-Update,mps,-1.39595888,1.77405341e-03,20
1656,Hybrid,mixture,-1.39695538,1.60382770e-03,20
1657,Metropolis,metropolis,-1.39085406,2.51495760e-03,20
1657,Row-Update,mps,-1.39595277,1.77428515e-03,20
1657,Hybrid,mixture,-1.39693013,1.61472887e-03,20
1658,Metropolis,metropolis,-1.39085516,2.51651479e-03,20
1658,Row-Update,mps,-1.39594883,1.77256439e-03,20
1658,Hybrid,mixture,-1.39693087,1.61735249e-03,20
1659,Metropolis,metropolis,-1.39084901,2.51402288e-03,20
1659,Row-Update,mps,-1.39594736,1.77343379e-03,20
1659,Hybrid,mixture,-1.39693949,1.61630977e-03,20
1660,Metropolis,metropolis,-1.39084840,2.51436915e-03,20
1660,Row-Update,mps,-1.39596316,1.77102279e-03,20
1660,Hybrid,mixture,-1.39694192,1.61644257e-03,20
1661,Metropolis,metropolis,-1.39084311,2.51559880e-03,20
1661,Row-Update,mps,-1.39594751,1.77438654e-03,20
1661,Hybrid,mixture,-1.39693608,1.61555570e-03,20
1662,Metropolis,metropolis,-1.39085016,2.51641549e-03,20
1662,Row-Update,mps,-1.39595594,1.77400238e-03,20
1662,Hybrid,mixture,-1.39693505,1.61583529e-03,20
1663,Metropolis,metropolis,-1.39085720,2.51523141e-03,20
1663,Row-Update,mps,-1.39595656,1.77277321e-03,20
1663,Hybrid,mixture,-1.39693933,1.61699101e-03,20
1664,Metropolis,metropolis,-1.39085646,2.51429586e-03,20
1664,Row-Update,mps,-1.39595297,1.77243171e-03,20
1664,Hybrid,mixture,-1.39693197,1.61568141e-03,20
1665,Metropolis,metropolis,-1.39085749,2.51573345e-03,20
1665,Row-Update,mps,-1.39595862,1.77191765e-03,20
1665,Hybrid,mixture,-1.39692616,1.61540204e-03,20
1666,Metropolis,metropolis,-1.39085189,2.51343189e-03,20
1666,Row-Update,mps,-1.39596851,1.77310463e-03,20
1666,Hybrid,mixture,-1.39694717,1.61872696e-03,20
1667,Metropolis,metropolis,-1.39085220,2.51669056e-03,20
1667,Row-Update,mps,-1.39595446,1.77127918e-03,20
1667,Hybrid,mixture,-1.39694571,1.61645513e-03,20
1668,Metropolis,metropolis,-1.39084467,2.51449851e-03,20
1668,Row-Update,mps,-1.39595870,1.77067338e-03,20
1668,Hybrid,mixture,-1.39694637,1.61851183e-03,20
1669,Metropolis,metropolis,-1.39085164,2.51441028e-03,20
1669,Row-Update,mps,-1.39595297,1.77141217e-03,20
1669,Hybrid,mixture,-1.39692981,1.61460253e-03,20
1670,Metropolis,metropolis,-1.39085376,2.51507228e-03,20
1670,Row-Update,mps,-1.39595522,1.77085160e-03,20
1670,Hybrid,mixture,-1.39694482,1.61537893e-03,20
1671,Metropolis,metropolis,-1.39084560,2.51586507e-03,20
1671,Row-Update,mps,-1.39595947,1.77084580e-03,20
1671,Hybrid,mixture,-1.39692359,1.61601599e-03,20
1672,Metropolis,metropolis,-1.39085979,2.51531511e-03,20
1672,Row-Update,mps,-1.39594943,1.77153973e-03,20
1672,Hybrid,mixture,-1.39694949,1.61638875e-03,20
1673,Metropolis,metropolis,-1.39085196,2.51659475e-03,20
1673,Row-Update,mps,-1.39595678,1.77094670e-03,20
1673,Hybrid,mixture,-1.39692885,1.61313160e-03,20
1674,Metropolis,metropolis,-1.39085568,2.51575674e-03,20
1674,Row-Update,mps,-1.39595460,1.77209959e-03,20
1674,Hybrid,mixture,-1.39692892,1.61575849e-03,20
1675,Metropolis,metropolis,-1.39083134,2.51047359e-03,20
1675,Row-Update,mps,-1.39597464,1.77383916e-03,20
1675,Hybrid,mixture,-1.39692799,1.61676228e-03,20
1676,Metropolis,metropolis,-1.39085607,2.51521523e-03,20
1676,Row-Update,mps,-1.39595378,1.77036298e-03,20
1676,Hybrid,mixture,-1.39693856,1.61644206e-03,20
1677,Metropolis,metropolis,-1.39085316,2.51724722e-03,20
1677,Row-Update,mps,-1.39596152,1.77426571e-03,20
1677,Hybrid,mixture,-1.39692993,1.61429105e-03,20
1678,Metropolis,metropolis,-1.39085744,2.51544020e-03,20
1678,Row-Update,mps,-1.39596668,1.76792737e-03,20
1678,Hybrid,mixture,-1.39693491,1.61608542e-03,20
1679,Metropolis,metropolis,-1.39086078,2.51357542e-03,20
1679,Row-Update,mps,-1.39596358,1.77022715e-03,20
1679,Hybrid,mixture,-1.39694120,1.61552952e-03,20
1680,Metropolis,metropolis,-1.39085778,2.51522727e-03,20
1680,Row-Update,mps,-1.39595884,1.77032176e-03,20
1680,Hybrid,mixture,-1.39692953,1.61876245e-03,20
1681,Metropolis,metropolis,-1.39085655,2.51613545e-03,20
1681,Row-Update,mps,-1.39596492,1.77136373e-03,20
1681,Hybrid,mixture,-1.39694567,1.61329749e-03,20
1682,Metropolis,metropolis,-1.39086141,2.51574531e-03,20
1682,Row-Update,mps,-1.39595910,1.76949676e-03,20
1682,Hybrid,mixture,-1.39693847,1.61600842e-03,20
1683,Metropolis,metropolis,-1.39085698,2.51594112e-03,20
1683,Row-Update,mps,-1.39595468,1.77209296e-03,20
1683,Hybrid,mixture,-1.39693538,1.61523665e-03,20
1684,Metropolis,metropolis,-1.39085799,2.51613156e-03,20
1684,Row-Update,mps,-1.39595286,1.77212255e-03,20
1684,Hybrid,mixture,-1.39693666,1.61419399e-03,20
1685,Metropolis,metropolis,-1.39085775,2.51635051e-03,20
1685,Row-Update,mps,-1.39596974,1.77352587e-03,20
1685,Hybrid,mixture,-1.39694124,1.61550019e-03,20
1686,Metropolis,metropolis,-1.39086993,2.51742569e-03,20
1686,Row-Update,mps,-1.39596904,1.77247923e-03,20
1686,Hybrid,mixture,-1.39694798,1.61460625e-03,20
1687,Metropolis,metropolis,-1.39085499,2.51625415e-03,20
1687,Row-Update,mps,-1.39594586,1.77156751e-03,20
1687,Hybrid,mixture,-1.39694029,1.61712944e-03,20
1688,Metropolis,metropolis,-1.39085561,2.51900588e-03,20
1688,Row-Update,mps,-1.39596125,1.77103237e-03,20
1688,Hybrid,mixture,-1.39695426,1.61864305e-03,20
1689,Metropolis,metropolis,-1.39086138,2.51586695e-03,20
1689,Row-Update,mps,-1.39596676,1.77118250e-03,20
1689,Hybrid,mixture,-1.39694520,1.61450634e-03,20
1690,Metropolis,metropolis,-1.39084965,2.51533027e-03,20
1690,Row-Update,mps,-1.39597958,1.77237540e-03,20
1690,Hybrid,mixture,-1.39692866,1.61669098e-03,20
1691,Metropolis,metropolis,-1.39084900,2.51573919e-03,20
1691,Row-Update,mps,-1.39596569,1.77001263e-03,20
1691,Hybrid,mixture,-1.39693676,1.61446882e-03,20
1692,Metropolis,metropolis,-1.39086060,2.51596317e-03,20
1692,Row-Update,mps,-1.39596568,1.76897037e-03,20
1692,Hybrid,mixture,-1.39693357,1.61637138e-03,20
1693,Metropolis,metropolis,-1.39085627,2.51733355e-03,20
1693,Row-Update,mps,-1.39597617,1.77008572e-03,20
1693,Hybrid,mixture,-1.39694953,1.61560148e-03,20
1694,Metropolis,metropolis,-1.39086555,2.51641334e-03,20
1694,Row-Update,mps,-1.39596645,1.77005057e-03,20
1694,Hybrid,mixture,-1.39693490,1.61854545e-03,20
1695,Metropolis,metropolis,-1.39085874,2.51749675e-03,20
1695,Row-Update,mps,-1.39597076,1.76808970e-03,20
1695,Hybrid,mixture,-1.39694247,1.61943141e-03,20
1696,Metropolis,metropolis,-1.39086008,2.51562986e-03,20
1696,Row-Update,mps,-1.39598889,1.76737312e-03,20
1696,Hybrid,mixture,-1.39694091,1.61473250e-03,20
1697,Metropolis,metropolis,-1.39086061,2.51710144e-03,20
1697,Row-Update,mps,-1.39598726,1.76369479e-03,20
1697,Hybrid,mixture,-1.39694434,1.61688204e-03,20
1698,Metropolis,metropolis,-1.39085194,2.51520595e-03,20
1698,Row-Update,mps,-1.39597578,1.76531840e-03,20
1698,Hybrid,mixture,-1.39692729,1.61586901e-03,20
1699,Metropolis,metropolis,-1.39086156,2.51786931e-03,20
1699,Row-Update,mps,-1.39600036,1.76093849e-03,20
1699,Hybrid,mixture,-1.39692252,1.61519352e-03,20
1700,Metropolis,metropolis,-1.39085311,2.51920264e-03,20
1700,Row-Update,mps,-1.39600284,1.75851000e-03,20
1700,Hybrid,mixture,-1.39693306,1.61539543e-03,20
1701,Metropolis,metropolis,-1.39086176,2.51600453e-03,20
1701,Row-Update,mps,-1.39601429,1.75504909e-03,20
1701,Hybrid,mixture,-1.39693922,1.61624226e-03,20
1702,Metropolis,metropolis,-1.39086241,2.51526873e-03,20
1702,Row-Update,mps,-1.39603320,1.75008315e-03,20
1702,Hybrid,mixture,-1.39693848,1.61532351e-03,20
1703,Metropolis,metropolis,-1.39085705,2.51497354e-03,20
1703,Row-Update,mps,-1.39604895,1.74374536e-03,20
1703,Hybrid,mixture,-1.39694511,1.61295575e-03,20
1704,Metropolis,metropolis,-1.39084641,2.51695307e-03,20
1704,Row-Update,mps,-1.39607225,1.73913769e-03,20
1704,Hybrid,mixture,-1.39693243,1.61509188e-03,20
1705,Metropolis,metropolis,-1.39084997,2.51475391e-03,20
1705,Row-Update,mps,-1.39606909,1.73467792e-03,20
1705,Hybrid,mixture,-1.39694614,1.61836207e-03,20
1706,Metropolis,metropolis,-1.39086300,2.51471523e-03,20
1706,Row-Update,mps,-1.39609220,1.72793185e-03,20
1706,Hybrid,mixture,-1.39693817,1.61696495e-03,20
1707,Metropolis,metropolis,-1.39085986,2.51669379e-03,20
1707,Row-Update,mps,-1.39612732,1.72135625e-03,20
1707,Hybrid,mixture,-1.39692571,1.61923330e-03,20
1708,Metropolis,metropolis,-1.39085605,2.51590273e-03,20
1708,Row-Update,mps,-1.39613693,1.72216704e-03,20
1708,Hybrid,mixture,-1.39693149,1.61680734e-03,20
1709,Metropolis,metropolis,-1.39086013,2.51781999e-03,20
1709,Row-Update,mps,-1.39614424,1.71708446e-03,20
1709,Hybrid,mixture,-1.39693921,1.61570102e-03,20
1710,Metropolis,metropolis,-1.39085992,2.51517583e-03,20
1710,Row-Update,mps,-1.39615620,1.71240788e-03,20
1710,Hybrid,mixture,-1.39693338,1.61660138e-03,20
1711,Metropolis,metropolis,-1.39085988,2.51523735e-03,20
1711,Row-Update,mps,-1.39616951,1.71212054e-03,20
1711,Hybrid,mixture,-1.39692441,1.61680594e-03,20
1712,Metropolis,metropolis,-1.39086087,2.51548306e-03,20
1712,Row-Update,mps,-1.39618336,1.70955017e-03,20
1712,Hybrid,mixture,-1.39693037,1.61667577e-03,20
1713,Metropolis,metropolis,-1.39085488,2.51412722e-03,20
1713,Row-Update,mps,-1.39620125,1.70365714e-03,20
1713,Hybrid,mixture,-1.39694132,1.61387088e-03,20
1714,Metropolis,metropolis,-1.39086223,2.51439220e-03,20
1714,Row-Update,mps,-1.39620489,1.70763201e-03,20
1714,Hybrid,mixture,-1.39692743,1.61669064e-03,20
1715,Metropolis,metropolis,-1.39085850,2.51750724e-03,20
1715,Row-Update,mps,-1.39620345,1.70391109e-03,20
1715,Hybrid,mixture,-1.39693315,1.61621773e-03,20
1716,Metropolis,metropolis,-1.39085941,2.51613443e-03,20
1716,Row-Update,mps,-1.39620495,1.70159027e-03,20
1716,Hybrid,mixture,-1.39693373,1.61952101e-03,20
1717,Metropolis,metropolis,-1.39086523,2.51570659e-03,20
1717,Row-Update,mps,-1.39623027,1.69806164e-03,20
1717,Hybrid,mixture,-1.39692968,1.61658115e-03,20
1718,Metropolis,metropolis,-1.39086343,2.51630768e-03,20
1718,Row-Update,mps,-1.39623394,1.69622995e-03,20
1718,Hybrid,mixture,-1.39693203,1.61419054e-03,20
1719,Metropolis,metropolis,-1.39085273,2.51922182e-03,20
1719,Row-Update,mps,-1.39623003,1.69649087e-03,20
1719,Hybrid,mixture,-1.39693673,1.61704086e-03,20
1720,Metropolis,metropolis,-1.39085751,2.51759104e-03,20
1720,Row-Update,mps,-1.39625884,1.69464478e-03,20
1720,Hybrid,mixture,-1.39693910,1.61321242e-03,20
1721,Metropolis,metropolis,-1.39085894,2.51697889e-03,20
1721,Row-Update,mps,-1.39626983,1.69108056e-03,20
1721,Hybrid,mixture,-1.39695247,1.61224347e-03,20
1722,Metropolis,metropolis,-1.39085654,2.51706445e-03,20
1722,Row-Update,mps,-1.39626159,1.69216133e-03,20
1722,Hybrid,mixture,-1.39692819,1.61760396e-03,20
1723,Metropolis,metropolis,-1.39085927,2.51715766e-03,20
1723,Row-Update,mps,-1.39628707,1.69093089e-03,20
1723,Hybrid,mixture,-1.39693520,1.61645746e-03,20
1724,Metropolis,metropolis,-1.39085418,2.51808589e-03,20
1724,Row-Update,mps,-1.39629030,1.69057904e-03,20
1724,Hybrid,mixture,-1.39694133,1.61327039e-03,20
1725,Metropolis,metropolis,-1.39085507,2.51592039e-03,20
1725,Row-Update,mps,-1.39631329,1.68671015e-03,20
1725,Hybrid,mixture,-1.39693620,1.61639522e-03,20
1726,Metropolis,metropolis,-1.39085114,2.51662256e-03,20
1726,Row-Update,mps,-1.39631773,1.68311351e-03,20
1726,Hybrid,mixture,-1.39694586,1.61323766e-03,20
1727,Metropolis,metropolis,-1.39086139,2.51669900e-03,20
1727,Row-Update,mps,-1.39632380,1.68292706e-03,20
1727,Hybrid,mixture,-1.39694284,1.61603378e-03,20
1728,Metropolis,metropolis,-1.39085891,2.51717497e-03,20
1728,Row-Update,mps,-1.39634144,1.68027609e-03,20
1728,Hybrid,mixture,-1.39693544,1.61444789e-03,20
1729,Metropolis,metropolis,-1.39086227,2.51703363e-03,20
1729,Row-Update,mps,-1.39635791,1.67419656e-03,20
1729,Hybrid,mixture,-1.39694110,1.61125617e-03,20
1730,Metropolis,metropolis,-1.39086112,2.51551625e-03,20
1730,Row-Update,mps,-1.39634506,1.67921273e-03,20
1730,Hybrid,mixture,-1.39693937,1.61466911e-03,20
1731,Metropolis,metropolis,-1.39085441,2.51687313e-03,20
1731,Row-Update,mps,-1.39637348,1.67403421e-03,20
1731,Hybrid,mixture,-1.39693326,1.61410051e-03,20
1732,Metropolis,metropolis,-1.39086357,2.51714238e-03,20
1732,Row-Update,mps,-1.39639568,1.67342031e-03,20
1732,Hybrid,mixture,-1.39693305,1.61517081e-03,20
1733,Metropolis,metropolis,-1.39085048,2.51639222e-03,20
1733,Row-Update,mps,-1.39640138,1.67492333e-03,20
1733,Hybrid,mixture,-1.39693116,1.61514160e-03,20
1734,Metropolis,metropolis,-1.39084995,2.51552182e-03,20
1734,Row-Update,mps,-1.39641121,1.67177990e-03,20
1734,Hybrid,mixture,-1.39692840,1.61470734e-03,20
1735,Metropolis,metropolis,-1.39086262,2.51561956e-03,20
1735,Row-Update,mps,-1.39641498,1.67257315e-03,20
1735,Hybrid,mixture,-1.39693267,1.62051763e-03,20
1736,Metropolis,metropolis,-1.39085467,2.51793104e-03,20
1736,Row-Update,mps,-1.39642191,1.66958084e-03,20
1736,Hybrid,mixture,-1.39693832,1.61667698e-03,20
1737,Metropolis,metropolis,-1.39086110,2.51770169e-03,20
1737,Row-Update,mps,-1.39646071,1.66692185e-03,20
1737,Hybrid,mixture,-1.39694991,1.61203470e-03,20
1738,Metropolis,metropolis,-1.39085366,2.51608865e-03,20
1738,Row-Update,mps,-1.39645060,1.66845224e-03,20
1738,Hybrid,mixture,-1.39693575,1.61726710e-03,20
1739,Metropolis,metropolis,-1.39086024,2.51691530e-03,20
1739,Row-Update,mps,-1.39646840,1.66628702e-03,20
1739,Hybrid,mixture,-1.39693823,1.61545693e-03,20
1740,Metropolis,metropolis,-1.39086192,2.51765623e-03,20
1740,Row-Update,mps,-1.39646401,1.66525375e-03,20
1740,Hybrid,mixture,-1.39695285,1.61515745e-03,20
1741,Metropolis,metropolis,-1.39086221,2.51651045e-03,20
1741,Row-Update,mps,-1.39646078,1.66655837e-03,20
1741,Hybrid,mixture,-1.39694275,1.61546578e-03,20
1742,Metropolis,metropolis,-1.39085342,2.51678533e-03,20
1742,Row-Update,mps,-1.39647062,1.66813787e-03,20
1742,Hybrid,mixture,-1.39692955,1.61591155e-03,20
1743,Metropolis,metropolis,-1.39086379,2.51537750e-03,20
1743,Row-Update,mps,-1.39646942,1.66425784e-03,20
1743,Hybrid,mixture,-1.39693377,1.61601344e-03,20
1744,Metropolis,metropolis,-1.39086465,2.51824798e-03,20
1744,Row-Update,mps,-1.39647415,1.66631797e-03,20
1744,Hybrid,mixture,-1.39693121,1.61687458e-03,20
1745,Metropolis,metropolis,-1.39086474,2.51539272e-03,20
1745,Row-Update,mps,-1.39647196,1.66693088e-03,20
1745,Hybrid,mixture,-1.39693637,1.61753319e-03,20
1746,Metropolis,metropolis,-1.39085119,2.51755674e-03,20
1746,Row-Update,mps,-1.39648507,1.66652900e-03,20
1746,Hybrid,mixture,-1.39693938,1.61631263e-03,20
1747,Metropolis,metropolis,-1.39085526,2.51439082e-03,20
1747,Row-Update,mps,-1.39649107,1.66721685e-03,20
1747,Hybrid,mixture,-1.39696216,1.61656474e-03,20
1748,Metropolis,metropolis,-1.39086648,2.51961065e-03,20
1748,Row-Update,mps,-1.39649222,1.66636110e-03,20
1748,Hybrid,mixture,-1.39692858,1.61643266e-03,20
1749,Metropolis,metropolis,-1.39085745,2.51864501e-03,20
1749,Row-Update,mps,-1.39647498,1.66493058e-03,20
1749,Hybrid,mixture,-1.39694430,1.61578489e-03,20
1750,Metropolis,metropolis,-1.39086235,2.51715489e-03,20
1750,Row-Update,mps,-1.39648359,1.66482819e-03,20
1750,Hybrid,mixture,-1.39694772,1.61401942e-03,20
1751,Metropolis,metropolis,-1.39087091,2.51830133e-03,20
1751,Row-Update,mps,-1.39648873,1.66475583e-03,20
1751,Hybrid,mixture,-1.39696268,1.61432485e-03,20
1752,Metropolis,metropolis,-1.39086232,2.51707149e-03,20
1752,Row-Update,mps,-1.39648910,1.66551404e-03,20
1752,Hybrid,mixture,-1.39693593,1.61458019e-03,20
1753,Metropolis,metropolis,-1.39086129,2.51656832e-03,20
1753,Row-Update,mps,-1.39649008,1.66314722e-03,20
1753,Hybrid,mixture,-1.39694356,1.61317879e-03,20
1754,Metropolis,metropolis,-1.39085145,2.51559587e-03,20
1754,Row-Update,mps,-1.39649618,1.66592549e-03,20
1754,Hybrid,mixture,-1.39693921,1.61742669e-03,20
1755,Metropolis,metropolis,-1.39085312,2.51448998e-03,20
1755,Row-Update,mps,-1.39648209,1.66516346e-03,20
1755,Hybrid,mixture,-1.39694103,1.61537499e-03,20
1756,Metropolis,metropolis,-1.39085910,2.51780456e-03,20
1756,Row-Update,mps,-1.39648480,1.66726373e-03,20
1756,Hybrid,mixture,-1.39692755,1.61635491e-03,20
1757,Metropolis,metropolis,-1.39084445,2.51772071e-03,20
1757,Row-Update,mps,-1.39648674,1.66484769e-03,20
1757,Hybrid,mixture,-1.39693364,1.61448535e-03,20
1758,Metropolis,metropolis,-1.39085943,2.51486437e-03,20
1758,Row-Update,mps,-1.39647870,1.66426846e-03,20
1758,Hybrid,mixture,-1.39693568,1.61498064e-03,20
1759,Metropolis,metropolis,-1.39085547,2.51561242e-03,20
1759,Row-Update,mps,-1.39648938,1.66518903e-03,20
1759,Hybrid,mixture,-1.39694299,1.61601728e-03,20
1760,Metropolis,metropolis,-1.39085872,2.51433456e-03,20
1760,Row-Update,mps,-1.39649927,1.66513340e-03,20
1760,Hybrid,mixture,-1.39695158,1.61684556e-03,20
1761,Metropolis,metropolis,-1.39085867,2.51631335e-03,20
1761,Row-Update,mps,-1.39649441,1.66309845e-03,20
1761,Hybrid,mixture,-1.39693641,1.61565381e-03,20
1762,Metropolis,metropolis,-1.39086980,2.51670334e-03,20
1762,Row-Update,mps,-1.39648711,1.66272498e-03,20
1762,Hybrid,mixture,-1.39694314,1.61714610e-03,20
1763,Metropolis,metropolis,-1.39085781,2.51554026e-03,20
1763,Row-Update,mps,-1.39648039,1.66620991e-03,20
1763,Hybrid,mixture,-1.39694233,1.61489205e-03,20
1764,Metropolis,metropolis,-1.39085482,2.51645187e-03,20
1764,Row-Update,mps,-1.39648491,1.66716621e-03,20
1764,Hybrid,mixture,-1.39693208,1.61594376e-03,20
1765,Metropolis,metropolis,-1.39085761,2.51668749e-03,20
1765,Row-Update,mps,-1.39650456,1.66431972e-03,20
1765,Hybrid,mixture,-1.39694124,1.61510194e-03,20
1766,Metropolis,metropolis,-1.39086348,2.51717507e-03,20
1766,Row-Update,mps,-1.39649094,1.66678748e-03,20
1766,Hybrid,mixture,-1.39694597,1.61619369e-03,20
1767,Metropolis,metropolis,-1.39085817,2.51806890e-03,20
1767,Row-Update,mps,-1.39648722,1.66972126e-03,20
1767,Hybrid,mixture,-1.39694648,1.61443345e-03,20
1768,Metropolis,metropolis,-1.39087535,2.51229112e-03,20
1768,Row-Update,mps,-1.39649573,1.66269450e-03,20
1768,Hybrid,mixture,-1.39693701,1.61420392e-03,20
1769,Metropolis,metropolis,-1.39085450,2.51788778e-03,20
1769,Row-Update,mps,-1.39649415,1.66622260e-03,20
1769,Hybrid,mixture,-1.39692953,1.61665341e-03,20
1770,Metropolis,metropolis,-1.39086592,2.51588964e-03,20
1770,Row-Update,mps,-1.39649008,1.66324598e-03,20
1770,Hybrid,mixture,-1.39694768,1.61586344e-03,20
1771,Metropolis,metropolis,-1.39085735,2.51644137e-03,20
1771,Row-Update,mps,-1.39649382,1.66356908e-03,20
1771,Hybrid,mixture,-1.39694805,1.61643980e-03,20
1772,Metropolis,metropolis,-1.39085892,2.51427430e-03,20
1772,Row-Update,mps,-1.39650194,1.66289886e-03,20
1772,Hybrid,mixture,-1.39695417,1.61208667e-03,20
1773,Metropolis,metropolis,-1.39086453,2.51596830e-03,20
1773,Row-Update,mps,-1.39650243,1.66351958e-03,20
1773,Hybrid,mixture,-1.39694689,1.61354480e-03,20
1774,Metropolis,metropolis,-1.39085618,2.51609129e-03,20
1774,Row-Update,mps,-1.39650509,1.66207606e-03,20
1774,Hybrid,mixture,-1.39694827,1.61524657e-03,20
1775,Metropolis,metropolis,-1.39086134,2.51772775e-03,20
1775,Row-Update,mps,-1.39650152,1.66276162e-03,20
1775,Hybrid,mixture,-1.39693354,1.61571225e-03,20
1776,Metropolis,metropolis,-1.39087223,2.51626044e-03,20
1776,Row-Update,mps,-1.39648712,1.66134992e-03,20
1776,Hybrid,mixture,-1.39694108,1.61545432e-03,20
1777,Metropolis,metropolis,-1.39085836,2.51697810e-03,20
1777,Row-Update,mps,-1.39649611,1.66023065e-03,20
1777,Hybrid,mixture,-1.39694634,1.61580535e-03,20
1778,Metropolis,metropolis,-1.39085720,2.51818749e-03,20
1778,Row-Update,mps,-1.39649305,1.66200263e-03,20
1778,Hybrid,mixture,-1.39693896,1.61757776e-03,20
1779,Metropolis,metropolis,-1.39085843,2.51653846e-03,20
1779,Row-Update,mps,-1.39649879,1.66247309e-03,20
1779,Hybrid,mixture,-1.39694296,1.61135383e-03,20
1780,Metropolis,metropolis,-1.39086138,2.51568938e-03,20
1780,Row-Update,mps,-1.39650735,1.65992101e-03,20
1780,Hybrid,mixture,-1.39694756,1.61605980e-03,20
1781,Metropolis,metropolis,-1.39086551,2.51841179e-03,20
1781,Row-Update,mps,-1.39651310,1.66039384e-03,20
1781,Hybrid,mixture,-1.39692825,1.62032768e-03,20
1782,Metropolis,metropolis,-1.39085002,2.51868757e-03,20
1782,Row-Update,mps,-1.39649728,1.66051888e-03,20
1782,Hybrid,mixture,-1.39695344,1.61557508e-03,20
1783,Metropolis,metropolis,-1.39086518,2.51616261e-03,20
1783,Row-Update,mps,-1.39650714,1.66064572e-03,20
1783,Hybrid,mixture,-1.39693895,1.61505336e-03,20
1784,Metropolis,metropolis,-1.39086092,2.51678009e-03,20
1784,Row-Update,mps,-1.39650652,1.65687682e-03,20
1784,Hybrid,mixture,-1.39694776,1.61341810e-03,20
1785,Metropolis,metropolis,-1.39086159,2.51622914e-03,20
1785,Row-Update,mps,-1.39650559,1.66004490e-03,20
1785,Hybrid,mixture,-1.39693728,1.61657943e-03,20
1786,Metropolis,metropolis,-1.39085911,2.51687615e-03,20
1786,Row-Update,mps,-1.39651461,1.65392265e-03,20
1786,Hybrid,mixture,-1.39695170,1.61572630e-03,20
1787,Metropolis,metropolis,-1.39085653,2.51650477e-03,20
1787,Row-Update,mps,-1.39650438,1.65707420e-03,20
1787,Hybrid,mixture,-1.39695320,1.61575926e-03,20
1788,Metropolis,metropolis,-1.39086140,2.51772600e-03,20
1788,Row-Update,mps,-1.39651509,1.65624426e-03,20
1788,Hybrid,mixture,-1.39694335,1.61480963e-03,20
1789,Metropolis,metropolis,-1.39086064,2.51662100e-03,20
1789,Row-Update,mps,-1.39650437,1.65958150e-03,20
1789,Hybrid,mixture,-1.39693958,1.61499444e-03,20
1790,Metropolis,metropolis,-1.39086485,2.51577365e-03,20
1790,Row-Update,mps,-1.39651920,1.65491857e-03,20
1790,Hybrid,mixture,-1.39694420,1.61253065e-03,20
1791,Metropolis,metropolis,-1.39085690,2.51896412e-03,20
1791,Row-Update,mps,-1.39653131,1.65773064e-03,20
1791,Hybrid,mixture,-1.39695722,1.61294938e-03,20
1792,Metropolis,metropolis,-1.39086561,2.51591153e-03,20
1792,Row-Update,mps,-1.39651179,1.65372759e-03,20
1792,Hybrid,mixture,-1.39694491,1.61325125e-03,20
1793,Metropolis,metropolis,-1.39086187,2.51610817e-03,20
1793,Row-Update,mps,-1.39651953,1.65264781e-03,20
1793,Hybrid,mixture,-1.39693711,1.61694960e-03,20
1794,Metropolis,metropolis,-1.39085833,2.51717045e-03,20
1794,Row-Update,mps,-1.39652364,1.65136089e-03,20
1794,Hybrid,mixture,-1.39694942,1.61444241e-03,20
1795,Metropolis,metropolis,-1.39085634,2.51748796e-03,20
1795,Row-Update,mps,-1.39652722,1.64914535e-03,20
1795,Hybrid,mixture,-1.39696032,1.61428901e-03,20
1796,Metropolis,metropolis,-1.39086450,2.51702726e-03,20
1796,Row-Update,mps,-1.39652787,1.64912696e-03,20
1796,Hybrid,mixture,-1.39693955,1.61670568e-03,20
1797,Metropolis,metropolis,-1.39086240,2.51602219e-03,20
1797,Row-Update,mps,-1.39652357,1.64706000e-03,20
1797,Hybrid,mixture,-1.39694280,1.61559403e-03,20
1798,Metropolis,metropolis,-1.39086079,2.51592743e-03,20
1798,Row-Update,mps,-1.39652825,1.64813088e-03,20
1798,Hybrid,mixture,-1.39694106,1.61344120e-03,20
1799,Metropolis,metropolis,-1.39085487,2.51630856e-03,20
1799,Row-Update,mps,-1.39654025,1.64202730e-03,20
1799,Hybrid,mixture,-1.39694271,1.61508773e-03,20
1800,Metropolis,metropolis,-1.39086595,2.51839208e-03,20
1800,Row-Update,mps,-1.39655133,1.63930232e-03,20
1800,Hybrid,mixture,-1.39694271,1.61448060e-03,20
1801,Metropolis,metropolis,-1.39086676,2.51628151e-03,20
1801,Row-Update,mps,-1.39656401,1.64027935e-03,20
1801,Hybrid,mixture,-1.39694740,1.61435103e-03,20
1802,Metropolis,metropolis,-1.39085643,2.51776927e-03,20
1802,Row-Update,mps,-1.39654340,1.63790046e-03,20
1802,Hybrid,mixture,-1.39694523,1.61499113e-03,20
1803,Metropolis,metropolis,-1.39086624,2.51685813e-03,20
1803,Row-Update,mps,-1.39655625,1.63051008e-03,20
1803,Hybrid,mixture,-1.39694592,1.61521737e-03,20
1804,Metropolis,metropolis,-1.39086206,2.51820970e-03,20
1804,Row-Update,mps,-1.39655670,1.62971292e-03,20
1804,Hybrid,mixture,-1.39696766,1.61416961e-03,20
1805,Metropolis,metropolis,-1.39086861,2.51754804e-03,20
1805,Row-Update,mps,-1.39656986,1.62850276e-03,20
1805,Hybrid,mixture,-1.39696620,1.61119148e-03,20
1806,Metropolis,metropolis,-1.39085930,2.51554912e-03,20
1806,Row-Update,mps,-1.39657136,1.62544861e-03,20
1806,Hybrid,mixture,-1.39696529,1.61324639e-03,20
1807,Metropolis,metropolis,-1.39085765,2.51823365e-03,20
1807,Row-Update,mps,-1.39658962,1.62353772e-03,20
1807,Hybrid,mixture,-1.39695061,1.61583268e-03,20
1808,Metropolis,metropolis,-1.39085564,2.51673767e-03,20
1808,Row-Update,mps,-1.39660482,1.61535220e-03,20
1808,Hybrid,mixture,-1.39695868,1.61421851e-03,20
1809,Metropolis,metropolis,-1.39084920,2.51710545e-03,20
1809,Row-Update,mps,-1.39659315,1.61599797e-03,20
1809,Hybrid,mixture,-1.39695728,1.61601886e-03,20
1810,Metropolis,metropolis,-1.39085472,2.51848821e-03,20
1810,Row-Update,mps,-1.39660986,1.61148741e-03,20
1810,Hybrid,mixture,-1.39695803,1.61493325e-03,20
1811,Metropolis,metropolis,-1.39086033,2.51676279e-03,20
1811,Row-Update,mps,-1.39660795,1.60972100e-03,20
1811,Hybrid,mixture,-1.39696267,1.61278666e-03,20
1812,Metropolis,metropolis,-1.39085423,2.51372433e-03,20
1812,Row-Update,mps,-1.39663097,1.60327718e-03,20
1812,Hybrid,mixture,-1.39694442,1.61562430e-03,20
1813,Metropolis,metropolis,-1.39086194,2.51563552e-03,20
1813,Row-Update,mps,-1.39663186,1.60052601e-03,20
1813,Hybrid,mixture,-1.39695990,1.61197389e-03,20
1814,Metropolis,metropolis,-1.39086170,2.51680679e-03,20
1814,Row-Update,mps,-1.39664390,1.59351183e-03,20
1814,Hybrid,mixture,-1.39698516,1.61321693e-03,20
1815,Metropolis,metropolis,-1.39085440,2.51666401e-03,20
1815,Row-Update,mps,-1.39666156,1.58903187e-03,20
1815,Hybrid,mixture,-1.39695840,1.61437520e-03,20
1816,Metropolis,metropolis,-1.39086140,2.51706522e-03,20
1816,Row-Update,mps,-1.39667179,1.58712763e-03,20
1816,Hybrid,mixture,-1.39695711,1.61489608e-03,20
1817,Metropolis,metropolis,-1.39085367,2.51498336e-03,20
1817,Row-Update,mps,-1.39667917,1.57613445e-03,20
1817,Hybrid,mixture,-1.39695082,1.61195497e-03,20
1818,Metropolis,metropolis,-1.39085760,2.51614338e-03,20
1818,Row-Update,mps,-1.39668564,1.57624604e-03,20
1818,Hybrid,mixture,-1.39695739,1.61301456e-03,20
1819,Metropolis,metropolis,-1.39085323,2.51735763e-03,20
1819,Row-Update,mps,-1.39670348,1.56844562e-03,20
1819,Hybrid,mixture,-1.39695587,1.61492678e-03,20
1820,Metropolis,metropolis,-1.39085257,2.51616078e-03,20
1820,Row-Update,mps,-1.39673096,1.56191749e-03,20
1820,Hybrid,mixture,-1.39695421,1.61469002e-03,20
1821,Metropolis,metropolis,-1.39086123,2.51650362e-03,20
1821,Row-Update,mps,-1.39674003,1.55628384e-03,20
1821,Hybrid,mixture,-1.39694921,1.61414789e-03,20
1822,Metropolis,metropolis,-1.39085635,2.51841477e-03,20
1822,Row-Update,mps,-1.39673926,1.55543870e-03,20
1822,Hybrid,mixture,-1.39695767,1.61567252e-03,20
1823,Metropolis,metropolis,-1.39085445,2.51726729e-03,20
1823,Row-Update,mps,-1.39675348,1.55250148e-03,20
1823,Hybrid,mixture,-1.39697527,1.61199268e-03,20
1824,Metropolis,metropolis,-1.39085502,2.51673783e-03,20
1824,Row-Update,mps,-1.39674853,1.54810429e-03,20
1824,Hybrid,mixture,-1.39696376,1.61371966e-03,20
1825,Metropolis,metropolis,-1.39085185,2.51752896e-03,20
1825,Row-Update,mps,-1.39676499,1.54632602e-03,20
1825,Hybrid,mixture,-1.39697040,1.61510656e-03,20
1826,Metropolis,metropolis,-1.39085979,2.51604488e-03,20
1826,Row-Update,mps,-1.39678143,1.54249943e-03,20
1826,Hybrid,mixture,-1.39697144,1.61123622e-03,20
1827,Metropolis,metropolis,-1.39085093,2.51882085e-03,20
1827,Row-Update,mps,-1.39677927,1.54234987e-03,20
1827,Hybrid,mixture,-1.39696617,1.61131580e-03,20
1828,Metropolis,metropolis,-1.39085659,2.51588835e-03,20
1828,Row-Update,mps,-1.39677931,1.54022374e-03,20
1828,Hybrid,mixture,-1.39697399,1.61313722e-03,20
1829,Metropolis,metropolis,-1.39085611,2.51585689e-03,20
1829,Row-Update,mps,-1.39679014,1.54112179e-03,20
1829,Hybrid,mixture,-1.39696844,1.61257512e-03,20
1830,Metropolis,metropolis,-1.39086376,2.51540805e-03,20
1830,Row-Update,mps,-1.39677252,1.54104470e-03,20
1830,Hybrid,mixture,-1.39697453,1.61353675e-03,20
1831,Metropolis,metropolis,-1.39086070,2.51509308e-03,20
1831,Row-Update,mps,-1.39678333,1.53966424e-03,20
1831,Hybrid,mixture,-1.39696966,1.61465095e-03,20
1832,Metropolis,metropolis,-1.39084661,2.51720564e-03,20
1832,Row-Update,mps,-1.39678160,1.53781411e-03,20
1832,Hybrid,mixture,-1.39697175,1.61139211e-03,20
1833,Metropolis,metropolis,-1.39086681,2.51623302e-03,20
1833,Row-Update,mps,-1.39677468,1.53858154e-03,20
1833,Hybrid,mixture,-1.39697701,1.61201141e-03,20
1834,Metropolis,metropolis,-1.39086420,2.51436132e-03,20
1834,Row-Update,mps,-1.39678985,1.53610598e-03,20
1834,Hybrid,mixture,-1.39697950,1.61354386e-03,20
1835,Metropolis,metropolis,-1.39086033,2.51673331e-03,20
1835,Row-Update,mps,-1.39679138,1.53655247e-03,20
1835,Hybrid,mixture,-1.39697071,1.61197290e-03,20
1836,Metropolis,metropolis,-1.39087130,2.51964241e-03,20
1836,Row-Update,mps,-1.39679805,1.53733612e-03,20
1836,Hybrid,mixture,-1.39698877,1.61029969e-03,20
1837,Metropolis,metropolis,-1.39086244,2.51816144e-03,20
1837,Row-Update,mps,-1.39679727,1.53968516e-03,20
1837,Hybrid,mixture,-1.39697639,1.61190083e-03,20
1838,Metropolis,metropolis,-1.39085460,2.51587777e-03,20
1838,Row-Update,mps,-1.39678154,1.53807165e-03,20
1838,Hybrid,mixture,-1.39699127,1.61184512e-03,20
1839,Metropolis,metropolis,-1.39085612,2.51788228e-03,20
1839,Row-Update,mps,-1.39680490,1.53742552e-03,20
1839,Hybrid,mixture,-1.39699146,1.61085780e-03,20
1840,Metropolis,metropolis,-1.39086261,2.51642637e-03,20
1840,Row-Update,mps,-1.39679144,1.54040650e-03,20
1840,Hybrid,mixture,-1.39699962,1.61083415e-03,20
1841,Metropolis,metropolis,-1.39085290,2.51609277e-03,20
1841,Row-Update,mps,-1.39679232,1.53858195e-03,20
1841,Hybrid,mixture,-1.39698962,1.60973377e-03,20
1842,Metropolis,metropolis,-1.39085650,2.51391545e-03,20
1842,Row-Update,mps,-1.39678905,1.53707077e-03,20
1842,Hybrid,mixture,-1.39699139,1.61134289e-03,20
1843,Metropolis,metropolis,-1.39085603,2.51669353e-03,20
1843,Row-Update,mps,-1.39680385,1.53529825e-03,20
1843,Hybrid,mixture,-1.39699182,1.61069537e-03,20
1844,Metropolis,metropolis,-1.39086387,2.51712198e-03,20
1844,Row-Update,mps,-1.39680685,1.53538723e-03,20
1844,Hybrid,mixture,-1.39701433,1.60261725e-03,20
1845,Metropolis,metropolis,-1.39087234,2.51697592e-03,20
1845,Row-Update,mps,-1.39680184,1.53770638e-03,20
1845,Hybrid,mixture,-1.39698355,1.61075242e-03,20
1846,Metropolis,metropolis,-1.39086052,2.51746576e-03,20
1846,Row-Update,mps,-1.39678828,1.53741422e-03,20
1846,Hybrid,mixture,-1.39699227,1.60959967e-03,20
1847,Metropolis,metropolis,-1.39085959,2.51541073e-03,20
1847,Row-Update,mps,-1.39678586,1.53820283e-03,20
1847,Hybrid,mixture,-1.39700798,1.60841560e-03,20
1848,Metropolis,metropolis,-1.39086246,2.51530128e-03,20
1848,Row-Update,mps,-1.39680716,1.53230352e-03,20
1848,Hybrid,mixture,-1.39700884,1.60818593e-03,20
1849,Metropolis,metropolis,-1.39086026,2.51656775e-03,20
1849,Row-Update,mps,-1.39680683,1.53403215e-03,20
1849,Hybrid,mixture,-1.39699773,1.60873972e-03,20
1850,Metropolis,metropolis,-1.39084722,2.51535676e-03,20
1850,Row-Update,mps,-1.39680654,1.53498696e-03,20
1850,Hybrid,mixture,-1.39700563,1.60625883e-03,20
1851,Metropolis,metropolis,-1.39086350,2.51769987e-03,20
1851,Row-Update,mps,-1.39680506,1.53370993e-03,20
1851,Hybrid,mixture,-1.39701997,1.60800606e-03,20
1852,Metropolis,metropolis,-1.39085191,2.51774665e-03,20
1852,Row-Update,mps,-1.39680795,1.53435112e-03,20
1852,Hybrid,mixture,-1.39701862,1.60878772e-03,20
1853,Metropolis,metropolis,-1.39085766,2.51637955e-03,20
1853,Row-Update,mps,-1.39680996,1.53424508e-03,20
1853,Hybrid,mixture,-1.39700104,1.60771743e-03,20
1854,Metropolis,metropolis,-1.39085425,2.51736135e-03,20
1854,Row-Update,mps,-1.39680182,1.53147557e-03,20
1854,Hybrid,mixture,-1.39702667,1.60730957e-03,20
1855,Metropolis,metropolis,-1.39085616,2.51649103e-03,20
1855,Row-Update,mps,-1.39679646,1.53247847e-03,20
1855,Hybrid,mixture,-1.39701913,1.60779382e-03,20
1856,Metropolis,metropolis,-1.39085310,2.51671827e-03,20
1856,Row-Update,mps,-1.39681515,1.53384136e-03,20
1856,Hybrid,mixture,-1.39702449,1.60804296e-03,20
1857,Metropolis,metropolis,-1.39085899,2.52004200e-03,20
1857,Row-Update,mps,-1.39680619,1.53170728e-03,20
1857,Hybrid,mixture,-1.39702048,1.60836886e-03,20
1858,Metropolis,metropolis,-1.39086042,2.51569477e-03,20
1858,Row-Update,mps,-1.39681795,1.53015834e-03,20
1858,Hybrid,mixture,-1.39702814,1.60719301e-03,20
1859,Metropolis,metropolis,-1.39085887,2.51582674e-03,20
1859,Row-Update,mps,-1.39681243,1.53365181e-03,20
1859,Hybrid,mixture,-1.39702370,1.60566585e-03,20
1860,Metropolis,metropolis,-1.39085685,2.51631179e-03,20
1860,Row-Update,mps,-1.39681739,1.53326044e-03,20
1860,Hybrid,mixture,-1.39701830,1.60880866e-03,20
1861,Metropolis,metropolis,-1.39086484,2.51542216e-03,20
1861,Row-Update,mps,-1.39681125,1.53094398e-03,20
1861,Hybrid,mixture,-1.39703978,1.60783932e-03,20
1862,Metropolis,metropolis,-1.39086490,2.51666381e-03,20
1862,Row-Update,mps,-1.39681747,1.52908917e-03,20
1862,Hybrid,mixture,-1.39702865,1.60620382e-03,20
1863,Metropolis,metropolis,-1.39086464,2.51406797e-03,20
1863,Row-Update,mps,-1.39681463,1.53004147e-03,20
1863,Hybrid,mixture,-1.39703684,1.60481307e-03,20
1864,Metropolis,metropolis,-1.39086006,2.51727022e-03,20
1864,Row-Update,mps,-1.39681722,1.52885509e-03,20
1864,Hybrid,mixture,-1.39704132,1.60408776e-03,20
1865,Metropolis,metropolis,-1.39085609,2.51734992e-03,20
1865,Row-Update,mps,-1.39681241,1.52965361e-03,20
1865,Hybrid,mixture,-1.39703265,1.60640839e-03,20
1866,Metropolis,metropolis,-1.39085262,2.51781887e-03,20
1866,Row-Update,mps,-1.39682611,1.52642514e-03,20
1866,Hybrid,mixture,-1.39703749,1.60719264e-03,20
1867,Metropolis,metropolis,-1.39085608,2.51631864e-03,20
1867,Row-Update,mps,-1.39683666,1.52544200e-03,20
1867,Hybrid,mixture,-1.39702998,1.60529399e-03,20
1868,Metropolis,metropolis,-1.39085609,2.51797622e-03,20
1868,Row-Update,mps,-1.39682996,1.52735426e-03,20
1868,Hybrid,mixture,-1.39703554,1.60771692e-03,20
1869,Metropolis,metropolis,-1.39085863,2.51636545e-03,20
1869,Row-Update,mps,-1.39683467,1.52957049e-03,20
1869,Hybrid,mixture,-1.39703905,1.60532849e-03,20
1870,Metropolis,metropolis,-1.39086016,2.51537487e-03,20
1870,Row-Update,mps,-1.39683053,1.52474802e-03,20
1870,Hybrid,mixture,-1.39703130,1.60360302e-03,20
1871,Metropolis,metropolis,-1.39086294,2.51443345e-03,20
1871,Row-Update,mps,-1.39683807,1.52349389e-03,20
1871,Hybrid,mixture,-1.39705201,1.60280891e-03,20
1872,Metropolis,metropolis,-1.39085629,2.51870672e-03,20
1872,Row-Update,mps,-1.39683126,1.52470917e-03,20
1872,Hybrid,mixture,-1.39704282,1.60737552e-03,20
1873,Metropolis,metropolis,-1.39086111,2.51679224e-03,20
1873,Row-Update,mps,-1.39683681,1.52420251e-03,20
1873,Hybrid,mixture,-1.39704368,1.60937318e-03,20
1874,Metropolis,metropolis,-1.39085493,2.51630202e-03,20
1874,Row-Update,mps,-1.39683427,1.52558593e-03,20
1874,Hybrid,mixture,-1.39705926,1.60286836e-03,20
1875,Metropolis,metropolis,-1.39085991,2.51680287e-03,20
1875,Row-Update,mps,-1.39684234,1.52167175e-03,20
1875,Hybrid,mixture,-1.39704946,1.60303917e-03,20
1876,Metropolis,metropolis,-1.39085492,2.51739538e-03,20
1876,Row-Update,mps,-1.39684901,1.52051926e-03,20
1876,Hybrid,mixture,-1.39705231,1.60661452e-03,20
1877,Metropolis,metropolis,-1.39085998,2.51731845e-03,20
1877,Row-Update,mps,-1.39684370,1.52173558e-03,20
1877,Hybrid,mixture,-1.39705760,1.60399179e-03,20
1878,Metropolis,metropolis,-1.39085835,2.51652951e-03,20
1878,Row-Update,mps,-1.39684777,1.52128931e-03,20
1878,Hybrid,mixture,-1.39705256,1.60582752e-03,20
1879,Metropolis,metropolis,-1.39085998,2.51633212e-03,20
1879,Row-Update,mps,-1.39685536,1.52373650e-03,20
1879,Hybrid,mixture,-1.39705415,1.60549542e-03,20
1880,Metropolis,metropolis,-1.39086103,2.51694875e-03,20
1880,Row-Update,mps,-1.39686305,1.51934901e-03,20
1880,Hybrid,mixture,-1.39706060,1.60466520e-03,20
1881,Metropolis,metropolis,-1.39086457,2.51599947e-03,20
1881,Row-Update,mps,-1.39685730,1.51895925e-03,20
1881,Hybrid,mixture,-1.39707592,1.60693466e-03,20
1882,Metropolis,metropolis,-1.39085989,2.51633542e-03,20
1882,Row-Update,mps,-1.39687684,1.52216721e-03,20
1882,Hybrid,mixture,-1.39706254,1.60408743e-03,20
1883,Metropolis,metropolis,-1.39086303,2.51489128e-03,20
1883,Row-Update,mps,-1.39685799,1.51955829e-03,20
1883,Hybrid,mixture,-1.39706735,1.60413664e-03,20
1884,Metropolis,metropolis,-1.39086552,2.51742084e-03,20
1884,Row-Update,mps,-1.39686330,1.51788879e-03,20
1884,Hybrid,mixture,-1.39707175,1.60678115e-03,20
1885,Metropolis,metropolis,-1.39085060,2.51723343e-03,20
1885,Row-Update,mps,-1.39685915,1.51958140e-03,20
1885,Hybrid,mixture,-1.39705887,1.60403606e-03,20
1886,Metropolis,metropolis,-1.39085722,2.51898596e-03,20
1886,Row-Update,mps,-1.39686993,1.52004444e-03,20
1886,Hybrid,mixture,-1.39707095,1.60539993e-03,20
1887,Metropolis,metropolis,-1.39085703,2.51597893e-03,20
1887,Row-Update,mps,-1.39686786,1.51770618e-03,20
1887,Hybrid,mixture,-1.39707864,1.60357532e-03,20
1888,Metropolis,metropolis,-1.39084898,2.51627028e-03,20
1888,Row-Update,mps,-1.39687721,1.52104131e-03,20
1888,Hybrid,mixture,-1.39706330,1.60269724e-03,20
1889,Metropolis,metropolis,-1.39086440,2.51621911e-03,20
1889,Row-Update,mps,-1.39687228,1.51684996e-03,20
1889,Hybrid,mixture,-1.39707747,1.60451408e-03,20
1890,Metropolis,metropolis,-1.39085612,2.51695537e-03,20
1890,Row-Update,mps,-1.39686902,1.51681707e-03,20
1890,Hybrid,mixture,-1.39706918,1.60221224e-03,20
1891,Metropolis,metropolis,-1.39085006,2.51718788e-03,20
1891,Row-Update,mps,-1.39686182,1.51700082e-03,20
1891,Hybrid,mixture,-1.39706563,1.60501359e-03,20
1892,Metropolis,metropolis,-1.39085268,2.51701267e-03,20
1892,Row-Update,mps,-1.39686741,1.51632194e-03,20
1892,Hybrid,mixture,-1.39706381,1.60416825e-03,20
1893,Metropolis,metropolis,-1.39086305,2.51867222e-03,20
1893,Row-Update,mps,-1.39687387,1.51786823e-03,20
1893,Hybrid,mixture,-1.39707397,1.60551592e-03,20
1894,Metropolis,metropolis,-1.39086848,2.51763259e-03,20
1894,Row-Update,mps,-1.39686568,1.51742462e-03,20
1894,Hybrid,mixture,-1.39707930,1.60459139e-03,20
1895,Metropolis,metropolis,-1.39085714,2.51725777e-03,20
1895,Row-Update,mps,-1.39687612,1.51530292e-03,20
1895,Hybrid,mixture,-1.39707921,1.60572899e-03,20
1896,Metropolis,metropolis,-1.39086889,2.51925165e-03,20
1896,Row-Update,mps,-1.39687043,1.51533586e-03,20
1896,Hybrid,mixture,-1.39708408,1.60297548e-03,20
1897,Metropolis,metropolis,-1.39085187,2.51644138e-03,20
1897,Row-Update,mps,-1.39688483,1.51643110e-03,20
1897,Hybrid,mixture,-1.39708298,1.60390643e-03,20
1898,Metropolis,metropolis,-1.39085760,2.51661119e-03,20
1898,Row-Update,mps,-1.39687667,1.51441692e-03,20
1898,Hybrid,mixture,-1.39707817,1.60448703e-03,20
1899,Metropolis,metropolis,-1.39086780,2.51663521e-03,20
1899,Row-Update,mps,-1.39687513,1.51414248e-03,20
1899,Hybrid,mixture,-1.39709610,1.60291224e-03,20
1900,Metropolis,metropolis,-1.39086295,2.51619966e-03,20
1900,Row-Update,mps,-1.39688394,1.51367289e-03,20
1900,Hybrid,mixture,-1.39709518,1.60474052e-03,20
1901,Metropolis,metropolis,-1.39086173,2.51793161e-03,20
1901,Row-Update,mps,-1.39689090,1.51511327e-03,20
1901,Hybrid,mixture,-1.39709400,1.60167185e-03,20
1902,Metropolis,metropolis,-1.39085228,2.51616042e-03,20
1902,Row-Update,mps,-1.39684861,1.51077272e-03,20
1902,Hybrid,mixture,-1.39709699,1.60401485e-03,20
1903,Metropolis,metropolis,-1.39086471,2.51719074e-03,20
1903,Row-Update,mps,-1.39687056,1.51735435e-03,20
1903,Hybrid,mixture,-1.39709426,1.60241469e-03,20
1904,Metropolis,metropolis,-1.39085808,2.51648522e-03,20
1904,Row-Update,mps,-1.39688537,1.51554856e-03,20
1904,Hybrid,mixture,-1.39711338,1.60266357e-03,20
1905,Metropolis,metropolis,-1.39086073,2.51782714e-03,20
1905,Row-Update,mps,-1.39687918,1.51214096e-03,20
1905,Hybrid,mixture,-1.39709929,1.60076622e-03,20
1906,Metropolis,metropolis,-1.39086361,2.51723771e-03,20
1906,Row-Update,mps,-1.39690559,1.51815250e-03,20
1906,Hybrid,mixture,-1.39709759,1.60379645e-03,20
1907,Metropolis,metropolis,-1.39086219,2.51608425e-03,20
1907,Row-Update,mps,-1.39687942,1.51645754e-03,20
1907,Hybrid,mixture,-1.39710770,1.60249767e-03,20
1908,Metropolis,metropolis,-1.39086839,2.51890540e-03,20
1908,Row-Update,mps,-1.39689681,1.50794284e-03,20
1908,Hybrid,mixture,-1.39711190,1.60272224e-03,20
1909,Metropolis,metropolis,-1.39085503,2.51637017e-03,20
1909,Row-Update,mps,-1.39687832,1.51446814e-03,20
1909,Hybrid,mixture,-1.39710247,1.60616173e-03,20
1910,Metropolis,metropolis,-1.39085993,2.51619907e-03,20
1910,Row-Update,mps,-1.39687574,1.51529953e-03,20
1910,Hybrid,mixture,-1.39710085,1.60197568e-03,20
1911,Metropolis,metropolis,-1.39085737,2.51931068e-03,20
1911,Row-Update,mps,-1.39688574,1.51426817e-03,20
1911,Hybrid,mixture,-1.39711342,1.60226335e-03,20
1912,Metropolis,metropolis,-1.39087176,2.51584963e-03,20
1912,Row-Update,mps,-1.39688581,1.51116925e-03,20
1912,Hybrid,mixture,-1.39712107,1.60384422e-03,20
1913,Metropolis,metropolis,-1.39085344,2.51701588e-03,20
1913,Row-Update,mps,-1.39688535,1.51191249e-03,20
1913,Hybrid,mixture,-1.39711973,1.60463797e-03,20
1914,Metropolis,metropolis,-1.39085729,2.51675263e-03,20
1914,Row-Update,mps,-1.39688959,1.51415035e-03,20
1914,Hybrid,mixture,-1.39712147,1.60183300e-03,20
1915,Metropolis,metropolis,-1.39085932,2.51646941e-03,20
1915,Row-Update,mps,-1.39689435,1.51453141e-03,20
1915,Hybrid,mixture,-1.39712388,1.60204349e-03,20
1916,Metropolis,metropolis,-1.39085668,2.51760937e-03,20
1916,Row-Update,mps,-1.39688418,1.51406959e-03,20
1916,Hybrid,mixture,-1.39712444,1.60113126e-03,20
1917,Metropolis,metropolis,-1.39086020,2.51623827e-03,20
1917,Row-Update,mps,-1.39688606,1.51346315e-03,20
1917,Hybrid,mixture,-1.39712514,1.60153375e-03,20
1918,Metropolis,metropolis,-1.39085652,2.51729454e-03,20
1918,Row-Update,mps,-1.39689208,1.51444974e-03,20
1918,Hybrid,mixture,-1.39713237,1.60341672e-03,20
1919,Metropolis,metropolis,-1.39087668,2.51826973e-03,20
1919,Row-Update,mps,-1.39688171,1.51537716e-03,20
1919,Hybrid,mixture,-1.39711913,1.60309291e-03,20
1920,Metropolis,metropolis,-1.39086529,2.51675205e-03,20
1920,Row-Update,mps,-1.39687782,1.51400561e-03,20
1920,Hybrid,mixture,-1.39713267,1.60112664e-03,20
1921,Metropolis,metropolis,-1.39086186,2.51693143e-03,20
1921,Row-Update,mps,-1.39689459,1.51447936e-03,20
1921,Hybrid,mixture,-1.39713856,1.60326041e-03,20
1922,Metropolis,metropolis,-1.39086081,2.51656703e-03,20
1922,Row-Update,mps,-1.39688831,1.51169298e-03,20
1922,Hybrid,mixture,-1.39714543,1.60187859e-03,20
1923,Metropolis,metropolis,-1.39085634,2.51711709e-03,20
1923,Row-Update,mps,-1.39688762,1.51220699e-03,20
1923,Hybrid,mixture,-1.39713680,1.60287725e-03,20
1924,Metropolis,metropolis,-1.39085647,2.51704510e-03,20
1924,Row-Update,mps,-1.39687648,1.51130683e-03,20
1924,Hybrid,mixture,-1.39713273,1.60386182e-03,20
1925,Metropolis,metropolis,-1.39086308,2.51691902e-03,20
1925,Row-Update,mps,-1.39688631,1.51282303e-03,20
1925,Hybrid,mixture,-1.39714151,1.60079980e-03,20
1926,Metropolis,metropolis,-1.39085754,2.51709653e-03,20
1926,Row-Update,mps,-1.39687803,1.51394138e-03,20
1926,Hybrid,mixture,-1.39713764,1.60179004e-03,20
1927,Metropolis,metropolis,-1.39085087,2.51681829e-03,20
1927,Row-Update,mps,-1.39688325,1.51292541e-03,20
1927,Hybrid,mixture,-1.39713197,1.60038663e-03,20
1928,Metropolis,metropolis,-1.39086159,2.51682650e-03,20
1928,Row-Update,mps,-1.39687955,1.51007131e-03,20
1928,Hybrid,mixture,-1.39713464,1.60376656e-03,20
1929,Metropolis,metropolis,-1.39085144,2.51874894e-03,20
1929,Row-Update,mps,-1.39689240,1.51448803e-03,20
1929,Hybrid,mixture,-1.39714812,1.60201681e-03,20
1930,Metropolis,metropolis,-1.39086132,2.51871126e-03,20
1930,Row-Update,mps,-1.39688977,1.51167310e-03,20
1930,Hybrid,mixture,-1.39714959,1.60216068e-03,20
1931,Metropolis,metropolis,-1.39085260,2.51709496e-03,20
1931,Row-Update,mps,-1.39688633,1.51069907e-03,20
1931,Hybrid,mixture,-1.39713272,1.60262942e-03,20
1932,Metropolis,metropolis,-1.39085891,2.51815323e-03,20
1932,Row-Update,mps,-1.39688208,1.51370563e-03,20
1932,Hybrid,mixture,-1.39715333,1.60199163e-03,20
1933,Metropolis,metropolis,-1.39086275,2.51705716e-03,20
1933,Row-Update,mps,-1.39688156,1.51340477e-03,20
1933,Hybrid,mixture,-1.39714677,1.60055905e-03,20
1934,Metropolis,metropolis,-1.39087189,2.51852957e-03,20
1934,Row-Update,mps,-1.39688230,1.51396778e-03,20
1934,Hybrid,mixture,-1.39715222,1.60373737e-03,20
1935,Metropolis,metropolis,-1.39086163,2.51589669e-03,20
1935,Row-Update,mps,-1.39689953,1.51042937e-03,20
1935,Hybrid,mixture,-1.39715197,1.59980304e-03,20
1936,Metropolis,metropolis,-1.39085634,2.51715003e-03,20
1936,Row-Update,mps,-1.39689383,1.51287758e-03,20
1936,Hybrid,mixture,-1.39714387,1.60140044e-03,20
1937,Metropolis,metropolis,-1.39086112,2.51685106e-03,20
1937,Row-Update,mps,-1.39688547,1.51264150e-03,20
1937,Hybrid,mixture,-1.39714235,1.60222135e-03,20
1938,Metropolis,metropolis,-1.39086008,2.51771592e-03,20
1938,Row-Update,mps,-1.39689714,1.51336368e-03,20
1938,Hybrid,mixture,-1.39713558,1.60325570e-03,20
1939,Metropolis,metropolis,-1.39085982,2.51746925e-03,20
1939,Row-Update,mps,-1.39688716,1.51444854e-03,20
1939,Hybrid,mixture,-1.39715270,1.60087583e-03,20
1940,Metropolis,metropolis,-1.39086336,2.51700726e-03,20
1940,Row-Update,mps,-1.39689415,1.51224228e-03,20
1940,Hybrid,mixture,-1.39714917,1.60074648e-03,20
1941,Metropolis,metropolis,-1.39086526,2.51520911e-03,20
1941,Row-Update,mps,-1.39690215,1.51344361e-03,20
1941,Hybrid,mixture,-1.39713687,1.60198364e-03,20
1942,Metropolis,metropolis,-1.39085289,2.51882570e-03,20
1942,Row-Update,mps,-1.39689805,1.51314435e-03,20
1942,Hybrid,mixture,-1.39715707,1.59873917e-03,20
1943,Metropolis,metropolis,-1.39085939,2.51847787e-03,20
1943,Row-Update,mps,-1.39689588,1.51256384e-03,20
1943,Hybrid,mixture,-1.39715421,1.60199276e-03,20
1944,Metropolis,metropolis,-1.39086333,2.51800182e-03,20
1944,Row-Update,mps,-1.39688643,1.51047377e-03,20
1944,Hybrid,mixture,-1.39714770,1.60296468e-03,20
1945,Metropolis,metropolis,-1.39085718,2.51673153e-03,20
1945,Row-Update,mps,-1.39688978,1.51232690e-03,20
1945,Hybrid,mixture,-1.39714202,1.60211670e-03,20
1946,Metropolis,metropolis,-1.39086162,2.51712643e-03,20
1946,Row-Update,mps,-1.39689348,1.51079869e-03,20
1946,Hybrid,mixture,-1.39715572,1.60005341e-03,20
1947,Metropolis,metropolis,-1.39085539,2.51848559e-03,20
1947,Row-Update,mps,-1.39688531,1.51311610e-03,20
1947,Hybrid,mixture,-1.39714105,1.59931404e-03,20
1948,Metropolis,metropolis,-1.39085492,2.51841483e-03,20
1948,Row-Update,mps,-1.39689604,1.51356614e-03,20
1948,Hybrid,mixture,-1.39716178,1.60255625e-03,20
1949,Metropolis,metropolis,-1.39086087,2.51687742e-03,20
1949,Row-Update,mps,-1.39688558,1.51176534e-03,20
1949,Hybrid,mixture,-1.39714066,1.60377062e-03,20
1950,Metropolis,metropolis,-1.39084985,2.51951905e-03,20
1950,Row-Update,mps,-1.39689466,1.51450839e-03,20
1950,Hybrid,mixture,-1.39715394,1.60200389e-03,20
1951,Metropolis,metropolis,-1.39086399,2.51726488e-03,20
1951,Row-Update,mps,-1.39689434,1.51164625e-03,20
1951,Hybrid,mixture,-1.39716255,1.60030156e-03,20
1952,Metropolis,metropolis,-1.39085301,2.51722667e-03,20
1952,Row-Update,mps,-1.39689726,1.51310056e-03,20
1952,Hybrid,mixture,-1.39716417,1.60041432e-03,20
1953,Metropolis,metropolis,-1.39087224,2.51529308e-03,20
1953,Row-Update,mps,-1.39689350,1.51297008e-03,20
1953,Hybrid,mixture,-1.39715439,1.60194323e-03,20
1954,Metropolis,metropolis,-1.39085775,2.51899367e-03,20
1954,Row-Update,mps,-1.39689097,1.51327511e-03,20
1954,Hybrid,mixture,-1.39715918,1.60288580e-03,20
1955,Metropolis,metropolis,-1.39086293,2.51746729e-03,20
1955,Row-Update,mps,-1.39689634,1.51369881e-03,20
1955,Hybrid,mixture,-1.39716316,1.60131788e-03,20
1956,Metropolis,metropolis,-1.39086307,2.51611970e-03,20
1956,Row-Update,mps,-1.39688436,1.51333647e-03,20
1956,Hybrid,mixture,-1.39715689,1.60329055e-03,20
1957,Metropolis,metropolis,-1.39084618,2.52008803e-03,20
1957,Row-Update,mps,-1.39690417,1.51258686e-03,20
1957,Hybrid,mixture,-1.39715520,1.60083865e-03,20
1958,Metropolis,metropolis,-1.39085132,2.51648906e-03,20
1958,Row-Update,mps,-1.39689194,1.51399018e-03,20
1958,Hybrid,mixture,-1.39716717,1.59860662e-03,20
1959,Metropolis,metropolis,-1.39085719,2.51520162e-03,20
1959,Row-Update,mps,-1.39690197,1.51407538e-03,20
1959,Hybrid,mixture,-1.39715870,1.60243986e-03,20
1960,Metropolis,metropolis,-1.39086238,2.51405896e-03,20
1960,Row-Update,mps,-1.39689834,1.51015276e-03,20
1960,Hybrid,mixture,-1.39714759,1.60163195e-03,20
1961,Metropolis,metropolis,-1.39086090,2.51756517e-03,20
1961,Row-Update,mps,-1.39689187,1.51348094e-03,20
1961,Hybrid,mixture,-1.39715729,1.60122657e-03,20
1962,Metropolis,metropolis,-1.39086200,2.51801067e-03,20
1962,Row-Update,mps,-1.39690236,1.51013378e-03,20
1962,Hybrid,mixture,-1.39715752,1.60170669e-03,20
1963,Metropolis,metropolis,-1.39086115,2.51695554e-03,20
1963,Row-Update,mps,-1.39689855,1.51398571e-03,20
1963,Hybrid,mixture,-1.39714849,1.60109230e-03,20
1964,Metropolis,metropolis,-1.39086095,2.51720388e-03,20
1964,Row-Update,mps,-1.39688187,1.51177654e-03,20
1964,Hybrid,mixture,-1.39715009,1.60329375e-03,20
1965,Metropolis,metropolis,-1.39086438,2.51640088e-03,20
1965,Row-Update,mps,-1.39690575,1.51177847e-03,20
1965,Hybrid,mixture,-1.39715090,1.60253617e-03,20
1966,Metropolis,metropolis,-1.39086374,2.51626285e-03,20
1966,Row-Update,mps,-1.39688563,1.51436755e-03,20
1966,Hybrid,mixture,-1.39716004,1.60188249e-03,20
1967,Metropolis,metropolis,-1.39085757,2.51766870e-03,20
1967,Row-Update,mps,-1.39690039,1.51246771e-03,20
1967,Hybrid,mixture,-1.39715114,1.60184673e-03,20
1968,Metropolis,metropolis,-1.39085343,2.51613334e-03,20
1968,Row-Update,mps,-1.39689717,1.51390516e-03,20
1968,Hybrid,mixture,-1.39715299,1.60188210e-03,20
1969,Metropolis,metropolis,-1.39086999,2.51635275e-03,20
1969,Row-Update,mps,-1.39689217,1.51374840e-03,20
1969,Hybrid,mixture,-1.39715161,1.60061438e-03,20
1970,Metropolis,metropolis,-1.39086237,2.51764955e-03,20
1970,Row-Update,mps,-1.39688453,1.51042588e-03,20
1970,Hybrid,mixture,-1.39716307,1.60220929e-03,20
1971,Metropolis,metropolis,-1.39085653,2.51821738e-03,20
1971,Row-Update,mps,-1.39689784,1.51180205e-03,20
1971,Hybrid,mixture,-1.39714413,1.60579508e-03,20
1972,Metropolis,metropolis,-1.39085611,2.51555107e-03,20
1972,Row-Update,mps,-1.39688028,1.51505983e-03,20
1972,Hybrid,mixture,-1.39713588,1.60416714e-03,20
1973,Metropolis,metropolis,-1.39086504,2.51706074e-03,20
1973,Row-Update,mps,-1.39688763,1.51068874e-03,20
1973,Hybrid,mixture,-1.39716389,1.60174492e-03,20
1974,Metropolis,metropolis,-1.39085581,2.51690933e-03,20
1974,Row-Update,mps,-1.39689161,1.51196037e-03,20
1974,Hybrid,mixture,-1.39716149,1.60172314e-03,20
1975,Metropolis,metropolis,-1.39085449,2.51857879e-03,20
1975,Row-Update,mps,-1.39688884,1.51352750e-03,20
1975,Hybrid,mixture,-1.39715209,1.60266219e-03,20
1976,Metropolis,metropolis,-1.39086133,2.51611991e-03,20
1976,Row-Update,mps,-1.39690408,1.51084420e-03,20
1976,Hybrid,mixture,-1.39714148,1.60123388e-03,20
1977,Metropolis,metropolis,-1.39086143,2.51626410e-03,20
1977,Row-Update,mps,-1.39690666,1.51355445e-03,20
1977,Hybrid,mixture,-1.39715805,1.60349905e-03,20
1978,Metropolis,metropolis,-1.39085107,2.51724310e-03,20
1978,Row-Update,mps,-1.39689697,1.51197327e-03,20
1978,Hybrid,mixture,-1.39715108,1.60227977e-03,20
1979,Metropolis,metropolis,-1.39086315,2.51617199e-03,20
1979,Row-Update,mps,-1.39689897,1.51209980e-03,20
1979,Hybrid,mixture,-1.39715813,1.60198601e-03,20
1980,Metropolis,metropolis,-1.39086297,2.51596653e-03,20
1980,Row-Update,mps,-1.39690555,1.51288546e-03,20
1980,Hybrid,mixture,-1.39714952,1.60164111e-03,20
1981,Metropolis,metropolis,-1.39085566,2.51713082e-03,20
1981,Row-Update,mps,-1.39688872,1.51179600e-03,20
1981,Hybrid,mixture,-1.39715331,1.60401874e-03,20
1982,Metropolis,metropolis,-1.39085556,2.51676557e-03,20
1982,Row-Update,mps,-1.39689139,1.51370067e-03,20
1982,Hybrid,mixture,-1.39714579,1.60051156e-03,20
1983,Metropolis,metropolis,-1.39086605,2.51563979e-03,20
1983,Row-Update,mps,-1.39688907,1.51315291e-03,20
1983,Hybrid,mixture,-1.39715039,1.60249539e-03,20
1984,Metropolis,metropolis,-1.39085950,2.51745886e-03,20
1984,Row-Update,mps,-1.39689248,1.51056762e-03,20
1984,Hybrid,mixture,-1.39715700,1.60132072e-03,20
1985,Metropolis,metropolis,-1.39085310,2.51616394e-03,20
1985,Row-Update,mps,-1.39688515,1.51234394e-03,20
1985,Hybrid,mixture,-1.39715327,1.60419190e-03,20
1986,Metropolis,metropolis,-1.39086138,2.51899722e-03,20
1986,Row-Update,mps,-1.39689289,1.51316263e-03,20
1986,Hybrid,mixture,-1.39714080,1.60067024e-03,20
1987,Metropolis,metropolis,-1.39085621,2.51740104e-03,20
1987,Row-Update,mps,-1.39689317,1.51121021e-03,20
1987,Hybrid,mixture,-1.39715667,1.60258548e-03,20
1988,Metropolis,metropolis,-1.39086266,2.51612217e-03,20
1988,Row-Update,mps,-1.39689444,1.51188420e-03,20
1988,Hybrid,mixture,-1.39715062,1.60049935e-03,20
1989,Metropolis,metropolis,-1.39086495,2.51534575e-03,20
1989,Row-Update,mps,-1.39691163,1.51361621e-03,20
1989,Hybrid,mixture,-1.39715201,1.60111135e-03,20
1990,Metropolis,metropolis,-1.39086060,2.51645250e-03,20
1990,Row-Update,mps,-1.39689989,1.50759773e-03,20
1990,Hybrid,mixture,-1.39716931,1.59975817e-03,20
1991,Metropolis,metropolis,-1.39085821,2.51710928e-03,20
1991,Row-Update,mps,-1.39689357,1.50983284e-03,20
1991,Hybrid,mixture,-1.39715617,1.60331537e-03,20
1992,Metropolis,metropolis,-1.39086650,2.51639580e-03,20
1992,Row-Update,mps,-1.39689939,1.51255157e-03,20
1992,Hybrid,mixture,-1.39714269,1.60271323e-03,20
1993,Metropolis,metropolis,-1.39087699,2.51613468e-03,20
1993,Row-Update,mps,-1.39690010,1.50957066e-03,20
1993,Hybrid,mixture,-1.39715208,1.60501387e-03,20
1994,Metropolis,metropolis,-1.39085789,2.51578420e-03,20
1994,Row-Update,mps,-1.39688876,1.51141993e-03,20
1994,Hybrid,mixture,-1.39715791,1.60170703e-03,20
1995,Metropolis,metropolis,-1.39086446,2.51714171e-03,20
1995,Row-Update,mps,-1.39689604,1.51202799e-03,20
1995,Hybrid,mixture,-1.39715001,1.60159349e-03,20
1996,Metropolis,metropolis,-1.39086343,2.51822692e-03,20
1996,Row-Update,mps,-1.39689206,1.51027926e-03,20
1996,Hybrid,mixture,-1.39714951,1.60071262e-03,20
1997,Metropolis,metropolis,-1.39087142,2.51752563e-03,20
1997,Row-Update,mps,-1.39689290,1.51259398e-03,20
1997,Hybrid,mixture,-1.39716023,1.59966826e-03,20
1998,Metropolis,metropolis,-1.39085495,2.51677447e-03,20
1998,Row-Update,mps,-1.39689849,1.51159389e-03,20
1998,Hybrid,mixture,-1.39714709,1.60266195e-03,20
1999,Metropolis,metropolis,-1.39085633,2.51793338e-03,20
1999,Row-Update,mps,-1.39689756,1.51121161e-03,20
1999,Hybrid,mixture,-1.39715669,1.60286088e-03,20
2000,Metropolis,metropolis,-1.39085912,2.51705717e-03,20
2000,Row-Update,mps,-1.39688929,1.51198729e-03,20
2000,Hybrid,mixture,-1.39713670,1.60117552e-03,20
2001,Metropolis,metropolis,-1.39086349,2.51869894e-03,20
2001,Row-Update,mps,-1.39689520,1.51195323e-03,20
2001,Hybrid,mixture,-1.39714688,1.60167532e-03,20
2002,Metropolis,metropolis,-1.39086078,2.51685229e-03,20
2002,Row-Update,mps,-1.39688219,1.51332753e-03,20
2002,Hybrid,mixture,-1.39715318,1.60024214e-03,20
2003,Metropolis,metropolis,-1.39085892,2.51876296e-03,20
2003,Row-Update,mps,-1.39689666,1.51354935e-03,20
2003,Hybrid,mixture,-1.39716012,1.60217841e-03,20
2004,Metropolis,metropolis,-1.39085135,2.51784217e-03,20
2004,Row-Update,mps,-1.39689593,1.51218986e-03,20
2004,Hybrid,mixture,-1.39715269,1.60256794e-03,20
2005,Metropolis,metropolis,-1.39086307,2.51648601e-03,20
2005,Row-Update,mps,-1.39689504,1.51365132e-03,20
2005,Hybrid,mixture,-1.39715468,1.60111607e-03,20
2006,Metropolis,metropolis,-1.39085770,2.51654779e-03,20
2006,Row-Update,mps,-1.39689514,1.51401699e-03,20
2006,Hybrid,mixture,-1.39715087,1.60169077e-03,20
2007,Metropolis,metropolis,-1.39086455,2.51625951e-03,20
2007,Row-Update,mps,-1.39689035,1.51379381e-03,20
2007,Hybrid,mixture,-1.39715692,1.60197205e-03,20
2008,Metropolis,metropolis,-1.39086422,2.51645457e-03,20
2008,Row-Update,mps,-1.39690149,1.51174728e-03,20
2008,Hybrid,mixture,-1.39715479,1.60172259e-03,20
2009,Metropolis,metropolis,-1.39086222,2.51620061e-03,20
2009,Row-Update,mps,-1.39689500,1.51204258e-03,20
2009,Hybrid,mixture,-1.39716650,1.60274613e-03,20
2010,Metropolis,metropolis,-1.39085623,2.51426892e-03,20
2010,Row-Update,mps,-1.39689777,1.51262578e-03,20
2010,Hybrid,mixture,-1.39713617,1.60390261e-03,20
2011,Metropolis,metropolis,-1.39085933,2.51598527e-03,20
2011,Row-Update,mps,-1.39687116,1.51416696e-03,20
2011,Hybrid,mixture,-1.39714593,1.60201284e-03,20
2012,Metropolis,metropolis,-1.39086034,2.51773252e-03,20
2012,Row-Update,mps,-1.39689761,1.51127424e-03,20
2012,Hybrid,mixture,-1.39715725,1.59980514e-03,20
2013,Metropolis,metropolis,-1.39086534,2.51592622e-03,20
2013,Row-Update,mps,-1.39688792,1.51300495e-03,20
2013,Hybrid,mixture,-1.39715123,1.59984518e-03,20
2014,Metropolis,metropolis,-1.39085877,2.51789603e-03,20
2014,Row-Update,mps,-1.39688825,1.51287158e-03,20
2014,Hybrid,mixture,-1.39715514,1.60111147e-03,20
2015,Metropolis,metropolis,-1.39085984,2.51739468e-03,20
2015,Row-Update,mps,-1.39689167,1.51193811e-03,20
2015,Hybrid,mixture,-1.39716336,1.60275378e-03,20
2016,Metropolis,metropolis,-1.39085997,2.51731621e-03,20
2016,Row-Update,mps,-1.39690027,1.51430184e-03,20
2016,Hybrid,mixture,-1.39715573,1.60180452e-03,20
2017,Metropolis,metropolis,-1.39085468,2.51814101e-03,20
2017,Row-Update,mps,-1.39689769,1.51201102e-03,20
2017,Hybrid,mixture,-1.39715585,1.60170780e-03,20
2018,Metropolis,metropolis,-1.39085967,2.51797146e-03,20
2018,Row-Update,mps,-1.39689116,1.51155494e-03,20
2018,Hybrid,mixture,-1.39715696,1.60337520e-03,20
2019,Metropolis,metropolis,-1.39086264,2.51720128e-03,20
2019,Row-Update,mps,-1.39689894,1.51012569e-03,20
2019,Hybrid,mixture,-1.39715411,1.60255398e-03,20
2020,Metropolis,metropolis,-1.39085728,2.51764969e-03,20
2020,Row-Update,mps,-1.39689130,1.51125268e-03,20
2020,Hybrid,mixture,-1.39716402,1.60169253e-03,20
2021,Metropolis,metropolis,-1.39085375,2.51746790e-03,20
2021,Row-Update,mps,-1.39691142,1.50823235e-03,20
2021,Hybrid,mixture,-1.39715933,1.60319962e-03,20
2022,Metropolis,metropolis,-1.39085997,2.51784850e-03,20
2022,Row-Update,mps,-1.39689980,1.50973224e-03,20
2022,Hybrid,mixture,-1.39714763,1.60288050e-03,20
2023,Metropolis,metropolis,-1.39086087,2.51540931e-03,20
2023,Row-Update,mps,-1.39689122,1.51372219e-03,20
2023,Hybrid,mixture,-1.39715135,1.60319288e-03,20
2024,Metropolis,metropolis,-1.39086443,2.51589789e-03,20
2024,Row-Update,mps,-1.39689441,1.51337604e-03,20
2024,Hybrid,mixture,-1.39716214,1.60239134e-03,20
2025,Metropolis,metropolis,-1.39085798,2.51708717e-03,20
2025,Row-Update,mps,-1.39690376,1.51282950e-03,20
2025,Hybrid,mixture,-1.39714937,1.60060586e-03,20
2026,Metropolis,metropolis,-1.39085872,2.51840302e-03,20
2026,Row-Update,mps,-1.39690235,1.51213933e-03,20
2026,Hybrid,mixture,-1.39716043,1.60325179e-03,20
2027,Metropolis,metropolis,-1.39086157,2.51764198e-03,20
2027,Row-Update,mps,-1.39690923,1.51211564e-03,20
2027,Hybrid,mixture,-1.39716303,1.60237541e-03,20
2028,Metropolis,metropolis,-1.39085398,2.51673731e-03,20
2028,Row-Update,mps,-1.39690413,1.51261065e-03,20
2028,Hybrid,mixture,-1.39715982,1.60067965e-03,20
2029,Metropolis,metropolis,-1.39086423,2.51686140e-03,20
2029,Row-Update,mps,-1.39689311,1.50952922e-03,20
2029,Hybrid,mixture,-1.39715512,1.60192756e-03,20
2030,Metropolis,metropolis,-1.39085761,2.51781044e-03,20
2030,Row-Update,mps,-1.39687590,1.51036274e-03,20
2030,Hybrid,mixture,-1.39716077,1.60291222e-03,20
2031,Metropolis,metropolis,-1.39085594,2.51541859e-03,20
2031,Row-Update,mps,-1.39689834,1.51066012e-03,20
2031,Hybrid,mixture,-1.39715364,1.60161298e-03,20
2032,Metropolis,metropolis,-1.39085929,2.51613058e-03,20
2032,Row-Update,mps,-1.39689453,1.51161644e-03,20
2032,Hybrid,mixture,-1.39715803,1.60180410e-03,20
2033,Metropolis,metropolis,-1.39086368,2.51538850e-03,20
2033,Row-Update,mps,-1.39689510,1.51279510e-03,20
2033,Hybrid,mixture,-1.39716047,1.60048315e-03,20
2034,Metropolis,metropolis,-1.39085325,2.51920833e-03,20
2034,Row-Update,mps,-1.39689789,1.51353489e-03,20
2034,Hybrid,mixture,-1.39715597,1.60232414e-03,20
2035,Metropolis,metropolis,-1.39086382,2.51572844e-03,20
2035,Row-Update,mps,-1.39689746,1.51281486e-03,20
2035,Hybrid,mixture,-1.39715865,1.60167376e-03,20
2036,Metropolis,metropolis,-1.39088140,2.52143702e-03,20
2036,Row-Update,mps,-1.39690631,1.51119071e-03,20
2036,Hybrid,mixture,-1.39715180,1.60062913e-03,20
2037,Metropolis,metropolis,-1.39086573,2.51597331e-03,20
2037,Row-Update,mps,-1.39689477,1.51237982e-03,20
2037,Hybrid,mixture,-1.39715615,1.60339175e-03,20
2038,Metropolis,metropolis,-1.39086719,2.51657019e-03,20
2038,Row-Update,mps,-1.39690041,1.51162752e-03,20
2038,Hybrid,mixture,-1.39715968,1.59998769e-03,20
2039,Metropolis,metropolis,-1.39086621,2.51860069e-03,20
2039,Row-Update,mps,-1.39690491,1.51272815e-03,20
2039,Hybrid,mixture,-1.39715733,1.59985428e-03,20
2040,Metropolis,metropolis,-1.39086324,2.51817187e-03,20
2040,Row-Update,mps,-1.39691465,1.51491527e-03,20
2040,Hybrid,mixture,-1.39715689,1.60184795e-03,20
2041,Metropolis,metropolis,-1.39085080,2.51677745e-03,20
2041,Row-Update,mps,-1.39689728,1.51220318e-03,20
2041,Hybrid,mixture,-1.39715995,1.60357700e-03,20
2042,Metropolis,metropolis,-1.39086842,2.51704071e-03,20
2042,Row-Update,mps,-1.39689724,1.51227939e-03,20
2042,Hybrid,mixture,-1.39716324,1.60325117e-03,20
2043,Metropolis,metropolis,-1.39086071,2.51721974e-03,20
2043,Row-Update,mps,-1.39689554,1.51217101e-03,20
2043,Hybrid,mixture,-1.39714537,1.60064638e-03,20
2044,Metropolis,metropolis,-1.39084999,2.51630336e-03,20
2044,Row-Update,mps,-1.39689672,1.51321369e-03,20
2044,Hybrid,mixture,-1.39715451,1.60177093e-03,20
2045,Metropolis,metropolis,-1.39086101,2.51844899e-03,20
2045,Row-Update,mps,-1.39689407,1.51348713e-03,20
2045,Hybrid,mixture,-1.39714969,1.60409400e-03,20
2046,Metropolis,metropolis,-1.39086293,2.51729037e-03,20
2046,Row-Update,mps,-1.39690200,1.51172542e-03,20
2046,Hybrid,mixture,-1.39715529,1.60067271e-03,20
2047,Metropolis,metropolis,-1.39086557,2.51851788e-03,20
2047,Row-Update,mps,-1.39690849,1.51367126e-03,20
2047,Hybrid,mixture,-1.39716134,1.60241680e-03,20
2048,Metropolis,metropolis,-1.39085041,2.51704748e-03,20
2048,Row-Update,mps,-1.39690817,1.51082085e-03,20
2048,Hybrid,mixture,-1.39716454,1.60131130e-03,20
2049,Metropolis,metropolis,-1.39086209,2.51738241e-03,20
2049,Row-Update,mps,-1.39689829,1.51262041e-03,20
2049,Hybrid,mixture,-1.39715770,1.60180929e-03,20
2050,Metropolis,metropolis,-1.39086333,2.51575689e-03,20
2050,Row-Update,mps,-1.39690202,1.51162256e-03,20
2050,Hybrid,mixture,-1.39716767,1.60215146e-03,20
2051,Metropolis,metropolis,-1.39086641,2.51572108e-03,20
2051,Row-Update,mps,-1.39689905,1.51229170e-03,20
2051,Hybrid,mixture,-1.39716499,1.60324883e-03,20
2052,Metropolis,metropolis,-1.39086739,2.51691405e-03,20
2052,Row-Update,mps,-1.39690139,1.51121481e-03,20
2052,Hybrid,mixture,-1.39716676,1.60284367e-03,20
2053,Metropolis,metropolis,-1.39086581,2.51609121e-03,20
2053,Row-Update,mps,-1.39691250,1.51339275e-03,20
2053,Hybrid,mixture,-1.39715493,1.60276586e-03,20
2054,Metropolis,metropolis,-1.39086103,2.51929958e-03,20
2054,Row-Update,mps,-1.39691702,1.51089870e-03,20
2054,Hybrid,mixture,-1.39716244,1.60350369e-03,20
2055,Metropolis,metropolis,-1.39085262,2.51742678e-03,20
2055,Row-Update,mps,-1.39690909,1.51306833e-03,20
2055,Hybrid,mixture,-1.39715537,1.60236145e-03,20
2056,Metropolis,metropolis,-1.39085780,2.51686688e-03,20
2056,Row-Update,mps,-1.39691038,1.51568685e-03,20
2056,Hybrid,mixture,-1.39716338,1.60089034e-03,20
2057,Metropolis,metropolis,-1.39086106,2.51571793e-03,20
2057,Row-Update,mps,-1.39691228,1.51252627e-03,20
2057,Hybrid,mixture,-1.39715716,1.60302783e-03,20
2058,Metropolis,metropolis,-1.39085811,2.51850348e-03,20
2058,Row-Update,mps,-1.39690910,1.51489615e-03,20
2058,Hybrid,mixture,-1.39715543,1.60025831e-03,20
2059,Metropolis,metropolis,-1.39085648,2.51732250e-03,20
2059,Row-Update,mps,-1.39691194,1.51266066e-03,20
2059,Hybrid,mixture,-1.39717832,1.60508481e-03,20
2060,Metropolis,metropolis,-1.39085416,2.51737937e-03,20
2060,Row-Update,mps,-1.39690975,1.51290364e-03,20
2060,Hybrid,mixture,-1.39716619,1.60241652e-03,20
2061,Metropolis,metropolis,-1.39085991,2.51649506e-03,20
2061,Row-Update,mps,-1.39691763,1.51307654e-03,20
2061,Hybrid,mixture,-1.39716414,1.59911734e-03,20
2062,Metropolis,metropolis,-1.39086775,2.51591671e-03,20
2062,Row-Update,mps,-1.39691451,1.51266761e-03,20
2062,Hybrid,mixture,-1.39714925,1.60179151e-03,20
2063,Metropolis,metropolis,-1.39086093,2.51712320e-03,20
2063,Row-Update,mps,-1.39691272,1.51616159e-03,20
2063,Hybrid,mixture,-1.39715459,1.60223756e-03,20
2064,Metropolis,metropolis,-1.39086226,2.51581392e-03,20
2064,Row-Update,mps,-1.39691431,1.51512138e-03,20
2064,Hybrid,mixture,-1.39715646,1.60057147e-03,20
2065,Metropolis,metropolis,-1.39086405,2.51757068e-03,20
2065,Row-Update,mps,-1.39692010,1.51154393e-03,20
2065,Hybrid,mixture,-1.39715663,1.60154674e-03,20
2066,Metropolis,metropolis,-1.39085469,2.51717175e-03,20
2066,Row-Update,mps,-1.39692003,1.51396857e-03,20
2066,Hybrid,mixture,-1.39715826,1.60094123e-03,20
2067,Metropolis,metropolis,-1.39085872,2.51708542e-03,20
2067,Row-Update,mps,-1.39691022,1.51265432e-03,20
2067,Hybrid,mixture,-1.39717109,1.60133256e-03,20
2068,Metropolis,metropolis,-1.39086284,2.51640302e-03,20
2068,Row-Update,mps,-1.39692787,1.51340688e-03,20
2068,Hybrid,mixture,-1.39715721,1.60164002e-03,20
2069,Metropolis,metropolis,-1.39085229,2.51845671e-03,20
2069,Row-Update,mps,-1.39691929,1.51589915e-03,20
2069,Hybrid,mixture,-1.39715608,1.60199949e-03,20
2070,Metropolis,metropolis,-1.39087296,2.51771898e-03,20
2070,Row-Update,mps,-1.39691461,1.51596749e-03,20
2070,Hybrid,mixture,-1.39717054,1.60330476e-03,20
2071,Metropolis,metropolis,-1.39085149,2.51615963e-03,20
2071,Row-Update,mps,-1.39692923,1.51429366e-03,20
2071,Hybrid,mixture,-1.39715405,1.60292246e-03,20
2072,Metropolis,metropolis,-1.39087098,2.51452554e-03,20
2072,Row-Update,mps,-1.39693023,1.51372084e-03,20
2072,Hybrid,mixture,-1.39716374,1.60057665e-03,20
2073,Metropolis,metropolis,-1.39086328,2.51677141e-03,20
2073,Row-Update,mps,-1.39692476,1.51492101e-03,20
2073,Hybrid,mixture,-1.39715154,1.60090916e-03,20
2074,Metropolis,metropolis,-1.39086238,2.51499884e-03,20
2074,Row-Update,mps,-1.39692030,1.51351634e-03,20
2074,Hybrid,mixture,-1.39716578,1.60160599e-03,20
2075,Metropolis,metropolis,-1.39085847,2.51603440e-03,20
2075,Row-Update,mps,-1.39692531,1.51353251e-03,20
2075,Hybrid,mixture,-1.39715441,1.60314853e-03,20
2076,Metropolis,metropolis,-1.39086356,2.51731140e-03,20
2076,Row-Update,mps,-1.39692828,1.51424957e-03,20
2076,Hybrid,mixture,-1.39715726,1.60162815e-03,20
2077,Metropolis,metropolis,-1.39086398,2.51742216e-03,20
2077,Row-Update,mps,-1.39692105,1.51432249e-03,20
2077,Hybrid,mixture,-1.39716623,1.60192592e-03,20
2078,Metropolis,metropolis,-1.39084594,2.51253113e-03,20
2078,Row-Update,mps,-1.39693396,1.51594065e-03,20
2078,Hybrid,mixture,-1.39716119,1.60211034e-03,20
2079,Metropolis,metropolis,-1.39086083,2.51847137e-03,20
2079,Row-Update,mps,-1.39693553,1.51479801e-03,20
2079,Hybrid,mixture,-1.39716354,1.60198462e-03,20
2080,Metropolis,metropolis,-1.39086070,2.51706777e-03,20
2080,Row-Update,mps,-1.39693201,1.51424491e-03,20
2080,Hybrid,mixture,-1.39715850,1.60028449e-03,20
2081,Metropolis,metropolis,-1.39086513,2.51676946e-03,20
2081,Row-Update,mps,-1.39694457,1.51781799e-03,20
2081,Hybrid,mixture,-1.39715460,1.60334105e-03,20
2082,Metropolis,metropolis,-1.39086685,2.51866152e-03,20
2082,Row-Update,mps,-1.39693768,1.51597483e-03,20
2082,Hybrid,mixture,-1.39716185,1.60177781e-03,20
2083,Metropolis,metropolis,-1.39086035,2.51613809e-03,20
2083,Row-Update,mps,-1.39694722,1.51349283e-03,20
2083,Hybrid,mixture,-1.39716453,1.59980222e-03,20
2084,Metropolis,metropolis,-1.39086349,2.51858967e-03,20
2084,Row-Update,mps,-1.39694863,1.51580920e-03,20
2084,Hybrid,mixture,-1.39716455,1.60181469e-03,20
2085,Metropolis,metropolis,-1.39085695,2.51854778e-03,20
2085,Row-Update,mps,-1.39694683,1.51699324e-03,20
2085,Hybrid,mixture,-1.39716056,1.60317607e-03,20
2086,Metropolis,metropolis,-1.39085694,2.51653513e-03,20
2086,Row-Update,mps,-1.39696960,1.51924604e-03,20
2086,Hybrid,mixture,-1.39715983,1.60118418e-03,20
2087,Metropolis,metropolis,-1.39086088,2.51782878e-03,20
2087,Row-Update,mps,-1.39695252,1.51834023e-03,20
2087,Hybrid,mixture,-1.39715264,1.60236674e-03,20
2088,Metropolis,metropolis,-1.39086450,2.51731153e-03,20
2088,Row-Update,mps,-1.39694946,1.51286117e-03,20
2088,Hybrid,mixture,-1.39716021,1.60079939e-03,20
2089,Metropolis,metropolis,-1.39085387,2.51781693e-03,20
2089,Row-Update,mps,-1.39696066,1.51800890e-03,20
2089,Hybrid,mixture,-1.39715905,1.60294709e-03,20
2090,Metropolis,metropolis,-1.39085786,2.51812472e-03,20
2090,Row-Update,mps,-1.39695932,1.51777563e-03,20
2090,Hybrid,mixture,-1.39716021,1.60165222e-03,20
2091,Metropolis,metropolis,-1.39086765,2.51571895e-03,20
2091,Row-Update,mps,-1.39695681,1.51905733e-03,20
2091,Hybrid,mixture,-1.39716549,1.60162318e-03,20
2092,Metropolis,metropolis,-1.39086213,2.51715437e-03,20
2092,Row-Update,mps,-1.39695729,1.51827431e-03,20
2092,Hybrid,mixture,-1.39715985,1.60340808e-03,20
2093,Metropolis,metropolis,-1.39085749,2.51594487e-03,20
2093,Row-Update,mps,-1.39696089,1.51739890e-03,20
2093,Hybrid,mixture,-1.39715778,1.60163041e-03,20
2094,Metropolis,metropolis,-1.39085152,2.51702646e-03,20
2094,Row-Update,mps,-1.39695610,1.51979536e-03,20
2094,Hybrid,mixture,-1.39716000,1.60103048e-03,20
2095,Metropolis,metropolis,-1.39086908,2.51753262e-03,20
2095,Row-Update,mps,-1.39695777,1.51851425e-03,20
2095,Hybrid,mixture,-1.39716265,1.60152661e-03,20
2096,Metropolis,metropolis,-1.39087095,2.51664170e-03,20
2096,Row-Update,mps,-1.39696466,1.52162770e-03,20
2096,Hybrid,mixture,-1.39714990,1.60355110e-03,20
2097,Metropolis,metropolis,-1.39085934,2.51572799e-03,20
2097,Row-Update,mps,-1.39697136,1.51892531e-03,20
2097,Hybrid,mixture,-1.39715865,1.60100811e-03,20
2098,Metropolis,metropolis,-1.39086516,2.51646621e-03,20
2098,Row-Update,mps,-1.39697157,1.52180873e-03,20
2098,Hybrid,mixture,-1.39716237,1.60253117e-03,20
2099,Metropolis,metropolis,-1.39086885,2.51557298e-03,20
2099,Row-Update,mps,-1.39696436,1.51903229e-03,20
2099,Hybrid,mixture,-1.39716580,1.60313951e-03,20
2100,Metropolis,metropolis,-1.39087133,2.51779372e-03,20
2100,Row-Update,mps,-1.39697078,1.51896728e-03,20
2100,Hybrid,mixture,-1.39715412,1.60285129e-03,20
2101,Metropolis,metropolis,-1.39086440,2.51755801e-03,20
2101,Row-Update,mps,-1.39698142,1.51950214e-03,20
2101,Hybrid,mixture,-1.39715924,1.60058849e-03,20
2102,Metropolis,metropolis,-1.39086089,2.51661438e-03,20
2102,Row-Update,mps,-1.39696547,1.52053836e-03,20
2102,Hybrid,mixture,-1.39714955,1.60089547e-03,20
2103,Metropolis,metropolis,-1.39086204,2.51741307e-03,20
2103,Row-Update,mps,-1.39697489,1.52156262e-03,20
2103,Hybrid,mixture,-1.39715913,1.60187369e-03,20
2104,Metropolis,metropolis,-1.39085765,2.51642791e-03,20
2104,Row-Update,mps,-1.39697981,1.51995069e-03,20
2104,Hybrid,mixture,-1.39715664,1.60192894e-03,20
2105,Metropolis,metropolis,-1.39086447,2.51674482e-03,20
2105,Row-Update,mps,-1.39697732,1.51982821e-03,20
2105,Hybrid,mixture,-1.39715905,1.60110955e-03,20
2106,Metropolis,metropolis,-1.39086808,2.51643741e-03,20
2106,Row-Update,mps,-1.39697735,1.51851516e-03,20
2106,Hybrid,mixture,-1.39718049,1.60798058e-03,20
2107,Metropolis,metropolis,-1.39086489,2.51696859e-03,20
2107,Row-Update,mps,-1.39698497,1.52196495e-03,20
2107,Hybrid,mixture,-1.39716813,1.60037309e-03,20
2108,Metropolis,metropolis,-1.39085201,2.51645621e-03,20
2108,Row-Update,mps,-1.39698926,1.52060353e-03,20
2108,Hybrid,mixture,-1.39716249,1.60137467e-03,20
2109,Metropolis,metropolis,-1.39086410,2.51737153e-03,20
2109,Row-Update,mps,-1.39698284,1.52103943e-03,20
2109,Hybrid,mixture,-1.39717113,1.60194658e-03,20
2110,Metropolis,metropolis,-1.39086422,2.51496484e-03,20
2110,Row-Update,mps,-1.39698205,1.52308149e-03,20
2110,Hybrid,mixture,-1.39716660,1.59903057e-03,20
2111,Metropolis,metropolis,-1.39085588,2.51668014e-03,20
2111,Row-Update,mps,-1.39699090,1.52155094e-03,20
2111,Hybrid,mixture,-1.39715271,1.59925085e-03,20
2112,Metropolis,metropolis,-1.39085965,2.51686884e-03,20
2112,Row-Update,mps,-1.39697696,1.52306405e-03,20
2112,Hybrid,mixture,-1.39716071,1.60087080e-03,20
2113,Metropolis,metropolis,-1.39085921,2.51706495e-03,20
2113,Row-Update,mps,-1.39697667,1.52192323e-03,20
2113,Hybrid,mixture,-1.39715511,1.60057699e-03,20
2114,Metropolis,metropolis,-1.39086867,2.51481452e-03,20
2114,Row-Update,mps,-1.39698063,1.52168299e-03,20
2114,Hybrid,mixture,-1.39715986,1.60163873e-03,20
2115,Metropolis,metropolis,-1.39086681,2.51847452e-03,20
2115,Row-Update,mps,-1.39698665,1.52101747e-03,20
2115,Hybrid,mixture,-1.39715488,1.60267978e-03,20
2116,Metropolis,metropolis,-1.39085799,2.51647961e-03,20
2116,Row-Update,mps,-1.39698099,1.52130346e-03,20
2116,Hybrid,mixture,-1.39715555,1.60141480e-03,20
2117,Metropolis,metropolis,-1.39086108,2.51806507e-03,20
2117,Row-Update,mps,-1.39699348,1.52119085e-03,20
2117,Hybrid,mixture,-1.39716721,1.60154229e-03,20
2118,Metropolis,metropolis,-1.39086380,2.51554675e-03,20
2118,Row-Update,mps,-1.39697931,1.52275444e-03,20
2118,Hybrid,mixture,-1.39716760,1.60321046e-03,20
2119,Metropolis,metropolis,-1.39086587,2.51709954e-03,20
2119,Row-Update,mps,-1.39699987,1.52300699e-03,20
2119,Hybrid,mixture,-1.39715995,1.60207160e-03,20
2120,Metropolis,metropolis,-1.39086139,2.51725008e-03,20
2120,Row-Update,mps,-1.39698934,1.52321230e-03,20
2120,Hybrid,mixture,-1.39716333,1.60059837e-03,20
2121,Metropolis,metropolis,-1.39086549,2.51785939e-03,20
2121,Row-Update,mps,-1.39698818,1.52194643e-03,20
2121,Hybrid,mixture,-1.39716504,1.59988334e-03,20
2122,Metropolis,metropolis,-1.39085950,2.51817180e-03,20
2122,Row-Update,mps,-1.39697621,1.52220479e-03,20
2122,Hybrid,mixture,-1.39717075,1.60217723e-03,20
2123,Metropolis,metropolis,-1.39085749,2.51682175e-03,20
2123,Row-Update,mps,-1.39699187,1.52339754e-03,20
2123,Hybrid,mixture,-1.39716104,1.60181840e-03,20
2124,Metropolis,metropolis,-1.39085755,2.51690037e-03,20
2124,Row-Update,mps,-1.39699789,1.52412426e-03,20
2124,Hybrid,mixture,-1.39716426,1.60131515e-03,20
2125,Metropolis,metropolis,-1.39086017,2.51695135e-03,20
2125,Row-Update,mps,-1.39699331,1.52569925e-03,20
2125,Hybrid,mixture,-1.39716049,1.60230720e-03,20
2126,Metropolis,metropolis,-1.39085791,2.51763496e-03,20
2126,Row-Update,mps,-1.39698511,1.52495413e-03,20
2126,Hybrid,mixture,-1.39715921,1.59952893e-03,20
2127,Metropolis,metropolis,-1.39085927,2.51592709e-03,20
2127,Row-Update,mps,-1.39699599,1.52427269e-03,20
2127,Hybrid,mixture,-1.39716755,1.60012094e-03,20
2128,Metropolis,metropolis,-1.39086158,2.51723171e-03,20
2128,Row-Update,mps,-1.39699151,1.52205649e-03,20
2128,Hybrid,mixture,-1.39716623,1.60192180e-03,20
2129,Metropolis,metropolis,-1.39086735,2.51634528e-03,20
2129,Row-Update,mps,-1.39705489,1.51949158e-03,20
2129,Hybrid,mixture,-1.39716129,1.60065231e-03,20
2130,Metropolis,metropolis,-1.39085924,2.51650017e-03,20
2130,Row-Update,mps,-1.39699554,1.52439070e-03,20
2130,Hybrid,mixture,-1.39715037,1.60185214e-03,20
2131,Metropolis,metropolis,-1.39086676,2.51778072e-03,20
2131,Row-Update,mps,-1.39699731,1.52320470e-03,20
2131,Hybrid,mixture,-1.39716426,1.60102549e-03,20
2132,Metropolis,metropolis,-1.39085814,2.51722677e-03,20
2132,Row-Update,mps,-1.39699714,1.52339007e-03,20
2132,Hybrid,mixture,-1.39716249,1.60140609e-03,20
2133,Metropolis,metropolis,-1.39085971,2.51742807e-03,20
2133,Row-Update,mps,-1.39698926,1.52404883e-03,20
2133,Hybrid,mixture,-1.39716010,1.60285033e-03,20
2134,Metropolis,metropolis,-1.39085982,2.51855996e-03,20
2134,Row-Update,mps,-1.39699835,1.52253195e-03,20
2134,Hybrid,mixture,-1.39716044,1.59966992e-03,20
2135,Metropolis,metropolis,-1.39085716,2.51648902e-03,20
2135,Row-Update,mps,-1.39699905,1.52544449e-03,20
2135,Hybrid,mixture,-1.39715822,1.60301501e-03,20
2136,Metropolis,metropolis,-1.39086246,2.51614591e-03,20
2136,Row-Update,mps,-1.39699064,1.52208208e-03,20
2136,Hybrid,mixture,-1.39715429,1.60325457e-03,20
2137,Metropolis,metropolis,-1.39086296,2.51461792e-03,20
2137,Row-Update,mps,-1.39699799,1.52208354e-03,20
2137,Hybrid,mixture,-1.39715946,1.60427979e-03,20
2138,Metropolis,metropolis,-1.39085594,2.51794933e-03,20
2138,Row-Update,mps,-1.39701265,1.52693237e-03,20
2138,Hybrid,mixture,-1.39715963,1.60122099e-03,20
2139,Metropolis,metropolis,-1.39085596,2.51665996e-03,20
2139,Row-Update,mps,-1.39700700,1.52458025e-03,20
2139,Hybrid,mixture,-1.39716093,1.59952705e-03,20
2140,Metropolis,metropolis,-1.39085975,2.51668997e-03,20
2140,Row-Update,mps,-1.39700113,1.52202233e-03,20
2140,Hybrid,mixture,-1.39716176,1.60107989e-03,20
2141,Metropolis,metropolis,-1.39085697,2.51806535e-03,20
2141,Row-Update,mps,-1.39699695,1.52341267e-03,20
2141,Hybrid,mixture,-1.39715700,1.60047419e-03,20
2142,Metropolis,metropolis,-1.39086223,2.51554756e-03,20
2142,Row-Update,mps,-1.39699588,1.52290409e-03,20
2142,Hybrid,mixture,-1.39715943,1.60254199e-03,20
2143,Metropolis,metropolis,-1.39087319,2.51844165e-03,20
2143,Row-Update,mps,-1.39700797,1.52709657e-03,20
2143,Hybrid,mixture,-1.39715577,1.59992590e-03,20
2144,Metropolis,metropolis,-1.39086174,2.51655083e-03,20
2144,Row-Update,mps,-1.39700919,1.52406958e-03,20
2144,Hybrid,mixture,-1.39715519,1.60414022e-03,20
2145,Metropolis,metropolis,-1.39085856,2.51752331e-03,20
2145,Row-Update,mps,-1.39700960,1.52217157e-03,20
2145,Hybrid,mixture,-1.39716031,1.60212735e-03,20
2146,Metropolis,metropolis,-1.39087345,2.51820547e-03,20
2146,Row-Update,mps,-1.39700207,1.52131237e-03,20
2146,Hybrid,mixture,-1.39715197,1.60150915e-03,20
2147,Metropolis,metropolis,-1.39086721,2.51576257e-03,20
2147,Row-Update,mps,-1.39700714,1.52604415e-03,20
2147,Hybrid,mixture,-1.39716262,1.60232392e-03,20
2148,Metropolis,metropolis,-1.39086022,2.51841290e-03,20
2148,Row-Update,mps,-1.39700878,1.52265755e-03,20
2148,Hybrid,mixture,-1.39715494,1.60366670e-03,20
2149,Metropolis,metropolis,-1.39086006,2.51714312e-03,20
2149,Row-Update,mps,-1.39699985,1.52373131e-03,20
2149,Hybrid,mixture,-1.39715825,1.60130493e-03,20
2150,Metropolis,metropolis,-1.39085933,2.51587229e-03,20
2150,Row-Update,mps,-1.39700182,1.52649873e-03,20
2150,Hybrid,mixture,-1.39715480,1.60089742e-03,20
2151,Metropolis,metropolis,-1.39086494,2.51579190e-03,20
2151,Row-Update,mps,-1.39701000,1.52483429e-03,20
2151,Hybrid,mixture,-1.39716759,1.60067752e-03,20
2152,Metropolis,metropolis,-1.39086688,2.51580622e-03,20
2152,Row-Update,mps,-1.39699918,1.52382058e-03,20
2152,Hybrid,mixture,-1.39715420,1.59950517e-03,20
2153,Metropolis,metropolis,-1.39086505,2.51600272e-03,20
2153,Row-Update,mps,-1.39700528,1.52333615e-03,20
2153,Hybrid,mixture,-1.39716205,1.59995582e-03,20
2154,Metropolis,metropolis,-1.39085764,2.51696787e-03,20
2154,Row-Update,mps,-1.39701955,1.52339378e-03,20
2154,Hybrid,mixture,-1.39716374,1.60113122e-03,20
2155,Metropolis,metropolis,-1.39086133,2.51734060e-03,20
2155,Row-Update,mps,-1.39699659,1.52543505e-03,20
2155,Hybrid,mixture,-1.39716033,1.60069676e-03,20
2156,Metropolis,metropolis,-1.39086390,2.51605583e-03,20
2156,Row-Update,mps,-1.39700108,1.52386755e-03,20
2156,Hybrid,mixture,-1.39715693,1.60171884e-03,20
2157,Metropolis,metropolis,-1.39086347,2.51756169e-03,20
2157,Row-Update,mps,-1.39699695,1.52490366e-03,20
2157,Hybrid,mixture,-1.39715689,1.60330070e-03,20
2158,Metropolis,metropolis,-1.39085721,2.51712506e-03,20
2158,Row-Update,mps,-1.39700816,1.52587586e-03,20
2158,Hybrid,mixture,-1.39716465,1.60123110e-03,20
2159,Metropolis,metropolis,-1.39086610,2.51558114e-03,20
2159,Row-Update,mps,-1.39700389,1.52447189e-03,20
2159,Hybrid,mixture,-1.39715779,1.60217871e-03,20
2160,Metropolis,metropolis,-1.39086136,2.51672884e-03,20
2160,Row-Update,mps,-1.39700453,1.52317800e-03,20
2160,Hybrid,mixture,-1.39715483,1.60454903e-03,20
2161,Metropolis,metropolis,-1.39086229,2.51753989e-03,20
2161,Row-Update,mps,-1.39700374,1.52601957e-03,20
2161,Hybrid,mixture,-1.39716157,1.59909829e-03,20
2162,Metropolis,metropolis,-1.39085656,2.51613587e-03,20
2162,Row-Update,mps,-1.39700127,1.52439354e-03,20
2162,Hybrid,mixture,-1.39716544,1.60204761e-03,20
2163,Metropolis,metropolis,-1.39086176,2.51655971e-03,20
2163,Row-Update,mps,-1.39700751,1.52363029e-03,20
2163,Hybrid,mixture,-1.39716322,1.60249970e-03,20
2164,Metropolis,metropolis,-1.39086334,2.51699921e-03,20
2164,Row-Update,mps,-1.39698996,1.52413157e-03,20
2164,Hybrid,mixture,-1.39716237,1.59970845e-03,20
2165,Metropolis,metropolis,-1.39085695,2.51667246e-03,20
2165,Row-Update,mps,-1.39699827,1.52072035e-03,20
2165,Hybrid,mixture,-1.39717043,1.60404082e-03,20
2166,Metropolis,metropolis,-1.39086298,2.51602881e-03,20
2166,Row-Update,mps,-1.39700672,1.52409884e-03,20
2166,Hybrid,mixture,-1.39715857,1.60016575e-03,20
2167,Metropolis,metropolis,-1.39085683,2.51903040e-03,20
2167,Row-Update,mps,-1.39699127,1.52459523e-03,20
2167,Hybrid,mixture,-1.39717043,1.60204625e-03,20
2168,Metropolis,metropolis,-1.39085824,2.51736661e-03,20
2168,Row-Update,mps,-1.39700810,1.52219172e-03,20
2168,Hybrid,mixture,-1.39716238,1.60171669e-03,20
2169,Metropolis,metropolis,-1.39086505,2.51532989e-03,20
2169,Row-Update,mps,-1.39700517,1.52318312e-03,20
2169,Hybrid,mixture,-1.39715857,1.60214789e-03,20
2170,Metropolis,metropolis,-1.39086299,2.51729312e-03,20
2170,Row-Update,mps,-1.39701162,1.52419390e-03,20
2170,Hybrid,mixture,-1.39716014,1.60067711e-03,20
2171,Metropolis,metropolis,-1.39084852,2.51962568e-03,20
2171,Row-Update,mps,-1.39700289,1.52309225e-03,20
2171,Hybrid,mixture,-1.39716641,1.60035746e-03,20
2172,Metropolis,metropolis,-1.39085972,2.51745056e-03,20
2172,Row-Update,mps,-1.39699836,1.52276546e-03,20
2172,Hybrid,mixture,-1.39716390,1.59800699e-03,20
2173,Metropolis,metropolis,-1.39086369,2.51772151e-03,20
2173,Row-Update,mps,-1.39700476,1.52454790e-03,20
2173,Hybrid,mixture,-1.39715973,1.60089149e-03,20
2174,Metropolis,metropolis,-1.39086700,2.51623297e-03,20
2174,Row-Update,mps,-1.39700411,1.52244768e-03,20
2174,Hybrid,mixture,-1.39714820,1.60294907e-03,20
2175,Metropolis,metropolis,-1.39085324,2.51744045e-03,20
2175,Row-Update,mps,-1.39700563,1.52567636e-03,20
2175,Hybrid,mixture,-1.39716137,1.59968048e-03,20
2176,Metropolis,metropolis,-1.39086155,2.51778622e-03,20
2176,Row-Update,mps,-1.39701353,1.52479511e-03,20
2176,Hybrid,mixture,-1.39716854,1.60143727e-03,20
2177,Metropolis,metropolis,-1.39085847,2.51803059e-03,20
2177,Row-Update,mps,-1.39700130,1.52430095e-03,20
2177,Hybrid,mixture,-1.39716074,1.59921419e-03,20
2178,Metropolis,metropolis,-1.39085750,2.51828790e-03,20
2178,Row-Update,mps,-1.39701009,1.52444866e-03,20
2178,Hybrid,mixture,-1.39717299,1.60198260e-03,20
2179,Metropolis,metropolis,-1.39086613,2.51704533e-03,20
2179,Row-Update,mps,-1.39700391,1.52447185e-03,20
2179,Hybrid,mixture,-1.39716227,1.60171002e-03,20
2180,Metropolis,metropolis,-1.39085393,2.51689926e-03,20
2180,Row-Update,mps,-1.39701023,1.51893111e-03,20
2180,Hybrid,mixture,-1.39715673,1.60131631e-03,20
2181,Metropolis,metropolis,-1.39085380,2.51653601e-03,20
2181,Row-Update,mps,-1.39701894,1.52395156e-03,20
2181,Hybrid,mixture,-1.39714884,1.60222605e-03,20
2182,Metropolis,metropolis,-1.39086377,2.51781835e-03,20
2182,Row-Update,mps,-1.39700373,1.52601540e-03,20
2182,Hybrid,mixture,-1.39716756,1.60036006e-03,20
2183,Metropolis,metropolis,-1.39085750,2.51923546e-03,20
2183,Row-Update,mps,-1.39700961,1.52395963e-03,20
2183,Hybrid,mixture,-1.39715803,1.60286816e-03,20
2184,Metropolis,metropolis,-1.39086223,2.51691057e-03,20
2184,Row-Update,mps,-1.39700834,1.52384635e-03,20
2184,Hybrid,mixture,-1.39716335,1.60025472e-03,20
2185,Metropolis,metropolis,-1.39085783,2.51785272e-03,20
2185,Row-Update,mps,-1.39700110,1.52440109e-03,20
2185,Hybrid,mixture,-1.39716713,1.60141955e-03,20
2186,Metropolis,metropolis,-1.39085925,2.51599677e-03,20
2186,Row-Update,mps,-1.39700467,1.52653750e-03,20
2186,Hybrid,mixture,-1.39716297,1.60307410e-03,20
2187,Metropolis,metropolis,-1.39085478,2.51798739e-03,20
2187,Row-Update,mps,-1.39700616,1.52415014e-03,20
2187,Hybrid,mixture,-1.39716574,1.60213403e-03,20
2188,Metropolis,metropolis,-1.39085640,2.51651971e-03,20
2188,Row-Update,mps,-1.39703601,1.52212969e-03,20
2188,Hybrid,mixture,-1.39716402,1.60108898e-03,20
2189,Metropolis,metropolis,-1.39086661,2.51717881e-03,20
2189,Row-Update,mps,-1.39701576,1.52446848e-03,20
2189,Hybrid,mixture,-1.39715828,1.60109722e-03,20
2190,Metropolis,metropolis,-1.39086018,2.51812371e-03,20
2190,Row-Update,mps,-1.39701322,1.52523420e-03,20
2190,Hybrid,mixture,-1.39716010,1.59938802e-03,20
2191,Metropolis,metropolis,-1.39085633,2.51753545e-03,20
2191,Row-Update,mps,-1.39699890,1.52341129e-03,20
2191,Hybrid,mixture,-1.39715635,1.60130805e-03,20
2192,Metropolis,metropolis,-1.39086469,2.51793955e-03,20
2192,Row-Update,mps,-1.39700632,1.52602008e-03,20
2192,Hybrid,mixture,-1.39715579,1.60220361e-03,20
2193,Metropolis,metropolis,-1.39085841,2.51779511e-03,20
2193,Row-Update,mps,-1.39700132,1.52475834e-03,20
2193,Hybrid,mixture,-1.39716077,1.60115702e-03,20
2194,Metropolis,metropolis,-1.39086376,2.51566020e-03,20
2194,Row-Update,mps,-1.39701034,1.52508789e-03,20
2194,Hybrid,mixture,-1.39716656,1.60245019e-03,20
2195,Metropolis,metropolis,-1.39085300,2.51628598e-03,20
2195,Row-Update,mps,-1.39700579,1.52563251e-03,20
2195,Hybrid,mixture,-1.39715411,1.60475517e-03,20
2196,Metropolis,metropolis,-1.39086069,2.51797297e-03,20
2196,Row-Update,mps,-1.39700858,1.52510855e-03,20
2196,Hybrid,mixture,-1.39716011,1.60411484e-03,20
2197,Metropolis,metropolis,-1.39085010,2.51875766e-03,20
2197,Row-Update,mps,-1.39701162,1.52552159e-03,20
2197,Hybrid,mixture,-1.39716311,1.60231757e-03,20
2198,Metropolis,metropolis,-1.39085766,2.51678773e-03,20
2198,Row-Update,mps,-1.39700618,1.52482080e-03,20
2198,Hybrid,mixture,-1.39716664,1.59945603e-03,20
2199,Metropolis,metropolis,-1.39086500,2.51680023e-03,20
2199,Row-Update,mps,-1.39699476,1.52421962e-03,20
2199,Hybrid,mixture,-1.39715341,1.60185964e-03,20
2200,Metropolis,metropolis,-1.39085737,2.51723121e-03,20
2200,Row-Update,mps,-1.39700734,1.52414471e-03,20
2200,Hybrid,mixture,-1.39717289,1.60075781e-03,20
2201,Metropolis,metropolis,-1.39085713,2.51761979e-03,20
2201,Row-Update,mps,-1.39700731,1.52533513e-03,20
2201,Hybrid,mixture,-1.39716094,1.60307025e-03,20
2202,Metropolis,metropolis,-1.39086431,2.51694247e-03,20
2202,Row-Update,mps,-1.39701006,1.52434966e-03,20
2202,Hybrid,mixture,-1.39716970,1.60101847e-03,20
2203,Metropolis,metropolis,-1.39086547,2.51577079e-03,20
2203,Row-Update,mps,-1.39701465,1.52649339e-03,20
2203,Hybrid,mixture,-1.39715879,1.60118109e-03,20
2204,Metropolis,metropolis,-1.39085587,2.51609582e-03,20
2204,Row-Update,mps,-1.39701087,1.52516029e-03,20
2204,Hybrid,mixture,-1.39716296,1.60304513e-03,20
2205,Metropolis,metropolis,-1.39085734,2.51688417e-03,20
2205,Row-Update,mps,-1.39699926,1.52605081e-03,20
2205,Hybrid,mixture,-1.39716393,1.60073050e-03,20
2206,Metropolis,metropolis,-1.39086380,2.51555497e-03,20
2206,Row-Update,mps,-1.39699980,1.52822202e-03,20
2206,Hybrid,mixture,-1.39715973,1.60266433e-03,20
2207,Metropolis,metropolis,-1.39085560,2.51687811e-03,20
2207,Row-Update,mps,-1.39699807,1.52662451e-03,20
2207,Hybrid,mixture,-1.39716048,1.60055733e-03,20
2208,Metropolis,metropolis,-1.39085427,2.51789355e-03,20
2208,Row-Update,mps,-1.39701488,1.52556139e-03,20
2208,Hybrid,mixture,-1.39716934,1.60235855e-03,20
2209,Metropolis,metropolis,-1.39085793,2.51695874e-03,20
2209,Row-Update,mps,-1.39701417,1.52477116e-03,20
2209,Hybrid,mixture,-1.39716401,1.60127327e-03,20
2210,Metropolis,metropolis,-1.39086553,2.51756164e-03,20
2210,Row-Update,mps,-1.39700911,1.52573517e-03,20
2210,Hybrid,mixture,-1.39716234,1.60044507e-03,20
2211,Metropolis,metropolis,-1.39087147,2.51525528e-03,20
2211,Row-Update,mps,-1.39700801,1.52598049e-03,20
2211,Hybrid,mixture,-1.39716616,1.60125597e-03,20
2212,Metropolis,metropolis,-1.39086537,2.51612122e-03,20
2212,Row-Update,mps,-1.39701044,1.52488901e-03,20
2212,Hybrid,mixture,-1.39716164,1.60174958e-03,20
2213,Metropolis,metropolis,-1.39086565,2.51744773e-03,20
2213,Row-Update,mps,-1.39702257,1.52370349e-03,20
2213,Hybrid,mixture,-1.39715925,1.60079667e-03,20
2214,Metropolis,metropolis,-1.39085126,2.51783133e-03,20
2214,Row-Update,mps,-1.39700501,1.52355550e-03,20
2214,Hybrid,mixture,-1.39716082,1.59967198e-03,20
2215,Metropolis,metropolis,-1.39086157,2.51690688e-03,20
2215,Row-Update,mps,-1.39700858,1.52453241e-03,20
2215,Hybrid,mixture,-1.39715930,1.60222988e-03,20
2216,Metropolis,metropolis,-1.39087060,2.51632087e-03,20
2216,Row-Update,mps,-1.39701223,1.52655553e-03,20
2216,Hybrid,mixture,-1.39714298,1.59781604e-03,20
2217,Metropolis,metropolis,-1.39086014,2.51773990e-03,20
2217,Row-Update,mps,-1.39700823,1.52488884e-03,20
2217,Hybrid,mixture,-1.39716741,1.60122280e-03,20
2218,Metropolis,metropolis,-1.39086783,2.51944037e-03,20
2218,Row-Update,mps,-1.39701255,1.52338325e-03,20
2218,Hybrid,mixture,-1.39716289,1.60184419e-03,20
2219,Metropolis,metropolis,-1.39086852,2.51642762e-03,20
2219,Row-Update,mps,-1.39700038,1.52304296e-03,20
2219,Hybrid,mixture,-1.39715800,1.60274121e-03,20
2220,Metropolis,metropolis,-1.39086408,2.51901544e-03,20
2220,Row-Update,mps,-1.39701087,1.52455047e-03,20
2220,Hybrid,mixture,-1.39716016,1.60075629e-03,20
2221,Metropolis,metropolis,-1.39086626,2.51794308e-03,20
2221,Row-Update,mps,-1.39700997,1.52263618e-03,20
2221,Hybrid,mixture,-1.39716273,1.60189353e-03,20
2222,Metropolis,metropolis,-1.39085677,2.51623383e-03,20
2222,Row-Update,mps,-1.39700677,1.52512155e-03,20
2222,Hybrid,mixture,-1.39714908,1.60234097e-03,20
2223,Metropolis,metropolis,-1.39086389,2.51436019e-03,20
2223,Row-Update,mps,-1.39701607,1.52308375e-03,20
2223,Hybrid,mixture,-1.39716652,1.60032597e-03,20
2224,Metropolis,metropolis,-1.39085847,2.51616177e-03,20
2224,Row-Update,mps,-1.39699625,1.52671533e-03,20
2224,Hybrid,mixture,-1.39715839,1.60107892e-03,20
2225,Metropolis,metropolis,-1.39085918,2.51707126e-03,20
2225,Row-Update,mps,-1.39700694,1.52589565e-03,20
2225,Hybrid,mixture,-1.39716030,1.60047613e-03,20
2226,Metropolis,metropolis,-1.39085705,2.51786590e-03,20
2226,Row-Update,mps,-1.39700959,1.52490218e-03,20
2226,Hybrid,mixture,-1.39715127,1.60122351e-03,20
2227,Metropolis,metropolis,-1.39086163,2.51554486e-03,20
2227,Row-Update,mps,-1.39700359,1.52880519e-03,20
2227,Hybrid,mixture,-1.39718261,1.60544788e-03,20
2228,Metropolis,metropolis,-1.39087200,2.51860844e-03,20
2228,Row-Update,mps,-1.39700493,1.52446052e-03,20
2228,Hybrid,mixture,-1.39714932,1.60112538e-03,20
2229,Metropolis,metropolis,-1.39086075,2.51759372e-03,20
2229,Row-Update,mps,-1.39701263,1.52371134e-03,20
2229,Hybrid,mixture,-1.39715800,1.60196574e-03,20
2230,Metropolis,metropolis,-1.39086027,2.51728767e-03,20
2230,Row-Update,mps,-1.39700978,1.52547085e-03,20
2230,Hybrid,mixture,-1.39716421,1.60132410e-03,20
2231,Metropolis,metropolis,-1.39085120,2.51707222e-03,20
2231,Row-Update,mps,-1.39702485,1.52822298e-03,20
2231,Hybrid,mixture,-1.39716656,1.60369554e-03,20
2232,Metropolis,metropolis,-1.39086589,2.51667238e-03,20
2232,Row-Update,mps,-1.39702250,1.52508953e-03,20
2232,Hybrid,mixture,-1.39716152,1.60128178e-03,20
2233,Metropolis,metropolis,-1.39086346,2.51598896e-03,20
2233,Row-Update,mps,-1.39701234,1.52542584e-03,20
2233,Hybrid,mixture,-1.39715707,1.60182925e-03,20
2234,Metropolis,metropolis,-1.39086528,2.51654662e-03,20
2234,Row-Update,mps,-1.39700807,1.52504240e-03,20
2234,Hybrid,mixture,-1.39715585,1.60141989e-03,20
2235,Metropolis,metropolis,-1.39086485,2.51751723e-03,20
2235,Row-Update,mps,-1.39700760,1.52232882e-03,20
2235,Hybrid,mixture,-1.39715833,1.60100680e-03,20
2236,Metropolis,metropolis,-1.39086734,2.51685261e-03,20
2236,Row-Update,mps,-1.39700734,1.52588121e-03,20
2236,Hybrid,mixture,-1.39716057,1.60457712e-03,20
2237,Metropolis,metropolis,-1.39085979,2.51607621e-03,20
2237,Row-Update,mps,-1.39701673,1.52511904e-03,20
2237,Hybrid,mixture,-1.39716179,1.60312523e-03,20
2238,Metropolis,metropolis,-1.39086336,2.51705740e-03,20
2238,Row-Update,mps,-1.39701662,1.52557279e-03,20
2238,Hybrid,mixture,-1.39717170,1.60095625e-03,20
2239,Metropolis,metropolis,-1.39086234,2.51758786e-03,20
2239,Row-Update,mps,-1.39700931,1.52404801e-03,20
2239,Hybrid,mixture,-1.39715936,1.60059546e-03,20
2240,Metropolis,metropolis,-1.39085408,2.51705023e-03,20
2240,Row-Update,mps,-1.39702375,1.52588811e-03,20
2240,Hybrid,mixture,-1.39716088,1.60462046e-03,20
2241,Metropolis,metropolis,-1.39086044,2.51732808e-03,20
2241,Row-Update,mps,-1.39701443,1.52636380e-03,20
2241,Hybrid,mixture,-1.39716233,1.60155587e-03,20
2242,Metropolis,metropolis,-1.39086123,2.51605529e-03,20
2242,Row-Update,mps,-1.39701355,1.52598623e-03,20
2242,Hybrid,mixture,-1.39717041,1.60151649e-03,20
2243,Metropolis,metropolis,-1.39085849,2.51727008e-03,20
2243,Row-Update,mps,-1.39700322,1.52231784e-03,20
2243,Hybrid,mixture,-1.39715942,1.60104899e-03,20
2244,Metropolis,metropolis,-1.39086108,2.51717365e-03,20
2244,Row-Update,mps,-1.39701464,1.52615849e-03,20
2244,Hybrid,mixture,-1.39716788,1.60024883e-03,20
2245,Metropolis,metropolis,-1.39085860,2.51598090e-03,20
2245,Row-Update,mps,-1.39700229,1.52434738e-03,20
2245,Hybrid,mixture,-1.39715668,1.60305737e-03,20
2246,Metropolis,metropolis,-1.39085997,2.51638163e-03,20
2246,Row-Update,mps,-1.39701214,1.52350432e-03,20
2246,Hybrid,mixture,-1.39715843,1.59945782e-03,20
2247,Metropolis,metropolis,-1.39086243,2.51597070e-03,20
2247,Row-Update,mps,-1.39701698,1.52757905e-03,20
2247,Hybrid,mixture,-1.39718159,1.60203176e-03,20
2248,Metropolis,metropolis,-1.39086292,2.51718466e-03,20
2248,Row-Update,mps,-1.39700737,1.52587397e-03,20
2248,Hybrid,mixture,-1.39715549,1.59962710e-03,20
2249,Metropolis,metropolis,-1.39086123,2.51866049e-03,20
2249,Row-Update,mps,-1.39701597,1.52724629e-03,20
2249,Hybrid,mixture,-1.39716419,1.60169734e-03,20
2250,Metropolis,metropolis,-1.39086220,2.51810845e-03,20
2250,Row-Update,mps,-1.39700119,1.52578914e-03,20
2250,Hybrid,mixture,-1.39715482,1.59994810e-03,20
2251,Metropolis,metropolis,-1.39086652,2.51903840e-03,20
2251,Row-Update,mps,-1.39701378,1.52535693e-03,20
2251,Hybrid,mixture,-1.39715935,1.60393707e-03,20
2252,Metropolis,metropolis,-1.39086164,2.51764384e-03,20
2252,Row-Update,mps,-1.39699387,1.52438006e-03,20
2252,Hybrid,mixture,-1.39717212,1.60093490e-03,20
2253,Metropolis,metropolis,-1.39085187,2.51742590e-03,20
2253,Row-Update,mps,-1.39701140,1.52525446e-03,20
2253,Hybrid,mixture,-1.39716227,1.60170711e-03,20
2254,Metropolis,metropolis,-1.39085781,2.51589542e-03,20
2254,Row-Update,mps,-1.39700130,1.52469801e-03,20
2254,Hybrid,mixture,-1.39715504,1.60132779e-03,20
2255,Metropolis,metropolis,-1.39086393,2.51683812e-03,20
2255,Row-Update,mps,-1.39701382,1.52510789e-03,20
2255,Hybrid,mixture,-1.39715701,1.60466505e-03,20
2256,Metropolis,metropolis,-1.39086831,2.51879748e-03,20
2256,Row-Update,mps,-1.39701330,1.52525540e-03,20
2256,Hybrid,mixture,-1.39715688,1.60156165e-03,20
2257,Metropolis,metropolis,-1.39085438,2.51546949e-03,20
2257,Row-Update,mps,-1.39701377,1.52656214e-03,20
2257,Hybrid,mixture,-1.39716858,1.60073132e-03,20
2258,Metropolis,metropolis,-1.39086717,2.51716125e-03,20
2258,Row-Update,mps,-1.39701521,1.52478682e-03,20
2258,Hybrid,mixture,-1.39716033,1.59799204e-03,20
2259,Metropolis,metropolis,-1.39086206,2.51613864e-03,20
2259,Row-Update,mps,-1.39701157,1.52493215e-03,20
2259,Hybrid,mixture,-1.39715835,1.60154081e-03,20
2260,Metropolis,metropolis,-1.39086818,2.51791129e-03,20
2260,Row-Update,mps,-1.39700218,1.52872666e-03,20
2260,Hybrid,mixture,-1.39716454,1.60016688e-03,20
2261,Metropolis,metropolis,-1.39086875,2.51662785e-03,20
2261,Row-Update,mps,-1.39701303,1.52564898e-03,20
2261,Hybrid,mixture,-1.39717354,1.60012567e-03,20
2262,Metropolis,metropolis,-1.39086668,2.51748887e-03,20
2262,Row-Update,mps,-1.39701081,1.52377671e-03,20
2262,Hybrid,mixture,-1.39715840,1.60222095e-03,20
2263,Metropolis,metropolis,-1.39086002,2.51764444e-03,20
2263,Row-Update,mps,-1.39701200,1.52506022e-03,20
2263,Hybrid,mixture,-1.39715639,1.59970206e-03,20
2264,Metropolis,metropolis,-1.39087314,2.51738237e-03,20
2264,Row-Update,mps,-1.39700951,1.52529529e-03,20
2264,Hybrid,mixture,-1.39716930,1.60238474e-03,20
2265,Metropolis,metropolis,-1.39086257,2.51741950e-03,20
2265,Row-Update,mps,-1.39700685,1.52518715e-03,20
2265,Hybrid,mixture,-1.39716133,1.59890313e-03,20
2266,Metropolis,metropolis,-1.39086250,2.51798380e-03,20
2266,Row-Update,mps,-1.39700134,1.52230798e-03,20
2266,Hybrid,mixture,-1.39716135,1.60324812e-03,20
2267,Metropolis,metropolis,-1.39086301,2.51759364e-03,20
2267,Row-Update,mps,-1.39699454,1.52272513e-03,20
2267,Hybrid,mixture,-1.39715932,1.60130928e-03,20
2268,Metropolis,metropolis,-1.39086935,2.51668594e-03,20
2268,Row-Update,mps,-1.39700863,1.52572587e-03,20
2268,Hybrid,mixture,-1.39715514,1.60142284e-03,20
2269,Metropolis,metropolis,-1.39086521,2.51682783e-03,20
2269,Row-Update,mps,-1.39701474,1.52365332e-03,20
2269,Hybrid,mixture,-1.39716169,1.59983151e-03,20
2270,Metropolis,metropolis,-1.39086970,2.51758210e-03,20
2270,Row-Update,mps,-1.39701087,1.52451381e-03,20
2270,Hybrid,mixture,-1.39715875,1.60183259e-03,20
2271,Metropolis,metropolis,-1.39086440,2.51576053e-03,20
2271,Row-Update,mps,-1.39700765,1.52514011e-03,20
2271,Hybrid,mixture,-1.39716289,1.59928454e-03,20
2272,Metropolis,metropolis,-1.39086343,2.51599818e-03,20
2272,Row-Update,mps,-1.39701655,1.52437309e-03,20
2272,Hybrid,mixture,-1.39715579,1.60377512e-03,20
2273,Metropolis,metropolis,-1.39085883,2.51723556e-03,20
2273,Row-Update,mps,-1.39700409,1.52735434e-03,20
2273,Hybrid,mixture,-1.39715209,1.60263100e-03,20
2274,Metropolis,metropolis,-1.39086734,2.51496761e-03,20
2274,Row-Update,mps,-1.39700799,1.52452202e-03,20
2274,Hybrid,mixture,-1.39715476,1.60464953e-03,20
2275,Metropolis,metropolis,-1.39086693,2.51748189e-03,20
2275,Row-Update,mps,-1.39701134,1.52489900e-03,20
2275,Hybrid,mixture,-1.39715118,1.60577606e-03,20
2276,Metropolis,metropolis,-1.39086800,2.51748327e-03,20
2276,Row-Update,mps,-1.39700646,1.52430639e-03,20
2276,Hybrid,mixture,-1.39714747,1.60284028e-03,20
2277,Metropolis,metropolis,-1.39085931,2.51652520e-03,20
2277,Row-Update,mps,-1.39699738,1.52654413e-03,20
2277,Hybrid,mixture,-1.39717329,1.59734946e-03,20
2278,Metropolis,metropolis,-1.39085368,2.51611396e-03,20
2278,Row-Update,mps,-1.39701354,1.52495935e-03,20
2278,Hybrid,mixture,-1.39716973,1.60296973e-03,20
2279,Metropolis,metropolis,-1.39086098,2.51791826e-03,20
2279,Row-Update,mps,-1.39701050,1.52431417e-03,20
2279,Hybrid,mixture,-1.39716363,1.60151426e-03,20
2280,Metropolis,metropolis,-1.39086615,2.51697914e-03,20
2280,Row-Update,mps,-1.39700601,1.52471859e-03,20
2280,Hybrid,mixture,-1.39716690,1.60030977e-03,20
2281,Metropolis,metropolis,-1.39086189,2.51841594e-03,20
2281,Row-Update,mps,-1.39700686,1.52641942e-03,20
2281,Hybrid,mixture,-1.39716771,1.60050596e-03,20
2282,Metropolis,metropolis,-1.39085486,2.51635302e-03,20
2282,Row-Update,mps,-1.39700763,1.52480456e-03,20
2282,Hybrid,mixture,-1.39716749,1.59944452e-03,20
2283,Metropolis,metropolis,-1.39085982,2.51800821e-03,20
2283,Row-Update,mps,-1.39701698,1.52453587e-03,20
2283,Hybrid,mixture,-1.39716481,1.60147287e-03,20
2284,Metropolis,metropolis,-1.39086919,2.51642387e-03,20
2284,Row-Update,mps,-1.39701797,1.52447908e-03,20
2284,Hybrid,mixture,-1.39716831,1.60121045e-03,20
2285,Metropolis,metropolis,-1.39087797,2.51554521e-03,20
2285,Row-Update,mps,-1.39700582,1.52646744e-03,20
2285,Hybrid,mixture,-1.39716582,1.59956762e-03,20
2286,Metropolis,metropolis,-1.39086223,2.51689315e-03,20
2286,Row-Update,mps,-1.39700434,1.52527982e-03,20
2286,Hybrid,mixture,-1.39716978,1.59983324e-03,20
2287,Metropolis,metropolis,-1.39085950,2.51675942e-03,20
2287,Row-Update,mps,-1.39700857,1.52695635e-03,20
2287,Hybrid,mixture,-1.39716365,1.60160517e-03,20
2288,Metropolis,metropolis,-1.39085974,2.51799981e-03,20
2288,Row-Update,mps,-1.39700891,1.52600261e-03,20
2288,Hybrid,mixture,-1.39716198,1.60115651e-03,20
2289,Metropolis,metropolis,-1.39086767,2.51754026e-03,20
2289,Row-Update,mps,-1.39701451,1.52406901e-03,20
2289,Hybrid,mixture,-1.39715959,1.59954032e-03,20
2290,Metropolis,metropolis,-1.39086259,2.51659971e-03,20
2290,Row-Update,mps,-1.39700742,1.52468094e-03,20
2290,Hybrid,mixture,-1.39716942,1.60300332e-03,20
2291,Metropolis,metropolis,-1.39086212,2.51783572e-03,20
2291,Row-Update,mps,-1.39700837,1.52489007e-03,20
2291,Hybrid,mixture,-1.39716145,1.60254037e-03,20
2292,Metropolis,metropolis,-1.39087182,2.51631798e-03,20
2292,Row-Update,mps,-1.39701218,1.52571145e-03,20
2292,Hybrid,mixture,-1.39715988,1.60167200e-03,20
2293,Metropolis,metropolis,-1.39087082,2.51551189e-03,20
2293,Row-Update,mps,-1.39699777,1.52547212e-03,20
2293,Hybrid,mixture,-1.39717055,1.59870876e-03,20
2294,Metropolis,metropolis,-1.39086777,2.51694458e-03,20
2294,Row-Update,mps,-1.39699706,1.52883931e-03,20
2294,Hybrid,mixture,-1.39716315,1.60187988e-03,20
2295,Metropolis,metropolis,-1.39086065,2.51619602e-03,20
2295,Row-Update,mps,-1.39700851,1.52327543e-03,20
2295,Hybrid,mixture,-1.39716969,1.60126710e-03,20
2296,Metropolis,metropolis,-1.39086574,2.51648945e-03,20
2296,Row-Update,mps,-1.39701571,1.52553220e-03,20
2296,Hybrid,mixture,-1.39715638,1.60305306e-03,20
2297,Metropolis,metropolis,-1.39086293,2.51654763e-03,20
2297,Row-Update,mps,-1.39701031,1.52349196e-03,20
2297,Hybrid,mixture,-1.39716150,1.60066271e-03,20
2298,Metropolis,metropolis,-1.39085784,2.51659527e-03,20
2298,Row-Update,mps,-1.39700705,1.52381171e-03,20
2298,Hybrid,mixture,-1.39716398,1.60165885e-03,20
2299,Metropolis,metropolis,-1.39085634,2.51689782e-03,20
2299,Row-Update,mps,-1.39700969,1.52516490e-03,20
2299,Hybrid,mixture,-1.39716153,1.60425798e-03,20
2300,Metropolis,metropolis,-1.39086578,2.51440139e-03,20
2300,Row-Update,mps,-1.39701877,1.52400166e-03,20
2300,Hybrid,mixture,-1.39715705,1.60315657e-03,20
2301,Metropolis,metropolis,-1.39087288,2.51556158e-03,20
2301,Row-Update,mps,-1.39700689,1.52411303e-03,20
2301,Hybrid,mixture,-1.39715793,1.60107530e-03,20
2302,Metropolis,metropolis,-1.39086370,2.51692256e-03,20
2302,Row-Update,mps,-1.39700330,1.52541917e-03,20
2302,Hybrid,mixture,-1.39716452,1.60339459e-03,20
2303,Metropolis,metropolis,-1.39085911,2.51782894e-03,20
2303,Row-Update,mps,-1.39700500,1.52481972e-03,20
2303,Hybrid,mixture,-1.39716138,1.60243116e-03,20
2304,Metropolis,metropolis,-1.39086650,2.51618713e-03,20
2304,Row-Update,mps,-1.39701155,1.52631884e-03,20
2304,Hybrid,mixture,-1.39716994,1.60004579e-03,20
2305,Metropolis,metropolis,-1.39086821,2.51504377e-03,20
2305,Row-Update,mps,-1.39701325,1.52458946e-03,20
2305,Hybrid,mixture,-1.39717779,1.60055561e-03,20
2306,Metropolis,metropolis,-1.39086493,2.51599206e-03,20
2306,Row-Update,mps,-1.39701579,1.52503734e-03,20
2306,Hybrid,mixture,-1.39715999,1.60188067e-03,20
2307,Metropolis,metropolis,-1.39086200,2.51722516e-03,20
2307,Row-Update,mps,-1.39700725,1.52443026e-03,20
2307,Hybrid,mixture,-1.39717163,1.60109760e-03,20
2308,Metropolis,metropolis,-1.39086749,2.51536004e-03,20
2308,Row-Update,mps,-1.39701055,1.52321949e-03,20
2308,Hybrid,mixture,-1.39717260,1.60185742e-03,20
2309,Metropolis,metropolis,-1.39086133,2.51805425e-03,20
2309,Row-Update,mps,-1.39701116,1.52633890e-03,20
2309,Hybrid,mixture,-1.39716261,1.60309963e-03,20
2310,Metropolis,metropolis,-1.39086475,2.51582462e-03,20
2310,Row-Update,mps,-1.39700703,1.52599747e-03,20
2310,Hybrid,mixture,-1.39714875,1.59990968e-03,20
2311,Metropolis,metropolis,-1.39086294,2.51766311e-03,20
2311,Row-Update,mps,-1.39701306,1.52583865e-03,20
2311,Hybrid,mixture,-1.39716846,1.60058175e-03,20
2312,Metropolis,metropolis,-1.39086714,2.51734567e-03,20
2312,Row-Update,mps,-1.39700353,1.52537039e-03,20
2312,Hybrid,mixture,-1.39716179,1.60185729e-03,20
2313,Metropolis,metropolis,-1.39086501,2.51633231e-03,20
2313,Row-Update,mps,-1.39700990,1.52309492e-03,20
2313,Hybrid,mixture,-1.39716377,1.60129404e-03,20
2314,Metropolis,metropolis,-1.39085974,2.51620604e-03,20
2314,Row-Update,mps,-1.39700923,1.52497370e-03,20
2314,Hybrid,mixture,-1.39716199,1.60214481e-03,20
2315,Metropolis,metropolis,-1.39086832,2.51506460e-03,20
2315,Row-Update,mps,-1.39700695,1.52536974e-03,20
2315,Hybrid,mixture,-1.39717763,1.60371047e-03,20
2316,Metropolis,metropolis,-1.39086745,2.51661462e-03,20
2316,Row-Update,mps,-1.39700760,1.52494856e-03,20
2316,Hybrid,mixture,-1.39716920,1.60170280e-03,20
2317,Metropolis,metropolis,-1.39089253,2.52410557e-03,20
2317,Row-Update,mps,-1.39700732,1.52587816e-03,20
2317,Hybrid,mixture,-1.39714683,1.60323968e-03,20
2318,Metropolis,metropolis,-1.39085755,2.51716622e-03,20
2318,Row-Update,mps,-1.39700719,1.52418538e-03,20
2318,Hybrid,mixture,-1.39716141,1.60055259e-03,20
2319,Metropolis,metropolis,-1.39086854,2.51701896e-03,20
2319,Row-Update,mps,-1.39700838,1.52641734e-03,20
2319,Hybrid,mixture,-1.39715020,1.60125701e-03,20
2320,Metropolis,metropolis,-1.39086186,2.51799003e-03,20
2320,Row-Update,mps,-1.39700892,1.52628265e-03,20
2320,Hybrid,mixture,-1.39717154,1.60191601e-03,20
2321,Metropolis,metropolis,-1.39086211,2.51558242e-03,20
2321,Row-Update,mps,-1.39701068,1.52333572e-03,20
2321,Hybrid,mixture,-1.39715285,1.60325083e-03,20
2322,Metropolis,metropolis,-1.39086036,2.51649784e-03,20
2322,Row-Update,mps,-1.39701153,1.52417101e-03,20
2322,Hybrid,mixture,-1.39716355,1.60065744e-03,20
2323,Metropolis,metropolis,-1.39086047,2.51671082e-03,20
2323,Row-Update,mps,-1.39701083,1.52538939e-03,20
2323,Hybrid,mixture,-1.39716368,1.60258579e-03,20
2324,Metropolis,metropolis,-1.39085956,2.51782871e-03,20
2324,Row-Update,mps,-1.39700765,1.52283715e-03,20
2324,Hybrid,mixture,-1.39716798,1.60205268e-03,20
2325,Metropolis,metropolis,-1.39086749,2.51619879e-03,20
2325,Row-Update,mps,-1.39700239,1.52404848e-03,20
2325,Hybrid,mixture,-1.39715953,1.60012740e-03,20
2326,Metropolis,metropolis,-1.39086455,2.51664307e-03,20
2326,Row-Update,mps,-1.39700625,1.52565990e-03,20
2326,Hybrid,mixture,-1.39715486,1.60206920e-03,20
2327,Metropolis,metropolis,-1.39086346,2.51702039e-03,20
2327,Row-Update,mps,-1.39700941,1.52431785e-03,20
2327,Hybrid,mixture,-1.39716223,1.60124564e-03,20
2328,Metropolis,metropolis,-1.39086105,2.51679663e-03,20
2328,Row-Update,mps,-1.39701143,1.52504702e-03,20
2328,Hybrid,mixture,-1.39716472,1.60185570e-03,20
2329,Metropolis,metropolis,-1.39085593,2.51622802e-03,20
2329,Row-Update,mps,-1.39701018,1.52513765e-03,20
2329,Hybrid,mixture,-1.39715947,1.60157770e-03,20
2330,Metropolis,metropolis,-1.39086269,2.51730739e-03,20
2330,Row-Update,mps,-1.39701456,1.52328577e-03,20
2330,Hybrid,mixture,-1.39716694,1.60081165e-03,20
2331,Metropolis,metropolis,-1.39087056,2.51750928e-03,20
2331,Row-Update,mps,-1.39700873,1.52340938e-03,20
2331,Hybrid,mixture,-1.39715948,1.60313913e-03,20
2332,Metropolis,metropolis,-1.39086443,2.51689908e-03,20
2332,Row-Update,mps,-1.39700661,1.52560906e-03,20
2332,Hybrid,mixture,-1.39714969,1.59999070e-03,20
2333,Metropolis,metropolis,-1.39085954,2.51849977e-03,20
2333,Row-Update,mps,-1.39700909,1.52504955e-03,20
2333,Hybrid,mixture,-1.39716974,1.60063775e-03,20
2334,Metropolis,metropolis,-1.39086044,2.51646805e-03,20
2334,Row-Update,mps,-1.39701214,1.52489912e-03,20
2334,Hybrid,mixture,-1.39715778,1.60148302e-03,20
2335,Metropolis,metropolis,-1.39086112,2.51639902e-03,20
2335,Row-Update,mps,-1.39700977,1.52440359e-03,20
2335,Hybrid,mixture,-1.39716256,1.60149628e-03,20
2336,Metropolis,metropolis,-1.39086400,2.51662723e-03,20
2336,Row-Update,mps,-1.39702066,1.52504615e-03,20
2336,Hybrid,mixture,-1.39716497,1.60123606e-03,20
2337,Metropolis,metropolis,-1.39086619,2.51633454e-03,20
2337,Row-Update,mps,-1.39701071,1.52491667e-03,20
2337,Hybrid,mixture,-1.39715998,1.60122620e-03,20
2338,Metropolis,metropolis,-1.39086825,2.51741644e-03,20
2338,Row-Update,mps,-1.39700514,1.52452797e-03,20
2338,Hybrid,mixture,-1.39716407,1.59984389e-03,20
2339,Metropolis,metropolis,-1.39085757,2.51776573e-03,20
2339,Row-Update,mps,-1.39700887,1.52600327e-03,20
2339,Hybrid,mixture,-1.39716492,1.60150633e-03,20
2340,Metropolis,metropolis,-1.39085810,2.51766112e-03,20
2340,Row-Update,mps,-1.39700000,1.53041770e-03,20
2340,Hybrid,mixture,-1.39716572,1.60208847e-03,20
2341,Metropolis,metropolis,-1.39086900,2.51579640e-03,20
2341,Row-Update,mps,-1.39701403,1.52515492e-03,20
2341,Hybrid,mixture,-1.39716006,1.60384882e-03,20
2342,Metropolis,metropolis,-1.39084882,2.51640202e-03,20
2342,Row-Update,mps,-1.39700570,1.52603397e-03,20
2342,Hybrid,mixture,-1.39716533,1.60188155e-03,20
2343,Metropolis,metropolis,-1.39086665,2.51473170e-03,20
2343,Row-Update,mps,-1.39700315,1.52612723e-03,20
2343,Hybrid,mixture,-1.39715342,1.60445722e-03,20
2344,Metropolis,metropolis,-1.39086770,2.51660215e-03,20
2344,Row-Update,mps,-1.39702128,1.52465980e-03,20
2344,Hybrid,mixture,-1.39716410,1.59921730e-03,20
2345,Metropolis,metropolis,-1.39085490,2.51641395e-03,20
2345,Row-Update,mps,-1.39701037,1.52645774e-03,20
2345,Hybrid,mixture,-1.39716592,1.60114073e-03,20
2346,Metropolis,metropolis,-1.39086620,2.51738442e-03,20
2346,Row-Update,mps,-1.39701474,1.52841871e-03,20
2346,Hybrid,mixture,-1.39717100,1.60280527e-03,20
2347,Metropolis,metropolis,-1.39086794,2.51656348e-03,20
2347,Row-Update,mps,-1.39702252,1.52781639e-03,20
2347,Hybrid,mixture,-1.39715887,1.60142203e-03,20
2348,Metropolis,metropolis,-1.39086603,2.51799018e-03,20
2348,Row-Update,mps,-1.39700996,1.52614008e-03,20
2348,Hybrid,mixture,-1.39716868,1.60159804e-03,20
2349,Metropolis,metropolis,-1.39086296,2.51691975e-03,20
2349,Row-Update,mps,-1.39701977,1.52513211e-03,20
2349,Hybrid,mixture,-1.39716376,1.60019254e-03,20
2350,Metropolis,metropolis,-1.39086355,2.51708227e-03,20
2350,Row-Update,mps,-1.39699791,1.52524816e-03,20
2350,Hybrid,mixture,-1.39715910,1.60192256e-03,20
2351,Metropolis,metropolis,-1.39087017,2.51634714e-03,20
2351,Row-Update,mps,-1.39701769,1.52340945e-03,20
2351,Hybrid,mixture,-1.39715465,1.60110387e-03,20
2352,Metropolis,metropolis,-1.39086645,2.51690809e-03,20
2352,Row-Update,mps,-1.39701042,1.52382335e-03,20
2352,Hybrid,mixture,-1.39715324,1.60045450e-03,20
2353,Metropolis,metropolis,-1.39086523,2.51622147e-03,20
2353,Row-Update,mps,-1.39701407,1.52493682e-03,20
2353,Hybrid,mixture,-1.39717157,1.60243763e-03,20
2354,Metropolis,metropolis,-1.39086228,2.51723204e-03,20
2354,Row-Update,mps,-1.39702705,1.52803456e-03,20
2354,Hybrid,mixture,-1.39716394,1.60073388e-03,20
2355,Metropolis,metropolis,-1.39085955,2.51813506e-03,20
2355,Row-Update,mps,-1.39701885,1.52212961e-03,20
2355,Hybrid,mixture,-1.39715498,1.60087171e-03,20
2356,Metropolis,metropolis,-1.39086520,2.51580337e-03,20
2356,Row-Update,mps,-1.39700684,1.52592858e-03,20
2356,Hybrid,mixture,-1.39717082,1.60234280e-03,20
2357,Metropolis,metropolis,-1.39086042,2.51620298e-03,20
2357,Row-Update,mps,-1.39700883,1.52588216e-03,20
2357,Hybrid,mixture,-1.39716198,1.60045813e-03,20
2358,Metropolis,metropolis,-1.39086780,2.51783302e-03,20
2358,Row-Update,mps,-1.39700045,1.52468089e-03,20
2358,Hybrid,mixture,-1.39715549,1.60185988e-03,20
2359,Metropolis,metropolis,-1.39086890,2.51725707e-03,20
2359,Row-Update,mps,-1.39701259,1.52359495e-03,20
2359,Hybrid,mixture,-1.39715942,1.60292463e-03,20
2360,Metropolis,metropolis,-1.39086354,2.51723222e-03,20
2360,Row-Update,mps,-1.39701214,1.52472794e-03,20
2360,Hybrid,mixture,-1.39716411,1.60177809e-03,20
2361,Metropolis,metropolis,-1.39085924,2.51608028e-03,20
2361,Row-Update,mps,-1.39701765,1.52385589e-03,20
2361,Hybrid,mixture,-1.39717073,1.60139863e-03,20
2362,Metropolis,metropolis,-1.39086530,2.51821827e-03,20
2362,Row-Update,mps,-1.39701155,1.52604005e-03,20
2362,Hybrid,mixture,-1.39716649,1.59932516e-03,20
2363,Metropolis,metropolis,-1.39086670,2.51589668e-03,20
2363,Row-Update,mps,-1.39700669,1.52506835e-03,20
2363,Hybrid,mixture,-1.39716756,1.60187339e-03,20
2364,Metropolis,metropolis,-1.39087665,2.52039637e-03,20
2364,Row-Update,mps,-1.39701807,1.52270173e-03,20
2364,Hybrid,mixture,-1.39716724,1.60284040e-03,20
2365,Metropolis,metropolis,-1.39086340,2.51710390e-03,20
2365,Row-Update,mps,-1.39700713,1.52536362e-03,20
2365,Hybrid,mixture,-1.39716612,1.60110773e-03,20
2366,Metropolis,metropolis,-1.39086322,2.51601099e-03,20
2366,Row-Update,mps,-1.39700845,1.52570571e-03,20
2366,Hybrid,mixture,-1.39716348,1.60093107e-03,20
2367,Metropolis,metropolis,-1.39085845,2.51918249e-03,20
2367,Row-Update,mps,-1.39701460,1.52510115e-03,20
2367,Hybrid,mixture,-1.39716324,1.60261406e-03,20
2368,Metropolis,metropolis,-1.39086425,2.51536155e-03,20
2368,Row-Update,mps,-1.39700477,1.52563419e-03,20
2368,Hybrid,mixture,-1.39715597,1.60120684e-03,20
2369,Metropolis,metropolis,-1.39086001,2.51755557e-03,20
2369,Row-Update,mps,-1.39702628,1.52455784e-03,20
2369,Hybrid,mixture,-1.39716089,1.60145939e-03,20
2370,Metropolis,metropolis,-1.39086681,2.51716863e-03,20
2370,Row-Update,mps,-1.39701363,1.52481799e-03,20
2370,Hybrid,mixture,-1.39716182,1.60209173e-03,20
2371,Metropolis,metropolis,-1.39086788,2.51611667e-03,20
2371,Row-Update,mps,-1.39701031,1.52548839e-03,20
2371,Hybrid,mixture,-1.39714627,1.59928905e-03,20
2372,Metropolis,metropolis,-1.39086010,2.51599849e-03,20
2372,Row-Update,mps,-1.39700977,1.52508209e-03,20
2372,Hybrid,mixture,-1.39716035,1.60278842e-03,20
2373,Metropolis,metropolis,-1.39085866,2.51809380e-03,20
2373,Row-Update,mps,-1.39701053,1.52394570e-03,20
2373,Hybrid,mixture,-1.39716025,1.60237623e-03,20
2374,Metropolis,metropolis,-1.39086370,2.51594168e-03,20
2374,Row-Update,mps,-1.39700590,1.52349263e-03,20
2374,Hybrid,mixture,-1.39716433,1.60093376e-03,20
2375,Metropolis,metropolis,-1.39086319,2.51624866e-03,20
2375,Row-Update,mps,-1.39701528,1.52491169e-03,20
2375,Hybrid,mixture,-1.39716365,1.60196455e-03,20
2376,Metropolis,metropolis,-1.39087629,2.51580519e-03,20
2376,Row-Update,mps,-1.39701773,1.52393029e-03,20
2376,Hybrid,mixture,-1.39717276,1.60176976e-03,20
2377,Metropolis,metropolis,-1.39087668,2.51646000e-03,20
2377,Row-Update,mps,-1.39700900,1.52584367e-03,20
2377,Hybrid,mixture,-1.39715623,1.60451602e-03,20
2378,Metropolis,metropolis,-1.39086268,2.51739931e-03,20
2378,Row-Update,mps,-1.39701353,1.52337815e-03,20
2378,Hybrid,mixture,-1.39716348,1.60137144e-03,20
2379,Metropolis,metropolis,-1.39085850,2.51845649e-03,20
2379,Row-Update,mps,-1.39701216,1.52515803e-03,20
2379,Hybrid,mixture,-1.39715833,1.59925518e-03,20
2380,Metropolis,metropolis,-1.39085674,2.51790904e-03,20
2380,Row-Update,mps,-1.39700864,1.52465026e-03,20
2380,Hybrid,mixture,-1.39716751,1.60207594e-03,20
2381,Metropolis,metropolis,-1.39086344,2.51810981e-03,20
2381,Row-Update,mps,-1.39700249,1.52253141e-03,20
2381,Hybrid,mixture,-1.39716501,1.60048890e-03,20
2382,Metropolis,metropolis,-1.39086727,2.51585968e-03,20
2382,Row-Update,mps,-1.39700212,1.52342475e-03,20
2382,Hybrid,mixture,-1.39716194,1.60431538e-03,20
2383,Metropolis,metropolis,-1.39087505,2.51472288e-03,20
2383,Row-Update,mps,-1.39701685,1.52786098e-03,20
2383,Hybrid,mixture,-1.39715981,1.60192404e-03,20
2384,Metropolis,metropolis,-1.39086143,2.51815551e-03,20
2384,Row-Update,mps,-1.39700863,1.52543541e-03,20
2384,Hybrid,mixture,-1.39716074,1.60197037e-03,20
2385,Metropolis,metropolis,-1.39087088,2.51465801e-03,20
2385,Row-Update,mps,-1.39701107,1.52484013e-03,20
2385,Hybrid,mixture,-1.39715328,1.60055493e-03,20
2386,Metropolis,metropolis,-1.39085477,2.51751759e-03,20
2386,Row-Update,mps,-1.39701603,1.52395677e-03,20
2386,Hybrid,mixture,-1.39716109,1.60006939e-03,20
2387,Metropolis,metropolis,-1.39086290,2.51660862e-03,20
2387,Row-Update,mps,-1.39701267,1.52488656e-03,20
2387,Hybrid,mixture,-1.39716675,1.60047216e-03,20
2388,Metropolis,metropolis,-1.39085839,2.51767637e-03,20
2388,Row-Update,mps,-1.39700906,1.52582330e-03,20
2388,Hybrid,mixture,-1.39716837,1.60241417e-03,20
2389,Metropolis,metropolis,-1.39085756,2.51682773e-03,20
2389,Row-Update,mps,-1.39701907,1.52355594e-03,20
2389,Hybrid,mixture,-1.39716194,1.60148104e-03,20
2390,Metropolis,metropolis,-1.39085940,2.51694594e-03,20
2390,Row-Update,mps,-1.39702093,1.52646853e-03,20
2390,Hybrid,mixture,-1.39716629,1.60177497e-03,20
2391,Metropolis,metropolis,-1.39085834,2.51678864e-03,20
2391,Row-Update,mps,-1.39701802,1.52416943e-03,20
2391,Hybrid,mixture,-1.39715778,1.60203296e-03,20
2392,Metropolis,metropolis,-1.39085868,2.51716003e-03,20
2392,Row-Update,mps,-1.39701291,1.52644514e-03,20
2392,Hybrid,mixture,-1.39717016,1.60092411e-03,20
2393,Metropolis,metropolis,-1.39086300,2.51742129e-03,20
2393,Row-Update,mps,-1.39701221,1.52568669e-03,20
2393,Hybrid,mixture,-1.39716049,1.60113845e-03,20
2394,Metropolis,metropolis,-1.39086524,2.51745437e-03,20
2394,Row-Update,mps,-1.39700801,1.52450528e-03,20
2394,Hybrid,mixture,-1.39716935,1.59679683e-03,20
2395,Metropolis,metropolis,-1.39086082,2.51618761e-03,20
2395,Row-Update,mps,-1.39701957,1.52440874e-03,20
2395,Hybrid,mixture,-1.39716522,1.60252369e-03,20
2396,Metropolis,metropolis,-1.39086567,2.51730814e-03,20
2396,Row-Update,mps,-1.39701382,1.52608067e-03,20
2396,Hybrid,mixture,-1.39715857,1.60249163e-03,20
2397,Metropolis,metropolis,-1.39086001,2.51969729e-03,20
2397,Row-Update,mps,-1.39701365,1.52753632e-03,20
2397,Hybrid,mixture,-1.39715946,1.60365414e-03,20
2398,Metropolis,metropolis,-1.39086697,2.51706246e-03,20
2398,Row-Update,mps,-1.39701556,1.52528132e-03,20
2398,Hybrid,mixture,-1.39716625,1.60186531e-03,20
2399,Metropolis,metropolis,-1.39086672,2.51682218e-03,20
2399,Row-Update,mps,-1.39700589,1.52396190e-03,20
2399,Hybrid,mixture,-1.39717077,1.60107729e-03,20
2400,Metropolis,metropolis,-1.39084509,2.52394171e-03,20
2400,Row-Update,mps,-1.39700931,1.52604162e-03,20
2400,Hybrid,mixture,-1.39716995,1.60186315e-03,20
2401,Metropolis,metropolis,-1.39085617,2.51734318e-03,20
2401,Row-Update,mps,-1.39700839,1.52551984e-03,20
2401,Hybrid,mixture,-1.39715877,1.60339393e-03,20
2402,Metropolis,metropolis,-1.39087046,2.51734878e-03,20
2402,Row-Update,mps,-1.39700899,1.52323555e-03,20
2402,Hybrid,mixture,-1.39716801,1.60040797e-03,20
2403,Metropolis,metropolis,-1.39086503,2.51859201e-03,20
2403,Row-Update,mps,-1.39702231,1.52497629e-03,20
2403,Hybrid,mixture,-1.39715937,1.60101468e-03,20
2404,Metropolis,metropolis,-1.39086509,2.51545180e-03,20
2404,Row-Update,mps,-1.39701789,1.52171932e-03,20
2404,Hybrid,mixture,-1.39716723,1.60075541e-03,20
2405,Metropolis,metropolis,-1.39086127,2.51630317e-03,20
2405,Row-Update,mps,-1.39700601,1.52540773e-03,20
2405,Hybrid,mixture,-1.39716049,1.60253370e-03,20
2406,Metropolis,metropolis,-1.39086275,2.51664050e-03,20
2406,Row-Update,mps,-1.39702339,1.52534923e-03,20
2406,Hybrid,mixture,-1.39716878,1.60267960e-03,20
2407,Metropolis,metropolis,-1.39086346,2.51753990e-03,20
2407,Row-Update,mps,-1.39701219,1.52501863e-03,20
2407,Hybrid,mixture,-1.39716348,1.60164385e-03,20
2408,Metropolis,metropolis,-1.39085878,2.51706298e-03,20
2408,Row-Update,mps,-1.39701432,1.52827263e-03,20
2408,Hybrid,mixture,-1.39716827,1.60012275e-03,20
2409,Metropolis,metropolis,-1.39086248,2.51736190e-03,20
2409,Row-Update,mps,-1.39701262,1.52394608e-03,20
2409,Hybrid,mixture,-1.39715951,1.60078155e-03,20
2410,Metropolis,metropolis,-1.39086114,2.51747745e-03,20
2410,Row-Update,mps,-1.39700928,1.52475944e-03,20
2410,Hybrid,mixture,-1.39716295,1.60113173e-03,20
2411,Metropolis,metropolis,-1.39085870,2.51680853e-03,20
2411,Row-Update,mps,-1.39701602,1.52633959e-03,20
2411,Hybrid,mixture,-1.39716528,1.60361821e-03,20
2412,Metropolis,metropolis,-1.39086255,2.51571372e-03,20
2412,Row-Update,mps,-1.39700505,1.52493782e-03,20
2412,Hybrid,mixture,-1.39717329,1.60203561e-03,20
2413,Metropolis,metropolis,-1.39085969,2.51713926e-03,20
2413,Row-Update,mps,-1.39700405,1.52436867e-03,20
2413,Hybrid,mixture,-1.39716659,1.60184660e-03,20
2414,Metropolis,metropolis,-1.39086149,2.51650900e-03,20
2414,Row-Update,mps,-1.39701838,1.52400954e-03,20
2414,Hybrid,mixture,-1.39715595,1.60254661e-03,20
2415,Metropolis,metropolis,-1.39087734,2.51568543e-03,20
2415,Row-Update,mps,-1.39701227,1.52464173e-03,20
2415,Hybrid,mixture,-1.39717740,1.60430594e-03,20
2416,Metropolis,metropolis,-1.39086495,2.51684554e-03,20
2416,Row-Update,mps,-1.39701024,1.52598600e-03,20
2416,Hybrid,mixture,-1.39716004,1.60167543e-03,20
2417,Metropolis,metropolis,-1.39087468,2.51789553e-03,20
2417,Row-Update,mps,-1.39701144,1.52467723e-03,20
2417,Hybrid,mixture,-1.39716825,1.60266727e-03,20
2418,Metropolis,metropolis,-1.39086226,2.51798946e-03,20
2418,Row-Update,mps,-1.39701269,1.52262510e-03,20
2418,Hybrid,mixture,-1.39716961,1.60122260e-03,20
2419,Metropolis,metropolis,-1.39087143,2.51623187e-03,20
2419,Row-Update,mps,-1.39701217,1.52479061e-03,20
2419,Hybrid,mixture,-1.39716061,1.60270969e-03,20
2420,Metropolis,metropolis,-1.39087243,2.51545801e-03,20
2420,Row-Update,mps,-1.39701036,1.52398603e-03,20
2420,Hybrid,mixture,-1.39717476,1.60367154e-03,20
2421,Metropolis,metropolis,-1.39087213,2.51489604e-03,20
2421,Row-Update,mps,-1.39701518,1.52593070e-03,20
2421,Hybrid,mixture,-1.39715893,1.60299313e-03,20
2422,Metropolis,metropolis,-1.39085952,2.51407829e-03,20
2422,Row-Update,mps,-1.39702255,1.52556650e-03,20
2422,Hybrid,mixture,-1.39716363,1.60219912e-03,20
2423,Metropolis,metropolis,-1.39085829,2.51651846e-03,20
2423,Row-Update,mps,-1.39702074,1.52525442e-03,20
2423,Hybrid,mixture,-1.39717119,1.60243320e-03,20
2424,Metropolis,metropolis,-1.39086163,2.51788568e-03,20
2424,Row-Update,mps,-1.39701200,1.52454849e-03,20
2424,Hybrid,mixture,-1.39716124,1.60248065e-03,20
2425,Metropolis,metropolis,-1.39086879,2.51723446e-03,20
2425,Row-Update,mps,-1.39701401,1.52287096e-03,20
2425,Hybrid,mixture,-1.39716298,1.60189659e-03,20
2426,Metropolis,metropolis,-1.39086172,2.51699080e-03,20
2426,Row-Update,mps,-1.39700749,1.52420925e-03,20
2426,Hybrid,mixture,-1.39715571,1.59995536e-03,20
2427,Metropolis,metropolis,-1.39087257,2.51758851e-03,20
2427,Row-Update,mps,-1.39700766,1.52531308e-03,20
2427,Hybrid,mixture,-1.39717304,1.60126818e-03,20
2428,Metropolis,metropolis,-1.39086769,2.51674901e-03,20
2428,Row-Update,mps,-1.39702551,1.52125347e-03,20
2428,Hybrid,mixture,-1.39716435,1.60066619e-03,20
2429,Metropolis,metropolis,-1.39086569,2.51599146e-03,20
2429,Row-Update,mps,-1.39700662,1.52591111e-03,20
2429,Hybrid,mixture,-1.39717380,1.60142447e-03,20
2430,Metropolis,metropolis,-1.39087115,2.51496855e-03,20
2430,Row-Update,mps,-1.39701152,1.52638523e-03,20
2430,Hybrid,mixture,-1.39716618,1.60228178e-03,20
2431,Metropolis,metropolis,-1.39086634,2.51594177e-03,20
2431,Row-Update,mps,-1.39701212,1.52406731e-03,20
2431,Hybrid,mixture,-1.39716485,1.60157289e-03,20
2432,Metropolis,metropolis,-1.39087138,2.51572858e-03,20
2432,Row-Update,mps,-1.39700675,1.52583896e-03,20
2432,Hybrid,mixture,-1.39716379,1.60199716e-03,20
2433,Metropolis,metropolis,-1.39086293,2.51815706e-03,20
2433,Row-Update,mps,-1.39701637,1.52697953e-03,20
2433,Hybrid,mixture,-1.39716585,1.60348981e-03,20
2434,Metropolis,metropolis,-1.39086315,2.51689257e-03,20
2434,Row-Update,mps,-1.39701009,1.52507937e-03,20
2434,Hybrid,mixture,-1.39715714,1.60046355e-03,20
2435,Metropolis,metropolis,-1.39086411,2.51867477e-03,20
2435,Row-Update,mps,-1.39702663,1.52494952e-03,20
2435,Hybrid,mixture,-1.39716866,1.60034654e-03,20
2436,Metropolis,metropolis,-1.39086638,2.51722472e-03,20
2436,Row-Update,mps,-1.39702091,1.52402096e-03,20
2436,Hybrid,mixture,-1.39715480,1.60140999e-03,20
2437,Metropolis,metropolis,-1.39086614,2.51822679e-03,20
2437,Row-Update,mps,-1.39701126,1.52437418e-03,20
2437,Hybrid,mixture,-1.39716777,1.60118193e-03,20
2438,Metropolis,metropolis,-1.39086344,2.51627528e-03,20
2438,Row-Update,mps,-1.39701391,1.52533830e-03,20
2438,Hybrid,mixture,-1.39715942,1.60075463e-03,20
2439,Metropolis,metropolis,-1.39086728,2.51748905e-03,20
2439,Row-Update,mps,-1.39701488,1.52646975e-03,20
2439,Hybrid,mixture,-1.39715863,1.60300870e-03,20
2440,Metropolis,metropolis,-1.39086295,2.51655841e-03,20
2440,Row-Update,mps,-1.39701691,1.52974113e-03,20
2440,Hybrid,mixture,-1.39716269,1.60061380e-03,20
2441,Metropolis,metropolis,-1.39086813,2.51678874e-03,20
2441,Row-Update,mps,-1.39700977,1.52423097e-03,20
2441,Hybrid,mixture,-1.39716365,1.60158010e-03,20
2442,Metropolis,metropolis,-1.39087260,2.51715879e-03,20
2442,Row-Update,mps,-1.39701017,1.52343653e-03,20
2442,Hybrid,mixture,-1.39717204,1.60251311e-03,20
2443,Metropolis,metropolis,-1.39086258,2.51610019e-03,20
2443,Row-Update,mps,-1.39701244,1.52535083e-03,20
2443,Hybrid,mixture,-1.39717075,1.60157450e-03,20
2444,Metropolis,metropolis,-1.39086356,2.51794337e-03,20
2444,Row-Update,mps,-1.39701958,1.52177232e-03,20
2444,Hybrid,mixture,-1.39716737,1.60184598e-03,20
2445,Metropolis,metropolis,-1.39086465,2.51886249e-03,20
2445,Row-Update,mps,-1.39701368,1.52399094e-03,20
2445,Hybrid,mixture,-1.39716365,1.60209485e-03,20
2446,Metropolis,metropolis,-1.39086329,2.51621746e-03,20
2446,Row-Update,mps,-1.39700964,1.52265084e-03,20
2446,Hybrid,mixture,-1.39716198,1.60025489e-03,20
2447,Metropolis,metropolis,-1.39086255,2.51743966e-03,20
2447,Row-Update,mps,-1.39702211,1.52461090e-03,20
2447,Hybrid,mixture,-1.39717202,1.60202725e-03,20
2448,Metropolis,metropolis,-1.39085581,2.51571069e-03,20
2448,Row-Update,mps,-1.39701077,1.52663474e-03,20
2448,Hybrid,mixture,-1.39715970,1.60331639e-03,20
2449,Metropolis,metropolis,-1.39086998,2.51816504e-03,20
2449,Row-Update,mps,-1.39700779,1.52441570e-03,20
2449,Hybrid,mixture,-1.39715924,1.60257129e-03,20
2450,Metropolis,metropolis,-1.39087523,2.51665399e-03,20
2450,Row-Update,mps,-1.39701486,1.52604461e-03,20
2450,Hybrid,mixture,-1.39716891,1.60143744e-03,20
2451,Metropolis,metropolis,-1.39086266,2.51732669e-03,20
2451,Row-Update,mps,-1.39700921,1.52543687e-03,20
2451,Hybrid,mixture,-1.39716465,1.60177881e-03,20
2452,Metropolis,metropolis,-1.39086758,2.51657598e-03,20
2452,Row-Update,mps,-1.39702013,1.52616629e-03,20
2452,Hybrid,mixture,-1.39717508,1.60233715e-03,20
2453,Metropolis,metropolis,-1.39086135,2.51565602e-03,20
2453,Row-Update,mps,-1.39701252,1.52507162e-03,20
2453,Hybrid,mixture,-1.39715882,1.59979535e-03,20
2454,Metropolis,metropolis,-1.39086747,2.51675242e-03,20
2454,Row-Update,mps,-1.39701879,1.52343946e-03,20
2454,Hybrid,mixture,-1.39716476,1.60058445e-03,20
2455,Metropolis,metropolis,-1.39086964,2.51680839e-03,20
2455,Row-Update,mps,-1.39701177,1.52480418e-03,20
2455,Hybrid,mixture,-1.39716140,1.60182928e-03,20
2456,Metropolis,metropolis,-1.39086556,2.51604722e-03,20
2456,Row-Update,mps,-1.39701554,1.52593336e-03,20
2456,Hybrid,mixture,-1.39716808,1.60193557e-03,20
2457,Metropolis,metropolis,-1.39086209,2.51701435e-03,20
2457,Row-Update,mps,-1.39701420,1.52444417e-03,20
2457,Hybrid,mixture,-1.39716664,1.60012449e-03,20
2458,Metropolis,metropolis,-1.39086460,2.51684257e-03,20
2458,Row-Update,mps,-1.39700777,1.52496910e-03,20
2458,Hybrid,mixture,-1.39716298,1.60221424e-03,20
2459,Metropolis,metropolis,-1.39086944,2.51714995e-03,20
2459,Row-Update,mps,-1.39701258,1.52457464e-03,20
2459,Hybrid,mixture,-1.39716683,1.60209133e-03,20
2460,Metropolis,metropolis,-1.39086398,2.51648595e-03,20
2460,Row-Update,mps,-1.39701743,1.52517674e-03,20
2460,Hybrid,mixture,-1.39715681,1.60151268e-03,20
2461,Metropolis,metropolis,-1.39087361,2.51757160e-03,20
2461,Row-Update,mps,-1.39700963,1.52394693e-03,20
2461,Hybrid,mixture,-1.39716490,1.59930147e-03,20
2462,Metropolis,metropolis,-1.39086042,2.51861367e-03,20
2462,Row-Update,mps,-1.39701819,1.52694894e-03,20
2462,Hybrid,mixture,-1.39717094,1.60021165e-03,20
2463,Metropolis,metropolis,-1.39086009,2.51615336e-03,20
2463,Row-Update,mps,-1.39700993,1.52401709e-03,20
2463,Hybrid,mixture,-1.39716629,1.60196395e-03,20
2464,Metropolis,metropolis,-1.39087183,2.51680236e-03,20
2464,Row-Update,mps,-1.39700564,1.52424480e-03,20
2464,Hybrid,mixture,-1.39716712,1.60178801e-03,20
2465,Metropolis,metropolis,-1.39086320,2.51861691e-03,20
2465,Row-Update,mps,-1.39701639,1.52580753e-03,20
2465,Hybrid,mixture,-1.39716046,1.60227472e-03,20
2466,Metropolis,metropolis,-1.39086872,2.51558690e-03,20
2466,Row-Update,mps,-1.39701352,1.52473421e-03,20
2466,Hybrid,mixture,-1.39716719,1.59939583e-03,20
2467,Metropolis,metropolis,-1.39086179,2.51735479e-03,20
2467,Row-Update,mps,-1.39701717,1.52506451e-03,20
2467,Hybrid,mixture,-1.39715934,1.60221630e-03,20
2468,Metropolis,metropolis,-1.39086921,2.51719359e-03,20
2468,Row-Update,mps,-1.39700948,1.52513338e-03,20
2468,Hybrid,mixture,-1.39717418,1.60144616e-03,20
2469,Metropolis,metropolis,-1.39087069,2.51750889e-03,20
2469,Row-Update,mps,-1.39701948,1.52506181e-03,20
2469,Hybrid,mixture,-1.39716347,1.60166324e-03,20
2470,Metropolis,metropolis,-1.39086956,2.51841896e-03,20
2470,Row-Update,mps,-1.39701225,1.52414953e-03,20
2470,Hybrid,mixture,-1.39716483,1.60208910e-03,20
2471,Metropolis,metropolis,-1.39086861,2.51672826e-03,20
2471,Row-Update,mps,-1.39701366,1.52763571e-03,20
2471,Hybrid,mixture,-1.39718150,1.60322853e-03,20
2472,Metropolis,metropolis,-1.39086220,2.51864939e-03,20
2472,Row-Update,mps,-1.39699723,1.52792008e-03,20
2472,Hybrid,mixture,-1.39716144,1.60285483e-03,20
2473,Metropolis,metropolis,-1.39087687,2.51897561e-03,20
2473,Row-Update,mps,-1.39701511,1.52574445e-03,20
2473,Hybrid,mixture,-1.39716110,1.60308506e-03,20
2474,Metropolis,metropolis,-1.39086959,2.51714479e-03,20
2474,Row-Update,mps,-1.39702651,1.52720058e-03,20
2474,Hybrid,mixture,-1.39716801,1.60089539e-03,20
2475,Metropolis,metropolis,-1.39086345,2.51679000e-03,20
2475,Row-Update,mps,-1.39701410,1.52509622e-03,20
2475,Hybrid,mixture,-1.39714878,1.59836083e-03,20
2476,Metropolis,metropolis,-1.39086637,2.51703783e-03,20
2476,Row-Update,mps,-1.39701202,1.52299950e-03,20
2476,Hybrid,mixture,-1.39716448,1.60025765e-03,20
2477,Metropolis,metropolis,-1.39086873,2.51724298e-03,20
2477,Row-Update,mps,-1.39702150,1.52599959e-03,20
2477,Hybrid,mixture,-1.39716438,1.60033766e-03,20
2478,Metropolis,metropolis,-1.39087077,2.51647912e-03,20
2478,Row-Update,mps,-1.39701495,1.52461110e-03,20
2478,Hybrid,mixture,-1.39715907,1.60106640e-03,20
2479,Metropolis,metropolis,-1.39086507,2.51582477e-03,20
2479,Row-Update,mps,-1.39700958,1.52769194e-03,20
2479,Hybrid,mixture,-1.39716693,1.60091631e-03,20
2480,Metropolis,metropolis,-1.39086734,2.51838063e-03,20
2480,Row-Update,mps,-1.39700502,1.52647617e-03,20
2480,Hybrid,mixture,-1.39717383,1.59943215e-03,20
2481,Metropolis,metropolis,-1.39086701,2.51646190e-03,20
2481,Row-Update,mps,-1.39701426,1.52591362e-03,20
2481,Hybrid,mixture,-1.39716077,1.60310246e-03,20
2482,Metropolis,metropolis,-1.39088214,2.51834421e-03,20
2482,Row-Update,mps,-1.39700658,1.52486292e-03,20
2482,Hybrid,mixture,-1.39715724,1.60060070e-03,20
2483,Metropolis,metropolis,-1.39086626,2.51582241e-03,20
2483,Row-Update,mps,-1.39701173,1.52547320e-03,20
2483,Hybrid,mixture,-1.39717449,1.60257764e-03,20
2484,Metropolis,metropolis,-1.39086869,2.51699357e-03,20
2484,Row-Update,mps,-1.39701144,1.52556419e-03,20
2484,Hybrid,mixture,-1.39716176,1.60162935e-03,20
2485,Metropolis,metropolis,-1.39085938,2.51820124e-03,20
2485,Row-Update,mps,-1.39701018,1.52297773e-03,20
2485,Hybrid,mixture,-1.39717519,1.60050736e-03,20
2486,Metropolis,metropolis,-1.39087531,2.51418465e-03,20
2486,Row-Update,mps,-1.39700958,1.52405968e-03,20
2486,Hybrid,mixture,-1.39716151,1.60264147e-03,20
2487,Metropolis,metropolis,-1.39086532,2.51691631e-03,20
2487,Row-Update,mps,-1.39700982,1.52468414e-03,20
2487,Hybrid,mixture,-1.39716317,1.60135205e-03,20
2488,Metropolis,metropolis,-1.39087204,2.51699560e-03,20
2488,Row-Update,mps,-1.39701884,1.52499811e-03,20
2488,Hybrid,mixture,-1.39716315,1.60067519e-03,20
2489,Metropolis,metropolis,-1.39086673,2.51559295e-03,20
2489,Row-Update,mps,-1.39701688,1.52391115e-03,20
2489,Hybrid,mixture,-1.39716547,1.59961482e-03,20
2490,Metropolis,metropolis,-1.39086503,2.51716335e-03,20
2490,Row-Update,mps,-1.39700827,1.52595895e-03,20
2490,Hybrid,mixture,-1.39716319,1.60127236e-03,20
2491,Metropolis,metropolis,-1.39086252,2.51496502e-03,20
2491,Row-Update,mps,-1.39702145,1.52637405e-03,20
2491,Hybrid,mixture,-1.39716817,1.60066897e-03,20
2492,Metropolis,metropolis,-1.39086220,2.51686647e-03,20
2492,Row-Update,mps,-1.39701290,1.52509203e-03,20
2492,Hybrid,mixture,-1.39716608,1.60219510e-03,20
2493,Metropolis,metropolis,-1.39086740,2.51506861e-03,20
2493,Row-Update,mps,-1.39701010,1.52479780e-03,20
2493,Hybrid,mixture,-1.39716741,1.60228242e-03,20
2494,Metropolis,metropolis,-1.39086878,2.51613075e-03,20
2494,Row-Update,mps,-1.39701443,1.52470238e-03,20
2494,Hybrid,mixture,-1.39716370,1.60087026e-03,20
2495,Metropolis,metropolis,-1.39086365,2.51787437e-03,20
2495,Row-Update,mps,-1.39701880,1.52570955e-03,20
2495,Hybrid,mixture,-1.39715543,1.60334711e-03,20
2496,Metropolis,metropolis,-1.39087160,2.51677243e-03,20
2496,Row-Update,mps,-1.39701618,1.52511903e-03,20
2496,Hybrid,mixture,-1.39716921,1.60255946e-03,20
2497,Metropolis,metropolis,-1.39086892,2.51736290e-03,20
2497,Row-Update,mps,-1.39700381,1.52680599e-03,20
2497,Hybrid,mixture,-1.39716524,1.60241877e-03,20
2498,Metropolis,metropolis,-1.39085699,2.51595738e-03,20
2498,Row-Update,mps,-1.39701866,1.52625663e-03,20
2498,Hybrid,mixture,-1.39716408,1.60230171e-03,20
2499,Metropolis,metropolis,-1.39086468,2.51670401e-03,20
2499,Row-Update,mps,-1.39701708,1.52550694e-03,20
2499,Hybrid,mixture,-1.39716768,1.60246751e-03,20
2500,Metropolis,metropolis,-1.39086930,2.51713311e-03,20
2500,Row-Update,mps,-1.39700368,1.52353506e-03,20
2500,Hybrid,mixture,-1.39717749,1.60282749e-03,20
2501,Metropolis,metropolis,-1.39087251,2.51482384e-03,20
2501,Row-Update,mps,-1.39697763,1.53077343e-03,20
2501,Hybrid,mixture,-1.39716620,1.60246317e-03,20
2502,Metropolis,metropolis,-1.39086546,2.51639862e-03,20
2502,Row-Update,mps,-1.39701200,1.52550189e-03,20
2502,Hybrid,mixture,-1.39716324,1.60218128e-03,20
2503,Metropolis,metropolis,-1.39086302,2.51612678e-03,20
2503,Row-Update,mps,-1.39701308,1.52406450e-03,20
2503,Hybrid,mixture,-1.39716485,1.60050881e-03,20
2504,Metropolis,metropolis,-1.39086105,2.51530414e-03,20
2504,Row-Update,mps,-1.39701493,1.52564776e-03,20
2504,Hybrid,mixture,-1.39715159,1.60531347e-03,20
2505,Metropolis,metropolis,-1.39087052,2.51744878e-03,20
2505,Row-Update,mps,-1.39701367,1.52453928e-03,20
2505,Hybrid,mixture,-1.39716276,1.59984486e-03,20
2506,Metropolis,metropolis,-1.39086761,2.51760893e-03,20
2506,Row-Update,mps,-1.39701447,1.52868587e-03,20
2506,Hybrid,mixture,-1.39716950,1.60189224e-03,20
2507,Metropolis,metropolis,-1.39086455,2.51573669e-03,20
2507,Row-Update,mps,-1.39701131,1.52375090e-03,20
2507,Hybrid,mixture,-1.39716459,1.60169351e-03,20
2508,Metropolis,metropolis,-1.39086491,2.51737861e-03,20
2508,Row-Update,mps,-1.39700740,1.52566809e-03,20
2508,Hybrid,mixture,-1.39717226,1.60126754e-03,20
2509,Metropolis,metropolis,-1.39085847,2.51633994e-03,20
2509,Row-Update,mps,-1.39701693,1.52553169e-03,20
2509,Hybrid,mixture,-1.39717504,1.60222125e-03,20
2510,Metropolis,metropolis,-1.39086564,2.51517921e-03,20
2510,Row-Update,mps,-1.39701385,1.52504600e-03,20
2510,Hybrid,mixture,-1.39716139,1.60174647e-03,20
2511,Metropolis,metropolis,-1.39086273,2.51742598e-03,20
2511,Row-Update,mps,-1.39701196,1.52454752e-03,20
2511,Hybrid,mixture,-1.39715802,1.60063718e-03,20
2512,Metropolis,metropolis,-1.39085865,2.51682579e-03,20
2512,Row-Update,mps,-1.39699955,1.52317223e-03,20
2512,Hybrid,mixture,-1.39716065,1.60188720e-03,20
2513,Metropolis,metropolis,-1.39086024,2.51619085e-03,20
2513,Row-Update,mps,-1.39701063,1.52446872e-03,20
2513,Hybrid,mixture,-1.39716132,1.60133121e-03,20
2514,Metropolis,metropolis,-1.39087061,2.51685738e-03,20
2514,Row-Update,mps,-1.39701556,1.52567989e-03,20
2514,Hybrid,mixture,-1.39716519,1.60175637e-03,20
2515,Metropolis,metropolis,-1.39086688,2.51761396e-03,20
2515,Row-Update,mps,-1.39700920,1.52474093e-03,20
2515,Hybrid,mixture,-1.39716576,1.60094642e-03,20
2516,Metropolis,metropolis,-1.39086374,2.51653615e-03,20
2516,Row-Update,mps,-1.39702143,1.52679638e-03,20
2516,Hybrid,mixture,-1.39716265,1.60277503e-03,20
2517,Metropolis,metropolis,-1.39086093,2.51655140e-03,20
2517,Row-Update,mps,-1.39700100,1.52605422e-03,20
2517,Hybrid,mixture,-1.39716893,1.59906714e-03,20
2518,Metropolis,metropolis,-1.39085606,2.51752080e-03,20
2518,Row-Update,mps,-1.39701027,1.52495822e-03,20
2518,Hybrid,mixture,-1.39716822,1.60027408e-03,20
2519,Metropolis,metropolis,-1.39087156,2.51736983e-03,20
2519,Row-Update,mps,-1.39701820,1.52408350e-03,20
2519,Hybrid,mixture,-1.39717205,1.60093842e-03,20
2520,Metropolis,metropolis,-1.39085832,2.51583092e-03,20
2520,Row-Update,mps,-1.39701882,1.52503302e-03,20
2520,Hybrid,mixture,-1.39717305,1.60031288e-03,20
2521,Metropolis,metropolis,-1.39086369,2.51673752e-03,20
2521,Row-Update,mps,-1.39701859,1.52441194e-03,20
2521,Hybrid,mixture,-1.39717300,1.60174310e-03,20
2522,Metropolis,metropolis,-1.39086877,2.51558260e-03,20
2522,Row-Update,mps,-1.39701648,1.52547489e-03,20
2522,Hybrid,mixture,-1.39716656,1.60125860e-03,20
2523,Metropolis,metropolis,-1.39086102,2.51601446e-03,20
2523,Row-Update,mps,-1.39700882,1.52415274e-03,20
2523,Hybrid,mixture,-1.39716649,1.60089188e-03,20
2524,Metropolis,metropolis,-1.39086876,2.51592571e-03,20
2524,Row-Update,mps,-1.39701675,1.52527123e-03,20
2524,Hybrid,mixture,-1.39717344,1.60359211e-03,20
2525,Metropolis,metropolis,-1.39086417,2.51619565e-03,20
2525,Row-Update,mps,-1.39701755,1.52483792e-03,20
2525,Hybrid,mixture,-1.39717292,1.60268463e-03,20
2526,Metropolis,metropolis,-1.39086471,2.51597421e-03,20
2526,Row-Update,mps,-1.39702091,1.52499257e-03,20
2526,Hybrid,mixture,-1.39715642,1.59950037e-03,20
2527,Metropolis,metropolis,-1.39086701,2.51632985e-03,20
2527,Row-Update,mps,-1.39699443,1.52461390e-03,20
2527,Hybrid,mixture,-1.39717372,1.59953392e-03,20
2528,Metropolis,metropolis,-1.39086326,2.51632016e-03,20
2528,Row-Update,mps,-1.39701781,1.52441241e-03,20
2528,Hybrid,mixture,-1.39716239,1.60347147e-03,20
2529,Metropolis,metropolis,-1.39086065,2.51756737e-03,20
2529,Row-Update,mps,-1.39700888,1.52550075e-03,20
2529,Hybrid,mixture,-1.39716780,1.60136226e-03,20
2530,Metropolis,metropolis,-1.39086619,2.51629976e-03,20
2530,Row-Update,mps,-1.39701178,1.52385216e-03,20
2530,Hybrid,mixture,-1.39717042,1.60111651e-03,20
2531,Metropolis,metropolis,-1.39086171,2.51739483e-03,20
2531,Row-Update,mps,-1.39700839,1.52438624e-03,20
2531,Hybrid,mixture,-1.39717179,1.60233356e-03,20
2532,Metropolis,metropolis,-1.39086617,2.51782773e-03,20
2532,Row-Update,mps,-1.39702400,1.52615680e-03,20
2532,Hybrid,mixture,-1.39716369,1.59927220e-03,20
2533,Metropolis,metropolis,-1.39086811,2.51584312e-03,20
2533,Row-Update,mps,-1.39701347,1.52327933e-03,20
2533,Hybrid,mixture,-1.39716692,1.60138121e-03,20
2534,Metropolis,metropolis,-1.39085885,2.51490719e-03,20
2534,Row-Update,mps,-1.39700721,1.52397378e-03,20
2534,Hybrid,mixture,-1.39717154,1.60439790e-03,20
2535,Metropolis,metropolis,-1.39086862,2.51713417e-03,20
2535,Row-Update,mps,-1.39700823,1.52539858e-03,20
2535,Hybrid,mixture,-1.39716271,1.60068354e-03,20
2536,Metropolis,metropolis,-1.39086735,2.51605002e-03,20
2536,Row-Update,mps,-1.39700929,1.52427280e-03,20
2536,Hybrid,mixture,-1.39716070,1.60136115e-03,20
2537,Metropolis,metropolis,-1.39086311,2.51882729e-03,20
2537,Row-Update,mps,-1.39701536,1.52643257e-03,20
2537,Hybrid,mixture,-1.39716700,1.60041484e-03,20
2538,Metropolis,metropolis,-1.39087622,2.51562742e-03,20
2538,Row-Update,mps,-1.39701608,1.52527793e-03,20
2538,Hybrid,mixture,-1.39715804,1.60204282e-03,20
2539,Metropolis,metropolis,-1.39086318,2.51694518e-03,20
2539,Row-Update,mps,-1.39700473,1.52493918e-03,20
2539,Hybrid,mixture,-1.39716853,1.60116109e-03,20
2540,Metropolis,metropolis,-1.39086553,2.51653307e-03,20
2540,Row-Update,mps,-1.39701898,1.52324009e-03,20
2540,Hybrid,mixture,-1.39716187,1.60135246e-03,20
2541,Metropolis,metropolis,-1.39086380,2.51942423e-03,20
2541,Row-Update,mps,-1.39702304,1.52429416e-03,20
2541,Hybrid,mixture,-1.39716586,1.60081831e-03,20
2542,Metropolis,metropolis,-1.39086404,2.51638863e-03,20
2542,Row-Update,mps,-1.39701292,1.52562250e-03,20
2542,Hybrid,mixture,-1.39716393,1.60020222e-03,20
2543,Metropolis,metropolis,-1.39086694,2.51728441e-03,20
2543,Row-Update,mps,-1.39700742,1.52406683e-03,20
2543,Hybrid,mixture,-1.39716408,1.60212750e-03,20
2544,Metropolis,metropolis,-1.39086513,2.51659705e-03,20
2544,Row-Update,mps,-1.39701225,1.52562771e-03,20
2544,Hybrid,mixture,-1.39716585,1.60110125e-03,20
2545,Metropolis,metropolis,-1.39086507,2.51617888e-03,20
2545,Row-Update,mps,-1.39700603,1.52399792e-03,20
2545,Hybrid,mixture,-1.39716339,1.60194681e-03,20
2546,Metropolis,metropolis,-1.39086874,2.51770745e-03,20
2546,Row-Update,mps,-1.39701545,1.52475003e-03,20
2546,Hybrid,mixture,-1.39716823,1.60052083e-03,20
2547,Metropolis,metropolis,-1.39086912,2.51621261e-03,20
2547,Row-Update,mps,-1.39701874,1.52429087e-03,20
2547,Hybrid,mixture,-1.39717221,1.59838774e-03,20
2548,Metropolis,metropolis,-1.39086237,2.51716679e-03,20
2548,Row-Update,mps,-1.39701536,1.52451957e-03,20
2548,Hybrid,mixture,-1.39717453,1.59991133e-03,20
2549,Metropolis,metropolis,-1.39086962,2.51536402e-03,20
2549,Row-Update,mps,-1.39701406,1.52591381e-03,20
2549,Hybrid,mixture,-1.39716511,1.60246779e-03,20
2550,Metropolis,metropolis,-1.39086972,2.51691742e-03,20
2550,Row-Update,mps,-1.39700737,1.52523320e-03,20
2550,Hybrid,mixture,-1.39717062,1.59998371e-03,20
2551,Metropolis,metropolis,-1.39086620,2.51759883e-03,20
2551,Row-Update,mps,-1.39702050,1.52528330e-03,20
2551,Hybrid,mixture,-1.39717544,1.59973355e-03,20
2552,Metropolis,metropolis,-1.39086067,2.51632862e-03,20
2552,Row-Update,mps,-1.39701132,1.52479662e-03,20
2552,Hybrid,mixture,-1.39717055,1.60131660e-03,20
2553,Metropolis,metropolis,-1.39087314,2.51543700e-03,20
2553,Row-Update,mps,-1.39701411,1.52590297e-03,20
2553,Hybrid,mixture,-1.39716098,1.59812739e-03,20
2554,Metropolis,metropolis,-1.39086306,2.51589968e-03,20
2554,Row-Update,mps,-1.39700932,1.52462158e-03,20
2554,Hybrid,mixture,-1.39717238,1.59842104e-03,20
2555,Metropolis,metropolis,-1.39086704,2.51680282e-03,20
2555,Row-Update,mps,-1.39702230,1.52486549e-03,20
2555,Hybrid,mixture,-1.39716235,1.59953554e-03,20
2556,Metropolis,metropolis,-1.39086985,2.51784523e-03,20
2556,Row-Update,mps,-1.39700741,1.52443806e-03,20
2556,Hybrid,mixture,-1.39717018,1.59881149e-03,20
2557,Metropolis,metropolis,-1.39086240,2.51494036e-03,20
2557,Row-Update,mps,-1.39700957,1.52247738e-03,20
2557,Hybrid,mixture,-1.39716885,1.59623068e-03,20
2558,Metropolis,metropolis,-1.39085727,2.51663799e-03,20
2558,Row-Update,mps,-1.39700674,1.52450384e-03,20
2558,Hybrid,mixture,-1.39717108,1.59861510e-03,20
2559,Metropolis,metropolis,-1.39086193,2.51859755e-03,20
2559,Row-Update,mps,-1.39700936,1.52527050e-03,20
2559,Hybrid,mixture,-1.39717655,1.60244414e-03,20
2560,Metropolis,metropolis,-1.39086548,2.51912468e-03,20
2560,Row-Update,mps,-1.39701294,1.52451478e-03,20
2560,Hybrid,mixture,-1.39716748,1.59818256e-03,20
2561,Metropolis,metropolis,-1.39086328,2.51590561e-03,20
2561,Row-Update,mps,-1.39701358,1.52423486e-03,20
2561,Hybrid,mixture,-1.39716626,1.59836982e-03,20
2562,Metropolis,metropolis,-1.39086635,2.51690868e-03,20
2562,Row-Update,mps,-1.39702326,1.52447053e-03,20
2562,Hybrid,mixture,-1.39717936,1.59870100e-03,20
2563,Metropolis,metropolis,-1.39086013,2.51611681e-03,20
2563,Row-Update,mps,-1.39701289,1.52425456e-03,20
2563,Hybrid,mixture,-1.39716432,1.59985005e-03,20
2564,Metropolis,metropolis,-1.39086404,2.51784640e-03,20
2564,Row-Update,mps,-1.39701848,1.52479186e-03,20
2564,Hybrid,mixture,-1.39717999,1.59477473e-03,20
2565,Metropolis,metropolis,-1.39085947,2.51675168e-03,20
2565,Row-Update,mps,-1.39700817,1.52442434e-03,20
2565,Hybrid,mixture,-1.39717879,1.59832149e-03,20
2566,Metropolis,metropolis,-1.39086213,2.51684847e-03,20
2566,Row-Update,mps,-1.39699771,1.52619653e-03,20
2566,Hybrid,mixture,-1.39716899,1.59644296e-03,20
2567,Metropolis,metropolis,-1.39086463,2.51718891e-03,20
2567,Row-Update,mps,-1.39701710,1.52404069e-03,20
2567,Hybrid,mixture,-1.39716919,1.59718142e-03,20
2568,Metropolis,metropolis,-1.39086598,2.51676747e-03,20
2568,Row-Update,mps,-1.39701452,1.52532078e-03,20
2568,Hybrid,mixture,-1.39717707,1.59773364e-03,20
2569,Metropolis,metropolis,-1.39087683,2.51654333e-03,20
2569,Row-Update,mps,-1.39700975,1.52448624e-03,20
2569,Hybrid,mixture,-1.39717455,1.59704812e-03,20
2570,Metropolis,metropolis,-1.39086411,2.51791935e-03,20
2570,Row-Update,mps,-1.39701072,1.52459565e-03,20
2570,Hybrid,mixture,-1.39718651,1.59546222e-03,20
2571,Metropolis,metropolis,-1.39087010,2.51716813e-03,20
2571,Row-Update,mps,-1.39702274,1.52341191e-03,20
2571,Hybrid,mixture,-1.39719827,1.59281649e-03,20
2572,Metropolis,metropolis,-1.39086441,2.51747011e-03,20
2572,Row-Update,mps,-1.39701346,1.52555991e-03,20
2572,Hybrid,mixture,-1.39717546,1.59388960e-03,20
2573,Metropolis,metropolis,-1.39086488,2.51750062e-03,20
2573,Row-Update,mps,-1.39701731,1.52489841e-03,20
2573,Hybrid,mixture,-1.39717070,1.59772604e-03,20
2574,Metropolis,metropolis,-1.39086567,2.51626527e-03,20
2574,Row-Update,mps,-1.39701704,1.52590100e-03,20
2574,Hybrid,mixture,-1.39717655,1.59328888e-03,20
2575,Metropolis,metropolis,-1.39087150,2.51704299e-03,20
2575,Row-Update,mps,-1.39702143,1.52233168e-03,20
2575,Hybrid,mixture,-1.39717343,1.59600733e-03,20
2576,Metropolis,metropolis,-1.39086558,2.51618386e-03,20
2576,Row-Update,mps,-1.39700446,1.52637534e-03,20
2576,Hybrid,mixture,-1.39717849,1.59633578e-03,20
2577,Metropolis,metropolis,-1.39086364,2.51671466e-03,20
2577,Row-Update,mps,-1.39702403,1.52651277e-03,20
2577,Hybrid,mixture,-1.39718110,1.59516767e-03,20
2578,Metropolis,metropolis,-1.39086281,2.51554844e-03,20
2578,Row-Update,mps,-1.39702085,1.52619495e-03,20
2578,Hybrid,mixture,-1.39717877,1.59408131e-03,20
2579,Metropolis,metropolis,-1.39086406,2.51754309e-03,20
2579,Row-Update,mps,-1.39703230,1.52507256e-03,20
2579,Hybrid,mixture,-1.39717777,1.59025786e-03,20
2580,Metropolis,metropolis,-1.39086020,2.51696917e-03,20
2580,Row-Update,mps,-1.39703337,1.52762330e-03,20
2580,Hybrid,mixture,-1.39717909,1.59113388e-03,20
2581,Metropolis,metropolis,-1.39086250,2.51741385e-03,20
2581,Row-Update,mps,-1.39702126,1.52663899e-03,20
2581,Hybrid,mixture,-1.39718532,1.59344303e-03,20
2582,Metropolis,metropolis,-1.39086398,2.51660496e-03,20
2582,Row-Update,mps,-1.39702631,1.52420857e-03,20
2582,Hybrid,mixture,-1.39717965,1.59243007e-03,20
2583,Metropolis,metropolis,-1.39086390,2.51827584e-03,20
2583,Row-Update,mps,-1.39702465,1.52665568e-03,20
2583,Hybrid,mixture,-1.39719081,1.59223473e-03,20
2584,Metropolis,metropolis,-1.39086605,2.51667700e-03,20
2584,Row-Update,mps,-1.39703994,1.52836864e-03,20
2584,Hybrid,mixture,-1.39718250,1.59143024e-03,20
2585,Metropolis,metropolis,-1.39086941,2.51688140e-03,20
2585,Row-Update,mps,-1.39702310,1.52725175e-03,20
2585,Hybrid,mixture,-1.39718558,1.59231676e-03,20
2586,Metropolis,metropolis,-1.39086313,2.51699035e-03,20
2586,Row-Update,mps,-1.39702946,1.52505368e-03,20
2586,Hybrid,mixture,-1.39719644,1.58538580e-03,20
2587,Metropolis,metropolis,-1.39086339,2.51780408e-03,20
2587,Row-Update,mps,-1.39703870,1.52857217e-03,20
2587,Hybrid,mixture,-1.39719224,1.59069440e-03,20
2588,Metropolis,metropolis,-1.39086828,2.51515200e-03,20
2588,Row-Update,mps,-1.39704830,1.52916169e-03,20
2588,Hybrid,mixture,-1.39718122,1.59364146e-03,20
2589,Metropolis,metropolis,-1.39085622,2.51731594e-03,20
2589,Row-Update,mps,-1.39705540,1.52804473e-03,20
2589,Hybrid,mixture,-1.39717611,1.59148668e-03,20
2590,Metropolis,metropolis,-1.39087100,2.51477549e-03,20
2590,Row-Update,mps,-1.39704244,1.52903225e-03,20
2590,Hybrid,mixture,-1.39719395,1.58719303e-03,20
2591,Metropolis,metropolis,-1.39086679,2.51776189e-03,20
2591,Row-Update,mps,-1.39706043,1.53133438e-03,20
2591,Hybrid,mixture,-1.39719785,1.58528427e-03,20
2592,Metropolis,metropolis,-1.39087010,2.51639664e-03,20
2592,Row-Update,mps,-1.39706125,1.53273958e-03,20
2592,Hybrid,mixture,-1.39719428,1.58695514e-03,20
2593,Metropolis,metropolis,-1.39086885,2.51670471e-03,20
2593,Row-Update,mps,-1.39705807,1.53160648e-03,20
2593,Hybrid,mixture,-1.39719729,1.58694431e-03,20
2594,Metropolis,metropolis,-1.39086570,2.51641418e-03,20
2594,Row-Update,mps,-1.39707128,1.53251758e-03,20
2594,Hybrid,mixture,-1.39719732,1.58601552e-03,20
2595,Metropolis,metropolis,-1.39086926,2.51789551e-03,20
2595,Row-Update,mps,-1.39707493,1.53289689e-03,20
2595,Hybrid,mixture,-1.39719634,1.58362355e-03,20
2596,Metropolis,metropolis,-1.39085732,2.51604421e-03,20
2596,Row-Update,mps,-1.39708232,1.53580447e-03,20
2596,Hybrid,mixture,-1.39721078,1.58313000e-03,20
2597,Metropolis,metropolis,-1.39085959,2.51684724e-03,20
2597,Row-Update,mps,-1.39709566,1.53666768e-03,20
2597,Hybrid,mixture,-1.39719835,1.58169192e-03,20
2598,Metropolis,metropolis,-1.39087237,2.51539009e-03,20
2598,Row-Update,mps,-1.39709694,1.53625191e-03,20
2598,Hybrid,mixture,-1.39721300,1.57914786e-03,20
2599,Metropolis,metropolis,-1.39087069,2.51603737e-03,20
2599,Row-Update,mps,-1.39710245,1.53843842e-03,20
2599,Hybrid,mixture,-1.39721077,1.57854494e-03,20
2600,Metropolis,metropolis,-1.39086679,2.51698955e-03,20
2600,Row-Update,mps,-1.39709977,1.53818083e-03,20
2600,Hybrid,mixture,-1.39720768,1.57996168e-03,20
2601,Metropolis,metropolis,-1.39086907,2.51650885e-03,20
2601,Row-Update,mps,-1.39711935,1.54035915e-03,20
2601,Hybrid,mixture,-1.39720694,1.57765241e-03,20
2602,Metropolis,metropolis,-1.39086533,2.51667723e-03,20
2602,Row-Update,mps,-1.39713465,1.54375599e-03,20
2602,Hybrid,mixture,-1.39721534,1.57721894e-03,20
2603,Metropolis,metropolis,-1.39086735,2.51678327e-03,20
2603,Row-Update,mps,-1.39713367,1.54340988e-03,20
2603,Hybrid,mixture,-1.39721908,1.57758990e-03,20
2604,Metropolis,metropolis,-1.39086946,2.51780127e-03,20
2604,Row-Update,mps,-1.39714331,1.54640075e-03,20
2604,Hybrid,mixture,-1.39721144,1.57909549e-03,20
2605,Metropolis,metropolis,-1.39087171,2.51797464e-03,20
2605,Row-Update,mps,-1.39714136,1.54797699e-03,20
2605,Hybrid,mixture,-1.39720783,1.57597357e-03,20
2606,Metropolis,metropolis,-1.39086736,2.51739631e-03,20
2606,Row-Update,mps,-1.39716163,1.54958359e-03,20
2606,Hybrid,mixture,-1.39721518,1.57567193e-03,20
2607,Metropolis,metropolis,-1.39086623,2.51743746e-03,20
2607,Row-Update,mps,-1.39715847,1.54847451e-03,20
2607,Hybrid,mixture,-1.39721238,1.57310603e-03,20
2608,Metropolis,metropolis,-1.39087049,2.51586596e-03,20
2608,Row-Update,mps,-1.39718205,1.55383370e-03,20
2608,Hybrid,mixture,-1.39721271,1.57319551e-03,20
2609,Metropolis,metropolis,-1.39086730,2.51692752e-03,20
2609,Row-Update,mps,-1.39720352,1.55568893e-03,20
2609,Hybrid,mixture,-1.39721811,1.57215460e-03,20
2610,Metropolis,metropolis,-1.39087005,2.51727289e-03,20
2610,Row-Update,mps,-1.39720495,1.55825030e-03,20
2610,Hybrid,mixture,-1.39722188,1.57586579e-03,20
2611,Metropolis,metropolis,-1.39085216,2.51682308e-03,20
2611,Row-Update,mps,-1.39721511,1.56388857e-03,20
2611,Hybrid,mixture,-1.39722723,1.57503759e-03,20
2612,Metropolis,metropolis,-1.39086725,2.51887664e-03,20
2612,Row-Update,mps,-1.39722896,1.56472321e-03,20
2612,Hybrid,mixture,-1.39721798,1.56761186e-03,20
2613,Metropolis,metropolis,-1.39086993,2.51671081e-03,20
2613,Row-Update,mps,-1.39722601,1.56763562e-03,20
2613,Hybrid,mixture,-1.39722635,1.57307777e-03,20
2614,Metropolis,metropolis,-1.39086488,2.51666026e-03,20
2614,Row-Update,mps,-1.39724292,1.56899402e-03,20
2614,Hybrid,mixture,-1.39722215,1.56972466e-03,20
2615,Metropolis,metropolis,-1.39086811,2.51679083e-03,20
2615,Row-Update,mps,-1.39725382,1.56998380e-03,20
2615,Hybrid,mixture,-1.39721098,1.57358838e-03,20
2616,Metropolis,metropolis,-1.39086561,2.51596691e-03,20
2616,Row-Update,mps,-1.39725473,1.57190176e-03,20
2616,Hybrid,mixture,-1.39722404,1.57012004e-03,20
2617,Metropolis,metropolis,-1.39087570,2.51582662e-03,20
2617,Row-Update,mps,-1.39725118,1.57526237e-03,20
2617,Hybrid,mixture,-1.39722098,1.56966339e-03,20
2618,Metropolis,metropolis,-1.39086802,2.51750756e-03,20
2618,Row-Update,mps,-1.39727008,1.57634035e-03,20
2618,Hybrid,mixture,-1.39723234,1.56922487e-03,20
2619,Metropolis,metropolis,-1.39086751,2.51711667e-03,20
2619,Row-Update,mps,-1.39727243,1.57626592e-03,20
2619,Hybrid,mixture,-1.39723497,1.56642127e-03,20
2620,Metropolis,metropolis,-1.39087129,2.51617457e-03,20
2620,Row-Update,mps,-1.39726853,1.57646507e-03,20
2620,Hybrid,mixture,-1.39722789,1.56866518e-03,20
2621,Metropolis,metropolis,-1.39086946,2.51700897e-03,20
2621,Row-Update,mps,-1.39728407,1.57938658e-03,20
2621,Hybrid,mixture,-1.39722448,1.56669528e-03,20
2622,Metropolis,metropolis,-1.39086538,2.51714153e-03,20
2622,Row-Update,mps,-1.39727646,1.57912608e-03,20
2622,Hybrid,mixture,-1.39722761,1.56481715e-03,20
2623,Metropolis,metropolis,-1.39086233,2.51729693e-03,20
2623,Row-Update,mps,-1.39727673,1.57912759e-03,20
2623,Hybrid,mixture,-1.39723871,1.56192834e-03,20
2624,Metropolis,metropolis,-1.39087475,2.51602343e-03,20
2624,Row-Update,mps,-1.39727469,1.57988243e-03,20
2624,Hybrid,mixture,-1.39724242,1.56428891e-03,20
2625,Metropolis,metropolis,-1.39087118,2.51731809e-03,20
2625,Row-Update,mps,-1.39728789,1.57914859e-03,20
2625,Hybrid,mixture,-1.39723991,1.56392423e-03,20
2626,Metropolis,metropolis,-1.39086427,2.51766923e-03,20
2626,Row-Update,mps,-1.39727598,1.58381092e-03,20
2626,Hybrid,mixture,-1.39724344,1.56493196e-03,20
2627,Metropolis,metropolis,-1.39086815,2.51714680e-03,20
2627,Row-Update,mps,-1.39728856,1.58349039e-03,20
2627,Hybrid,mixture,-1.39723846,1.56451286e-03,20
2628,Metropolis,metropolis,-1.39085923,2.51955129e-03,20
2628,Row-Update,mps,-1.39728937,1.58192080e-03,20
2628,Hybrid,mixture,-1.39724030,1.55845138e-03,20
2629,Metropolis,metropolis,-1.39087181,2.51624457e-03,20
2629,Row-Update,mps,-1.39728388,1.58252097e-03,20
2629,Hybrid,mixture,-1.39724619,1.55748223e-03,20
2630,Metropolis,metropolis,-1.39086546,2.51736880e-03,20
2630,Row-Update,mps,-1.39728807,1.58075589e-03,20
2630,Hybrid,mixture,-1.39724131,1.55860315e-03,20
2631,Metropolis,metropolis,-1.39086769,2.51755758e-03,20
2631,Row-Update,mps,-1.39728380,1.58459295e-03,20
2631,Hybrid,mixture,-1.39724811,1.55596578e-03,20
2632,Metropolis,metropolis,-1.39086757,2.51649257e-03,20
2632,Row-Update,mps,-1.39728620,1.58131923e-03,20
2632,Hybrid,mixture,-1.39724615,1.56053560e-03,20
2633,Metropolis,metropolis,-1.39086001,2.51560310e-03,20
2633,Row-Update,mps,-1.39729323,1.58433145e-03,20
2633,Hybrid,mixture,-1.39724234,1.55801951e-03,20
2634,Metropolis,metropolis,-1.39086426,2.51715702e-03,20
2634,Row-Update,mps,-1.39728622,1.58465398e-03,20
2634,Hybrid,mixture,-1.39724428,1.55866272e-03,20
2635,Metropolis,metropolis,-1.39086684,2.51677381e-03,20
2635,Row-Update,mps,-1.39729728,1.58494676e-03,20
2635,Hybrid,mixture,-1.39725575,1.55538064e-03,20
2636,Metropolis,metropolis,-1.39086954,2.51620603e-03,20
2636,Row-Update,mps,-1.39730351,1.58404091e-03,20
2636,Hybrid,mixture,-1.39725891,1.55693073e-03,20
2637,Metropolis,metropolis,-1.39086268,2.51730909e-03,20
2637,Row-Update,mps,-1.39730389,1.58405006e-03,20
2637,Hybrid,mixture,-1.39726263,1.55676761e-03,20
2638,Metropolis,metropolis,-1.39086315,2.51630412e-03,20
2638,Row-Update,mps,-1.39730378,1.58441243e-03,20
2638,Hybrid,mixture,-1.39724613,1.55737496e-03,20
2639,Metropolis,metropolis,-1.39087109,2.51586887e-03,20
2639,Row-Update,mps,-1.39730195,1.58482887e-03,20
2639,Hybrid,mixture,-1.39725982,1.55556460e-03,20
2640,Metropolis,metropolis,-1.39086217,2.51604712e-03,20
2640,Row-Update,mps,-1.39729602,1.58543976e-03,20
2640,Hybrid,mixture,-1.39725849,1.55426634e-03,20
2641,Metropolis,metropolis,-1.39086889,2.51841026e-03,20
2641,Row-Update,mps,-1.39728375,1.58457787e-03,20
2641,Hybrid,mixture,-1.39725753,1.55472745e-03,20
2642,Metropolis,metropolis,-1.39086198,2.51954169e-03,20
2642,Row-Update,mps,-1.39730600,1.58496036e-03,20
2642,Hybrid,mixture,-1.39725144,1.55655900e-03,20
2643,Metropolis,metropolis,-1.39086972,2.51800092e-03,20
2643,Row-Update,mps,-1.39729778,1.58375805e-03,20
2643,Hybrid,mixture,-1.39724525,1.55546885e-03,20
2644,Metropolis,metropolis,-1.39087367,2.51566251e-03,20
2644,Row-Update,mps,-1.39729834,1.58378416e-03,20
2644,Hybrid,mixture,-1.39724691,1.55221582e-03,20
2645,Metropolis,metropolis,-1.39086881,2.51636021e-03,20
2645,Row-Update,mps,-1.39729636,1.58362112e-03,20
2645,Hybrid,mixture,-1.39724800,1.55691670e-03,20
2646,Metropolis,metropolis,-1.39086962,2.51498849e-03,20
2646,Row-Update,mps,-1.39729664,1.58603343e-03,20
2646,Hybrid,mixture,-1.39725608,1.55583094e-03,20
2647,Metropolis,metropolis,-1.39086714,2.51641285e-03,20
2647,Row-Update,mps,-1.39730170,1.58398629e-03,20
2647,Hybrid,mixture,-1.39725403,1.55519762e-03,20
2648,Metropolis,metropolis,-1.39086754,2.51662477e-03,20
2648,Row-Update,mps,-1.39729798,1.58736419e-03,20
2648,Hybrid,mixture,-1.39726054,1.55105819e-03,20
2649,Metropolis,metropolis,-1.39087225,2.51695592e-03,20
2649,Row-Update,mps,-1.39730225,1.58540375e-03,20
2649,Hybrid,mixture,-1.39725964,1.55165642e-03,20
2650,Metropolis,metropolis,-1.39086466,2.51705908e-03,20
2650,Row-Update,mps,-1.39729145,1.58523776e-03,20
2650,Hybrid,mixture,-1.39726216,1.55424925e-03,20
2651,Metropolis,metropolis,-1.39086447,2.51799376e-03,20
2651,Row-Update,mps,-1.39730877,1.58425067e-03,20
2651,Hybrid,mixture,-1.39726719,1.55324551e-03,20
2652,Metropolis,metropolis,-1.39086167,2.51671750e-03,20
2652,Row-Update,mps,-1.39730268,1.58394792e-03,20
2652,Hybrid,mixture,-1.39726638,1.55252437e-03,20
2653,Metropolis,metropolis,-1.39087093,2.51684345e-03,20
2653,Row-Update,mps,-1.39730385,1.58311891e-03,20
2653,Hybrid,mixture,-1.39726596,1.55278830e-03,20
2654,Metropolis,metropolis,-1.39086877,2.51702673e-03,20
2654,Row-Update,mps,-1.39730487,1.58489212e-03,20
2654,Hybrid,mixture,-1.39726651,1.55046972e-03,20
2655,Metropolis,metropolis,-1.39086916,2.51674498e-03,20
2655,Row-Update,mps,-1.39729471,1.58628612e-03,20
2655,Hybrid,mixture,-1.39726341,1.54876765e-03,20
2656,Metropolis,metropolis,-1.39087197,2.51642247e-03,20
2656,Row-Update,mps,-1.39730499,1.58717344e-03,20
2656,Hybrid,mixture,-1.39725968,1.55021271e-03,20
2657,Metropolis,metropolis,-1.39087128,2.51518795e-03,20
2657,Row-Update,mps,-1.39730313,1.58664986e-03,20
2657,Hybrid,mixture,-1.39726561,1.54977439e-03,20
2658,Metropolis,metropolis,-1.39086912,2.51639720e-03,20
2658,Row-Update,mps,-1.39730194,1.58582905e-03,20
2658,Hybrid,mixture,-1.39727374,1.55066771e-03,20
2659,Metropolis,metropolis,-1.39086977,2.51581989e-03,20
2659,Row-Update,mps,-1.39729440,1.58478339e-03,20
2659,Hybrid,mixture,-1.39727102,1.54646266e-03,20
2660,Metropolis,metropolis,-1.39085154,2.51936465e-03,20
2660,Row-Update,mps,-1.39729932,1.58489148e-03,20
2660,Hybrid,mixture,-1.39726545,1.54974190e-03,20
2661,Metropolis,metropolis,-1.39086635,2.51782151e-03,20
2661,Row-Update,mps,-1.39730324,1.58687424e-03,20
2661,Hybrid,mixture,-1.39726785,1.54936261e-03,20
2662,Metropolis,metropolis,-1.39086342,2.51698507e-03,20
2662,Row-Update,mps,-1.39730357,1.58657405e-03,20
2662,Hybrid,mixture,-1.39726015,1.54744775e-03,20
2663,Metropolis,metropolis,-1.39086810,2.51702780e-03,20
2663,Row-Update,mps,-1.39729532,1.58574465e-03,20
2663,Hybrid,mixture,-1.39725666,1.54790207e-03,20
2664,Metropolis,metropolis,-1.39086496,2.51653924e-03,20
2664,Row-Update,mps,-1.39730449,1.58583409e-03,20
2664,Hybrid,mixture,-1.39727500,1.54741164e-03,20
2665,Metropolis,metropolis,-1.39087267,2.51635287e-03,20
2665,Row-Update,mps,-1.39730846,1.58673479e-03,20
2665,Hybrid,mixture,-1.39727267,1.54970820e-03,20
2666,Metropolis,metropolis,-1.39087059,2.51635870e-03,20
2666,Row-Update,mps,-1.39730953,1.58606175e-03,20
2666,Hybrid,mixture,-1.39726522,1.55007108e-03,20
2667,Metropolis,metropolis,-1.39086469,2.51721767e-03,20
2667,Row-Update,mps,-1.39730859,1.58605477e-03,20
2667,Hybrid,mixture,-1.39726838,1.54841389e-03,20
2668,Metropolis,metropolis,-1.39086906,2.51463574e-03,20
2668,Row-Update,mps,-1.39729934,1.58485745e-03,20
2668,Hybrid,mixture,-1.39726198,1.54779256e-03,20
2669,Metropolis,metropolis,-1.39086705,2.51589229e-03,20
2669,Row-Update,mps,-1.39730851,1.58570700e-03,20
2669,Hybrid,mixture,-1.39726384,1.54730355e-03,20
2670,Metropolis,metropolis,-1.39087061,2.51583798e-03,20
2670,Row-Update,mps,-1.39730474,1.58600320e-03,20
2670,Hybrid,mixture,-1.39727442,1.54856587e-03,20
2671,Metropolis,metropolis,-1.39086681,2.51678585e-03,20
2671,Row-Update,mps,-1.39730374,1.58551813e-03,20
2671,Hybrid,mixture,-1.39726960,1.54694021e-03,20
2672,Metropolis,metropolis,-1.39086691,2.51777291e-03,20
2672,Row-Update,mps,-1.39731334,1.58691539e-03,20
2672,Hybrid,mixture,-1.39727210,1.54633149e-03,20
2673,Metropolis,metropolis,-1.39087627,2.51705732e-03,20
2673,Row-Update,mps,-1.39729985,1.58535629e-03,20
2673,Hybrid,mixture,-1.39727165,1.54724561e-03,20
2674,Metropolis,metropolis,-1.39086158,2.51904104e-03,20
2674,Row-Update,mps,-1.39730301,1.58552768e-03,20
2674,Hybrid,mixture,-1.39727025,1.54665806e-03,20
2675,Metropolis,metropolis,-1.39085976,2.51940076e-03,20
2675,Row-Update,mps,-1.39731059,1.58698560e-03,20
2675,Hybrid,mixture,-1.39726622,1.54728207e-03,20
2676,Metropolis,metropolis,-1.39086588,2.51625052e-03,20
2676,Row-Update,mps,-1.39729831,1.58757759e-03,20
2676,Hybrid,mixture,-1.39727229,1.54687766e-03,20
2677,Metropolis,metropolis,-1.39085803,2.51717041e-03,20
2677,Row-Update,mps,-1.39729749,1.58616219e-03,20
2677,Hybrid,mixture,-1.39727484,1.54463726e-03,20
2678,Metropolis,metropolis,-1.39086675,2.51657055e-03,20
2678,Row-Update,mps,-1.39729632,1.58579619e-03,20
2678,Hybrid,mixture,-1.39727412,1.54542522e-03,20
2679,Metropolis,metropolis,-1.39086146,2.51631923e-03,20
2679,Row-Update,mps,-1.39730352,1.58681485e-03,20
2679,Hybrid,mixture,-1.39727741,1.54498721e-03,20
2680,Metropolis,metropolis,-1.39086516,2.51703139e-03,20
2680,Row-Update,mps,-1.39730247,1.58750911e-03,20
2680,Hybrid,mixture,-1.39728173,1.54577379e-03,20
2681,Metropolis,metropolis,-1.39086943,2.51658537e-03,20
2681,Row-Update,mps,-1.39730382,1.58593266e-03,20
2681,Hybrid,mixture,-1.39725800,1.54683423e-03,20
2682,Metropolis,metropolis,-1.39086982,2.51625795e-03,20
2682,Row-Update,mps,-1.39732089,1.58650328e-03,20
2682,Hybrid,mixture,-1.39728059,1.54781812e-03,20
2683,Metropolis,metropolis,-1.39087039,2.51472852e-03,20
2683,Row-Update,mps,-1.39730210,1.58583689e-03,20
2683,Hybrid,mixture,-1.39727966,1.54235930e-03,20
2684,Metropolis,metropolis,-1.39086373,2.51709629e-03,20
2684,Row-Update,mps,-1.39729873,1.58649937e-03,20
2684,Hybrid,mixture,-1.39727946,1.54504912e-03,20
2685,Metropolis,metropolis,-1.39086952,2.51802401e-03,20
2685,Row-Update,mps,-1.39729734,1.58519238e-03,20
2685,Hybrid,mixture,-1.39727517,1.54603808e-03,20
2686,Metropolis,metropolis,-1.39086309,2.51638876e-03,20
2686,Row-Update,mps,-1.39730750,1.58847842e-03,20
2686,Hybrid,mixture,-1.39727789,1.54424997e-03,20
2687,Metropolis,metropolis,-1.39087242,2.51590111e-03,20
2687,Row-Update,mps,-1.39730211,1.58280139e-03,20
2687,Hybrid,mixture,-1.39728074,1.54588549e-03,20
2688,Metropolis,metropolis,-1.39086990,2.51588835e-03,20
2688,Row-Update,mps,-1.39730195,1.58740884e-03,20
2688,Hybrid,mixture,-1.39727280,1.54494801e-03,20
2689,Metropolis,metropolis,-1.39086302,2.51708653e-03,20
2689,Row-Update,mps,-1.39730124,1.58484856e-03,20
2689,Hybrid,mixture,-1.39727358,1.54360170e-03,20
2690,Metropolis,metropolis,-1.39086517,2.51483233e-03,20
2690,Row-Update,mps,-1.39730961,1.58632074e-03,20
2690,Hybrid,mixture,-1.39727452,1.54356116e-03,20
2691,Metropolis,metropolis,-1.39087595,2.51601694e-03,20
2691,Row-Update,mps,-1.39729632,1.58621802e-03,20
2691,Hybrid,mixture,-1.39727575,1.54384997e-03,20
2692,Metropolis,metropolis,-1.39086936,2.51648760e-03,20
2692,Row-Update,mps,-1.39730407,1.58591085e-03,20
2692,Hybrid,mixture,-1.39728470,1.54309684e-03,20
2693,Metropolis,metropolis,-1.39086244,2.51583926e-03,20
2693,Row-Update,mps,-1.39729994,1.58802378e-03,20
2693,Hybrid,mixture,-1.39727774,1.54297183e-03,20
2694,Metropolis,metropolis,-1.39086766,2.51635577e-03,20
2694,Row-Update,mps,-1.39730738,1.58713337e-03,20
2694,Hybrid,mixture,-1.39727855,1.54381947e-03,20
2695,Metropolis,metropolis,-1.39087064,2.51663373e-03,20
2695,Row-Update,mps,-1.39729849,1.58348986e-03,20
2695,Hybrid,mixture,-1.39727128,1.54405120e-03,20
2696,Metropolis,metropolis,-1.39086916,2.51572846e-03,20
2696,Row-Update,mps,-1.39729723,1.58626510e-03,20
2696,Hybrid,mixture,-1.39730119,1.55262988e-03,20
2697,Metropolis,metropolis,-1.39086645,2.51655751e-03,20
2697,Row-Update,mps,-1.39730958,1.58476981e-03,20
2697,Hybrid,mixture,-1.39727827,1.54513587e-03,20
2698,Metropolis,metropolis,-1.39087647,2.52073353e-03,20
2698,Row-Update,mps,-1.39729751,1.58599679e-03,20
2698,Hybrid,mixture,-1.39728485,1.54599808e-03,20
2699,Metropolis,metropolis,-1.39086886,2.51639223e-03,20
2699,Row-Update,mps,-1.39730702,1.58785049e-03,20
2699,Hybrid,mixture,-1.39727204,1.54522027e-03,20
2700,Metropolis,metropolis,-1.39086349,2.51888733e-03,20
2700,Row-Update,mps,-1.39729820,1.58693128e-03,20
2700,Hybrid,mixture,-1.39727864,1.54369080e-03,20
2701,Metropolis,metropolis,-1.39086656,2.51645060e-03,20
2701,Row-Update,mps,-1.39730536,1.58540934e-03,20
2701,Hybrid,mixture,-1.39727518,1.54539594e-03,20
2702,Metropolis,metropolis,-1.39086845,2.51686234e-03,20
2702,Row-Update,mps,-1.39730460,1.58621060e-03,20
2702,Hybrid,mixture,-1.39727745,1.54522662e-03,20
2703,Metropolis,metropolis,-1.39087044,2.51492609e-03,20
2703,Row-Update,mps,-1.39730095,1.58701298e-03,20
2703,Hybrid,mixture,-1.39727975,1.54611530e-03,20
2704,Metropolis,metropolis,-1.39086384,2.51712410e-03,20
2704,Row-Update,mps,-1.39729986,1.58736120e-03,20
2704,Hybrid,mixture,-1.39727852,1.54302964e-03,20
2705,Metropolis,metropolis,-1.39086452,2.51695473e-03,20
2705,Row-Update,mps,-1.39730978,1.58814835e-03,20
2705,Hybrid,mixture,-1.39727474,1.54607022e-03,20
2706,Metropolis,metropolis,-1.39086838,2.51616167e-03,20
2706,Row-Update,mps,-1.39730824,1.58624347e-03,20
2706,Hybrid,mixture,-1.39727983,1.54586082e-03,20
2707,Metropolis,metropolis,-1.39086722,2.51721699e-03,20
2707,Row-Update,mps,-1.39731086,1.58584022e-03,20
2707,Hybrid,mixture,-1.39727498,1.54546827e-03,20
2708,Metropolis,metropolis,-1.39087246,2.51523537e-03,20
2708,Row-Update,mps,-1.39730552,1.58498265e-03,20
2708,Hybrid,mixture,-1.39727784,1.54556234e-03,20
2709,Metropolis,metropolis,-1.39086780,2.51611409e-03,20
2709,Row-Update,mps,-1.39730448,1.58528143e-03,20
2709,Hybrid,mixture,-1.39728207,1.54424593e-03,20
2710,Metropolis,metropolis,-1.39086937,2.51644530e-03,20
2710,Row-Update,mps,-1.39730119,1.58700468e-03,20
2710,Hybrid,mixture,-1.39728561,1.54292043e-03,20
2711,Metropolis,metropolis,-1.39085958,2.51592269e-03,20
2711,Row-Update,mps,-1.39730789,1.58560738e-03,20
2711,Hybrid,mixture,-1.39727036,1.54619566e-03,20
2712,Metropolis,metropolis,-1.39086479,2.51652297e-03,20
2712,Row-Update,mps,-1.39730491,1.58613775e-03,20
2712,Hybrid,mixture,-1.39727293,1.54506127e-03,20
2713,Metropolis,metropolis,-1.39086980,2.51585481e-03,20
2713,Row-Update,mps,-1.39731090,1.58615226e-03,20
2713,Hybrid,mixture,-1.39727868,1.54449119e-03,20
2714,Metropolis,metropolis,-1.39086799,2.51478683e-03,20
2714,Row-Update,mps,-1.39730843,1.58638867e-03,20
2714,Hybrid,mixture,-1.39728178,1.54412875e-03,20
2715,Metropolis,metropolis,-1.39086775,2.51683480e-03,20
2715,Row-Update,mps,-1.39730785,1.58915614e-03,20
2715,Hybrid,mixture,-1.39726830,1.54325493e-03,20
2716,Metropolis,metropolis,-1.39086763,2.51639098e-03,20
2716,Row-Update,mps,-1.39730475,1.58430747e-03,20
2716,Hybrid,mixture,-1.39727884,1.54425920e-03,20
2717,Metropolis,metropolis,-1.39087164,2.51645373e-03,20
2717,Row-Update,mps,-1.39731073,1.58774907e-03,20
2717,Hybrid,mixture,-1.39727441,1.54482447e-03,20
2718,Metropolis,metropolis,-1.39086996,2.51541502e-03,20
2718,Row-Update,mps,-1.39730438,1.58731470e-03,20
2718,Hybrid,mixture,-1.39728194,1.54386350e-03,20
2719,Metropolis,metropolis,-1.39086230,2.51701199e-03,20
2719,Row-Update,mps,-1.39730847,1.58687849e-03,20
2719,Hybrid,mixture,-1.39726991,1.54415791e-03,20
2720,Metropolis,metropolis,-1.39086698,2.51696391e-03,20
2720,Row-Update,mps,-1.39730522,1.58637835e-03,20
2720,Hybrid,mixture,-1.39727941,1.54375385e-03,20
2721,Metropolis,metropolis,-1.39087248,2.51760023e-03,20
2721,Row-Update,mps,-1.39730793,1.58613563e-03,20
2721,Hybrid,mixture,-1.39728014,1.54265076e-03,20
2722,Metropolis,metropolis,-1.39085582,2.51736865e-03,20
2722,Row-Update,mps,-1.39730676,1.58748634e-03,20
2722,Hybrid,mixture,-1.39728342,1.54269416e-03,20
2723,Metropolis,metropolis,-1.39086242,2.51656450e-03,20
2723,Row-Update,mps,-1.39730295,1.58737187e-03,20
2723,Hybrid,mixture,-1.39727803,1.54511559e-03,20
2724,Metropolis,metropolis,-1.39086650,2.51707799e-03,20
2724,Row-Update,mps,-1.39730562,1.58732384e-03,20
2724,Hybrid,mixture,-1.39728210,1.54410487e-03,20
2725,Metropolis,metropolis,-1.39086787,2.51638117e-03,20
2725,Row-Update,mps,-1.39730936,1.58603329e-03,20
2725,Hybrid,mixture,-1.39727716,1.54450032e-03,20
2726,Metropolis,metropolis,-1.39086370,2.51579537e-03,20
2726,Row-Update,mps,-1.39730382,1.58652629e-03,20
2726,Hybrid,mixture,-1.39728066,1.54386565e-03,20
2727,Metropolis,metropolis,-1.39086404,2.51609221e-03,20
2727,Row-Update,mps,-1.39729479,1.58607898e-03,20
2727,Hybrid,mixture,-1.39728532,1.54517306e-03,20
2728,Metropolis,metropolis,-1.39086826,2.51824283e-03,20
2728,Row-Update,mps,-1.39729654,1.58648798e-03,20
2728,Hybrid,mixture,-1.39726958,1.54701239e-03,20
2729,Metropolis,metropolis,-1.39086343,2.51634790e-03,20
2729,Row-Update,mps,-1.39730125,1.58813244e-03,20
2729,Hybrid,mixture,-1.39727966,1.54521646e-03,20
2730,Metropolis,metropolis,-1.39086095,2.51748577e-03,20
2730,Row-Update,mps,-1.39729552,1.58788633e-03,20
2730,Hybrid,mixture,-1.39727603,1.54267924e-03,20
2731,Metropolis,metropolis,-1.39086650,2.51527427e-03,20
2731,Row-Update,mps,-1.39731190,1.58702444e-03,20
2731,Hybrid,mixture,-1.39727382,1.54642880e-03,20
2732,Metropolis,metropolis,-1.39085713,2.51665570e-03,20
2732,Row-Update,mps,-1.39728987,1.58553488e-03,20
2732,Hybrid,mixture,-1.39727421,1.54408259e-03,20
2733,Metropolis,metropolis,-1.39086927,2.51618920e-03,20
2733,Row-Update,mps,-1.39730295,1.58561561e-03,20
2733,Hybrid,mixture,-1.39728419,1.54516847e-03,20
2734,Metropolis,metropolis,-1.39086437,2.51537221e-03,20
2734,Row-Update,mps,-1.39730529,1.58662199e-03,20
2734,Hybrid,mixture,-1.39727270,1.54387214e-03,20
2735,Metropolis,metropolis,-1.39086675,2.51711438e-03,20
2735,Row-Update,mps,-1.39730888,1.58558493e-03,20
2735,Hybrid,mixture,-1.39728223,1.54408763e-03,20
2736,Metropolis,metropolis,-1.39086687,2.51597129e-03,20
2736,Row-Update,mps,-1.39730500,1.58570969e-03,20
2736,Hybrid,mixture,-1.39727042,1.54369700e-03,20
2737,Metropolis,metropolis,-1.39086850,2.51877858e-03,20
2737,Row-Update,mps,-1.39730621,1.58716349e-03,20
2737,Hybrid,mixture,-1.39727957,1.54478472e-03,20
2738,Metropolis,metropolis,-1.39086894,2.51685535e-03,20
2738,Row-Update,mps,-1.39731180,1.58539105e-03,20
2738,Hybrid,mixture,-1.39727536,1.54291813e-03,20
2739,Metropolis,metropolis,-1.39086529,2.51636955e-03,20
2739,Row-Update,mps,-1.39730865,1.58496730e-03,20
2739,Hybrid,mixture,-1.39729862,1.54407711e-03,20
2740,Metropolis,metropolis,-1.39086995,2.51665852e-03,20
2740,Row-Update,mps,-1.39730238,1.58717289e-03,20
2740,Hybrid,mixture,-1.39727694,1.54557407e-03,20
2741,Metropolis,metropolis,-1.39086469,2.51712219e-03,20
2741,Row-Update,mps,-1.39730740,1.58757632e-03,20
2741,Hybrid,mixture,-1.39727834,1.54355708e-03,20
2742,Metropolis,metropolis,-1.39085508,2.51820263e-03,20
2742,Row-Update,mps,-1.39730053,1.58728999e-03,20
2742,Hybrid,mixture,-1.39728065,1.54287299e-03,20
2743,Metropolis,metropolis,-1.39087407,2.51503958e-03,20
2743,Row-Update,mps,-1.39730872,1.58878456e-03,20
2743,Hybrid,mixture,-1.39727764,1.54349725e-03,20
2744,Metropolis,metropolis,-1.39086854,2.51675208e-03,20
2744,Row-Update,mps,-1.39731289,1.58442119e-03,20
2744,Hybrid,mixture,-1.39727679,1.54150001e-03,20
2745,Metropolis,metropolis,-1.39086548,2.51771300e-03,20
2745,Row-Update,mps,-1.39729826,1.58828403e-03,20
2745,Hybrid,mixture,-1.39727067,1.54472197e-03,20
2746,Metropolis,metropolis,-1.39086588,2.51665038e-03,20
2746,Row-Update,mps,-1.39731267,1.58593874e-03,20
2746,Hybrid,mixture,-1.39727073,1.54109007e-03,20
2747,Metropolis,metropolis,-1.39086477,2.51668984e-03,20
2747,Row-Update,mps,-1.39729832,1.58537911e-03,20
2747,Hybrid,mixture,-1.39728626,1.54555828e-03,20
2748,Metropolis,metropolis,-1.39087125,2.51597449e-03,20
2748,Row-Update,mps,-1.39730808,1.58898303e-03,20
2748,Hybrid,mixture,-1.39727299,1.54279017e-03,20
2749,Metropolis,metropolis,-1.39087346,2.51569188e-03,20
2749,Row-Update,mps,-1.39730410,1.58616973e-03,20
2749,Hybrid,mixture,-1.39727494,1.54580850e-03,20
2750,Metropolis,metropolis,-1.39086478,2.51729813e-03,20
2750,Row-Update,mps,-1.39729847,1.58588382e-03,20
2750,Hybrid,mixture,-1.39729006,1.54158734e-03,20
2751,Metropolis,metropolis,-1.39087213,2.51756339e-03,20
2751,Row-Update,mps,-1.39730978,1.58285965e-03,20
2751,Hybrid,mixture,-1.39728622,1.54465510e-03,20
2752,Metropolis,metropolis,-1.39085892,2.51604094e-03,20
2752,Row-Update,mps,-1.39730672,1.58593228e-03,20
2752,Hybrid,mixture,-1.39727956,1.54467373e-03,20
2753,Metropolis,metropolis,-1.39085834,2.51716851e-03,20
2753,Row-Update,mps,-1.39731095,1.58495227e-03,20
2753,Hybrid,mixture,-1.39728158,1.54429764e-03,20
2754,Metropolis,metropolis,-1.39086384,2.51665314e-03,20
2754,Row-Update,mps,-1.39730292,1.58563336e-03,20
2754,Hybrid,mixture,-1.39727193,1.54390044e-03,20
2755,Metropolis,metropolis,-1.39086378,2.51730609e-03,20
2755,Row-Update,mps,-1.39730520,1.58569990e-03,20
2755,Hybrid,mixture,-1.39728225,1.54103983e-03,20
2756,Metropolis,metropolis,-1.39087424,2.51606320e-03,20
2756,Row-Update,mps,-1.39731243,1.58469962e-03,20
2756,Hybrid,mixture,-1.39727584,1.54452669e-03,20
2757,Metropolis,metropolis,-1.39087103,2.51661235e-03,20
2757,Row-Update,mps,-1.39729924,1.58425366e-03,20
2757,Hybrid,mixture,-1.39728437,1.54438596e-03,20
2758,Metropolis,metropolis,-1.39087288,2.51689273e-03,20
2758,Row-Update,mps,-1.39731331,1.58668643e-03,20
2758,Hybrid,mixture,-1.39728317,1.54331132e-03,20
2759,Metropolis,metropolis,-1.39086506,2.51621127e-03,20
2759,Row-Update,mps,-1.39730303,1.58734739e-03,20
2759,Hybrid,mixture,-1.39728270,1.54047693e-03,20
2760,Metropolis,metropolis,-1.39086480,2.51790082e-03,20
2760,Row-Update,mps,-1.39730022,1.58594910e-03,20
2760,Hybrid,mixture,-1.39727269,1.54311331e-03,20
2761,Metropolis,metropolis,-1.39086942,2.51694375e-03,20
2761,Row-Update,mps,-1.39729815,1.58544036e-03,20
2761,Hybrid,mixture,-1.39728791,1.53938716e-03,20
2762,Metropolis,metropolis,-1.39086939,2.51563166e-03,20
2762,Row-Update,mps,-1.39729422,1.58785249e-03,20
2762,Hybrid,mixture,-1.39727655,1.54172874e-03,20
2763,Metropolis,metropolis,-1.39086649,2.51810613e-03,20
2763,Row-Update,mps,-1.39730694,1.58691757e-03,20
2763,Hybrid,mixture,-1.39728836,1.54244175e-03,20
2764,Metropolis,metropolis,-1.39086267,2.51516581e-03,20
2764,Row-Update,mps,-1.39731410,1.58610905e-03,20
2764,Hybrid,mixture,-1.39727997,1.54080719e-03,20
2765,Metropolis,metropolis,-1.39087227,2.51673009e-03,20
2765,Row-Update,mps,-1.39730334,1.58557441e-03,20
2765,Hybrid,mixture,-1.39728750,1.53686676e-03,20
2766,Metropolis,metropolis,-1.39087122,2.51653403e-03,20
2766,Row-Update,mps,-1.39729790,1.58780332e-03,20
2766,Hybrid,mixture,-1.39729046,1.53959198e-03,20
2767,Metropolis,metropolis,-1.39086281,2.51575986e-03,20
2767,Row-Update,mps,-1.39730641,1.58740440e-03,20
2767,Hybrid,mixture,-1.39729154,1.53946354e-03,20
2768,Metropolis,metropolis,-1.39086977,2.51623511e-03,20
2768,Row-Update,mps,-1.39730685,1.58582654e-03,20
2768,Hybrid,mixture,-1.39729806,1.53690651e-03,20
2769,Metropolis,metropolis,-1.39087403,2.51668539e-03,20
2769,Row-Update,mps,-1.39730255,1.58814571e-03,20
2769,Hybrid,mixture,-1.39728651,1.53629150e-03,20
2770,Metropolis,metropolis,-1.39086900,2.51716456e-03,20
2770,Row-Update,mps,-1.39730632,1.58673578e-03,20
2770,Hybrid,mixture,-1.39729762,1.53618381e-03,20
2771,Metropolis,metropolis,-1.39086261,2.51711649e-03,20
2771,Row-Update,mps,-1.39729605,1.58759327e-03,20
2771,Hybrid,mixture,-1.39729174,1.53718658e-03,20
2772,Metropolis,metropolis,-1.39085953,2.51660027e-03,20
2772,Row-Update,mps,-1.39730394,1.58584687e-03,20
2772,Hybrid,mixture,-1.39729492,1.53284544e-03,20
2773,Metropolis,metropolis,-1.39086577,2.51733479e-03,20
2773,Row-Update,mps,-1.39730932,1.58616268e-03,20
2773,Hybrid,mixture,-1.39729900,1.53272170e-03,20
2774,Metropolis,metropolis,-1.39086381,2.51773468e-03,20
2774,Row-Update,mps,-1.39730636,1.58651030e-03,20
2774,Hybrid,mixture,-1.39730526,1.53170813e-03,20
2775,Metropolis,metropolis,-1.39086471,2.51785056e-03,20
2775,Row-Update,mps,-1.39730258,1.58545258e-03,20
2775,Hybrid,mixture,-1.39730085,1.52877151e-03,20
2776,Metropolis,metropolis,-1.39086589,2.51870594e-03,20
2776,Row-Update,mps,-1.39730872,1.58573619e-03,20
2776,Hybrid,mixture,-1.39730295,1.52679700e-03,20
2777,Metropolis,metropolis,-1.39086621,2.51757403e-03,20
2777,Row-Update,mps,-1.39730649,1.58521506e-03,20
2777,Hybrid,mixture,-1.39731456,1.52417587e-03,20
2778,Metropolis,metropolis,-1.39086474,2.51660042e-03,20
2778,Row-Update,mps,-1.39730447,1.58640510e-03,20
2778,Hybrid,mixture,-1.39731315,1.52410359e-03,20
2779,Metropolis,metropolis,-1.39086720,2.51685572e-03,20
2779,Row-Update,mps,-1.39730341,1.58784993e-03,20
2779,Hybrid,mixture,-1.39731709,1.52092128e-03,20
2780,Metropolis,metropolis,-1.39086823,2.51709620e-03,20
2780,Row-Update,mps,-1.39729974,1.58593240e-03,20
2780,Hybrid,mixture,-1.39733196,1.51753115e-03,20
2781,Metropolis,metropolis,-1.39085476,2.51598225e-03,20
2781,Row-Update,mps,-1.39730535,1.58782687e-03,20
2781,Hybrid,mixture,-1.39734084,1.51493259e-03,20
2782,Metropolis,metropolis,-1.39086419,2.51700544e-03,20
2782,Row-Update,mps,-1.39730283,1.58654656e-03,20
2782,Hybrid,mixture,-1.39734964,1.51149739e-03,20
2783,Metropolis,metropolis,-1.39086721,2.51568063e-03,20
2783,Row-Update,mps,-1.39730256,1.58434255e-03,20
2783,Hybrid,mixture,-1.39735220,1.50863061e-03,20
2784,Metropolis,metropolis,-1.39086826,2.51679936e-03,20
2784,Row-Update,mps,-1.39729943,1.58503556e-03,20
2784,Hybrid,mixture,-1.39735473,1.50684574e-03,20
2785,Metropolis,metropolis,-1.39087081,2.51576207e-03,20
2785,Row-Update,mps,-1.39730053,1.58412521e-03,20
2785,Hybrid,mixture,-1.39736704,1.50167353e-03,20
2786,Metropolis,metropolis,-1.39086221,2.51711168e-03,20
2786,Row-Update,mps,-1.39731187,1.58253820e-03,20
2786,Hybrid,mixture,-1.39736663,1.49985306e-03,20
2787,Metropolis,metropolis,-1.39087866,2.51436576e-03,20
2787,Row-Update,mps,-1.39731471,1.58568777e-03,20
2787,Hybrid,mixture,-1.39737972,1.49912043e-03,20
2788,Metropolis,metropolis,-1.39086511,2.51602336e-03,20
2788,Row-Update,mps,-1.39730901,1.58324449e-03,20
2788,Hybrid,mixture,-1.39738578,1.49098687e-03,20
2789,Metropolis,metropolis,-1.39086126,2.51675967e-03,20
2789,Row-Update,mps,-1.39731013,1.58246739e-03,20
2789,Hybrid,mixture,-1.39740143,1.48610074e-03,20
2790,Metropolis,metropolis,-1.39087000,2.51821474e-03,20
2790,Row-Update,mps,-1.39731801,1.58315418e-03,20
2790,Hybrid,mixture,-1.39740174,1.48299655e-03,20
2791,Metropolis,metropolis,-1.39086863,2.51489488e-03,20
2791,Row-Update,mps,-1.39731368,1.58031458e-03,20
2791,Hybrid,mixture,-1.39741776,1.47926773e-03,20
2792,Metropolis,metropolis,-1.39086565,2.51606213e-03,20
2792,Row-Update,mps,-1.39731179,1.57956097e-03,20
2792,Hybrid,mixture,-1.39742496,1.47501696e-03,20
2793,Metropolis,metropolis,-1.39086942,2.51446277e-03,20
2793,Row-Update,mps,-1.39731271,1.57708664e-03,20
2793,Hybrid,mixture,-1.39743518,1.47348489e-03,20
2794,Metropolis,metropolis,-1.39086272,2.51716660e-03,20
2794,Row-Update,mps,-1.39731077,1.58157219e-03,20
2794,Hybrid,mixture,-1.39743604,1.47063270e-03,20
2795,Metropolis,metropolis,-1.39086568,2.51634997e-03,20
2795,Row-Update,mps,-1.39731169,1.57946902e-03,20
2795,Hybrid,mixture,-1.39745020,1.46439786e-03,20
2796,Metropolis,metropolis,-1.39086108,2.51793566e-03,20
2796,Row-Update,mps,-1.39731801,1.57926179e-03,20
2796,Hybrid,mixture,-1.39746266,1.45910029e-03,20
2797,Metropolis,metropolis,-1.39086477,2.51708012e-03,20
2797,Row-Update,mps,-1.39731663,1.57949723e-03,20
2797,Hybrid,mixture,-1.39747227,1.45831987e-03,20
2798,Metropolis,metropolis,-1.39086660,2.51767240e-03,20
2798,Row-Update,mps,-1.39731561,1.57830821e-03,20
2798,Hybrid,mixture,-1.39748582,1.45274873e-03,20
2799,Metropolis,metropolis,-1.39086715,2.51714534e-03,20
2799,Row-Update,mps,-1.39731407,1.57613371e-03,20
2799,Hybrid,mixture,-1.39748778,1.45171976e-03,20
2800,Metropolis,metropolis,-1.39086503,2.51790319e-03,20
2800,Row-Update,mps,-1.39732647,1.57542223e-03,20
2800,Hybrid,mixture,-1.39750351,1.44713735e-03,20
2801,Metropolis,metropolis,-1.39086779,2.51637875e-03,20
2801,Row-Update,mps,-1.39732767,1.57455804e-03,20
2801,Hybrid,mixture,-1.39751060,1.44288544e-03,20
2802,Metropolis,metropolis,-1.39086518,2.51651932e-03,20
2802,Row-Update,mps,-1.39732865,1.57298406e-03,20
2802,Hybrid,mixture,-1.39751839,1.44083861e-03,20
2803,Metropolis,metropolis,-1.39086467,2.51666521e-03,20
2803,Row-Update,mps,-1.39732328,1.57429014e-03,20
2803,Hybrid,mixture,-1.39752413,1.43741556e-03,20
2804,Metropolis,metropolis,-1.39086913,2.51625231e-03,20
2804,Row-Update,mps,-1.39731598,1.57517760e-03,20
2804,Hybrid,mixture,-1.39753049,1.43517973e-03,20
2805,Metropolis,metropolis,-1.39087372,2.51638855e-03,20
2805,Row-Update,mps,-1.39732879,1.57161255e-03,20
2805,Hybrid,mixture,-1.39752751,1.43231202e-03,20
2806,Metropolis,metropolis,-1.39086724,2.51701639e-03,20
2806,Row-Update,mps,-1.39732560,1.56651333e-03,20
2806,Hybrid,mixture,-1.39753510,1.43211946e-03,20
2807,Metropolis,metropolis,-1.39086748,2.51748671e-03,20
2807,Row-Update,mps,-1.39733939,1.56185125e-03,20
2807,Hybrid,mixture,-1.39753554,1.43030097e-03,20
2808,Metropolis,metropolis,-1.39086570,2.51533939e-03,20
2808,Row-Update,mps,-1.39734524,1.56724242e-03,20
2808,Hybrid,mixture,-1.39754799,1.42961765e-03,20
2809,Metropolis,metropolis,-1.39087045,2.51624737e-03,20
2809,Row-Update,mps,-1.39734910,1.55715674e-03,20
2809,Hybrid,mixture,-1.39754664,1.42999620e-03,20
2810,Metropolis,metropolis,-1.39086516,2.51648124e-03,20
2810,Row-Update,mps,-1.39735573,1.55418804e-03,20
2810,Hybrid,mixture,-1.39756345,1.42781764e-03,20
2811,Metropolis,metropolis,-1.39087364,2.51506572e-03,20
2811,Row-Update,mps,-1.39735829,1.55330836e-03,20
2811,Hybrid,mixture,-1.39754656,1.42665699e-03,20
2812,Metropolis,metropolis,-1.39086336,2.51726395e-03,20
2812,Row-Update,mps,-1.39735957,1.55515802e-03,20
2812,Hybrid,mixture,-1.39754481,1.42774084e-03,20
2813,Metropolis,metropolis,-1.39086045,2.51851130e-03,20
2813,Row-Update,mps,-1.39737596,1.54375338e-03,20
2813,Hybrid,mixture,-1.39754733,1.42741640e-03,20
2814,Metropolis,metropolis,-1.39086212,2.51624891e-03,20
2814,Row-Update,mps,-1.39737180,1.54110661e-03,20
2814,Hybrid,mixture,-1.39754433,1.43040345e-03,20
2815,Metropolis,metropolis,-1.39086387,2.51748752e-03,20
2815,Row-Update,mps,-1.39737754,1.53750164e-03,20
2815,Hybrid,mixture,-1.39754923,1.42680862e-03,20
2816,Metropolis,metropolis,-1.39086611,2.51754461e-03,20
2816,Row-Update,mps,-1.39738820,1.53529880e-03,20
2816,Hybrid,mixture,-1.39754129,1.42505658e-03,20
2817,Metropolis,metropolis,-1.39086835,2.51813356e-03,20
2817,Row-Update,mps,-1.39740238,1.53360726e-03,20
2817,Hybrid,mixture,-1.39755237,1.42679202e-03,20
2818,Metropolis,metropolis,-1.39086578,2.51546469e-03,20
2818,Row-Update,mps,-1.39738689,1.52778515e-03,20
2818,Hybrid,mixture,-1.39754961,1.42342278e-03,20
2819,Metropolis,metropolis,-1.39086702,2.51625259e-03,20
2819,Row-Update,mps,-1.39741035,1.52471942e-03,20
2819,Hybrid,mixture,-1.39755610,1.42683457e-03,20
2820,Metropolis,metropolis,-1.39086731,2.51701105e-03,20
2820,Row-Update,mps,-1.39741298,1.52116183e-03,20
2820,Hybrid,mixture,-1.39755714,1.42688402e-03,20
2821,Metropolis,metropolis,-1.39086617,2.51643347e-03,20
2821,Row-Update,mps,-1.39742414,1.51656269e-03,20
2821,Hybrid,mixture,-1.39754996,1.42361860e-03,20
2822,Metropolis,metropolis,-1.39086728,2.51639536e-03,20
2822,Row-Update,mps,-1.39743850,1.51508075e-03,20
2822,Hybrid,mixture,-1.39755950,1.42557542e-03,20
2823,Metropolis,metropolis,-1.39086644,2.51691268e-03,20
2823,Row-Update,mps,-1.39744326,1.50378213e-03,20
2823,Hybrid,mixture,-1.39755454,1.42197294e-03,20
2824,Metropolis,metropolis,-1.39086879,2.51755563e-03,20
2824,Row-Update,mps,-1.39744472,1.50133828e-03,20
2824,Hybrid,mixture,-1.39756037,1.42366146e-03,20
2825,Metropolis,metropolis,-1.39086770,2.51626846e-03,20
2825,Row-Update,mps,-1.39746253,1.49488037e-03,20
2825,Hybrid,mixture,-1.39756602,1.42219629e-03,20
2826,Metropolis,metropolis,-1.39086768,2.51705088e-03,20
2826,Row-Update,mps,-1.39746723,1.49402595e-03,20
2826,Hybrid,mixture,-1.39755216,1.42566115e-03,20
2827,Metropolis,metropolis,-1.39086292,2.51682146e-03,20
2827,Row-Update,mps,-1.39747721,1.48662557e-03,20
2827,Hybrid,mixture,-1.39755892,1.42261389e-03,20
2828,Metropolis,metropolis,-1.39086570,2.51763280e-03,20
2828,Row-Update,mps,-1.39748373,1.48149855e-03,20
2828,Hybrid,mixture,-1.39756443,1.42421676e-03,20
2829,Metropolis,metropolis,-1.39086229,2.51712289e-03,20
2829,Row-Update,mps,-1.39748437,1.47768210e-03,20
2829,Hybrid,mixture,-1.39757447,1.41596806e-03,20
2830,Metropolis,metropolis,-1.39086707,2.51770535e-03,20
2830,Row-Update,mps,-1.39751036,1.47402951e-03,20
2830,Hybrid,mixture,-1.39756088,1.42101229e-03,20
2831,Metropolis,metropolis,-1.39086822,2.51549343e-03,20
2831,Row-Update,mps,-1.39750240,1.46997319e-03,20
2831,Hybrid,mixture,-1.39756923,1.42199026e-03,20
2832,Metropolis,metropolis,-1.39086724,2.51548557e-03,20
2832,Row-Update,mps,-1.39751161,1.46530051e-03,20
2832,Hybrid,mixture,-1.39756027,1.42434125e-03,20
2833,Metropolis,metropolis,-1.39086696,2.51678772e-03,20
2833,Row-Update,mps,-1.39752194,1.46246018e-03,20
2833,Hybrid,mixture,-1.39757073,1.42313876e-03,20
2834,Metropolis,metropolis,-1.39086949,2.51661759e-03,20
2834,Row-Update,mps,-1.39751811,1.46033178e-03,20
2834,Hybrid,mixture,-1.39756701,1.42360584e-03,20
2835,Metropolis,metropolis,-1.39086228,2.51610180e-03,20
2835,Row-Update,mps,-1.39751878,1.46183163e-03,20
2835,Hybrid,mixture,-1.39756496,1.42406350e-03,20
2836,Metropolis,metropolis,-1.39086643,2.51642828e-03,20
2836,Row-Update,mps,-1.39752897,1.45680169e-03,20
2836,Hybrid,mixture,-1.39756153,1.42334757e-03,20
2837,Metropolis,metropolis,-1.39086684,2.51646865e-03,20
2837,Row-Update,mps,-1.39753972,1.45454919e-03,20
2837,Hybrid,mixture,-1.39755960,1.42324572e-03,20
2838,Metropolis,metropolis,-1.39087518,2.51586555e-03,20
2838,Row-Update,mps,-1.39752673,1.45634468e-03,20
2838,Hybrid,mixture,-1.39755622,1.42271643e-03,20
2839,Metropolis,metropolis,-1.39086797,2.51746976e-03,20
2839,Row-Update,mps,-1.39753159,1.45510260e-03,20
2839,Hybrid,mixture,-1.39757015,1.42046538e-03,20
2840,Metropolis,metropolis,-1.39086120,2.51599965e-03,20
2840,Row-Update,mps,-1.39752918,1.45565657e-03,20
2840,Hybrid,mixture,-1.39756204,1.42127691e-03,20
2841,Metropolis,metropolis,-1.39086388,2.51652379e-03,20
2841,Row-Update,mps,-1.39753578,1.45561722e-03,20
2841,Hybrid,mixture,-1.39756395,1.42197778e-03,20
2842,Metropolis,metropolis,-1.39086651,2.51559901e-03,20
2842,Row-Update,mps,-1.39752779,1.45362790e-03,20
2842,Hybrid,mixture,-1.39756022,1.42359418e-03,20
2843,Metropolis,metropolis,-1.39087166,2.51687837e-03,20
2843,Row-Update,mps,-1.39753143,1.45553686e-03,20
2843,Hybrid,mixture,-1.39756556,1.42275550e-03,20
2844,Metropolis,metropolis,-1.39086528,2.51665742e-03,20
2844,Row-Update,mps,-1.39753837,1.45389033e-03,20
2844,Hybrid,mixture,-1.39756464,1.42255876e-03,20
2845,Metropolis,metropolis,-1.39086783,2.51668962e-03,20
2845,Row-Update,mps,-1.39753272,1.45681424e-03,20
2845,Hybrid,mixture,-1.39757220,1.42058201e-03,20
2846,Metropolis,metropolis,-1.39086654,2.51686123e-03,20
2846,Row-Update,mps,-1.39752027,1.45428537e-03,20
2846,Hybrid,mixture,-1.39756376,1.42266517e-03,20
2847,Metropolis,metropolis,-1.39086642,2.51677687e-03,20
2847,Row-Update,mps,-1.39752474,1.45356209e-03,20
2847,Hybrid,mixture,-1.39756863,1.42339853e-03,20
2848,Metropolis,metropolis,-1.39086800,2.51781827e-03,20
2848,Row-Update,mps,-1.39753130,1.45269427e-03,20
2848,Hybrid,mixture,-1.39755842,1.42226140e-03,20
2849,Metropolis,metropolis,-1.39086923,2.51810637e-03,20
2849,Row-Update,mps,-1.39753118,1.45288772e-03,20
2849,Hybrid,mixture,-1.39756519,1.42211596e-03,20
2850,Metropolis,metropolis,-1.39086634,2.51625644e-03,20
2850,Row-Update,mps,-1.39752521,1.45509139e-03,20
2850,Hybrid,mixture,-1.39756044,1.42161659e-03,20
2851,Metropolis,metropolis,-1.39087226,2.51649922e-03,20
2851,Row-Update,mps,-1.39753488,1.45377934e-03,20
2851,Hybrid,mixture,-1.39756437,1.42257871e-03,20
2852,Metropolis,metropolis,-1.39087125,2.51609968e-03,20
2852,Row-Update,mps,-1.39753570,1.45417155e-03,20
2852,Hybrid,mixture,-1.39756984,1.42070738e-03,20
2853,Metropolis,metropolis,-1.39086468,2.51684985e-03,20
2853,Row-Update,mps,-1.39753092,1.45327435e-03,20
2853,Hybrid,mixture,-1.39756557,1.42051245e-03,20
2854,Metropolis,metropolis,-1.39086742,2.51562384e-03,20
2854,Row-Update,mps,-1.39753494,1.45476896e-03,20
2854,Hybrid,mixture,-1.39756164,1.42349548e-03,20
2855,Metropolis,metropolis,-1.39086844,2.51997419e-03,20
2855,Row-Update,mps,-1.39752783,1.45578627e-03,20
2855,Hybrid,mixture,-1.39757711,1.42343871e-03,20
2856,Metropolis,metropolis,-1.39086687,2.51442965e-03,20
2856,Row-Update,mps,-1.39753609,1.45386189e-03,20
2856,Hybrid,mixture,-1.39756404,1.42206669e-03,20
2857,Metropolis,metropolis,-1.39086711,2.51744847e-03,20
2857,Row-Update,mps,-1.39753045,1.45370651e-03,20
2857,Hybrid,mixture,-1.39756375,1.42295232e-03,20
2858,Metropolis,metropolis,-1.39086752,2.51738053e-03,20
2858,Row-Update,mps,-1.39753565,1.45617078e-03,20
2858,Hybrid,mixture,-1.39756251,1.42222094e-03,20
2859,Metropolis,metropolis,-1.39086770,2.51748279e-03,20
2859,Row-Update,mps,-1.39752722,1.45411031e-03,20
2859,Hybrid,mixture,-1.39756738,1.42216147e-03,20
2860,Metropolis,metropolis,-1.39087100,2.51570950e-03,20
2860,Row-Update,mps,-1.39753062,1.45307061e-03,20
2860,Hybrid,mixture,-1.39756018,1.42145560e-03,20
2861,Metropolis,metropolis,-1.39086415,2.51683871e-03,20
2861,Row-Update,mps,-1.39752321,1.45504832e-03,20
2861,Hybrid,mixture,-1.39756588,1.42204843e-03,20
2862,Metropolis,metropolis,-1.39086536,2.51581619e-03,20
2862,Row-Update,mps,-1.39753932,1.45427845e-03,20
2862,Hybrid,mixture,-1.39756618,1.42294706e-03,20
2863,Metropolis,metropolis,-1.39086609,2.51577565e-03,20
2863,Row-Update,mps,-1.39753469,1.45280263e-03,20
2863,Hybrid,mixture,-1.39756770,1.42103610e-03,20
2864,Metropolis,metropolis,-1.39086641,2.51611991e-03,20
2864,Row-Update,mps,-1.39752850,1.45558791e-03,20
2864,Hybrid,mixture,-1.39757338,1.41970116e-03,20
2865,Metropolis,metropolis,-1.39087215,2.51752765e-03,20
2865,Row-Update,mps,-1.39753471,1.45432462e-03,20
2865,Hybrid,mixture,-1.39756770,1.42413871e-03,20
2866,Metropolis,metropolis,-1.39086514,2.51683094e-03,20
2866,Row-Update,mps,-1.39753478,1.45134494e-03,20
2866,Hybrid,mixture,-1.39756457,1.42100355e-03,20
2867,Metropolis,metropolis,-1.39086506,2.51624481e-03,20
2867,Row-Update,mps,-1.39754230,1.45446154e-03,20
2867,Hybrid,mixture,-1.39756340,1.42190130e-03,20
2868,Metropolis,metropolis,-1.39086350,2.51713052e-03,20
2868,Row-Update,mps,-1.39752995,1.45516869e-03,20
2868,Hybrid,mixture,-1.39756220,1.42205677e-03,20
2869,Metropolis,metropolis,-1.39086193,2.51900168e-03,20
2869,Row-Update,mps,-1.39753368,1.45335905e-03,20
2869,Hybrid,mixture,-1.39756509,1.42124855e-03,20
2870,Metropolis,metropolis,-1.39086645,2.51745323e-03,20
2870,Row-Update,mps,-1.39753163,1.45567104e-03,20
2870,Hybrid,mixture,-1.39756410,1.41978956e-03,20
2871,Metropolis,metropolis,-1.39085537,2.51665870e-03,20
2871,Row-Update,mps,-1.39752927,1.45476973e-03,20
2871,Hybrid,mixture,-1.39757031,1.42255126e-03,20
2872,Metropolis,metropolis,-1.39086458,2.51723856e-03,20
2872,Row-Update,mps,-1.39753176,1.45360063e-03,20
2872,Hybrid,mixture,-1.39756594,1.42062981e-03,20
2873,Metropolis,metropolis,-1.39086491,2.51702074e-03,20
2873,Row-Update,mps,-1.39753645,1.45341480e-03,20
2873,Hybrid,mixture,-1.39756621,1.42167653e-03,20
2874,Metropolis,metropolis,-1.39086726,2.51620174e-03,20
2874,Row-Update,mps,-1.39753535,1.45243389e-03,20
2874,Hybrid,mixture,-1.39756180,1.42146357e-03,20
2875,Metropolis,metropolis,-1.39087018,2.51695053e-03,20
2875,Row-Update,mps,-1.39752284,1.45492185e-03,20
2875,Hybrid,mixture,-1.39756769,1.42032765e-03,20
2876,Metropolis,metropolis,-1.39086358,2.51682513e-03,20
2876,Row-Update,mps,-1.39754293,1.45716145e-03,20
2876,Hybrid,mixture,-1.39756861,1.42103894e-03,20
2877,Metropolis,metropolis,-1.39086750,2.51748713e-03,20
2877,Row-Update,mps,-1.39752728,1.45496597e-03,20
2877,Hybrid,mixture,-1.39756824,1.42108474e-03,20
2878,Metropolis,metropolis,-1.39086453,2.51758441e-03,20
2878,Row-Update,mps,-1.39753005,1.45383400e-03,20
2878,Hybrid,mixture,-1.39757047,1.42266045e-03,20
2879,Metropolis,metropolis,-1.39086450,2.51704063e-03,20
2879,Row-Update,mps,-1.39753477,1.45262615e-03,20
2879,Hybrid,mixture,-1.39756397,1.42238513e-03,20
2880,Metropolis,metropolis,-1.39086773,2.51788283e-03,20
2880,Row-Update,mps,-1.39753862,1.45463944e-03,20
2880,Hybrid,mixture,-1.39757156,1.42328261e-03,20
2881,Metropolis,metropolis,-1.39086774,2.51494208e-03,20
2881,Row-Update,mps,-1.39753888,1.45453338e-03,20
2881,Hybrid,mixture,-1.39755822,1.41733803e-03,20
2882,Metropolis,metropolis,-1.39086325,2.51654287e-03,20
2882,Row-Update,mps,-1.39753316,1.45280078e-03,20
2882,Hybrid,mixture,-1.39756474,1.41932068e-03,20
2883,Metropolis,metropolis,-1.39086305,2.51760650e-03,20
2883,Row-Update,mps,-1.39753749,1.45632998e-03,20
2883,Hybrid,mixture,-1.39756584,1.42219445e-03,20
2884,Metropolis,metropolis,-1.39086460,2.51400793e-03,20
2884,Row-Update,mps,-1.39753366,1.45313344e-03,20
2884,Hybrid,mixture,-1.39756831,1.41915949e-03,20
2885,Metropolis,metropolis,-1.39086943,2.51630375e-03,20
2885,Row-Update,mps,-1.39752907,1.45455512e-03,20
2885,Hybrid,mixture,-1.39756709,1.42128400e-03,20
2886,Metropolis,metropolis,-1.39086673,2.51674551e-03,20
2886,Row-Update,mps,-1.39752965,1.45538987e-03,20
2886,Hybrid,mixture,-1.39756695,1.42176014e-03,20
2887,Metropolis,metropolis,-1.39087085,2.51571489e-03,20
2887,Row-Update,mps,-1.39752863,1.45292463e-03,20
2887,Hybrid,mixture,-1.39757226,1.42229877e-03,20
2888,Metropolis,metropolis,-1.39087047,2.51572637e-03,20
2888,Row-Update,mps,-1.39753604,1.45306165e-03,20
2888,Hybrid,mixture,-1.39756832,1.42162615e-03,20
2889,Metropolis,metropolis,-1.39086861,2.51630909e-03,20
2889,Row-Update,mps,-1.39752846,1.45295646e-03,20
2889,Hybrid,mixture,-1.39756861,1.42034132e-03,20
2890,Metropolis,metropolis,-1.39086505,2.51620206e-03,20
2890,Row-Update,mps,-1.39753607,1.45491154e-03,20
2890,Hybrid,mixture,-1.39757126,1.42090063e-03,20
2891,Metropolis,metropolis,-1.39087227,2.51759091e-03,20
2891,Row-Update,mps,-1.39753412,1.45376144e-03,20
2891,Hybrid,mixture,-1.39755677,1.42402205e-03,20
2892,Metropolis,metropolis,-1.39087219,2.51612039e-03,20
2892,Row-Update,mps,-1.39752839,1.45519499e-03,20
2892,Hybrid,mixture,-1.39757256,1.42125559e-03,20
2893,Metropolis,metropolis,-1.39087011,2.51661574e-03,20
2893,Row-Update,mps,-1.39752283,1.45374890e-03,20
2893,Hybrid,mixture,-1.39757211,1.42201714e-03,20
2894,Metropolis,metropolis,-1.39087535,2.51703866e-03,20
2894,Row-Update,mps,-1.39753571,1.45516301e-03,20
2894,Hybrid,mixture,-1.39756712,1.42314334e-03,20
2895,Metropolis,metropolis,-1.39087005,2.51692774e-03,20
2895,Row-Update,mps,-1.39753331,1.45576180e-03,20
2895,Hybrid,mixture,-1.39756951,1.42365998e-03,20
2896,Metropolis,metropolis,-1.39086575,2.51710781e-03,20
2896,Row-Update,mps,-1.39753526,1.45362521e-03,20
2896,Hybrid,mixture,-1.39756815,1.42311513e-03,20
2897,Metropolis,metropolis,-1.39086917,2.51703094e-03,20
2897,Row-Update,mps,-1.39752953,1.45397933e-03,20
2897,Hybrid,mixture,-1.39756770,1.42077653e-03,20
2898,Metropolis,metropolis,-1.39087041,2.51613318e-03,20
2898,Row-Update,mps,-1.39753357,1.45481910e-03,20
2898,Hybrid,mixture,-1.39756922,1.42200530e-03,20
2899,Metropolis,metropolis,-1.39086354,2.51579783e-03,20
2899,Row-Update,mps,-1.39753040,1.45545517e-03,20
2899,Hybrid,mixture,-1.39757563,1.42168559e-03,20
2900,Metropolis,metropolis,-1.39087137,2.51768530e-03,20
2900,Row-Update,mps,-1.39753331,1.45336879e-03,20
2900,Hybrid,mixture,-1.39756507,1.42268381e-03,20
2901,Metropolis,metropolis,-1.39086468,2.51644294e-03,20
2901,Row-Update,mps,-1.39752708,1.45393429e-03,20
2901,Hybrid,mixture,-1.39756698,1.42186244e-03,20
2902,Metropolis,metropolis,-1.39086694,2.51603792e-03,20
2902,Row-Update,mps,-1.39753679,1.45400812e-03,20
2902,Hybrid,mixture,-1.39757079,1.42249028e-03,20
2903,Metropolis,metropolis,-1.39086444,2.51766931e-03,20
2903,Row-Update,mps,-1.39753799,1.45348372e-03,20
2903,Hybrid,mixture,-1.39757544,1.42265415e-03,20
2904,Metropolis,metropolis,-1.39086407,2.51666042e-03,20
2904,Row-Update,mps,-1.39753145,1.45460126e-03,20
2904,Hybrid,mixture,-1.39758912,1.41855321e-03,20
2905,Metropolis,metropolis,-1.39087573,2.51735573e-03,20
2905,Row-Update,mps,-1.39753236,1.45635194e-03,20
2905,Hybrid,mixture,-1.39757176,1.41972428e-03,20
2906,Metropolis,metropolis,-1.39087345,2.51776492e-03,20
2906,Row-Update,mps,-1.39754218,1.45390065e-03,20
2906,Hybrid,mixture,-1.39756667,1.42251938e-03,20
2907,Metropolis,metropolis,-1.39086471,2.51588587e-03,20
2907,Row-Update,mps,-1.39753859,1.45570156e-03,20
2907,Hybrid,mixture,-1.39756617,1.42311727e-03,20
2908,Metropolis,metropolis,-1.39086937,2.51596283e-03,20
2908,Row-Update,mps,-1.39754869,1.45755836e-03,20
2908,Hybrid,mixture,-1.39756948,1.42039921e-03,20
2909,Metropolis,metropolis,-1.39085984,2.51594826e-03,20
2909,Row-Update,mps,-1.39753267,1.45273806e-03,20
2909,Hybrid,mixture,-1.39756839,1.42105420e-03,20
2910,Metropolis,metropolis,-1.39087010,2.51785824e-03,20
2910,Row-Update,mps,-1.39753114,1.45439306e-03,20
2910,Hybrid,mixture,-1.39756675,1.42091311e-03,20
2911,Metropolis,metropolis,-1.39086670,2.51719440e-03,20
2911,Row-Update,mps,-1.39752705,1.45506111e-03,20
2911,Hybrid,mixture,-1.39756877,1.42211921e-03,20
2912,Metropolis,metropolis,-1.39086383,2.51681190e-03,20
2912,Row-Update,mps,-1.39753521,1.45359293e-03,20
2912,Hybrid,mixture,-1.39756673,1.42255980e-03,20
2913,Metropolis,metropolis,-1.39086522,2.51821039e-03,20
2913,Row-Update,mps,-1.39753672,1.45303204e-03,20
2913,Hybrid,mixture,-1.39756611,1.42036933e-03,20
2914,Metropolis,metropolis,-1.39086886,2.51661327e-03,20
2914,Row-Update,mps,-1.39753981,1.45485764e-03,20
2914,Hybrid,mixture,-1.39756951,1.42141975e-03,20
2915,Metropolis,metropolis,-1.39086775,2.51756609e-03,20
2915,Row-Update,mps,-1.39752549,1.45581318e-03,20
2915,Hybrid,mixture,-1.39756595,1.42145747e-03,20
2916,Metropolis,metropolis,-1.39086337,2.51704325e-03,20
2916,Row-Update,mps,-1.39752988,1.45281108e-03,20
2916,Hybrid,mixture,-1.39756684,1.42173184e-03,20
2917,Metropolis,metropolis,-1.39086960,2.51593047e-03,20
2917,Row-Update,mps,-1.39753390,1.45399651e-03,20
2917,Hybrid,mixture,-1.39757478,1.42051163e-03,20
2918,Metropolis,metropolis,-1.39086357,2.51696645e-03,20
2918,Row-Update,mps,-1.39752699,1.45512343e-03,20
2918,Hybrid,mixture,-1.39755882,1.42191461e-03,20
2919,Metropolis,metropolis,-1.39085834,2.51823116e-03,20
2919,Row-Update,mps,-1.39752857,1.45309744e-03,20
2919,Hybrid,mixture,-1.39756343,1.42060187e-03,20
2920,Metropolis,metropolis,-1.39086325,2.51627514e-03,20
2920,Row-Update,mps,-1.39752923,1.45412478e-03,20
2920,Hybrid,mixture,-1.39757541,1.42077820e-03,20
2921,Metropolis,metropolis,-1.39086091,2.51711465e-03,20
2921,Row-Update,mps,-1.39752158,1.45491095e-03,20
2921,Hybrid,mixture,-1.39756537,1.42034315e-03,20
2922,Metropolis,metropolis,-1.39086808,2.51669444e-03,20
2922,Row-Update,mps,-1.39752846,1.45318773e-03,20
2922,Hybrid,mixture,-1.39756099,1.42046609e-03,20
2923,Metropolis,metropolis,-1.39086836,2.51569136e-03,20
2923,Row-Update,mps,-1.39753416,1.45526739e-03,20
2923,Hybrid,mixture,-1.39756689,1.42085418e-03,20
2924,Metropolis,metropolis,-1.39086963,2.51729325e-03,20
2924,Row-Update,mps,-1.39753915,1.45505392e-03,20
2924,Hybrid,mixture,-1.39757171,1.42229957e-03,20
2925,Metropolis,metropolis,-1.39086981,2.51675417e-03,20
2925,Row-Update,mps,-1.39753937,1.45486380e-03,20
2925,Hybrid,mixture,-1.39756183,1.42033751e-03,20
2926,Metropolis,metropolis,-1.39086930,2.51711220e-03,20
2926,Row-Update,mps,-1.39752828,1.45473301e-03,20
2926,Hybrid,mixture,-1.39756321,1.42158196e-03,20
2927,Metropolis,metropolis,-1.39086465,2.51674851e-03,20
2927,Row-Update,mps,-1.39753025,1.45404348e-03,20
2927,Hybrid,mixture,-1.39757134,1.42119769e-03,20
2928,Metropolis,metropolis,-1.39086221,2.51688563e-03,20
2928,Row-Update,mps,-1.39753143,1.45402458e-03,20
2928,Hybrid,mixture,-1.39757408,1.42044367e-03,20
2929,Metropolis,metropolis,-1.39086603,2.51725784e-03,20
2929,Row-Update,mps,-1.39752904,1.45344018e-03,20
2929,Hybrid,mixture,-1.39756679,1.42158785e-03,20
2930,Metropolis,metropolis,-1.39086918,2.51737309e-03,20
2930,Row-Update,mps,-1.39753530,1.45489709e-03,20
2930,Hybrid,mixture,-1.39756336,1.42186585e-03,20
2931,Metropolis,metropolis,-1.39087111,2.51693036e-03,20
2931,Row-Update,mps,-1.39753640,1.45150057e-03,20
2931,Hybrid,mixture,-1.39756214,1.42242250e-03,20
2932,Metropolis,metropolis,-1.39086607,2.51493939e-03,20
2932,Row-Update,mps,-1.39753256,1.45434291e-03,20
2932,Hybrid,mixture,-1.39756659,1.42086484e-03,20
2933,Metropolis,metropolis,-1.39086178,2.51809993e-03,20
2933,Row-Update,mps,-1.39752874,1.45235369e-03,20
2933,Hybrid,mixture,-1.39756251,1.42140548e-03,20
2934,Metropolis,metropolis,-1.39087062,2.51721150e-03,20
2934,Row-Update,mps,-1.39753328,1.45454724e-03,20
2934,Hybrid,mixture,-1.39756725,1.42101725e-03,20
2935,Metropolis,metropolis,-1.39085957,2.51620927e-03,20
2935,Row-Update,mps,-1.39752570,1.45597922e-03,20
2935,Hybrid,mixture,-1.39758703,1.42603361e-03,20
2936,Metropolis,metropolis,-1.39086703,2.51703777e-03,20
2936,Row-Update,mps,-1.39753591,1.45488256e-03,20
2936,Hybrid,mixture,-1.39756830,1.42096407e-03,20
2937,Metropolis,metropolis,-1.39087293,2.51842252e-03,20
2937,Row-Update,mps,-1.39753399,1.45284660e-03,20
2937,Hybrid,mixture,-1.39756593,1.42166337e-03,20
2938,Metropolis,metropolis,-1.39087231,2.51570114e-03,20
2938,Row-Update,mps,-1.39753857,1.45353301e-03,20
2938,Hybrid,mixture,-1.39757211,1.42284810e-03,20
2939,Metropolis,metropolis,-1.39087171,2.51549342e-03,20
2939,Row-Update,mps,-1.39754627,1.45333926e-03,20
2939,Hybrid,mixture,-1.39757603,1.42230359e-03,20
2940,Metropolis,metropolis,-1.39086957,2.51725825e-03,20
2940,Row-Update,mps,-1.39752812,1.45315872e-03,20
2940,Hybrid,mixture,-1.39757719,1.42144189e-03,20
2941,Metropolis,metropolis,-1.39086484,2.51679725e-03,20
2941,Row-Update,mps,-1.39753963,1.45554795e-03,20
2941,Hybrid,mixture,-1.39756457,1.42144322e-03,20
2942,Metropolis,metropolis,-1.39086433,2.51817334e-03,20
2942,Row-Update,mps,-1.39752856,1.45224935e-03,20
2942,Hybrid,mixture,-1.39756216,1.42178198e-03,20
2943,Metropolis,metropolis,-1.39086923,2.51606684e-03,20
2943,Row-Update,mps,-1.39753250,1.45328830e-03,20
2943,Hybrid,mixture,-1.39756684,1.41920097e-03,20
2944,Metropolis,metropolis,-1.39086854,2.51635463e-03,20
2944,Row-Update,mps,-1.39753214,1.45400603e-03,20
2944,Hybrid,mixture,-1.39756663,1.42297841e-03,20
2945,Metropolis,metropolis,-1.39086964,2.51587734e-03,20
2945,Row-Update,mps,-1.39753166,1.45333916e-03,20
2945,Hybrid,mixture,-1.39756736,1.42183106e-03,20
2946,Metropolis,metropolis,-1.39086877,2.51691946e-03,20
2946,Row-Update,mps,-1.39753186,1.45475242e-03,20
2946,Hybrid,mixture,-1.39756339,1.42231319e-03,20
2947,Metropolis,metropolis,-1.39086792,2.51654790e-03,20
2947,Row-Update,mps,-1.39753485,1.45438287e-03,20
2947,Hybrid,mixture,-1.39756471,1.42045498e-03,20
2948,Metropolis,metropolis,-1.39086751,2.51630352e-03,20
2948,Row-Update,mps,-1.39753332,1.45550444e-03,20
2948,Hybrid,mixture,-1.39757514,1.42102315e-03,20
2949,Metropolis,metropolis,-1.39086333,2.51633456e-03,20
2949,Row-Update,mps,-1.39753028,1.45347599e-03,20
2949,Hybrid,mixture,-1.39756046,1.42252906e-03,20
2950,Metropolis,metropolis,-1.39087407,2.51675356e-03,20
2950,Row-Update,mps,-1.39752795,1.45363486e-03,20
2950,Hybrid,mixture,-1.39757046,1.42065643e-03,20
2951,Metropolis,metropolis,-1.39086997,2.51672601e-03,20
2951,Row-Update,mps,-1.39753666,1.45409593e-03,20
2951,Hybrid,mixture,-1.39756556,1.42289755e-03,20
2952,Metropolis,metropolis,-1.39087022,2.51596841e-03,20
2952,Row-Update,mps,-1.39753195,1.45417450e-03,20
2952,Hybrid,mixture,-1.39756291,1.42237383e-03,20
2953,Metropolis,metropolis,-1.39086927,2.51646318e-03,20
2953,Row-Update,mps,-1.39753544,1.45399106e-03,20
2953,Hybrid,mixture,-1.39756695,1.42167154e-03,20
2954,Metropolis,metropolis,-1.39086888,2.51584116e-03,20
2954,Row-Update,mps,-1.39753745,1.45470485e-03,20
2954,Hybrid,mixture,-1.39756600,1.42052306e-03,20
2955,Metropolis,metropolis,-1.39087018,2.51664144e-03,20
2955,Row-Update,mps,-1.39753080,1.45335909e-03,20
2955,Hybrid,mixture,-1.39757049,1.42188454e-03,20
2956,Metropolis,metropolis,-1.39087315,2.51481486e-03,20
2956,Row-Update,mps,-1.39753990,1.45269549e-03,20
2956,Hybrid,mixture,-1.39756561,1.42160978e-03,20
2957,Metropolis,metropolis,-1.39086453,2.51580748e-03,20
2957,Row-Update,mps,-1.39753230,1.45387170e-03,20
2957,Hybrid,mixture,-1.39756251,1.42143296e-03,20
2958,Metropolis,metropolis,-1.39086406,2.51817300e-03,20
2958,Row-Update,mps,-1.39752993,1.45542382e-03,20
2958,Hybrid,mixture,-1.39756759,1.42175053e-03,20
2959,Metropolis,metropolis,-1.39087884,2.51575869e-03,20
2959,Row-Update,mps,-1.39753274,1.45445850e-03,20
2959,Hybrid,mixture,-1.39756342,1.42075025e-03,20
2960,Metropolis,metropolis,-1.39086492,2.51729411e-03,20
2960,Row-Update,mps,-1.39754094,1.45329630e-03,20
2960,Hybrid,mixture,-1.39757044,1.42165767e-03,20
2961,Metropolis,metropolis,-1.39086371,2.51565015e-03,20
2961,Row-Update,mps,-1.39753650,1.45355589e-03,20
2961,Hybrid,mixture,-1.39757043,1.42012378e-03,20
2962,Metropolis,metropolis,-1.39086848,2.51609265e-03,20
2962,Row-Update,mps,-1.39753489,1.45332059e-03,20
2962,Hybrid,mixture,-1.39755984,1.42245997e-03,20
2963,Metropolis,metropolis,-1.39086584,2.51622897e-03,20
2963,Row-Update,mps,-1.39753547,1.45433513e-03,20
2963,Hybrid,mixture,-1.39756072,1.42088998e-03,20
2964,Metropolis,metropolis,-1.39086806,2.51512432e-03,20
2964,Row-Update,mps,-1.39753267,1.45428024e-03,20
2964,Hybrid,mixture,-1.39756808,1.42248953e-03,20
2965,Metropolis,metropolis,-1.39087188,2.51736277e-03,20
2965,Row-Update,mps,-1.39753323,1.45369894e-03,20
2965,Hybrid,mixture,-1.39757124,1.42265289e-03,20
2966,Metropolis,metropolis,-1.39086771,2.51494604e-03,20
2966,Row-Update,mps,-1.39753233,1.45419851e-03,20
2966,Hybrid,mixture,-1.39757147,1.42196334e-03,20
2967,Metropolis,metropolis,-1.39086654,2.51627163e-03,20
2967,Row-Update,mps,-1.39753689,1.44770620e-03,20
2967,Hybrid,mixture,-1.39756705,1.42045776e-03,20
2968,Metropolis,metropolis,-1.39086709,2.51638714e-03,20
2968,Row-Update,mps,-1.39752752,1.45400140e-03,20
2968,Hybrid,mixture,-1.39756598,1.42336695e-03,20
2969,Metropolis,metropolis,-1.39086550,2.51661064e-03,20
2969,Row-Update,mps,-1.39753115,1.45417843e-03,20
2969,Hybrid,mixture,-1.39755422,1.42326060e-03,20
2970,Metropolis,metropolis,-1.39087204,2.51642384e-03,20
2970,Row-Update,mps,-1.39752630,1.45785413e-03,20
2970,Hybrid,mixture,-1.39756600,1.42068040e-03,20
2971,Metropolis,metropolis,-1.39086828,2.51689717e-03,20
2971,Row-Update,mps,-1.39753154,1.45334814e-03,20
2971,Hybrid,mixture,-1.39756837,1.42177339e-03,20
2972,Metropolis,metropolis,-1.39086486,2.51647467e-03,20
2972,Row-Update,mps,-1.39751949,1.45488789e-03,20
2972,Hybrid,mixture,-1.39755810,1.41725089e-03,20
2973,Metropolis,metropolis,-1.39087087,2.51737228e-03,20
2973,Row-Update,mps,-1.39753389,1.45558388e-03,20
2973,Hybrid,mixture,-1.39757529,1.42132872e-03,20
2974,Metropolis,metropolis,-1.39087493,2.51650020e-03,20
2974,Row-Update,mps,-1.39753915,1.45156487e-03,20
2974,Hybrid,mixture,-1.39756299,1.42118449e-03,20
2975,Metropolis,metropolis,-1.39086537,2.51582624e-03,20
2975,Row-Update,mps,-1.39752728,1.45377352e-03,20
2975,Hybrid,mixture,-1.39756858,1.42040673e-03,20
2976,Metropolis,metropolis,-1.39086470,2.51711303e-03,20
2976,Row-Update,mps,-1.39752485,1.45578900e-03,20
2976,Hybrid,mixture,-1.39756155,1.42042761e-03,20
2977,Metropolis,metropolis,-1.39087219,2.51549599e-03,20
2977,Row-Update,mps,-1.39752690,1.45586524e-03,20
2977,Hybrid,mixture,-1.39756266,1.42472197e-03,20
2978,Metropolis,metropolis,-1.39086555,2.51678277e-03,20
2978,Row-Update,mps,-1.39753331,1.45470161e-03,20
2978,Hybrid,mixture,-1.39755994,1.41887079e-03,20
2979,Metropolis,metropolis,-1.39086734,2.51762400e-03,20
2979,Row-Update,mps,-1.39752608,1.45394857e-03,20
2979,Hybrid,mixture,-1.39755570,1.41928383e-03,20
2980,Metropolis,metropolis,-1.39087268,2.51557476e-03,20
2980,Row-Update,mps,-1.39753854,1.45410753e-03,20
2980,Hybrid,mixture,-1.39756146,1.42086573e-03,20
2981,Metropolis,metropolis,-1.39086973,2.51636284e-03,20
2981,Row-Update,mps,-1.39753914,1.45466008e-03,20
2981,Hybrid,mixture,-1.39756831,1.41869913e-03,20
2982,Metropolis,metropolis,-1.39086903,2.51649496e-03,20
2982,Row-Update,mps,-1.39753732,1.45442457e-03,20
2982,Hybrid,mixture,-1.39755938,1.42165853e-03,20
2983,Metropolis,metropolis,-1.39086816,2.51537243e-03,20
2983,Row-Update,mps,-1.39753359,1.45318979e-03,20
2983,Hybrid,mixture,-1.39756631,1.42143350e-03,20
2984,Metropolis,metropolis,-1.39086753,2.51672786e-03,20
2984,Row-Update,mps,-1.39753049,1.45398043e-03,20
2984,Hybrid,mixture,-1.39757245,1.42316100e-03,20
2985,Metropolis,metropolis,-1.39086456,2.51678748e-03,20
2985,Row-Update,mps,-1.39752014,1.45523225e-03,20
2985,Hybrid,mixture,-1.39757318,1.41838157e-03,20
2986,Metropolis,metropolis,-1.39086838,2.51717524e-03,20
2986,Row-Update,mps,-1.39753206,1.45382894e-03,20
2986,Hybrid,mixture,-1.39756606,1.42288607e-03,20
2987,Metropolis,metropolis,-1.39087031,2.51697909e-03,20
2987,Row-Update,mps,-1.39753426,1.45453361e-03,20
2987,Hybrid,mixture,-1.39757052,1.42111919e-03,20
2988,Metropolis,metropolis,-1.39087101,2.51720066e-03,20
2988,Row-Update,mps,-1.39754484,1.45383761e-03,20
2988,Hybrid,mixture,-1.39756229,1.42245834e-03,20
2989,Metropolis,metropolis,-1.39086663,2.51804072e-03,20
2989,Row-Update,mps,-1.39753226,1.45408801e-03,20
2989,Hybrid,mixture,-1.39755970,1.42114990e-03,20
2990,Metropolis,metropolis,-1.39086147,2.51785315e-03,20
2990,Row-Update,mps,-1.39752852,1.45445000e-03,20
2990,Hybrid,mixture,-1.39756423,1.42071456e-03,20
2991,Metropolis,metropolis,-1.39086453,2.51706229e-03,20
2991,Row-Update,mps,-1.39753285,1.45163132e-03,20
2991,Hybrid,mixture,-1.39756705,1.42086405e-03,20
2992,Metropolis,metropolis,-1.39086645,2.51584569e-03,20
2992,Row-Update,mps,-1.39753484,1.45364717e-03,20
2992,Hybrid,mixture,-1.39757746,1.41902276e-03,20
2993,Metropolis,metropolis,-1.39086178,2.51632945e-03,20
2993,Row-Update,mps,-1.39751852,1.45413321e-03,20
2993,Hybrid,mixture,-1.39756125,1.42195508e-03,20
2994,Metropolis,metropolis,-1.39087183,2.51715464e-03,20
2994,Row-Update,mps,-1.39754338,1.45369073e-03,20
2994,Hybrid,mixture,-1.39757216,1.42161294e-03,20
2995,Metropolis,metropolis,-1.39086963,2.51730336e-03,20
2995,Row-Update,mps,-1.39753258,1.45323809e-03,20
2995,Hybrid,mixture,-1.39756475,1.42240021e-03,20
2996,Metropolis,metropolis,-1.39086698,2.51688052e-03,20
2996,Row-Update,mps,-1.39752674,1.45514035e-03,20
2996,Hybrid,mixture,-1.39756598,1.42036898e-03,20
2997,Metropolis,metropolis,-1.39086820,2.51651707e-03,20
2997,Row-Update,mps,-1.39752936,1.45444858e-03,20
2997,Hybrid,mixture,-1.39757336,1.42119453e-03,20
2998,Metropolis,metropolis,-1.39087063,2.51679140e-03,20
2998,Row-Update,mps,-1.39754347,1.45371827e-03,20
2998,Hybrid,mixture,-1.39756349,1.42100386e-03,20
2999,Metropolis,metropolis,-1.39086609,2.51584550e-03,20
2999,Row-Update,mps,-1.39753040,1.45426582e-03,20
2999,Hybrid,mixture,-1.39756674,1.41957683e-03,20
3000,Metropolis,metropolis,-1.39086898,2.51769202e-03,20
3000,Row-Update,mps,-1.39752986,1.45394832e-03,20
3000,Hybrid,mixture,-1.39756297,1.42089595e-03,20
3001,Metropolis,metropolis,-1.39087380,2.51540191e-03,20
3001,Row-Update,mps,-1.39753533,1.45364612e-03,20
3001,Hybrid,mixture,-1.39756837,1.42094084e-03,20
3002,Metropolis,metropolis,-1.39087036,2.51777843e-03,20
3002,Row-Update,mps,-1.39754346,1.45666200e-03,20
3002,Hybrid,mixture,-1.39756419,1.42203587e-03,20
3003,Metropolis,metropolis,-1.39086645,2.51640197e-03,20
3003,Row-Update,mps,-1.39753385,1.45350162e-03,20
3003,Hybrid,mixture,-1.39757451,1.42051793e-03,20
3004,Metropolis,metropolis,-1.39086623,2.51546103e-03,20
3004,Row-Update,mps,-1.39753058,1.45378415e-03,20
3004,Hybrid,mixture,-1.39757004,1.42020746e-03,20
3005,Metropolis,metropolis,-1.39086836,2.51820850e-03,20
3005,Row-Update,mps,-1.39752669,1.45468897e-03,20
3005,Hybrid,mixture,-1.39756771,1.42129581e-03,20
3006,Metropolis,metropolis,-1.39088144,2.51560300e-03,20
3006,Row-Update,mps,-1.39753461,1.45544647e-03,20
3006,Hybrid,mixture,-1.39756525,1.42087821e-03,20
3007,Metropolis,metropolis,-1.39086198,2.51764971e-03,20
3007,Row-Update,mps,-1.39753072,1.45262137e-03,20
3007,Hybrid,mixture,-1.39755981,1.42094498e-03,20
3008,Metropolis,metropolis,-1.39086099,2.51731867e-03,20
3008,Row-Update,mps,-1.39753415,1.45369397e-03,20
3008,Hybrid,mixture,-1.39757209,1.42296068e-03,20
3009,Metropolis,metropolis,-1.39087066,2.51740422e-03,20
3009,Row-Update,mps,-1.39752958,1.45262954e-03,20
3009,Hybrid,mixture,-1.39756030,1.42019958e-03,20
3010,Metropolis,metropolis,-1.39086656,2.51484034e-03,20
3010,Row-Update,mps,-1.39753640,1.45491166e-03,20
3010,Hybrid,mixture,-1.39756701,1.42224069e-03,20
3011,Metropolis,metropolis,-1.39086739,2.51750111e-03,20
3011,Row-Update,mps,-1.39753552,1.45456513e-03,20
3011,Hybrid,mixture,-1.39756166,1.42176025e-03,20
3012,Metropolis,metropolis,-1.39086778,2.51721659e-03,20
3012,Row-Update,mps,-1.39754123,1.45376548e-03,20
3012,Hybrid,mixture,-1.39756881,1.42106467e-03,20
3013,Metropolis,metropolis,-1.39086150,2.51750343e-03,20
3013,Row-Update,mps,-1.39753038,1.45397191e-03,20
3013,Hybrid,mixture,-1.39756904,1.41891747e-03,20
3014,Metropolis,metropolis,-1.39086364,2.51506538e-03,20
3014,Row-Update,mps,-1.39753868,1.45411390e-03,20
3014,Hybrid,mixture,-1.39757268,1.42092924e-03,20
3015,Metropolis,metropolis,-1.39087013,2.51647147e-03,20
3015,Row-Update,mps,-1.39753866,1.45563020e-03,20
3015,Hybrid,mixture,-1.39756732,1.42118548e-03,20
3016,Metropolis,metropolis,-1.39087136,2.51646638e-03,20
3016,Row-Update,mps,-1.39753620,1.45388321e-03,20
3016,Hybrid,mixture,-1.39756665,1.42121741e-03,20
3017,Metropolis,metropolis,-1.39086197,2.51695272e-03,20
3017,Row-Update,mps,-1.39753868,1.45320938e-03,20
3017,Hybrid,mixture,-1.39756598,1.42075582e-03,20
3018,Metropolis,metropolis,-1.39086516,2.51647323e-03,20
3018,Row-Update,mps,-1.39754053,1.45147506e-03,20
3018,Hybrid,mixture,-1.39756822,1.42100867e-03,20
3019,Metropolis,metropolis,-1.39087240,2.51753546e-03,20
3019,Row-Update,mps,-1.39753415,1.45416153e-03,20
3019,Hybrid,mixture,-1.39756529,1.42219101e-03,20
3020,Metropolis,metropolis,-1.39087021,2.51708335e-03,20
3020,Row-Update,mps,-1.39753080,1.45383311e-03,20
3020,Hybrid,mixture,-1.39757052,1.42188455e-03,20
3021,Metropolis,metropolis,-1.39087484,2.51861037e-03,20
3021,Row-Update,mps,-1.39754002,1.45234389e-03,20
3021,Hybrid,mixture,-1.39756629,1.42179388e-03,20
3022,Metropolis,metropolis,-1.39086910,2.51569363e-03,20
3022,Row-Update,mps,-1.39753587,1.45450248e-03,20
3022,Hybrid,mixture,-1.39756606,1.42220084e-03,20
3023,Metropolis,metropolis,-1.39086442,2.51772838e-03,20
3023,Row-Update,mps,-1.39753768,1.45402706e-03,20
3023,Hybrid,mixture,-1.39756514,1.42388795e-03,20
3024,Metropolis,metropolis,-1.39087551,2.51660687e-03,20
3024,Row-Update,mps,-1.39753355,1.45186064e-03,20
3024,Hybrid,mixture,-1.39757027,1.42089431e-03,20
3025,Metropolis,metropolis,-1.39087638,2.51748177e-03,20
3025,Row-Update,mps,-1.39753679,1.45324321e-03,20
3025,Hybrid,mixture,-1.39757187,1.42101620e-03,20
3026,Metropolis,metropolis,-1.39086521,2.51699908e-03,20
3026,Row-Update,mps,-1.39753793,1.45288491e-03,20
3026,Hybrid,mixture,-1.39757991,1.42062805e-03,20
3027,Metropolis,metropolis,-1.39086808,2.51641063e-03,20
3027,Row-Update,mps,-1.39752871,1.45504927e-03,20
3027,Hybrid,mixture,-1.39756943,1.41916619e-03,20
3028,Metropolis,metropolis,-1.39087204,2.51699136e-03,20
3028,Row-Update,mps,-1.39752939,1.45459802e-03,20
3028,Hybrid,mixture,-1.39757497,1.41966166e-03,20
3029,Metropolis,metropolis,-1.39087769,2.51580979e-03,20
3029,Row-Update,mps,-1.39752668,1.45336024e-03,20
3029,Hybrid,mixture,-1.39755863,1.41780954e-03,20
3030,Metropolis,metropolis,-1.39086127,2.51626981e-03,20
3030,Row-Update,mps,-1.39752899,1.45371715e-03,20
3030,Hybrid,mixture,-1.39757340,1.41950531e-03,20
3031,Metropolis,metropolis,-1.39087174,2.51864269e-03,20
3031,Row-Update,mps,-1.39753261,1.45207528e-03,20
3031,Hybrid,mixture,-1.39756857,1.41946664e-03,20
3032,Metropolis,metropolis,-1.39085915,2.51728126e-03,20
3032,Row-Update,mps,-1.39753293,1.45309305e-03,20
3032,Hybrid,mixture,-1.39758030,1.41702964e-03,20
3033,Metropolis,metropolis,-1.39087395,2.51616328e-03,20
3033,Row-Update,mps,-1.39752979,1.45418289e-03,20
3033,Hybrid,mixture,-1.39756837,1.42007728e-03,20
3034,Metropolis,metropolis,-1.39086434,2.51704120e-03,20
3034,Row-Update,mps,-1.39753117,1.45416820e-03,20
3034,Hybrid,mixture,-1.39757324,1.41981777e-03,20
3035,Metropolis,metropolis,-1.39086933,2.51692003e-03,20
3035,Row-Update,mps,-1.39753693,1.45159337e-03,20
3035,Hybrid,mixture,-1.39757132,1.42194945e-03,20
3036,Metropolis,metropolis,-1.39086472,2.51535852e-03,20
3036,Row-Update,mps,-1.39752569,1.45177336e-03,20
3036,Hybrid,mixture,-1.39757716,1.42082411e-03,20
3037,Metropolis,metropolis,-1.39087129,2.51794503e-03,20
3037,Row-Update,mps,-1.39753399,1.45444773e-03,20
3037,Hybrid,mixture,-1.39758311,1.41800548e-03,20
3038,Metropolis,metropolis,-1.39086891,2.51646772e-03,20
3038,Row-Update,mps,-1.39753326,1.45209830e-03,20
3038,Hybrid,mixture,-1.39756483,1.42048998e-03,20
3039,Metropolis,metropolis,-1.39087334,2.51608390e-03,20
3039,Row-Update,mps,-1.39754006,1.45496301e-03,20
3039,Hybrid,mixture,-1.39756837,1.42062088e-03,20
3040,Metropolis,metropolis,-1.39087045,2.51776731e-03,20
3040,Row-Update,mps,-1.39753027,1.45293722e-03,20
3040,Hybrid,mixture,-1.39757425,1.41893657e-03,20
3041,Metropolis,metropolis,-1.39087151,2.51600456e-03,20
3041,Row-Update,mps,-1.39753807,1.45395643e-03,20
3041,Hybrid,mixture,-1.39757409,1.41955962e-03,20
3042,Metropolis,metropolis,-1.39086875,2.51617090e-03,20
3042,Row-Update,mps,-1.39752782,1.45457961e-03,20
3042,Hybrid,mixture,-1.39757073,1.42144470e-03,20
3043,Metropolis,metropolis,-1.39086675,2.51804617e-03,20
3043,Row-Update,mps,-1.39752517,1.45499220e-03,20
3043,Hybrid,mixture,-1.39757000,1.42128861e-03,20
3044,Metropolis,metropolis,-1.39087076,2.51681448e-03,20
3044,Row-Update,mps,-1.39754528,1.45465372e-03,20
3044,Hybrid,mixture,-1.39758263,1.42018963e-03,20
3045,Metropolis,metropolis,-1.39086686,2.51563594e-03,20
3045,Row-Update,mps,-1.39753044,1.45181976e-03,20
3045,Hybrid,mixture,-1.39757153,1.41781914e-03,20
3046,Metropolis,metropolis,-1.39087840,2.51811576e-03,20
3046,Row-Update,mps,-1.39753936,1.45465453e-03,20
3046,Hybrid,mixture,-1.39758099,1.42094302e-03,20
3047,Metropolis,metropolis,-1.39086608,2.51742620e-03,20
3047,Row-Update,mps,-1.39753943,1.45764748e-03,20
3047,Hybrid,mixture,-1.39757100,1.42065705e-03,20
3048,Metropolis,metropolis,-1.39086735,2.51683319e-03,20
3048,Row-Update,mps,-1.39753116,1.45373994e-03,20
3048,Hybrid,mixture,-1.39757395,1.42141230e-03,20
3049,Metropolis,metropolis,-1.39087043,2.51721999e-03,20
3049,Row-Update,mps,-1.39752780,1.45191198e-03,20
3049,Hybrid,mixture,-1.39758257,1.41946663e-03,20
3050,Metropolis,metropolis,-1.39091115,2.52758070e-03,20
3050,Row-Update,mps,-1.39753465,1.45282002e-03,20
3050,Hybrid,mixture,-1.39757698,1.42093590e-03,20
3051,Metropolis,metropolis,-1.39086376,2.51604149e-03,20
3051,Row-Update,mps,-1.39753202,1.45278746e-03,20
3051,Hybrid,mixture,-1.39757107,1.42085968e-03,20
3052,Metropolis,metropolis,-1.39087184,2.51628788e-03,20
3052,Row-Update,mps,-1.39753676,1.45465097e-03,20
3052,Hybrid,mixture,-1.39758156,1.41924874e-03,20
3053,Metropolis,metropolis,-1.39087017,2.51872327e-03,20
3053,Row-Update,mps,-1.39753217,1.45291294e-03,20
3053,Hybrid,mixture,-1.39758574,1.41880626e-03,20
3054,Metropolis,metropolis,-1.39087016,2.51517680e-03,20
3054,Row-Update,mps,-1.39752214,1.45289671e-03,20
3054,Hybrid,mixture,-1.39758098,1.41959124e-03,20
3055,Metropolis,metropolis,-1.39086973,2.51644546e-03,20
3055,Row-Update,mps,-1.39752853,1.45458883e-03,20
3055,Hybrid,mixture,-1.39758448,1.41845249e-03,20
3056,Metropolis,metropolis,-1.39087871,2.51502928e-03,20
3056,Row-Update,mps,-1.39753092,1.45491044e-03,20
3056,Hybrid,mixture,-1.39758077,1.41880894e-03,20
3057,Metropolis,metropolis,-1.39087063,2.51732828e-03,20
3057,Row-Update,mps,-1.39752762,1.45361683e-03,20
3057,Hybrid,mixture,-1.39758113,1.41667503e-03,20
3058,Metropolis,metropolis,-1.39086278,2.51735398e-03,20
3058,Row-Update,mps,-1.39754008,1.45327163e-03,20
3058,Hybrid,mixture,-1.39758567,1.41819844e-03,20
3059,Metropolis,metropolis,-1.39086963,2.51535670e-03,20
3059,Row-Update,mps,-1.39753480,1.45455337e-03,20
3059,Hybrid,mixture,-1.39757807,1.41847010e-03,20
3060,Metropolis,metropolis,-1.39086444,2.51693776e-03,20
3060,Row-Update,mps,-1.39753766,1.45349558e-03,20
3060,Hybrid,mixture,-1.39758708,1.41778910e-03,20
3061,Metropolis,metropolis,-1.39086937,2.51776672e-03,20
3061,Row-Update,mps,-1.39752986,1.45178676e-03,20
3061,Hybrid,mixture,-1.39758123,1.41764855e-03,20
3062,Metropolis,metropolis,-1.39087022,2.51618768e-03,20
3062,Row-Update,mps,-1.39753474,1.45241904e-03,20
3062,Hybrid,mixture,-1.39758762,1.41652175e-03,20
3063,Metropolis,metropolis,-1.39087068,2.51749408e-03,20
3063,Row-Update,mps,-1.39753601,1.45466093e-03,20
3063,Hybrid,mixture,-1.39759686,1.41747123e-03,20
3064,Metropolis,metropolis,-1.39087062,2.51762502e-03,20
3064,Row-Update,mps,-1.39753087,1.45462790e-03,20
3064,Hybrid,mixture,-1.39759183,1.41765025e-03,20
3065,Metropolis,metropolis,-1.39086558,2.51625764e-03,20
3065,Row-Update,mps,-1.39753817,1.45397312e-03,20
3065,Hybrid,mixture,-1.39758632,1.41758115e-03,20
3066,Metropolis,metropolis,-1.39087169,2.51527061e-03,20
3066,Row-Update,mps,-1.39753411,1.45298678e-03,20
3066,Hybrid,mixture,-1.39758640,1.41793579e-03,20
3067,Metropolis,metropolis,-1.39087152,2.51728483e-03,20
3067,Row-Update,mps,-1.39754002,1.45341063e-03,20
3067,Hybrid,mixture,-1.39759884,1.41854442e-03,20
3068,Metropolis,metropolis,-1.39086960,2.51624010e-03,20
3068,Row-Update,mps,-1.39753265,1.45362686e-03,20
3068,Hybrid,mixture,-1.39760038,1.41762579e-03,20
3069,Metropolis,metropolis,-1.39086779,2.51699166e-03,20
3069,Row-Update,mps,-1.39753521,1.45333435e-03,20
3069,Hybrid,mixture,-1.39759439,1.41506962e-03,20
3070,Metropolis,metropolis,-1.39086769,2.51667109e-03,20
3070,Row-Update,mps,-1.39753217,1.45360325e-03,20
3070,Hybrid,mixture,-1.39759765,1.41421524e-03,20
3071,Metropolis,metropolis,-1.39087414,2.51755030e-03,20
3071,Row-Update,mps,-1.39753989,1.45539337e-03,20
3071,Hybrid,mixture,-1.39759658,1.41317930e-03,20
3072,Metropolis,metropolis,-1.39087397,2.51580900e-03,20
3072,Row-Update,mps,-1.39753141,1.45469069e-03,20
3072,Hybrid,mixture,-1.39761066,1.41522104e-03,20
3073,Metropolis,metropolis,-1.39087059,2.51787603e-03,20
3073,Row-Update,mps,-1.39753010,1.45311564e-03,20
3073,Hybrid,mixture,-1.39760042,1.41499402e-03,20
3074,Metropolis,metropolis,-1.39086449,2.51682237e-03,20
3074,Row-Update,mps,-1.39752439,1.45460046e-03,20
3074,Hybrid,mixture,-1.39760131,1.41454545e-03,20
3075,Metropolis,metropolis,-1.39087150,2.51670246e-03,20
3075,Row-Update,mps,-1.39753633,1.45483155e-03,20
3075,Hybrid,mixture,-1.39759919,1.41437156e-03,20
3076,Metropolis,metropolis,-1.39087272,2.51700855e-03,20
3076,Row-Update,mps,-1.39753838,1.45552312e-03,20
3076,Hybrid,mixture,-1.39760067,1.41189119e-03,20
3077,Metropolis,metropolis,-1.39086242,2.51622662e-03,20
3077,Row-Update,mps,-1.39753254,1.45394530e-03,20
3077,Hybrid,mixture,-1.39760345,1.41302303e-03,20
3078,Metropolis,metropolis,-1.39087170,2.51652228e-03,20
3078,Row-Update,mps,-1.39752722,1.45537416e-03,20
3078,Hybrid,mixture,-1.39760305,1.41370897e-03,20
3079,Metropolis,metropolis,-1.39087133,2.51766496e-03,20
3079,Row-Update,mps,-1.39753372,1.45476326e-03,20
3079,Hybrid,mixture,-1.39761475,1.41415199e-03,20
3080,Metropolis,metropolis,-1.39087247,2.51657226e-03,20
3080,Row-Update,mps,-1.39752520,1.45195949e-03,20
3080,Hybrid,mixture,-1.39760786,1.41257090e-03,20
3081,Metropolis,metropolis,-1.39087085,2.51558315e-03,20
3081,Row-Update,mps,-1.39753000,1.45429529e-03,20
3081,Hybrid,mixture,-1.39761250,1.41316487e-03,20
3082,Metropolis,metropolis,-1.39087380,2.51661846e-03,20
3082,Row-Update,mps,-1.39753799,1.45422425e-03,20
3082,Hybrid,mixture,-1.39762154,1.41377241e-03,20
3083,Metropolis,metropolis,-1.39086552,2.51685576e-03,20
3083,Row-Update,mps,-1.39753023,1.45287020e-03,20
3083,Hybrid,mixture,-1.39762104,1.41210070e-03,20
3084,Metropolis,metropolis,-1.39087535,2.51495758e-03,20
3084,Row-Update,mps,-1.39752328,1.45443939e-03,20
3084,Hybrid,mixture,-1.39760783,1.41319520e-03,20
3085,Metropolis,metropolis,-1.39087304,2.51758404e-03,20
3085,Row-Update,mps,-1.39752424,1.45306343e-03,20
3085,Hybrid,mixture,-1.39762004,1.41270056e-03,20
3086,Metropolis,metropolis,-1.39086777,2.51782448e-03,20
3086,Row-Update,mps,-1.39753569,1.45439155e-03,20
3086,Hybrid,mixture,-1.39761579,1.41180383e-03,20
3087,Metropolis,metropolis,-1.39086942,2.51724776e-03,20
3087,Row-Update,mps,-1.39752898,1.45498085e-03,20
3087,Hybrid,mixture,-1.39762399,1.41023389e-03,20
3088,Metropolis,metropolis,-1.39086593,2.51880770e-03,20
3088,Row-Update,mps,-1.39752683,1.45170897e-03,20
3088,Hybrid,mixture,-1.39762197,1.40909712e-03,20
3089,Metropolis,metropolis,-1.39086538,2.51749923e-03,20
3089,Row-Update,mps,-1.39751944,1.45526066e-03,20
3089,Hybrid,mixture,-1.39762140,1.40968229e-03,20
3090,Metropolis,metropolis,-1.39087740,2.51721531e-03,20
3090,Row-Update,mps,-1.39753356,1.45414788e-03,20
3090,Hybrid,mixture,-1.39762108,1.41017957e-03,20
3091,Metropolis,metropolis,-1.39086653,2.51758205e-03,20
3091,Row-Update,mps,-1.39753459,1.45333722e-03,20
3091,Hybrid,mixture,-1.39762164,1.40909982e-03,20
3092,Metropolis,metropolis,-1.39087572,2.51765308e-03,20
3092,Row-Update,mps,-1.39753594,1.45558381e-03,20
3092,Hybrid,mixture,-1.39762293,1.41007460e-03,20
3093,Metropolis,metropolis,-1.39086674,2.51792347e-03,20
3093,Row-Update,mps,-1.39753047,1.45469168e-03,20
3093,Hybrid,mixture,-1.39762697,1.40871612e-03,20
3094,Metropolis,metropolis,-1.39087079,2.51688378e-03,20
3094,Row-Update,mps,-1.39754150,1.45361187e-03,20
3094,Hybrid,mixture,-1.39763264,1.40932418e-03,20
3095,Metropolis,metropolis,-1.39087366,2.51812482e-03,20
3095,Row-Update,mps,-1.39753620,1.45360161e-03,20
3095,Hybrid,mixture,-1.39764740,1.40839137e-03,20
3096,Metropolis,metropolis,-1.39087231,2.51630083e-03,20
3096,Row-Update,mps,-1.39752833,1.45209245e-03,20
3096,Hybrid,mixture,-1.39763208,1.40771824e-03,20
3097,Metropolis,metropolis,-1.39086753,2.51752783e-03,20
3097,Row-Update,mps,-1.39754466,1.45204010e-03,20
3097,Hybrid,mixture,-1.39763568,1.40767844e-03,20
3098,Metropolis,metropolis,-1.39087576,2.51658425e-03,20
3098,Row-Update,mps,-1.39753393,1.45528530e-03,20
3098,Hybrid,mixture,-1.39764059,1.40821644e-03,20
3099,Metropolis,metropolis,-1.39087461,2.51604152e-03,20
3099,Row-Update,mps,-1.39754120,1.45443207e-03,20
3099,Hybrid,mixture,-1.39762469,1.40739130e-03,20
3100,Metropolis,metropolis,-1.39087629,2.51730245e-03,20
3100,Row-Update,mps,-1.39753155,1.45293538e-03,20
3100,Hybrid,mixture,-1.39764209,1.40611659e-03,20
3101,Metropolis,metropolis,-1.39087458,2.51688229e-03,20
3101,Row-Update,mps,-1.39752666,1.45225388e-03,20
3101,Hybrid,mixture,-1.39763207,1.40608178e-03,20
3102,Metropolis,metropolis,-1.39087330,2.51723303e-03,20
3102,Row-Update,mps,-1.39753011,1.45439202e-03,20
3102,Hybrid,mixture,-1.39764635,1.40565255e-03,20
3103,Metropolis,metropolis,-1.39086719,2.51603772e-03,20
3103,Row-Update,mps,-1.39752748,1.45295951e-03,20
3103,Hybrid,mixture,-1.39764115,1.40746280e-03,20
3104,Metropolis,metropolis,-1.39087847,2.51466793e-03,20
3104,Row-Update,mps,-1.39753336,1.45517301e-03,20
3104,Hybrid,mixture,-1.39764970,1.40719289e-03,20
3105,Metropolis,metropolis,-1.39087253,2.51657339e-03,20
3105,Row-Update,mps,-1.39754288,1.45057912e-03,20
3105,Hybrid,mixture,-1.39765424,1.40579505e-03,20
3106,Metropolis,metropolis,-1.39087301,2.51688666e-03,20
3106,Row-Update,mps,-1.39753031,1.45236950e-03,20
3106,Hybrid,mixture,-1.39764300,1.40545587e-03,20
3107,Metropolis,metropolis,-1.39086900,2.51678471e-03,20
3107,Row-Update,mps,-1.39752955,1.45346361e-03,20
3107,Hybrid,mixture,-1.39765052,1.40626117e-03,20
3108,Metropolis,metropolis,-1.39087461,2.51721939e-03,20
3108,Row-Update,mps,-1.39753138,1.45181728e-03,20
3108,Hybrid,mixture,-1.39765098,1.40474761e-03,20
3109,Metropolis,metropolis,-1.39087227,2.51839641e-03,20
3109,Row-Update,mps,-1.39753521,1.45473657e-03,20
3109,Hybrid,mixture,-1.39764843,1.40812909e-03,20
3110,Metropolis,metropolis,-1.39087815,2.51801454e-03,20
3110,Row-Update,mps,-1.39753086,1.45241278e-03,20
3110,Hybrid,mixture,-1.39764443,1.40700780e-03,20
3111,Metropolis,metropolis,-1.39088046,2.51817350e-03,20
3111,Row-Update,mps,-1.39752986,1.45385781e-03,20
3111,Hybrid,mixture,-1.39766534,1.40649618e-03,20
3112,Metropolis,metropolis,-1.39087261,2.51775752e-03,20
3112,Row-Update,mps,-1.39752645,1.45222969e-03,20
3112,Hybrid,mixture,-1.39763305,1.40794034e-03,20
3113,Metropolis,metropolis,-1.39089050,2.51550159e-03,20
3113,Row-Update,mps,-1.39753366,1.45256305e-03,20
3113,Hybrid,mixture,-1.39766555,1.40444429e-03,20
3114,Metropolis,metropolis,-1.39088101,2.51812140e-03,20
3114,Row-Update,mps,-1.39753032,1.45343837e-03,20
3114,Hybrid,mixture,-1.39765685,1.40571754e-03,20
3115,Metropolis,metropolis,-1.39087657,2.51819355e-03,20
3115,Row-Update,mps,-1.39752350,1.45292072e-03,20
3115,Hybrid,mixture,-1.39766427,1.40480141e-03,20
3116,Metropolis,metropolis,-1.39087864,2.51681830e-03,20
3116,Row-Update,mps,-1.39752982,1.45389966e-03,20
3116,Hybrid,mixture,-1.39765571,1.40384321e-03,20
3117,Metropolis,metropolis,-1.39087854,2.51609601e-03,20
3117,Row-Update,mps,-1.39752975,1.45426489e-03,20
3117,Hybrid,mixture,-1.39766243,1.40688966e-03,20
3118,Metropolis,metropolis,-1.39087569,2.51654817e-03,20
3118,Row-Update,mps,-1.39753205,1.45279066e-03,20
3118,Hybrid,mixture,-1.39766023,1.40432188e-03,20
3119,Metropolis,metropolis,-1.39087946,2.51658112e-03,20
3119,Row-Update,mps,-1.39753881,1.45350549e-03,20
3119,Hybrid,mixture,-1.39765701,1.40456714e-03,20
3120,Metropolis,metropolis,-1.39088163,2.51626338e-03,20
3120,Row-Update,mps,-1.39753165,1.45314785e-03,20
3120,Hybrid,mixture,-1.39765837,1.40510789e-03,20
3121,Metropolis,metropolis,-1.39087776,2.51766298e-03,20
3121,Row-Update,mps,-1.39753457,1.45323606e-03,20
3121,Hybrid,mixture,-1.39765029,1.40678189e-03,20
3122,Metropolis,metropolis,-1.39088396,2.51850007e-03,20
3122,Row-Update,mps,-1.39754394,1.44967722e-03,20
3122,Hybrid,mixture,-1.39766592,1.40669836e-03,20
3123,Metropolis,metropolis,-1.39088343,2.51726744e-03,20
3123,Row-Update,mps,-1.39753299,1.45405971e-03,20
3123,Hybrid,mixture,-1.39765647,1.40514493e-03,20
3124,Metropolis,metropolis,-1.39087860,2.51755463e-03,20
3124,Row-Update,mps,-1.39753511,1.45340695e-03,20
3124,Hybrid,mixture,-1.39764834,1.40410088e-03,20
3125,Metropolis,metropolis,-1.39088594,2.51626069e-03,20
3125,Row-Update,mps,-1.39753701,1.45330859e-03,20
3125,Hybrid,mixture,-1.39764929,1.40449644e-03,20
3126,Metropolis,metropolis,-1.39088274,2.51720142e-03,20
3126,Row-Update,mps,-1.39753663,1.45300477e-03,20
3126,Hybrid,mixture,-1.39765819,1.40403762e-03,20
3127,Metropolis,metropolis,-1.39088196,2.51728166e-03,20
3127,Row-Update,mps,-1.39753126,1.45501736e-03,20
3127,Hybrid,mixture,-1.39765910,1.40614157e-03,20
3128,Metropolis,metropolis,-1.39088636,2.51678515e-03,20
3128,Row-Update,mps,-1.39753144,1.45278610e-03,20
3128,Hybrid,mixture,-1.39765677,1.40566747e-03,20
3129,Metropolis,metropolis,-1.39088174,2.51609222e-03,20
3129,Row-Update,mps,-1.39753199,1.45425508e-03,20
3129,Hybrid,mixture,-1.39765931,1.40419444e-03,20
3130,Metropolis,metropolis,-1.39088939,2.51679755e-03,20
3130,Row-Update,mps,-1.39754233,1.45381704e-03,20
3130,Hybrid,mixture,-1.39767113,1.40561860e-03,20
3131,Metropolis,metropolis,-1.39088972,2.51511770e-03,20
3131,Row-Update,mps,-1.39754111,1.45331198e-03,20
3131,Hybrid,mixture,-1.39765326,1.40656364e-03,20
3132,Metropolis,metropolis,-1.39088727,2.51774316e-03,20
3132,Row-Update,mps,-1.39753726,1.45332716e-03,20
3132,Hybrid,mixture,-1.39766549,1.40444160e-03,20
3133,Metropolis,metropolis,-1.39088929,2.51783279e-03,20
3133,Row-Update,mps,-1.39754224,1.45406002e-03,20
3133,Hybrid,mixture,-1.39765913,1.40376832e-03,20
3134,Metropolis,metropolis,-1.39088778,2.51842998e-03,20
3134,Row-Update,mps,-1.39753163,1.45300429e-03,20
3134,Hybrid,mixture,-1.39765563,1.40276018e-03,20
3135,Metropolis,metropolis,-1.39088190,2.51652000e-03,20
3135,Row-Update,mps,-1.39752752,1.45343126e-03,20
3135,Hybrid,mixture,-1.39766215,1.40390546e-03,20
3136,Metropolis,metropolis,-1.39088723,2.51675333e-03,20
3136,Row-Update,mps,-1.39754297,1.45299295e-03,20
3136,Hybrid,mixture,-1.39765821,1.40414085e-03,20
3137,Metropolis,metropolis,-1.39088390,2.51733941e-03,20
3137,Row-Update,mps,-1.39754007,1.45411969e-03,20
3137,Hybrid,mixture,-1.39766346,1.40302702e-03,20
3138,Metropolis,metropolis,-1.39088794,2.51764477e-03,20
3138,Row-Update,mps,-1.39753996,1.45219824e-03,20
3138,Hybrid,mixture,-1.39766655,1.40545201e-03,20
3139,Metropolis,metropolis,-1.39089595,2.51827925e-03,20
3139,Row-Update,mps,-1.39752949,1.45318497e-03,20
3139,Hybrid,mixture,-1.39765831,1.40424809e-03,20
3140,Metropolis,metropolis,-1.39088529,2.51749236e-03,20
3140,Row-Update,mps,-1.39753450,1.45370997e-03,20
3140,Hybrid,mixture,-1.39766606,1.40464240e-03,20
3141,Metropolis,metropolis,-1.39088772,2.51745872e-03,20
3141,Row-Update,mps,-1.39752670,1.45294277e-03,20
3141,Hybrid,mixture,-1.39767531,1.40681454e-03,20
3142,Metropolis,metropolis,-1.39090021,2.51436137e-03,20
3142,Row-Update,mps,-1.39753776,1.45704448e-03,20
3142,Hybrid,mixture,-1.39766956,1.40457147e-03,20
3143,Metropolis,metropolis,-1.39089046,2.51717905e-03,20
3143,Row-Update,mps,-1.39753443,1.45420248e-03,20
3143,Hybrid,mixture,-1.39766128,1.40312397e-03,20
3144,Metropolis,metropolis,-1.39089939,2.51685328e-03,20
3144,Row-Update,mps,-1.39753482,1.45410599e-03,20
3144,Hybrid,mixture,-1.39766264,1.40467841e-03,20
3145,Metropolis,metropolis,-1.39090094,2.51720557e-03,20
3145,Row-Update,mps,-1.39752699,1.45299864e-03,20
3145,Hybrid,mixture,-1.39765750,1.40425769e-03,20
3146,Metropolis,metropolis,-1.39089554,2.51675768e-03,20
3146,Row-Update,mps,-1.39753852,1.45494392e-03,20
3146,Hybrid,mixture,-1.39766427,1.40413983e-03,20
3147,Metropolis,metropolis,-1.39088966,2.51714791e-03,20
3147,Row-Update,mps,-1.39753088,1.45388527e-03,20
3147,Hybrid,mixture,-1.39763350,1.39945814e-03,20
3148,Metropolis,metropolis,-1.39089284,2.51841775e-03,20
3148,Row-Update,mps,-1.39752838,1.45455586e-03,20
3148,Hybrid,mixture,-1.39765720,1.40375263e-03,20
3149,Metropolis,metropolis,-1.39090217,2.51835657e-03,20
3149,Row-Update,mps,-1.39753156,1.45388939e-03,20
3149,Hybrid,mixture,-1.39765877,1.40296516e-03,20
3150,Metropolis,metropolis,-1.39090314,2.51604130e-03,20
3150,Row-Update,mps,-1.39752456,1.45285585e-03,20
3150,Hybrid,mixture,-1.39765932,1.40329647e-03,20
3151,Metropolis,metropolis,-1.39089957,2.51584057e-03,20
3151,Row-Update,mps,-1.39752583,1.45588896e-03,20
3151,Hybrid,mixture,-1.39765001,1.40525030e-03,20
3152,Metropolis,metropolis,-1.39090058,2.51633973e-03,20
3152,Row-Update,mps,-1.39753732,1.45326939e-03,20
3152,Hybrid,mixture,-1.39765544,1.40396692e-03,20
3153,Metropolis,metropolis,-1.39091112,2.51818931e-03,20
3153,Row-Update,mps,-1.39753485,1.45259194e-03,20
3153,Hybrid,mixture,-1.39763981,1.40313209e-03,20
3154,Metropolis,metropolis,-1.39089975,2.51785792e-03,20
3154,Row-Update,mps,-1.39753215,1.45328570e-03,20
3154,Hybrid,mixture,-1.39765332,1.40381812e-03,20
3155,Metropolis,metropolis,-1.39091011,2.51855048e-03,20
3155,Row-Update,mps,-1.39752477,1.45342937e-03,20
3155,Hybrid,mixture,-1.39766185,1.40449203e-03,20
3156,Metropolis,metropolis,-1.39089930,2.51763106e-03,20
3156,Row-Update,mps,-1.39754726,1.45346016e-03,20
3156,Hybrid,mixture,-1.39766218,1.40466921e-03,20
3157,Metropolis,metropolis,-1.39090240,2.51747700e-03,20
3157,Row-Update,mps,-1.39753694,1.45469366e-03,20
3157,Hybrid,mixture,-1.39765901,1.40447741e-03,20
3158,Metropolis,metropolis,-1.39090773,2.51582782e-03,20
3158,Row-Update,mps,-1.39752993,1.45548934e-03,20
3158,Hybrid,mixture,-1.39766026,1.40377209e-03,20
3159,Metropolis,metropolis,-1.39090931,2.51623589e-03,20
3159,Row-Update,mps,-1.39754066,1.45456230e-03,20
3159,Hybrid,mixture,-1.39765816,1.40468645e-03,20
3160,Metropolis,metropolis,-1.39090829,2.51849659e-03,20
3160,Row-Update,mps,-1.39753374,1.45350614e-03,20
3160,Hybrid,mixture,-1.39765746,1.40386914e-03,20
3161,Metropolis,metropolis,-1.39090309,2.51786334e-03,20
3161,Row-Update,mps,-1.39752739,1.45255455e-03,20
3161,Hybrid,mixture,-1.39765856,1.40525127e-03,20
3162,Metropolis,metropolis,-1.39090576,2.51738826e-03,20
3162,Row-Update,mps,-1.39754048,1.45301427e-03,20
3162,Hybrid,mixture,-1.39767503,1.40290893e-03,20
3163,Metropolis,metropolis,-1.39090965,2.51792786e-03,20
3163,Row-Update,mps,-1.39753173,1.45319483e-03,20
3163,Hybrid,mixture,-1.39766078,1.40392496e-03,20
3164,Metropolis,metropolis,-1.39091469,2.51758822e-03,20
3164,Row-Update,mps,-1.39753172,1.45386594e-03,20
3164,Hybrid,mixture,-1.39766416,1.40516110e-03,20
3165,Metropolis,metropolis,-1.39090745,2.51623680e-03,20
3165,Row-Update,mps,-1.39754232,1.45150002e-03,20
3165,Hybrid,mixture,-1.39765693,1.40514119e-03,20
3166,Metropolis,metropolis,-1.39091254,2.51896017e-03,20
3166,Row-Update,mps,-1.39753390,1.45365884e-03,20
3166,Hybrid,mixture,-1.39766990,1.40333498e-03,20
3167,Metropolis,metropolis,-1.39092043,2.51839268e-03,20
3167,Row-Update,mps,-1.39756022,1.45346407e-03,20
3167,Hybrid,mixture,-1.39765989,1.40616227e-03,20
3168,Metropolis,metropolis,-1.39091461,2.51726406e-03,20
3168,Row-Update,mps,-1.39752865,1.45387917e-03,20
3168,Hybrid,mixture,-1.39766125,1.40442999e-03,20
3169,Metropolis,metropolis,-1.39091138,2.51856814e-03,20
3169,Row-Update,mps,-1.39753365,1.45283934e-03,20
3169,Hybrid,mixture,-1.39765732,1.40371940e-03,20
3170,Metropolis,metropolis,-1.39091435,2.51849439e-03,20
3170,Row-Update,mps,-1.39753105,1.45603091e-03,20
3170,Hybrid,mixture,-1.39765544,1.40555729e-03,20
3171,Metropolis,metropolis,-1.39091503,2.51729089e-03,20
3171,Row-Update,mps,-1.39754194,1.45593425e-03,20
3171,Hybrid,mixture,-1.39766052,1.40500969e-03,20
3172,Metropolis,metropolis,-1.39091189,2.51746014e-03,20
3172,Row-Update,mps,-1.39753441,1.45239621e-03,20
3172,Hybrid,mixture,-1.39766726,1.40095364e-03,20
3173,Metropolis,metropolis,-1.39092191,2.51803964e-03,20
3173,Row-Update,mps,-1.39753387,1.45330715e-03,20
3173,Hybrid,mixture,-1.39765806,1.40428073e-03,20
3174,Metropolis,metropolis,-1.39091672,2.51819752e-03,20
3174,Row-Update,mps,-1.39753580,1.45420512e-03,20
3174,Hybrid,mixture,-1.39764926,1.40582094e-03,20
3175,Metropolis,metropolis,-1.39092331,2.51773596e-03,20
3175,Row-Update,mps,-1.39753576,1.45286845e-03,20
3175,Hybrid,mixture,-1.39765575,1.40556555e-03,20
3176,Metropolis,metropolis,-1.39092333,2.51926861e-03,20
3176,Row-Update,mps,-1.39754103,1.45273757e-03,20
3176,Hybrid,mixture,-1.39765738,1.40529048e-03,20
3177,Metropolis,metropolis,-1.39092344,2.51716209e-03,20
3177,Row-Update,mps,-1.39753024,1.45328018e-03,20
3177,Hybrid,mixture,-1.39766289,1.40317782e-03,20
3178,Metropolis,metropolis,-1.39092488,2.51771551e-03,20
3178,Row-Update,mps,-1.39753035,1.45403379e-03,20
3178,Hybrid,mixture,-1.39766541,1.40623167e-03,20
3179,Metropolis,metropolis,-1.39092455,2.51784176e-03,20
3179,Row-Update,mps,-1.39752621,1.45201809e-03,20
3179,Hybrid,mixture,-1.39766434,1.40348507e-03,20
3180,Metropolis,metropolis,-1.39091988,2.51911776e-03,20
3180,Row-Update,mps,-1.39753746,1.45337909e-03,20
3180,Hybrid,mixture,-1.39766535,1.40514254e-03,20
3181,Metropolis,metropolis,-1.39092340,2.51827775e-03,20
3181,Row-Update,mps,-1.39752929,1.45423798e-03,20
3181,Hybrid,mixture,-1.39764837,1.40545570e-03,20
3182,Metropolis,metropolis,-1.39092416,2.51645476e-03,20
3182,Row-Update,mps,-1.39753217,1.45208329e-03,20
3182,Hybrid,mixture,-1.39765750,1.40404070e-03,20
3183,Metropolis,metropolis,-1.39092825,2.51718351e-03,20
3183,Row-Update,mps,-1.39753826,1.45494365e-03,20
3183,Hybrid,mixture,-1.39766471,1.40424272e-03,20
3184,Metropolis,metropolis,-1.39092939,2.51705936e-03,20
3184,Row-Update,mps,-1.39752732,1.45385714e-03,20
3184,Hybrid,mixture,-1.39765424,1.40394926e-03,20
3185,Metropolis,metropolis,-1.39092460,2.51934002e-03,20
3185,Row-Update,mps,-1.39752672,1.45386827e-03,20
3185,Hybrid,mixture,-1.39765508,1.40427215e-03,20
3186,Metropolis,metropolis,-1.39093504,2.51784349e-03,20
3186,Row-Update,mps,-1.39753046,1.45284911e-03,20
3186,Hybrid,mixture,-1.39765937,1.40571311e-03,20
3187,Metropolis,metropolis,-1.39093278,2.51756365e-03,20
3187,Row-Update,mps,-1.39753437,1.45312574e-03,20
3187,Hybrid,mixture,-1.39765960,1.40543666e-03,20
3188,Metropolis,metropolis,-1.39092914,2.51646028e-03,20
3188,Row-Update,mps,-1.39752949,1.45442283e-03,20
3188,Hybrid,mixture,-1.39766434,1.40334987e-03,20
3189,Metropolis,metropolis,-1.39093117,2.51758774e-03,20
3189,Row-Update,mps,-1.39752539,1.45239790e-03,20
3189,Hybrid,mixture,-1.39765748,1.40350060e-03,20
3190,Metropolis,metropolis,-1.39093342,2.51852722e-03,20
3190,Row-Update,mps,-1.39753958,1.45425518e-03,20
3190,Hybrid,mixture,-1.39765708,1.40367259e-03,20
3191,Metropolis,metropolis,-1.39093279,2.51734331e-03,20
3191,Row-Update,mps,-1.39753409,1.45423207e-03,20
3191,Hybrid,mixture,-1.39766219,1.40416863e-03,20
3192,Metropolis,metropolis,-1.39093238,2.51726714e-03,20
3192,Row-Update,mps,-1.39752666,1.45334677e-03,20
3192,Hybrid,mixture,-1.39766532,1.40540855e-03,20
3193,Metropolis,metropolis,-1.39093688,2.51783724e-03,20
3193,Row-Update,mps,-1.39753614,1.45259573e-03,20
3193,Hybrid,mixture,-1.39765646,1.40379128e-03,20
3194,Metropolis,metropolis,-1.39093475,2.52021631e-03,20
3194,Row-Update,mps,-1.39753508,1.45360229e-03,20
3194,Hybrid,mixture,-1.39766468,1.40515361e-03,20
3195,Metropolis,metropolis,-1.39093075,2.51839025e-03,20
3195,Row-Update,mps,-1.39753594,1.45201616e-03,20
3195,Hybrid,mixture,-1.39766528,1.40362034e-03,20
3196,Metropolis,metropolis,-1.39093472,2.51963956e-03,20
3196,Row-Update,mps,-1.39753286,1.45423798e-03,20
3196,Hybrid,mixture,-1.39765214,1.40604323e-03,20
3197,Metropolis,metropolis,-1.39093015,2.51851525e-03,20
3197,Row-Update,mps,-1.39753084,1.45327741e-03,20
3197,Hybrid,mixture,-1.39766126,1.40306965e-03,20
3198,Metropolis,metropolis,-1.39093610,2.51688754e-03,20
3198,Row-Update,mps,-1.39753027,1.45084999e-03,20
3198,Hybrid,mixture,-1.39766292,1.40310176e-03,20
3199,Metropolis,metropolis,-1.39094190,2.51890473e-03,20
3199,Row-Update,mps,-1.39753537,1.45424393e-03,20
3199,Hybrid,mixture,-1.39766145,1.40357896e-03,20
3200,Metropolis,metropolis,-1.39094231,2.51895180e-03,20
3200,Row-Update,mps,-1.39752922,1.45509565e-03,20
3200,Hybrid,mixture,-1.39766238,1.40460418e-03,20
3201,Metropolis,metropolis,-1.39093111,2.51685854e-03,20
3201,Row-Update,mps,-1.39754294,1.45388469e-03,20
3201,Hybrid,mixture,-1.39766341,1.40310070e-03,20
3202,Metropolis,metropolis,-1.39094313,2.51824627e-03,20
3202,Row-Update,mps,-1.39753258,1.45409833e-03,20
3202,Hybrid,mixture,-1.39766439,1.40353376e-03,20
3203,Metropolis,metropolis,-1.39094171,2.51891830e-03,20
3203,Row-Update,mps,-1.39753120,1.45512739e-03,20
3203,Hybrid,mixture,-1.39766458,1.40360499e-03,20
3204,Metropolis,metropolis,-1.39093921,2.51834789e-03,20
3204,Row-Update,mps,-1.39753065,1.45421195e-03,20
3204,Hybrid,mixture,-1.39765932,1.40457671e-03,20
3205,Metropolis,metropolis,-1.39094256,2.51938394e-03,20
3205,Row-Update,mps,-1.39753847,1.45160335e-03,20
3205,Hybrid,mixture,-1.39765951,1.40338074e-03,20
3206,Metropolis,metropolis,-1.39093996,2.51816342e-03,20
3206,Row-Update,mps,-1.39754103,1.45425948e-03,20
3206,Hybrid,mixture,-1.39765513,1.40431557e-03,20
3207,Metropolis,metropolis,-1.39094418,2.51755814e-03,20
3207,Row-Update,mps,-1.39752882,1.45275695e-03,20
3207,Hybrid,mixture,-1.39766184,1.40351254e-03,20
3208,Metropolis,metropolis,-1.39094235,2.51947385e-03,20
3208,Row-Update,mps,-1.39753399,1.45311126e-03,20
3208,Hybrid,mixture,-1.39765973,1.40316640e-03,20
3209,Metropolis,metropolis,-1.39094419,2.51860571e-03,20
3209,Row-Update,mps,-1.39753307,1.45483797e-03,20
3209,Hybrid,mixture,-1.39766007,1.40378853e-03,20
3210,Metropolis,metropolis,-1.39094898,2.51894279e-03,20
3210,Row-Update,mps,-1.39752982,1.45407287e-03,20
3210,Hybrid,mixture,-1.39765800,1.40441905e-03,20
3211,Metropolis,metropolis,-1.39094646,2.51788234e-03,20
3211,Row-Update,mps,-1.39753378,1.45514082e-03,20
3211,Hybrid,mixture,-1.39765732,1.40463128e-03,20
3212,Metropolis,metropolis,-1.39095638,2.51872491e-03,20
3212,Row-Update,mps,-1.39753910,1.45367068e-03,20
3212,Hybrid,mixture,-1.39765763,1.40482201e-03,20
3213,Metropolis,metropolis,-1.39095617,2.51905369e-03,20
3213,Row-Update,mps,-1.39754299,1.45611593e-03,20
3213,Hybrid,mixture,-1.39765577,1.40497858e-03,20
3214,Metropolis,metropolis,-1.39094997,2.51855011e-03,20
3214,Row-Update,mps,-1.39753540,1.45343519e-03,20
3214,Hybrid,mixture,-1.39766753,1.40328086e-03,20
3215,Metropolis,metropolis,-1.39095430,2.51937574e-03,20
3215,Row-Update,mps,-1.39753831,1.45342919e-03,20
3215,Hybrid,mixture,-1.39766604,1.40421110e-03,20
3216,Metropolis,metropolis,-1.39095560,2.51979094e-03,20
3216,Row-Update,mps,-1.39752816,1.45324686e-03,20
3216,Hybrid,mixture,-1.39765631,1.40368655e-03,20
3217,Metropolis,metropolis,-1.39095062,2.51869834e-03,20
3217,Row-Update,mps,-1.39753464,1.45348076e-03,20
3217,Hybrid,mixture,-1.39765866,1.40431847e-03,20
3218,Metropolis,metropolis,-1.39094743,2.51906694e-03,20
3218,Row-Update,mps,-1.39753548,1.45282688e-03,20
3218,Hybrid,mixture,-1.39766784,1.40285139e-03,20
3219,Metropolis,metropolis,-1.39095200,2.51818083e-03,20
3219,Row-Update,mps,-1.39753954,1.45433955e-03,20
3219,Hybrid,mixture,-1.39765626,1.40396526e-03,20
3220,Metropolis,metropolis,-1.39095403,2.51980196e-03,20
3220,Row-Update,mps,-1.39752830,1.45435050e-03,20
3220,Hybrid,mixture,-1.39766080,1.40477307e-03,20
3221,Metropolis,metropolis,-1.39095353,2.51931700e-03,20
3221,Row-Update,mps,-1.39753246,1.45286828e-03,20
3221,Hybrid,mixture,-1.39765618,1.40332380e-03,20
3222,Metropolis,metropolis,-1.39094766,2.51893699e-03,20
3222,Row-Update,mps,-1.39753542,1.45313034e-03,20
3222,Hybrid,mixture,-1.39766135,1.40438782e-03,20
3223,Metropolis,metropolis,-1.39095235,2.52003170e-03,20
3223,Row-Update,mps,-1.39754391,1.45333688e-03,20
3223,Hybrid,mixture,-1.39766010,1.40176266e-03,20
3224,Metropolis,metropolis,-1.39096393,2.51757883e-03,20
3224,Row-Update,mps,-1.39753836,1.45312152e-03,20
3224,Hybrid,mixture,-1.39765883,1.40464128e-03,20
3225,Metropolis,metropolis,-1.39095639,2.51978697e-03,20
3225,Row-Update,mps,-1.39752054,1.45126861e-03,20
3225,Hybrid,mixture,-1.39766459,1.40403945e-03,20
3226,Metropolis,metropolis,-1.39095222,2.52009260e-03,20
3226,Row-Update,mps,-1.39753997,1.45382094e-03,20
3226,Hybrid,mixture,-1.39766271,1.40425356e-03,20
3227,Metropolis,metropolis,-1.39095868,2.51906962e-03,20
3227,Row-Update,mps,-1.39753523,1.45184788e-03,20
3227,Hybrid,mixture,-1.39766362,1.40389467e-03,20
3228,Metropolis,metropolis,-1.39096555,2.51868901e-03,20
3228,Row-Update,mps,-1.39753651,1.45342688e-03,20
3228,Hybrid,mixture,-1.39766255,1.40314356e-03,20
3229,Metropolis,metropolis,-1.39095786,2.51964461e-03,20
3229,Row-Update,mps,-1.39753594,1.45470438e-03,20
3229,Hybrid,mixture,-1.39766058,1.40233731e-03,20
3230,Metropolis,metropolis,-1.39096892,2.51877613e-03,20
3230,Row-Update,mps,-1.39753267,1.45352952e-03,20
3230,Hybrid,mixture,-1.39766931,1.40474097e-03,20
3231,Metropolis,metropolis,-1.39096324,2.52019410e-03,20
3231,Row-Update,mps,-1.39752455,1.45118127e-03,20
3231,Hybrid,mixture,-1.39766410,1.40456931e-03,20
3232,Metropolis,metropolis,-1.39096229,2.51853313e-03,20
3232,Row-Update,mps,-1.39753556,1.45528309e-03,20
3232,Hybrid,mixture,-1.39765810,1.40371190e-03,20
3233,Metropolis,metropolis,-1.39096986,2.51921049e-03,20
3233,Row-Update,mps,-1.39753410,1.45324663e-03,20
3233,Hybrid,mixture,-1.39766189,1.40574124e-03,20
3234,Metropolis,metropolis,-1.39096274,2.51992375e-03,20
3234,Row-Update,mps,-1.39754021,1.45377704e-03,20
3234,Hybrid,mixture,-1.39765523,1.40448113e-03,20
3235,Metropolis,metropolis,-1.39096497,2.51978207e-03,20
3235,Row-Update,mps,-1.39753834,1.45407724e-03,20
3235,Hybrid,mixture,-1.39766364,1.40422158e-03,20
3236,Metropolis,metropolis,-1.39096780,2.51979303e-03,20
3236,Row-Update,mps,-1.39754440,1.45280254e-03,20
3236,Hybrid,mixture,-1.39766298,1.40445719e-03,20
3237,Metropolis,metropolis,-1.39097388,2.51981215e-03,20
3237,Row-Update,mps,-1.39753651,1.45287946e-03,20
3237,Hybrid,mixture,-1.39765661,1.40443229e-03,20
3238,Metropolis,metropolis,-1.39097179,2.51982630e-03,20
3238,Row-Update,mps,-1.39753544,1.45302663e-03,20
3238,Hybrid,mixture,-1.39766361,1.40526408e-03,20
3239,Metropolis,metropolis,-1.39096933,2.51929501e-03,20
3239,Row-Update,mps,-1.39752754,1.45326115e-03,20
3239,Hybrid,mixture,-1.39766497,1.40415637e-03,20
3240,Metropolis,metropolis,-1.39095622,2.52048169e-03,20
3240,Row-Update,mps,-1.39752974,1.45310401e-03,20
3240,Hybrid,mixture,-1.39766679,1.40494323e-03,20
3241,Metropolis,metropolis,-1.39096517,2.51970163e-03,20
3241,Row-Update,mps,-1.39753028,1.45265125e-03,20
3241,Hybrid,mixture,-1.39766211,1.40528969e-03,20
3242,Metropolis,metropolis,-1.39096883,2.52143514e-03,20
3242,Row-Update,mps,-1.39754210,1.45360677e-03,20
3242,Hybrid,mixture,-1.39766388,1.40415726e-03,20
3243,Metropolis,metropolis,-1.39097169,2.51960046e-03,20
3243,Row-Update,mps,-1.39752801,1.45292181e-03,20
3243,Hybrid,mixture,-1.39767671,1.39772938e-03,20
3244,Metropolis,metropolis,-1.39097574,2.51876984e-03,20
3244,Row-Update,mps,-1.39752842,1.45351898e-03,20
3244,Hybrid,mixture,-1.39766346,1.40460086e-03,20
3245,Metropolis,metropolis,-1.39097311,2.52013220e-03,20
3245,Row-Update,mps,-1.39752962,1.45298128e-03,20
3245,Hybrid,mixture,-1.39765318,1.40816209e-03,20
3246,Metropolis,metropolis,-1.39097626,2.52118308e-03,20
3246,Row-Update,mps,-1.39753190,1.45362849e-03,20
3246,Hybrid,mixture,-1.39765881,1.40192287e-03,20
3247,Metropolis,metropolis,-1.39097518,2.52066641e-03,20
3247,Row-Update,mps,-1.39753907,1.45502745e-03,20
3247,Hybrid,mixture,-1.39765954,1.40554367e-03,20
3248,Metropolis,metropolis,-1.39098104,2.51946387e-03,20
3248,Row-Update,mps,-1.39754075,1.45386543e-03,20
3248,Hybrid,mixture,-1.39766217,1.40315303e-03,20
3249,Metropolis,metropolis,-1.39097904,2.51955812e-03,20
3249,Row-Update,mps,-1.39754191,1.45409235e-03,20
3249,Hybrid,mixture,-1.39765851,1.40371136e-03,20
3250,Metropolis,metropolis,-1.39097831,2.51960915e-03,20
3250,Row-Update,mps,-1.39752438,1.45244199e-03,20
3250,Hybrid,mixture,-1.39765881,1.40381767e-03,20
3251,Metropolis,metropolis,-1.39096944,2.52081347e-03,20
3251,Row-Update,mps,-1.39753502,1.45400578e-03,20
3251,Hybrid,mixture,-1.39765705,1.40279481e-03,20
3252,Metropolis,metropolis,-1.39097705,2.51938549e-03,20
3252,Row-Update,mps,-1.39752952,1.45309221e-03,20
3252,Hybrid,mixture,-1.39765749,1.40449821e-03,20
3253,Metropolis,metropolis,-1.39097478,2.51972270e-03,20
3253,Row-Update,mps,-1.39753351,1.45372932e-03,20
3253,Hybrid,mixture,-1.39765832,1.40414492e-03,20
3254,Metropolis,metropolis,-1.39097374,2.52027105e-03,20
3254,Row-Update,mps,-1.39753549,1.45383521e-03,20
3254,Hybrid,mixture,-1.39765154,1.40318855e-03,20
3255,Metropolis,metropolis,-1.39097689,2.52090707e-03,20
3255,Row-Update,mps,-1.39753270,1.45305930e-03,20
3255,Hybrid,mixture,-1.39766738,1.40404215e-03,20
3256,Metropolis,metropolis,-1.39097483,2.52014078e-03,20
3256,Row-Update,mps,-1.39752952,1.45443852e-03,20
3256,Hybrid,mixture,-1.39766103,1.40463356e-03,20
3257,Metropolis,metropolis,-1.39097419,2.52206276e-03,20
3257,Row-Update,mps,-1.39754146,1.45456413e-03,20
3257,Hybrid,mixture,-1.39766135,1.40479236e-03,20
3258,Metropolis,metropolis,-1.39098431,2.51882047e-03,20
3258,Row-Update,mps,-1.39753721,1.45389898e-03,20
3258,Hybrid,mixture,-1.39765903,1.40444614e-03,20
3259,Metropolis,metropolis,-1.39097797,2.52084394e-03,20
3259,Row-Update,mps,-1.39754770,1.45242086e-03,20
3259,Hybrid,mixture,-1.39765631,1.40465339e-03,20
3260,Metropolis,metropolis,-1.39097405,2.51907961e-03,20
3260,Row-Update,mps,-1.39754479,1.45403122e-03,20
3260,Hybrid,mixture,-1.39766072,1.40425932e-03,20
3261,Metropolis,metropolis,-1.39097587,2.52086448e-03,20
3261,Row-Update,mps,-1.39752983,1.45775836e-03,20
3261,Hybrid,mixture,-1.39764713,1.40897817e-03,20
3262,Metropolis,metropolis,-1.39097427,2.51969438e-03,20
3262,Row-Update,mps,-1.39753609,1.45351191e-03,20
3262,Hybrid,mixture,-1.39765959,1.40207214e-03,20
3263,Metropolis,metropolis,-1.39097996,2.52111679e-03,20
3263,Row-Update,mps,-1.39753438,1.45439313e-03,20
3263,Hybrid,mixture,-1.39765804,1.40448210e-03,20
3264,Metropolis,metropolis,-1.39097374,2.52069713e-03,20
3264,Row-Update,mps,-1.39753876,1.45517976e-03,20
3264,Hybrid,mixture,-1.39766078,1.40130194e-03,20
3265,Metropolis,metropolis,-1.39097325,2.52003668e-03,20
3265,Row-Update,mps,-1.39752577,1.45634937e-03,20
3265,Hybrid,mixture,-1.39766672,1.40386538e-03,20
3266,Metropolis,metropolis,-1.39098290,2.51946713e-03,20
3266,Row-Update,mps,-1.39752890,1.45319835e-03,20
3266,Hybrid,mixture,-1.39765480,1.40632528e-03,20
3267,Metropolis,metropolis,-1.39097834,2.51910980e-03,20
3267,Row-Update,mps,-1.39753021,1.45525233e-03,20
3267,Hybrid,mixture,-1.39765648,1.40303378e-03,20
3268,Metropolis,metropolis,-1.39097874,2.52078166e-03,20
3268,Row-Update,mps,-1.39753927,1.45512962e-03,20
3268,Hybrid,mixture,-1.39767288,1.40482679e-03,20
3269,Metropolis,metropolis,-1.39097577,2.52103953e-03,20
3269,Row-Update,mps,-1.39753056,1.45506837e-03,20
3269,Hybrid,mixture,-1.39766123,1.40515696e-03,20
3270,Metropolis,metropolis,-1.39096986,2.52066849e-03,20
3270,Row-Update,mps,-1.39752670,1.45361461e-03,20
3270,Hybrid,mixture,-1.39765993,1.40431944e-03,20
3271,Metropolis,metropolis,-1.39098142,2.51951571e-03,20
3271,Row-Update,mps,-1.39753143,1.45397589e-03,20
3271,Hybrid,mixture,-1.39766059,1.40269982e-03,20
3272,Metropolis,metropolis,-1.39097787,2.51972816e-03,20
3272,Row-Update,mps,-1.39754526,1.45318976e-03,20
3272,Hybrid,mixture,-1.39766181,1.40502847e-03,20
3273,Metropolis,metropolis,-1.39097602,2.52068377e-03,20
3273,Row-Update,mps,-1.39753917,1.45678187e-03,20
3273,Hybrid,mixture,-1.39766904,1.40325387e-03,20
3274,Metropolis,metropolis,-1.39098012,2.51998686e-03,20
3274,Row-Update,mps,-1.39753586,1.45407493e-03,20
3274,Hybrid,mixture,-1.39765592,1.40381993e-03,20
3275,Metropolis,metropolis,-1.39097210,2.51873265e-03,20
3275,Row-Update,mps,-1.39753261,1.45500531e-03,20
3275,Hybrid,mixture,-1.39763514,1.39904613e-03,20
3276,Metropolis,metropolis,-1.39097863,2.51907099e-03,20
3276,Row-Update,mps,-1.39754135,1.45382399e-03,20
3276,Hybrid,mixture,-1.39766042,1.40395770e-03,20
3277,Metropolis,metropolis,-1.39098068,2.51865992e-03,20
3277,Row-Update,mps,-1.39754813,1.45247044e-03,20
3277,Hybrid,mixture,-1.39766392,1.40396069e-03,20
3278,Metropolis,metropolis,-1.39098069,2.52167443e-03,20
3278,Row-Update,mps,-1.39753283,1.45333255e-03,20
3278,Hybrid,mixture,-1.39765874,1.40358031e-03,20
3279,Metropolis,metropolis,-1.39097920,2.51982114e-03,20
3279,Row-Update,mps,-1.39752629,1.45222547e-03,20
3279,Hybrid,mixture,-1.39766159,1.40426082e-03,20
3280,Metropolis,metropolis,-1.39100670,2.52109629e-03,20
3280,Row-Update,mps,-1.39754335,1.45321466e-03,20
3280,Hybrid,mixture,-1.39765955,1.40495762e-03,20
3281,Metropolis,metropolis,-1.39097623,2.52098076e-03,20
3281,Row-Update,mps,-1.39753803,1.45511700e-03,20
3281,Hybrid,mixture,-1.39766086,1.40374973e-03,20
3282,Metropolis,metropolis,-1.39097435,2.52045732e-03,20
3282,Row-Update,mps,-1.39753113,1.45512698e-03,20
3282,Hybrid,mixture,-1.39766066,1.40207614e-03,20
3283,Metropolis,metropolis,-1.39098251,2.52009320e-03,20
3283,Row-Update,mps,-1.39753428,1.45547036e-03,20
3283,Hybrid,mixture,-1.39766895,1.40553211e-03,20
3284,Metropolis,metropolis,-1.39097888,2.51999329e-03,20
3284,Row-Update,mps,-1.39752908,1.45315243e-03,20
3284,Hybrid,mixture,-1.39766680,1.40332557e-03,20
3285,Metropolis,metropolis,-1.39097418,2.52048906e-03,20
3285,Row-Update,mps,-1.39753036,1.45521927e-03,20
3285,Hybrid,mixture,-1.39765510,1.40180714e-03,20
3286,Metropolis,metropolis,-1.39097374,2.51944549e-03,20
3286,Row-Update,mps,-1.39753664,1.45406739e-03,20
3286,Hybrid,mixture,-1.39765545,1.40472759e-03,20
3287,Metropolis,metropolis,-1.39098220,2.51780813e-03,20
3287,Row-Update,mps,-1.39753129,1.45415714e-03,20
3287,Hybrid,mixture,-1.39766493,1.40427822e-03,20
3288,Metropolis,metropolis,-1.39097471,2.52000224e-03,20
3288,Row-Update,mps,-1.39753432,1.45463508e-03,20
3288,Hybrid,mixture,-1.39767447,1.40401117e-03,20
3289,Metropolis,metropolis,-1.39097831,2.52112004e-03,20
3289,Row-Update,mps,-1.39752926,1.45401623e-03,20
3289,Hybrid,mixture,-1.39767034,1.40448824e-03,20
3290,Metropolis,metropolis,-1.39097645,2.52021355e-03,20
3290,Row-Update,mps,-1.39753511,1.45549744e-03,20
3290,Hybrid,mixture,-1.39765591,1.40530868e-03,20
3291,Metropolis,metropolis,-1.39097416,2.51988133e-03,20
3291,Row-Update,mps,-1.39753401,1.45277407e-03,20
3291,Hybrid,mixture,-1.39766544,1.40414124e-03,20
3292,Metropolis,metropolis,-1.39097196,2.51955897e-03,20
3292,Row-Update,mps,-1.39752693,1.45497464e-03,20
3292,Hybrid,mixture,-1.39765056,1.40549767e-03,20
3293,Metropolis,metropolis,-1.39097204,2.51897402e-03,20
3293,Row-Update,mps,-1.39753215,1.45491663e-03,20
3293,Hybrid,mixture,-1.39766692,1.40398547e-03,20
3294,Metropolis,metropolis,-1.39097515,2.51990956e-03,20
3294,Row-Update,mps,-1.39753009,1.45329916e-03,20
3294,Hybrid,mixture,-1.39766439,1.40411300e-03,20
3295,Metropolis,metropolis,-1.39097859,2.52069439e-03,20
3295,Row-Update,mps,-1.39753152,1.45442188e-03,20
3295,Hybrid,mixture,-1.39766252,1.40407656e-03,20
3296,Metropolis,metropolis,-1.39097878,2.51919844e-03,20
3296,Row-Update,mps,-1.39753490,1.45235453e-03,20
3296,Hybrid,mixture,-1.39766065,1.40434174e-03,20
3297,Metropolis,metropolis,-1.39098475,2.52106118e-03,20
3297,Row-Update,mps,-1.39754318,1.45359050e-03,20
3297,Hybrid,mixture,-1.39766476,1.40314780e-03,20
3298,Metropolis,metropolis,-1.39097670,2.52036622e-03,20
3298,Row-Update,mps,-1.39752860,1.45531161e-03,20
3298,Hybrid,mixture,-1.39766634,1.40387824e-03,20
3299,Metropolis,metropolis,-1.39097487,2.51998001e-03,20
3299,Row-Update,mps,-1.39753496,1.45350169e-03,20
3299,Hybrid,mixture,-1.39766496,1.40342155e-03,20
3300,Metropolis,metropolis,-1.39098704,2.52077998e-03,20
3300,Row-Update,mps,-1.39753449,1.45273747e-03,20
3300,Hybrid,mixture,-1.39765419,1.40598738e-03,20
3301,Metropolis,metropolis,-1.39098309,2.52138652e-03,20
3301,Row-Update,mps,-1.39754011,1.45365917e-03,20
3301,Hybrid,mixture,-1.39766108,1.40410852e-03,20
3302,Metropolis,metropolis,-1.39097951,2.51878845e-03,20
3302,Row-Update,mps,-1.39754511,1.45769433e-03,20
3302,Hybrid,mixture,-1.39766717,1.40405759e-03,20
3303,Metropolis,metropolis,-1.39098896,2.51970745e-03,20
3303,Row-Update,mps,-1.39753591,1.45415700e-03,20
3303,Hybrid,mixture,-1.39766317,1.40262520e-03,20
3304,Metropolis,metropolis,-1.39097360,2.51953680e-03,20
3304,Row-Update,mps,-1.39753809,1.45598296e-03,20
3304,Hybrid,mixture,-1.39765762,1.40117330e-03,20
3305,Metropolis,metropolis,-1.39097983,2.51944157e-03,20
3305,Row-Update,mps,-1.39752554,1.45461566e-03,20
3305,Hybrid,mixture,-1.39765584,1.40373237e-03,20
3306,Metropolis,metropolis,-1.39097611,2.52028498e-03,20
3306,Row-Update,mps,-1.39753316,1.45280664e-03,20
3306,Hybrid,mixture,-1.39766303,1.40282668e-03,20
3307,Metropolis,metropolis,-1.39097695,2.51925394e-03,20
3307,Row-Update,mps,-1.39753641,1.45264967e-03,20
3307,Hybrid,mixture,-1.39765579,1.40331515e-03,20
3308,Metropolis,metropolis,-1.39097976,2.52038712e-03,20
3308,Row-Update,mps,-1.39753270,1.45408110e-03,20
3308,Hybrid,mixture,-1.39766545,1.40452710e-03,20
3309,Metropolis,metropolis,-1.39097662,2.51876783e-03,20
3309,Row-Update,mps,-1.39753147,1.45287364e-03,20
3309,Hybrid,mixture,-1.39766028,1.40430850e-03,20
3310,Metropolis,metropolis,-1.39098054,2.52039225e-03,20
3310,Row-Update,mps,-1.39753530,1.45369236e-03,20
3310,Hybrid,mixture,-1.39766253,1.40480952e-03,20
3311,Metropolis,metropolis,-1.39096545,2.51837282e-03,20
3311,Row-Update,mps,-1.39752789,1.45216904e-03,20
3311,Hybrid,mixture,-1.39766135,1.40417506e-03,20
3312,Metropolis,metropolis,-1.39097442,2.52212090e-03,20
3312,Row-Update,mps,-1.39752438,1.45639135e-03,20
3312,Hybrid,mixture,-1.39765285,1.40393761e-03,20
3313,Metropolis,metropolis,-1.39097852,2.52122942e-03,20
3313,Row-Update,mps,-1.39752955,1.45550592e-03,20
3313,Hybrid,mixture,-1.39766028,1.40474967e-03,20
3314,Metropolis,metropolis,-1.39098240,2.52102463e-03,20
3314,Row-Update,mps,-1.39753868,1.45242369e-03,20
3314,Hybrid,mixture,-1.39766574,1.40366892e-03,20
3315,Metropolis,metropolis,-1.39098490,2.51977709e-03,20
3315,Row-Update,mps,-1.39753732,1.45390751e-03,20
3315,Hybrid,mixture,-1.39765993,1.40500815e-03,20
3316,Metropolis,metropolis,-1.39097876,2.51974757e-03,20
3316,Row-Update,mps,-1.39753056,1.45436194e-03,20
3316,Hybrid,mixture,-1.39766328,1.40352092e-03,20
3317,Metropolis,metropolis,-1.39097917,2.52114692e-03,20
3317,Row-Update,mps,-1.39753881,1.45399933e-03,20
3317,Hybrid,mixture,-1.39766242,1.40418438e-03,20
3318,Metropolis,metropolis,-1.39097790,2.51815584e-03,20
3318,Row-Update,mps,-1.39753832,1.45375343e-03,20
3318,Hybrid,mixture,-1.39766613,1.40322602e-03,20
3319,Metropolis,metropolis,-1.39097753,2.52201084e-03,20
3319,Row-Update,mps,-1.39753117,1.45603256e-03,20
3319,Hybrid,mixture,-1.39765887,1.40383645e-03,20
3320,Metropolis,metropolis,-1.39097143,2.51933905e-03,20
3320,Row-Update,mps,-1.39753501,1.45350142e-03,20
3320,Hybrid,mixture,-1.39766596,1.40432461e-03,20
3321,Metropolis,metropolis,-1.39097748,2.52047562e-03,20
3321,Row-Update,mps,-1.39753771,1.45294328e-03,20
3321,Hybrid,mixture,-1.39766345,1.40295330e-03,20
3322,Metropolis,metropolis,-1.39097952,2.52068446e-03,20
3322,Row-Update,mps,-1.39753680,1.45327501e-03,20
3322,Hybrid,mixture,-1.39765922,1.40377856e-03,20
3323,Metropolis,metropolis,-1.39098139,2.52032122e-03,20
3323,Row-Update,mps,-1.39753482,1.45417233e-03,20
3323,Hybrid,mixture,-1.39765782,1.40330220e-03,20
3324,Metropolis,metropolis,-1.39098383,2.51967738e-03,20
3324,Row-Update,mps,-1.39753490,1.45253671e-03,20
3324,Hybrid,mixture,-1.39766395,1.40515581e-03,20
3325,Metropolis,metropolis,-1.39098179,2.52090758e-03,20
3325,Row-Update,mps,-1.39753547,1.45235811e-03,20
3325,Hybrid,mixture,-1.39766375,1.40462166e-03,20
3326,Metropolis,metropolis,-1.39097832,2.52072251e-03,20
3326,Row-Update,mps,-1.39753222,1.45318857e-03,20
3326,Hybrid,mixture,-1.39766052,1.40515810e-03,20
3327,Metropolis,metropolis,-1.39097449,2.51794460e-03,20
3327,Row-Update,mps,-1.39753728,1.45451445e-03,20
3327,Hybrid,mixture,-1.39766747,1.40362746e-03,20
3328,Metropolis,metropolis,-1.39098142,2.51812795e-03,20
3328,Row-Update,mps,-1.39752608,1.45233974e-03,20
3328,Hybrid,mixture,-1.39766770,1.40400004e-03,20
3329,Metropolis,metropolis,-1.39098290,2.51969309e-03,20
3329,Row-Update,mps,-1.39753297,1.45548023e-03,20
3329,Hybrid,mixture,-1.39766768,1.40411106e-03,20
3330,Metropolis,metropolis,-1.39097559,2.51924632e-03,20
3330,Row-Update,mps,-1.39753066,1.45479092e-03,20
3330,Hybrid,mixture,-1.39766235,1.40170090e-03,20
3331,Metropolis,metropolis,-1.39097479,2.52052405e-03,20
3331,Row-Update,mps,-1.39753128,1.45426802e-03,20
3331,Hybrid,mixture,-1.39765837,1.40406327e-03,20
3332,Metropolis,metropolis,-1.39097943,2.52055727e-03,20
3332,Row-Update,mps,-1.39754081,1.45543537e-03,20
3332,Hybrid,mixture,-1.39766185,1.40327576e-03,20
3333,Metropolis,metropolis,-1.39098468,2.52071103e-03,20
3333,Row-Update,mps,-1.39753604,1.45344532e-03,20
3333,Hybrid,mixture,-1.39765904,1.40277422e-03,20
3334,Metropolis,metropolis,-1.39098117,2.52054510e-03,20
3334,Row-Update,mps,-1.39753463,1.45438114e-03,20
3334,Hybrid,mixture,-1.39765092,1.40549753e-03,20
3335,Metropolis,metropolis,-1.39098412,2.52098389e-03,20
3335,Row-Update,mps,-1.39752878,1.45350965e-03,20
3335,Hybrid,mixture,-1.39766385,1.40421853e-03,20
3336,Metropolis,metropolis,-1.39097225,2.52012767e-03,20
3336,Row-Update,mps,-1.39753262,1.45390501e-03,20
3336,Hybrid,mixture,-1.39766103,1.40363006e-03,20
3337,Metropolis,metropolis,-1.39097816,2.52107195e-03,20
3337,Row-Update,mps,-1.39755010,1.45348551e-03,20
3337,Hybrid,mixture,-1.39765194,1.40311650e-03,20
3338,Metropolis,metropolis,-1.39097787,2.52033200e-03,20
3338,Row-Update,mps,-1.39753761,1.45723829e-03,20
3338,Hybrid,mixture,-1.39766217,1.40427621e-03,20
3339,Metropolis,metropolis,-1.39097892,2.52068123e-03,20
3339,Row-Update,mps,-1.39753362,1.45344590e-03,20
3339,Hybrid,mixture,-1.39766402,1.40360897e-03,20
3340,Metropolis,metropolis,-1.39098024,2.52012490e-03,20
3340,Row-Update,mps,-1.39753927,1.45527008e-03,20
3340,Hybrid,mixture,-1.39765778,1.40428813e-03,20
3341,Metropolis,metropolis,-1.39097672,2.52113415e-03,20
3341,Row-Update,mps,-1.39753662,1.45466239e-03,20
3341,Hybrid,mixture,-1.39766884,1.40560913e-03,20
3342,Metropolis,metropolis,-1.39097758,2.52003300e-03,20
3342,Row-Update,mps,-1.39753928,1.45461041e-03,20
3342,Hybrid,mixture,-1.39766036,1.40270708e-03,20
3343,Metropolis,metropolis,-1.39097651,2.51986984e-03,20
3343,Row-Update,mps,-1.39753371,1.45380377e-03,20
3343,Hybrid,mixture,-1.39766645,1.40365578e-03,20
3344,Metropolis,metropolis,-1.39098097,2.52132809e-03,20
3344,Row-Update,mps,-1.39753695,1.45358885e-03,20
3344,Hybrid,mixture,-1.39765722,1.40666287e-03,20
3345,Metropolis,metropolis,-1.39097721,2.51963644e-03,20
3345,Row-Update,mps,-1.39753838,1.45562156e-03,20
3345,Hybrid,mixture,-1.39766252,1.40261831e-03,20
3346,Metropolis,metropolis,-1.39097491,2.51934114e-03,20
3346,Row-Update,mps,-1.39754005,1.45377905e-03,20
3346,Hybrid,mixture,-1.39766191,1.40413664e-03,20
3347,Metropolis,metropolis,-1.39098057,2.52215333e-03,20
3347,Row-Update,mps,-1.39752100,1.45544690e-03,20
3347,Hybrid,mixture,-1.39766310,1.40444420e-03,20
3348,Metropolis,metropolis,-1.39097798,2.52059879e-03,20
3348,Row-Update,mps,-1.39753667,1.45484013e-03,20
3348,Hybrid,mixture,-1.39765874,1.40347477e-03,20
3349,Metropolis,metropolis,-1.39097902,2.52084359e-03,20
3349,Row-Update,mps,-1.39752227,1.45193853e-03,20
3349,Hybrid,mixture,-1.39765641,1.40322437e-03,20
3350,Metropolis,metropolis,-1.39098189,2.52210635e-03,20
3350,Row-Update,mps,-1.39753559,1.45511728e-03,20
3350,Hybrid,mixture,-1.39767231,1.39877035e-03,20
3351,Metropolis,metropolis,-1.39098153,2.51892979e-03,20
3351,Row-Update,mps,-1.39753747,1.45246942e-03,20
3351,Hybrid,mixture,-1.39766133,1.40518540e-03,20
3352,Metropolis,metropolis,-1.39098109,2.52108547e-03,20
3352,Row-Update,mps,-1.39755940,1.45974921e-03,20
3352,Hybrid,mixture,-1.39766985,1.40372359e-03,20
3353,Metropolis,metropolis,-1.39098030,2.51980221e-03,20
3353,Row-Update,mps,-1.39753389,1.45292398e-03,20
3353,Hybrid,mixture,-1.39766637,1.40317046e-03,20
3354,Metropolis,metropolis,-1.39097672,2.52129080e-03,20
3354,Row-Update,mps,-1.39753693,1.45275788e-03,20
3354,Hybrid,mixture,-1.39765488,1.40448042e-03,20
3355,Metropolis,metropolis,-1.39098052,2.52014753e-03,20
3355,Row-Update,mps,-1.39754148,1.45322946e-03,20
3355,Hybrid,mixture,-1.39766850,1.40238042e-03,20
3356,Metropolis,metropolis,-1.39097799,2.52029533e-03,20
3356,Row-Update,mps,-1.39754336,1.45468998e-03,20
3356,Hybrid,mixture,-1.39766515,1.40391451e-03,20
3357,Metropolis,metropolis,-1.39097656,2.52012331e-03,20
3357,Row-Update,mps,-1.39753117,1.45466030e-03,20
3357,Hybrid,mixture,-1.39766560,1.40363781e-03,20
3358,Metropolis,metropolis,-1.39098581,2.51966785e-03,20
3358,Row-Update,mps,-1.39752844,1.45410589e-03,20
3358,Hybrid,mixture,-1.39765663,1.40276052e-03,20
3359,Metropolis,metropolis,-1.39097867,2.51955608e-03,20
3359,Row-Update,mps,-1.39753304,1.45317665e-03,20
3359,Hybrid,mixture,-1.39766432,1.40403882e-03,20
3360,Metropolis,metropolis,-1.39097556,2.52116827e-03,20
3360,Row-Update,mps,-1.39753849,1.45382310e-03,20
3360,Hybrid,mixture,-1.39767055,1.40468336e-03,20
3361,Metropolis,metropolis,-1.39097664,2.51986511e-03,20
3361,Row-Update,mps,-1.39754795,1.45260275e-03,20
3361,Hybrid,mixture,-1.39765974,1.40383780e-03,20
3362,Metropolis,metropolis,-1.39098098,2.52083959e-03,20
3362,Row-Update,mps,-1.39753354,1.45465503e-03,20
3362,Hybrid,mixture,-1.39765163,1.40264555e-03,20
3363,Metropolis,metropolis,-1.39097921,2.51987880e-03,20
3363,Row-Update,mps,-1.39753068,1.45359188e-03,20
3363,Hybrid,mixture,-1.39766853,1.40488264e-03,20
3364,Metropolis,metropolis,-1.39098027,2.52126723e-03,20
3364,Row-Update,mps,-1.39753432,1.45399762e-03,20
3364,Hybrid,mixture,-1.39766789,1.40162166e-03,20
3365,Metropolis,metropolis,-1.39097902,2.51989517e-03,20
3365,Row-Update,mps,-1.39753892,1.45411986e-03,20
3365,Hybrid,mixture,-1.39765673,1.40395830e-03,20
3366,Metropolis,metropolis,-1.39097680,2.51956344e-03,20
3366,Row-Update,mps,-1.39753843,1.45482408e-03,20
3366,Hybrid,mixture,-1.39765599,1.40336001e-03,20
3367,Metropolis,metropolis,-1.39097510,2.52174697e-03,20
3367,Row-Update,mps,-1.39753862,1.45390165e-03,20
3367,Hybrid,mixture,-1.39764624,1.40198896e-03,20
3368,Metropolis,metropolis,-1.39097503,2.51968271e-03,20
3368,Row-Update,mps,-1.39753848,1.45344149e-03,20
3368,Hybrid,mixture,-1.39765905,1.40337536e-03,20
3369,Metropolis,metropolis,-1.39097877,2.52078808e-03,20
3369,Row-Update,mps,-1.39753314,1.45428694e-03,20
3369,Hybrid,mixture,-1.39766965,1.40498539e-03,20
3370,Metropolis,metropolis,-1.39097282,2.51951660e-03,20
3370,Row-Update,mps,-1.39753687,1.45634854e-03,20
3370,Hybrid,mixture,-1.39766324,1.40457868e-03,20
3371,Metropolis,metropolis,-1.39097984,2.51988247e-03,20
3371,Row-Update,mps,-1.39754300,1.45613153e-03,20
3371,Hybrid,mixture,-1.39766233,1.40526623e-03,20
3372,Metropolis,metropolis,-1.39097447,2.52190482e-03,20
3372,Row-Update,mps,-1.39753851,1.45249028e-03,20
3372,Hybrid,mixture,-1.39765590,1.40406839e-03,20
3373,Metropolis,metropolis,-1.39097921,2.51985649e-03,20
3373,Row-Update,mps,-1.39753395,1.45486157e-03,20
3373,Hybrid,mixture,-1.39765971,1.40473547e-03,20
3374,Metropolis,metropolis,-1.39098031,2.51966579e-03,20
3374,Row-Update,mps,-1.39754190,1.45499696e-03,20
3374,Hybrid,mixture,-1.39766268,1.40325879e-03,20
3375,Metropolis,metropolis,-1.39097673,2.52006761e-03,20
3375,Row-Update,mps,-1.39754432,1.45416724e-03,20
3375,Hybrid,mixture,-1.39765778,1.40403323e-03,20
3376,Metropolis,metropolis,-1.39097730,2.52074415e-03,20
3376,Row-Update,mps,-1.39753761,1.45317275e-03,20
3376,Hybrid,mixture,-1.39766122,1.40425523e-03,20
3377,Metropolis,metropolis,-1.39097691,2.51925994e-03,20
3377,Row-Update,mps,-1.39753362,1.45439746e-03,20
3377,Hybrid,mixture,-1.39766586,1.40435922e-03,20
3378,Metropolis,metropolis,-1.39097705,2.52107378e-03,20
3378,Row-Update,mps,-1.39753546,1.45430750e-03,20
3378,Hybrid,mixture,-1.39766328,1.40324680e-03,20
3379,Metropolis,metropolis,-1.39098414,2.52016231e-03,20
3379,Row-Update,mps,-1.39753071,1.45347765e-03,20
3379,Hybrid,mixture,-1.39765811,1.40396383e-03,20
3380,Metropolis,metropolis,-1.39097674,2.52012134e-03,20
3380,Row-Update,mps,-1.39753648,1.45403972e-03,20
3380,Hybrid,mixture,-1.39766117,1.40265576e-03,20
3381,Metropolis,metropolis,-1.39098721,2.51744601e-03,20
3381,Row-Update,mps,-1.39753360,1.45627899e-03,20
3381,Hybrid,mixture,-1.39766257,1.40460929e-03,20
3382,Metropolis,metropolis,-1.39098302,2.51959082e-03,20
3382,Row-Update,mps,-1.39754219,1.45439957e-03,20
3382,Hybrid,mixture,-1.39765904,1.40387334e-03,20
3383,Metropolis,metropolis,-1.39098463,2.51849799e-03,20
3383,Row-Update,mps,-1.39753741,1.45433182e-03,20
3383,Hybrid,mixture,-1.39765837,1.40175879e-03,20
3384,Metropolis,metropolis,-1.39097644,2.51962064e-03,20
3384,Row-Update,mps,-1.39753075,1.45754877e-03,20
3384,Hybrid,mixture,-1.39766138,1.40253413e-03,20
3385,Metropolis,metropolis,-1.39097795,2.51922588e-03,20
3385,Row-Update,mps,-1.39753544,1.45317566e-03,20
3385,Hybrid,mixture,-1.39765935,1.40399105e-03,20
3386,Metropolis,metropolis,-1.39097672,2.52070932e-03,20
3386,Row-Update,mps,-1.39753853,1.45386115e-03,20
3386,Hybrid,mixture,-1.39766884,1.40325406e-03,20
3387,Metropolis,metropolis,-1.39096686,2.51737731e-03,20
3387,Row-Update,mps,-1.39754091,1.45439879e-03,20
3387,Hybrid,mixture,-1.39766394,1.40192506e-03,20
3388,Metropolis,metropolis,-1.39097848,2.51892495e-03,20
3388,Row-Update,mps,-1.39753750,1.45214635e-03,20
3388,Hybrid,mixture,-1.39766576,1.40283371e-03,20
3389,Metropolis,metropolis,-1.39097490,2.51914558e-03,20
3389,Row-Update,mps,-1.39753892,1.45296954e-03,20
3389,Hybrid,mixture,-1.39766223,1.40283516e-03,20
3390,Metropolis,metropolis,-1.39098444,2.52167546e-03,20
3390,Row-Update,mps,-1.39753758,1.45346733e-03,20
3390,Hybrid,mixture,-1.39766430,1.40360495e-03,20
3391,Metropolis,metropolis,-1.39097473,2.51902638e-03,20
3391,Row-Update,mps,-1.39753402,1.45405848e-03,20
3391,Hybrid,mixture,-1.39764804,1.40741215e-03,20
3392,Metropolis,metropolis,-1.39097845,2.52143307e-03,20
3392,Row-Update,mps,-1.39753650,1.45543911e-03,20
3392,Hybrid,mixture,-1.39766248,1.40434474e-03,20
3393,Metropolis,metropolis,-1.39097382,2.52028061e-03,20
3393,Row-Update,mps,-1.39753727,1.45408475e-03,20
3393,Hybrid,mixture,-1.39766041,1.40367048e-03,20
3394,Metropolis,metropolis,-1.39098282,2.51904912e-03,20
3394,Row-Update,mps,-1.39753483,1.45284803e-03,20
3394,Hybrid,mixture,-1.39766706,1.40309882e-03,20
3395,Metropolis,metropolis,-1.39097776,2.52031005e-03,20
3395,Row-Update,mps,-1.39753954,1.45393189e-03,20
3395,Hybrid,mixture,-1.39765830,1.40313884e-03,20
3396,Metropolis,metropolis,-1.39098000,2.52136273e-03,20
3396,Row-Update,mps,-1.39754766,1.45428651e-03,20
3396,Hybrid,mixture,-1.39766023,1.40390412e-03,20
3397,Metropolis,metropolis,-1.39097520,2.52044646e-03,20
3397,Row-Update,mps,-1.39753726,1.45403176e-03,20
3397,Hybrid,mixture,-1.39765983,1.40521264e-03,20
3398,Metropolis,metropolis,-1.39098385,2.52167814e-03,20
3398,Row-Update,mps,-1.39754118,1.45366623e-03,20
3398,Hybrid,mixture,-1.39765788,1.40371643e-03,20
3399,Metropolis,metropolis,-1.39098159,2.52128860e-03,20
3399,Row-Update,mps,-1.39753484,1.45466732e-03,20
3399,Hybrid,mixture,-1.39766181,1.40600758e-03,20
3400,Metropolis,metropolis,-1.39097511,2.52056993e-03,20
3400,Row-Update,mps,-1.39753265,1.45350825e-03,20
3400,Hybrid,mixture,-1.39766664,1.40440444e-03,20
3401,Metropolis,metropolis,-1.39098098,2.51949442e-03,20
3401,Row-Update,mps,-1.39754361,1.45496332e-03,20
3401,Hybrid,mixture,-1.39766984,1.40629808e-03,20
3402,Metropolis,metropolis,-1.39097777,2.52026567e-03,20
3402,Row-Update,mps,-1.39753182,1.45448519e-03,20
3402,Hybrid,mixture,-1.39765790,1.40538794e-03,20
3403,Metropolis,metropolis,-1.39098047,2.51970919e-03,20
3403,Row-Update,mps,-1.39754473,1.45354637e-03,20
3403,Hybrid,mixture,-1.39766160,1.40469335e-03,20
3404,Metropolis,metropolis,-1.39098074,2.52008177e-03,20
3404,Row-Update,mps,-1.39753767,1.45611531e-03,20
3404,Hybrid,mixture,-1.39766208,1.40404296e-03,20
3405,Metropolis,metropolis,-1.39097683,2.51979522e-03,20
3405,Row-Update,mps,-1.39754277,1.45342051e-03,20
3405,Hybrid,mixture,-1.39766404,1.40367047e-03,20
3406,Metropolis,metropolis,-1.39097802,2.52069416e-03,20
3406,Row-Update,mps,-1.39753602,1.45411264e-03,20
3406,Hybrid,mixture,-1.39766370,1.40491469e-03,20
3407,Metropolis,metropolis,-1.39098267,2.52000690e-03,20
3407,Row-Update,mps,-1.39754213,1.45436770e-03,20
3407,Hybrid,mixture,-1.39766543,1.40290937e-03,20
3408,Metropolis,metropolis,-1.39097289,2.52070106e-03,20
3408,Row-Update,mps,-1.39753335,1.45510587e-03,20
3408,Hybrid,mixture,-1.39766364,1.40629693e-03,20
3409,Metropolis,metropolis,-1.39097965,2.52037096e-03,20
3409,Row-Update,mps,-1.39753773,1.45312125e-03,20
3409,Hybrid,mixture,-1.39764333,1.40499842e-03,20
3410,Metropolis,metropolis,-1.39098320,2.51972181e-03,20
3410,Row-Update,mps,-1.39753757,1.45429233e-03,20
3410,Hybrid,mixture,-1.39766409,1.40509787e-03,20
3411,Metropolis,metropolis,-1.39097998,2.52113412e-03,20
3411,Row-Update,mps,-1.39752986,1.45441691e-03,20
3411,Hybrid,mixture,-1.39767243,1.40603889e-03,20
3412,Metropolis,metropolis,-1.39098600,2.51981006e-03,20
3412,Row-Update,mps,-1.39752698,1.45572488e-03,20
3412,Hybrid,mixture,-1.39766251,1.40439544e-03,20
3413,Metropolis,metropolis,-1.39098119,2.52032301e-03,20
3413,Row-Update,mps,-1.39754243,1.45577624e-03,20
3413,Hybrid,mixture,-1.39766163,1.40445444e-03,20
3414,Metropolis,metropolis,-1.39097857,2.52112841e-03,20
3414,Row-Update,mps,-1.39753886,1.45092503e-03,20
3414,Hybrid,mixture,-1.39766117,1.40442182e-03,20
3415,Metropolis,metropolis,-1.39097712,2.51983299e-03,20
3415,Row-Update,mps,-1.39753106,1.45954759e-03,20
3415,Hybrid,mixture,-1.39765794,1.40456382e-03,20
3416,Metropolis,metropolis,-1.39098849,2.52158434e-03,20
3416,Row-Update,mps,-1.39753635,1.45293609e-03,20
3416,Hybrid,mixture,-1.39765967,1.40303206e-03,20
3417,Metropolis,metropolis,-1.39098354,2.52048369e-03,20
3417,Row-Update,mps,-1.39753264,1.45619522e-03,20
3417,Hybrid,mixture,-1.39765782,1.40179115e-03,20
3418,Metropolis,metropolis,-1.39098071,2.52004497e-03,20
3418,Row-Update,mps,-1.39752869,1.45258257e-03,20
3418,Hybrid,mixture,-1.39766715,1.40463895e-03,20
3419,Metropolis,metropolis,-1.39097815,2.52017077e-03,20
3419,Row-Update,mps,-1.39753921,1.45359790e-03,20
3419,Hybrid,mixture,-1.39766470,1.40379911e-03,20
3420,Metropolis,metropolis,-1.39097980,2.52007047e-03,20
3420,Row-Update,mps,-1.39753391,1.45310977e-03,20
3420,Hybrid,mixture,-1.39765538,1.40300536e-03,20
3421,Metropolis,metropolis,-1.39097600,2.52026367e-03,20
3421,Row-Update,mps,-1.39753042,1.45427107e-03,20
3421,Hybrid,mixture,-1.39766118,1.40492186e-03,20
3422,Metropolis,metropolis,-1.39098047,2.52060573e-03,20
3422,Row-Update,mps,-1.39753457,1.45314160e-03,20
3422,Hybrid,mixture,-1.39766745,1.40339065e-03,20
3423,Metropolis,metropolis,-1.39098470,2.52077977e-03,20
3423,Row-Update,mps,-1.39753807,1.45329062e-03,20
3423,Hybrid,mixture,-1.39766921,1.40387587e-03,20
3424,Metropolis,metropolis,-1.39098383,2.52113088e-03,20
3424,Row-Update,mps,-1.39752934,1.45264750e-03,20
3424,Hybrid,mixture,-1.39766615,1.40348094e-03,20
3425,Metropolis,metropolis,-1.39098368,2.52054412e-03,20
3425,Row-Update,mps,-1.39754311,1.45502293e-03,20
3425,Hybrid,mixture,-1.39766020,1.40375379e-03,20
3426,Metropolis,metropolis,-1.39097739,2.52044704e-03,20
3426,Row-Update,mps,-1.39753382,1.45456900e-03,20
3426,Hybrid,mixture,-1.39766260,1.40447101e-03,20
3427,Metropolis,metropolis,-1.39097949,2.52095552e-03,20
3427,Row-Update,mps,-1.39754150,1.45403910e-03,20
3427,Hybrid,mixture,-1.39765612,1.40352785e-03,20
3428,Metropolis,metropolis,-1.39097432,2.52025867e-03,20
3428,Row-Update,mps,-1.39753754,1.45336301e-03,20
3428,Hybrid,mixture,-1.39765926,1.40294274e-03,20
3429,Metropolis,metropolis,-1.39098406,2.52051105e-03,20
3429,Row-Update,mps,-1.39753407,1.45254786e-03,20
3429,Hybrid,mixture,-1.39767470,1.40449460e-03,20
3430,Metropolis,metropolis,-1.39098029,2.51953160e-03,20
3430,Row-Update,mps,-1.39755381,1.45317860e-03,20
3430,Hybrid,mixture,-1.39766731,1.40428848e-03,20
3431,Metropolis,metropolis,-1.39097850,2.51962628e-03,20
3431,Row-Update,mps,-1.39752861,1.45779528e-03,20
3431,Hybrid,mixture,-1.39766679,1.40477597e-03,20
3432,Metropolis,metropolis,-1.39098606,2.52078281e-03,20
3432,Row-Update,mps,-1.39753829,1.45375643e-03,20
3432,Hybrid,mixture,-1.39765796,1.40316366e-03,20
3433,Metropolis,metropolis,-1.39098436,2.51981877e-03,20
3433,Row-Update,mps,-1.39754340,1.45450049e-03,20
3433,Hybrid,mixture,-1.39766029,1.40430990e-03,20
3434,Metropolis,metropolis,-1.39097738,2.52171081e-03,20
3434,Row-Update,mps,-1.39753638,1.45465118e-03,20
3434,Hybrid,mixture,-1.39765896,1.40408831e-03,20
3435,Metropolis,metropolis,-1.39099050,2.52284744e-03,20
3435,Row-Update,mps,-1.39752673,1.45416080e-03,20
3435,Hybrid,mixture,-1.39765663,1.40284177e-03,20
3436,Metropolis,metropolis,-1.39097997,2.52004947e-03,20
3436,Row-Update,mps,-1.39754061,1.45470989e-03,20
3436,Hybrid,mixture,-1.39766699,1.40363804e-03,20
3437,Metropolis,metropolis,-1.39097765,2.51985227e-03,20
3437,Row-Update,mps,-1.39753617,1.45353805e-03,20
3437,Hybrid,mixture,-1.39767148,1.40723355e-03,20
3438,Metropolis,metropolis,-1.39098009,2.51962021e-03,20
3438,Row-Update,mps,-1.39752966,1.45506042e-03,20
3438,Hybrid,mixture,-1.39765973,1.40352696e-03,20
3439,Metropolis,metropolis,-1.39097276,2.51975787e-03,20
3439,Row-Update,mps,-1.39753427,1.45407211e-03,20
3439,Hybrid,mixture,-1.39766382,1.40457640e-03,20
3440,Metropolis,metropolis,-1.39097869,2.52008725e-03,20
3440,Row-Update,mps,-1.39755702,1.45250386e-03,20
3440,Hybrid,mixture,-1.39766597,1.40313552e-03,20
3441,Metropolis,metropolis,-1.39097652,2.52022169e-03,20
3441,Row-Update,mps,-1.39753364,1.45267520e-03,20
3441,Hybrid,mixture,-1.39766205,1.40332941e-03,20
3442,Metropolis,metropolis,-1.39097925,2.52074695e-03,20
3442,Row-Update,mps,-1.39754063,1.45483698e-03,20
3442,Hybrid,mixture,-1.39766544,1.40400386e-03,20
3443,Metropolis,metropolis,-1.39098093,2.52044289e-03,20
3443,Row-Update,mps,-1.39753419,1.45461146e-03,20
3443,Hybrid,mixture,-1.39766691,1.40495988e-03,20
3444,Metropolis,metropolis,-1.39098049,2.52070141e-03,20
3444,Row-Update,mps,-1.39753119,1.45288601e-03,20
3444,Hybrid,mixture,-1.39766327,1.40340747e-03,20
3445,Metropolis,metropolis,-1.39098098,2.51819005e-03,20
3445,Row-Update,mps,-1.39755180,1.45265961e-03,20
3445,Hybrid,mixture,-1.39766428,1.40453864e-03,20
3446,Metropolis,metropolis,-1.39097975,2.52114444e-03,20
3446,Row-Update,mps,-1.39752856,1.45433317e-03,20
3446,Hybrid,mixture,-1.39766372,1.40440945e-03,20
3447,Metropolis,metropolis,-1.39097919,2.52064082e-03,20
3447,Row-Update,mps,-1.39753678,1.45363758e-03,20
3447,Hybrid,mixture,-1.39766351,1.40424395e-03,20
3448,Metropolis,metropolis,-1.39098052,2.52070930e-03,20
3448,Row-Update,mps,-1.39754011,1.45454903e-03,20
3448,Hybrid,mixture,-1.39765569,1.40573892e-03,20
3449,Metropolis,metropolis,-1.39097548,2.52080182e-03,20
3449,Row-Update,mps,-1.39753140,1.45207117e-03,20
3449,Hybrid,mixture,-1.39765826,1.40593779e-03,20
3450,Metropolis,metropolis,-1.39098226,2.52023692e-03,20
3450,Row-Update,mps,-1.39754272,1.45291339e-03,20
3450,Hybrid,mixture,-1.39765845,1.40375057e-03,20
3451,Metropolis,metropolis,-1.39097846,2.52008337e-03,20
3451,Row-Update,mps,-1.39753742,1.45295824e-03,20
3451,Hybrid,mixture,-1.39765689,1.40352355e-03,20
3452,Metropolis,metropolis,-1.39099080,2.52222693e-03,20
3452,Row-Update,mps,-1.39752888,1.45230810e-03,20
3452,Hybrid,mixture,-1.39766652,1.40312139e-03,20
3453,Metropolis,metropolis,-1.39098225,2.51878540e-03,20
3453,Row-Update,mps,-1.39754005,1.45316683e-03,20
3453,Hybrid,mixture,-1.39766173,1.40403641e-03,20
3454,Metropolis,metropolis,-1.39097862,2.51941044e-03,20
3454,Row-Update,mps,-1.39754086,1.45262261e-03,20
3454,Hybrid,mixture,-1.39766874,1.40412846e-03,20
3455,Metropolis,metropolis,-1.39098196,2.51969302e-03,20
3455,Row-Update,mps,-1.39753264,1.45380330e-03,20
3455,Hybrid,mixture,-1.39766609,1.40220774e-03,20
3456,Metropolis,metropolis,-1.39097517,2.52156260e-03,20
3456,Row-Update,mps,-1.39753216,1.45467640e-03,20
3456,Hybrid,mixture,-1.39766265,1.40454210e-03,20
3457,Metropolis,metropolis,-1.39097440,2.52092272e-03,20
3457,Row-Update,mps,-1.39753870,1.45611803e-03,20
3457,Hybrid,mixture,-1.39765617,1.40395282e-03,20
3458,Metropolis,metropolis,-1.39097411,2.52044153e-03,20
3458,Row-Update,mps,-1.39753553,1.45304076e-03,20
3458,Hybrid,mixture,-1.39765452,1.40400649e-03,20
3459,Metropolis,metropolis,-1.39098247,2.52065687e-03,20
3459,Row-Update,mps,-1.39753322,1.45521529e-03,20
3459,Hybrid,mixture,-1.39765628,1.40398223e-03,20
3460,Metropolis,metropolis,-1.39099011,2.52153266e-03,20
3460,Row-Update,mps,-1.39754126,1.45296597e-03,20
3460,Hybrid,mixture,-1.39766630,1.40322805e-03,20
3461,Metropolis,metropolis,-1.39097464,2.52060691e-03,20
3461,Row-Update,mps,-1.39753988,1.45489574e-03,20
3461,Hybrid,mixture,-1.39766873,1.39992403e-03,20
3462,Metropolis,metropolis,-1.39097370,2.52188731e-03,20
3462,Row-Update,mps,-1.39752930,1.45357473e-03,20
3462,Hybrid,mixture,-1.39766564,1.40366808e-03,20
3463,Metropolis,metropolis,-1.39098007,2.52161596e-03,20
3463,Row-Update,mps,-1.39754044,1.45417136e-03,20
3463,Hybrid,mixture,-1.39766275,1.40361833e-03,20
3464,Metropolis,metropolis,-1.39098104,2.51939480e-03,20
3464,Row-Update,mps,-1.39753444,1.45316333e-03,20
3464,Hybrid,mixture,-1.39766516,1.40338368e-03,20
3465,Metropolis,metropolis,-1.39097920,2.51990437e-03,20
3465,Row-Update,mps,-1.39754012,1.45290390e-03,20
3465,Hybrid,mixture,-1.39765755,1.40547247e-03,20
3466,Metropolis,metropolis,-1.39098660,2.52059312e-03,20
3466,Row-Update,mps,-1.39754237,1.45292139e-03,20
3466,Hybrid,mixture,-1.39766078,1.40398226e-03,20
3467,Metropolis,metropolis,-1.39098355,2.52109049e-03,20
3467,Row-Update,mps,-1.39753719,1.45400205e-03,20
3467,Hybrid,mixture,-1.39765518,1.40442817e-03,20
3468,Metropolis,metropolis,-1.39097545,2.51770330e-03,20
3468,Row-Update,mps,-1.39753912,1.45739622e-03,20
3468,Hybrid,mixture,-1.39765849,1.40235660e-03,20
3469,Metropolis,metropolis,-1.39097860,2.52065082e-03,20
3469,Row-Update,mps,-1.39754489,1.45479760e-03,20
3469,Hybrid,mixture,-1.39765801,1.40320069e-03,20
3470,Metropolis,metropolis,-1.39098060,2.52074408e-03,20
3470,Row-Update,mps,-1.39753953,1.45475821e-03,20
3470,Hybrid,mixture,-1.39765438,1.40124269e-03,20
3471,Metropolis,metropolis,-1.39097875,2.52115426e-03,20
3471,Row-Update,mps,-1.39753810,1.45457143e-03,20
3471,Hybrid,mixture,-1.39765874,1.40247357e-03,20
3472,Metropolis,metropolis,-1.39097766,2.52000346e-03,20
3472,Row-Update,mps,-1.39753328,1.45275892e-03,20
3472,Hybrid,mixture,-1.39766369,1.40499317e-03,20
3473,Metropolis,metropolis,-1.39097553,2.51932826e-03,20
3473,Row-Update,mps,-1.39752912,1.45365013e-03,20
3473,Hybrid,mixture,-1.39767091,1.40243293e-03,20
3474,Metropolis,metropolis,-1.39098047,2.52001948e-03,20
3474,Row-Update,mps,-1.39753957,1.45224195e-03,20
3474,Hybrid,mixture,-1.39765831,1.40356457e-03,20
3475,Metropolis,metropolis,-1.39097697,2.51940095e-03,20
3475,Row-Update,mps,-1.39753324,1.45572770e-03,20
3475,Hybrid,mixture,-1.39765732,1.40334724e-03,20
3476,Metropolis,metropolis,-1.39097778,2.52118339e-03,20
3476,Row-Update,mps,-1.39753130,1.45405480e-03,20
3476,Hybrid,mixture,-1.39766485,1.40389514e-03,20
3477,Metropolis,metropolis,-1.39098193,2.52091385e-03,20
3477,Row-Update,mps,-1.39753833,1.45512007e-03,20
3477,Hybrid,mixture,-1.39766736,1.40312332e-03,20
3478,Metropolis,metropolis,-1.39097464,2.52017925e-03,20
3478,Row-Update,mps,-1.39753982,1.45353976e-03,20
3478,Hybrid,mixture,-1.39765693,1.40633186e-03,20
3479,Metropolis,metropolis,-1.39097937,2.52131832e-03,20
3479,Row-Update,mps,-1.39754342,1.45346846e-03,20
3479,Hybrid,mixture,-1.39766242,1.40491059e-03,20
3480,Metropolis,metropolis,-1.39098074,2.52051964e-03,20
3480,Row-Update,mps,-1.39753715,1.45438951e-03,20
3480,Hybrid,mixture,-1.39765213,1.40233016e-03,20
3481,Metropolis,metropolis,-1.39098174,2.51930951e-03,20
3481,Row-Update,mps,-1.39753178,1.45424532e-03,20
3481,Hybrid,mixture,-1.39766556,1.40388975e-03,20
3482,Metropolis,metropolis,-1.39097921,2.52050533e-03,20
3482,Row-Update,mps,-1.39753752,1.45657909e-03,20
3482,Hybrid,mixture,-1.39765814,1.40468655e-03,20
3483,Metropolis,metropolis,-1.39097794,2.51930479e-03,20
3483,Row-Update,mps,-1.39753891,1.45400554e-03,20
3483,Hybrid,mixture,-1.39766326,1.40553447e-03,20
3484,Metropolis,metropolis,-1.39098197,2.52151419e-03,20
3484,Row-Update,mps,-1.39754088,1.45218382e-03,20
3484,Hybrid,mixture,-1.39765484,1.40529281e-03,20
3485,Metropolis,metropolis,-1.39098031,2.52089521e-03,20
3485,Row-Update,mps,-1.39753309,1.45392690e-03,20
3485,Hybrid,mixture,-1.39765502,1.40269806e-03,20
3486,Metropolis,metropolis,-1.39097868,2.52065443e-03,20
3486,Row-Update,mps,-1.39754317,1.45429106e-03,20
3486,Hybrid,mixture,-1.39765781,1.40300142e-03,20
3487,Metropolis,metropolis,-1.39097690,2.52036143e-03,20
3487,Row-Update,mps,-1.39753706,1.45479081e-03,20
3487,Hybrid,mixture,-1.39765025,1.40844815e-03,20
3488,Metropolis,metropolis,-1.39098123,2.51972724e-03,20
3488,Row-Update,mps,-1.39753335,1.45421640e-03,20
3488,Hybrid,mixture,-1.39766712,1.40371921e-03,20
3489,Metropolis,metropolis,-1.39097910,2.52052918e-03,20
3489,Row-Update,mps,-1.39754199,1.45484470e-03,20
3489,Hybrid,mixture,-1.39766708,1.40263104e-03,20
3490,Metropolis,metropolis,-1.39098020,2.51917383e-03,20
3490,Row-Update,mps,-1.39753825,1.45416518e-03,20
3490,Hybrid,mixture,-1.39767219,1.40322513e-03,20
3491,Metropolis,metropolis,-1.39098571,2.51994840e-03,20
3491,Row-Update,mps,-1.39753713,1.45417411e-03,20
3491,Hybrid,mixture,-1.39766233,1.40559420e-03,20
3492,Metropolis,metropolis,-1.39097933,2.51914265e-03,20
3492,Row-Update,mps,-1.39753700,1.45246157e-03,20
3492,Hybrid,mixture,-1.39765423,1.40469557e-03,20
3493,Metropolis,metropolis,-1.39098204,2.51933999e-03,20
3493,Row-Update,mps,-1.39754252,1.45352693e-03,20
3493,Hybrid,mixture,-1.39766386,1.40415168e-03,20
3494,Metropolis,metropolis,-1.39097786,2.52145072e-03,20
3494,Row-Update,mps,-1.39752716,1.45460484e-03,20
3494,Hybrid,mixture,-1.39766653,1.40563226e-03,20
3495,Metropolis,metropolis,-1.39097833,2.52046949e-03,20
3495,Row-Update,mps,-1.39753056,1.45442357e-03,20
3495,Hybrid,mixture,-1.39766470,1.40372745e-03,20
3496,Metropolis,metropolis,-1.39097976,2.51986072e-03,20
3496,Row-Update,mps,-1.39753117,1.45266554e-03,20
3496,Hybrid,mixture,-1.39766459,1.40286413e-03,20
3497,Metropolis,metropolis,-1.39097561,2.52104200e-03,20
3497,Row-Update,mps,-1.39753473,1.45289837e-03,20
3497,Hybrid,mixture,-1.39765839,1.40586470e-03,20
3498,Metropolis,metropolis,-1.39098358,2.51947530e-03,20
3498,Row-Update,mps,-1.39753855,1.45461522e-03,20
3498,Hybrid,mixture,-1.39765855,1.40379776e-03,20
3499,Metropolis,metropolis,-1.39097827,2.52117581e-03,20
3499,Row-Update,mps,-1.39753166,1.45358015e-03,20
3499,Hybrid,mixture,-1.39766628,1.40361023e-03,20
3500,Metropolis,metropolis,-1.39097846,2.51951286e-03,20
3500,Row-Update,mps,-1.39754486,1.45436829e-03,20
3500,Hybrid,mixture,-1.39766526,1.40193228e-03,20
3501,Metropolis,metropolis,-1.39097629,2.51953670e-03,20
3501,Row-Update,mps,-1.39754009,1.45355474e-03,20
3501,Hybrid,mixture,-1.39765901,1.40291906e-03,20
3502,Metropolis,metropolis,-1.39097641,2.52189209e-03,20
3502,Row-Update,mps,-1.39753962,1.45274753e-03,20
3502,Hybrid,mixture,-1.39766440,1.40347881e-03,20
3503,Metropolis,metropolis,-1.39097794,2.52105099e-03,20
3503,Row-Update,mps,-1.39753177,1.45353014e-03,20
3503,Hybrid,mixture,-1.39766418,1.40447312e-03,20
3504,Metropolis,metropolis,-1.39098229,2.52148383e-03,20
3504,Row-Update,mps,-1.39753532,1.45408716e-03,20
3504,Hybrid,mixture,-1.39766282,1.40327186e-03,20
3505,Metropolis,metropolis,-1.39097808,2.52054359e-03,20
3505,Row-Update,mps,-1.39755187,1.45480281e-03,20
3505,Hybrid,mixture,-1.39766075,1.40323441e-03,20
3506,Metropolis,metropolis,-1.39097787,2.52151387e-03,20
3506,Row-Update,mps,-1.39753832,1.45482650e-03,20
3506,Hybrid,mixture,-1.39766349,1.40269063e-03,20
3507,Metropolis,metropolis,-1.39097711,2.52033453e-03,20
3507,Row-Update,mps,-1.39753885,1.45368205e-03,20
3507,Hybrid,mixture,-1.39766311,1.40535207e-03,20
3508,Metropolis,metropolis,-1.39097614,2.52090324e-03,20
3508,Row-Update,mps,-1.39753436,1.45480840e-03,20
3508,Hybrid,mixture,-1.39767282,1.40398062e-03,20
3509,Metropolis,metropolis,-1.39098107,2.51950775e-03,20
3509,Row-Update,mps,-1.39752744,1.45268256e-03,20
3509,Hybrid,mixture,-1.39765427,1.40378195e-03,20
3510,Metropolis,metropolis,-1.39097632,2.52161620e-03,20
3510,Row-Update,mps,-1.39752877,1.45444893e-03,20
3510,Hybrid,mixture,-1.39766545,1.40375545e-03,20
3511,Metropolis,metropolis,-1.39097728,2.52024724e-03,20
3511,Row-Update,mps,-1.39753826,1.45524515e-03,20
3511,Hybrid,mixture,-1.39766498,1.40447500e-03,20
3512,Metropolis,metropolis,-1.39098316,2.52095863e-03,20
3512,Row-Update,mps,-1.39754945,1.45645362e-03,20
3512,Hybrid,mixture,-1.39766227,1.40353446e-03,20
3513,Metropolis,metropolis,-1.39097428,2.52063623e-03,20
3513,Row-Update,mps,-1.39755164,1.45289429e-03,20
3513,Hybrid,mixture,-1.39765678,1.40419206e-03,20
3514,Metropolis,metropolis,-1.39097918,2.52029529e-03,20
3514,Row-Update,mps,-1.39753373,1.45407728e-03,20
3514,Hybrid,mixture,-1.39766251,1.40278763e-03,20
3515,Metropolis,metropolis,-1.39097999,2.52029457e-03,20
3515,Row-Update,mps,-1.39754399,1.45289279e-03,20
3515,Hybrid,mixture,-1.39766175,1.40219057e-03,20
3516,Metropolis,metropolis,-1.39098089,2.52008013e-03,20
3516,Row-Update,mps,-1.39754457,1.45410260e-03,20
3516,Hybrid,mixture,-1.39766420,1.40305442e-03,20
3517,Metropolis,metropolis,-1.39098060,2.52066521e-03,20
3517,Row-Update,mps,-1.39753652,1.45499540e-03,20
3517,Hybrid,mixture,-1.39766898,1.40418587e-03,20
3518,Metropolis,metropolis,-1.39097501,2.51945413e-03,20
3518,Row-Update,mps,-1.39754063,1.45396902e-03,20
3518,Hybrid,mixture,-1.39766348,1.40514086e-03,20
3519,Metropolis,metropolis,-1.39097927,2.51988728e-03,20
3519,Row-Update,mps,-1.39754019,1.45321887e-03,20
3519,Hybrid,mixture,-1.39766102,1.40326714e-03,20
3520,Metropolis,metropolis,-1.39098636,2.52002238e-03,20
3520,Row-Update,mps,-1.39753450,1.45436227e-03,20
3520,Hybrid,mixture,-1.39766420,1.40253652e-03,20
3521,Metropolis,metropolis,-1.39097960,2.52159454e-03,20
3521,Row-Update,mps,-1.39753881,1.45590589e-03,20
3521,Hybrid,mixture,-1.39766344,1.40317915e-03,20
3522,Metropolis,metropolis,-1.39098018,2.52096643e-03,20
3522,Row-Update,mps,-1.39754167,1.45379514e-03,20
3522,Hybrid,mixture,-1.39765651,1.40340134e-03,20
3523,Metropolis,metropolis,-1.39098539,2.52203840e-03,20
3523,Row-Update,mps,-1.39753502,1.45334846e-03,20
3523,Hybrid,mixture,-1.39767093,1.40335019e-03,20
3524,Metropolis,metropolis,-1.39097653,2.52105436e-03,20
3524,Row-Update,mps,-1.39753977,1.45464675e-03,20
3524,Hybrid,mixture,-1.39766123,1.40319948e-03,20
3525,Metropolis,metropolis,-1.39098573,2.51970565e-03,20
3525,Row-Update,mps,-1.39753026,1.45328690e-03,20
3525,Hybrid,mixture,-1.39766034,1.40305923e-03,20
3526,Metropolis,metropolis,-1.39097471,2.52013588e-03,20
3526,Row-Update,mps,-1.39753318,1.45240721e-03,20
3526,Hybrid,mixture,-1.39766840,1.40368301e-03,20
3527,Metropolis,metropolis,-1.39097656,2.51835608e-03,20
3527,Row-Update,mps,-1.39753834,1.45467084e-03,20
3527,Hybrid,mixture,-1.39766358,1.40415365e-03,20
3528,Metropolis,metropolis,-1.39098232,2.52077591e-03,20
3528,Row-Update,mps,-1.39753273,1.45260345e-03,20
3528,Hybrid,mixture,-1.39766115,1.40310335e-03,20
3529,Metropolis,metropolis,-1.39098018,2.52003384e-03,20
3529,Row-Update,mps,-1.39753796,1.45707822e-03,20
3529,Hybrid,mixture,-1.39765723,1.40349439e-03,20
3530,Metropolis,metropolis,-1.39098821,2.51839307e-03,20
3530,Row-Update,mps,-1.39753430,1.45352654e-03,20
3530,Hybrid,mixture,-1.39766497,1.40426572e-03,20
3531,Metropolis,metropolis,-1.39098206,2.51965287e-03,20
3531,Row-Update,mps,-1.39752863,1.45245246e-03,20
3531,Hybrid,mixture,-1.39765781,1.40331320e-03,20
3532,Metropolis,metropolis,-1.39097855,2.52074455e-03,20
3532,Row-Update,mps,-1.39753550,1.45464571e-03,20
3532,Hybrid,mixture,-1.39766422,1.40402516e-03,20
3533,Metropolis,metropolis,-1.39098850,2.52012823e-03,20
3533,Row-Update,mps,-1.39753686,1.45433505e-03,20
3533,Hybrid,mixture,-1.39766509,1.40369874e-03,20
3534,Metropolis,metropolis,-1.39098660,2.51954957e-03,20
3534,Row-Update,mps,-1.39753954,1.45475038e-03,20
3534,Hybrid,mixture,-1.39766133,1.40420297e-03,20
3535,Metropolis,metropolis,-1.39097574,2.52089624e-03,20
3535,Row-Update,mps,-1.39753989,1.45353148e-03,20
3535,Hybrid,mixture,-1.39765455,1.40439747e-03,20
3536,Metropolis,metropolis,-1.39098280,2.51982079e-03,20
3536,Row-Update,mps,-1.39753721,1.45377433e-03,20
3536,Hybrid,mixture,-1.39765794,1.40357438e-03,20
3537,Metropolis,metropolis,-1.39097956,2.52019313e-03,20
3537,Row-Update,mps,-1.39754642,1.45308034e-03,20
3537,Hybrid,mixture,-1.39766350,1.40330386e-03,20
3538,Metropolis,metropolis,-1.39097683,2.51987665e-03,20
3538,Row-Update,mps,-1.39754084,1.45336937e-03,20
3538,Hybrid,mixture,-1.39766606,1.40451708e-03,20
3539,Metropolis,metropolis,-1.39097939,2.52167945e-03,20
3539,Row-Update,mps,-1.39754361,1.45401671e-03,20
3539,Hybrid,mixture,-1.39765831,1.40398088e-03,20
3540,Metropolis,metropolis,-1.39098153,2.52044727e-03,20
3540,Row-Update,mps,-1.39753275,1.45381677e-03,20
3540,Hybrid,mixture,-1.39764967,1.40339008e-03,20
3541,Metropolis,metropolis,-1.39098197,2.52033028e-03,20
3541,Row-Update,mps,-1.39753170,1.45285353e-03,20
3541,Hybrid,mixture,-1.39766347,1.40400967e-03,20
3542,Metropolis,metropolis,-1.39097682,2.51978062e-03,20
3542,Row-Update,mps,-1.39753447,1.45568205e-03,20
3542,Hybrid,mixture,-1.39765904,1.40304853e-03,20
3543,Metropolis,metropolis,-1.39098519,2.52083117e-03,20
3543,Row-Update,mps,-1.39753839,1.45387230e-03,20
3543,Hybrid,mixture,-1.39766505,1.40400554e-03,20
3544,Metropolis,metropolis,-1.39096933,2.52205340e-03,20
3544,Row-Update,mps,-1.39753444,1.45447412e-03,20
3544,Hybrid,mixture,-1.39766317,1.40298134e-03,20
3545,Metropolis,metropolis,-1.39098034,2.52010185e-03,20
3545,Row-Update,mps,-1.39753808,1.45270744e-03,20
3545,Hybrid,mixture,-1.39765974,1.40340084e-03,20
3546,Metropolis,metropolis,-1.39097825,2.52092023e-03,20
3546,Row-Update,mps,-1.39753910,1.45283705e-03,20
3546,Hybrid,mixture,-1.39766221,1.40399559e-03,20
3547,Metropolis,metropolis,-1.39097950,2.51981592e-03,20
3547,Row-Update,mps,-1.39754358,1.45256781e-03,20
3547,Hybrid,mixture,-1.39767110,1.40278124e-03,20
3548,Metropolis,metropolis,-1.39097716,2.52064820e-03,20
3548,Row-Update,mps,-1.39753692,1.45341766e-03,20
3548,Hybrid,mixture,-1.39766406,1.40314603e-03,20
3549,Metropolis,metropolis,-1.39097781,2.52117961e-03,20
3549,Row-Update,mps,-1.39753972,1.45275418e-03,20
3549,Hybrid,mixture,-1.39765940,1.40469880e-03,20
3550,Metropolis,metropolis,-1.39098152,2.51969190e-03,20
3550,Row-Update,mps,-1.39754554,1.45197226e-03,20
3550,Hybrid,mixture,-1.39765908,1.40339253e-03,20
3551,Metropolis,metropolis,-1.39098453,2.52116975e-03,20
3551,Row-Update,mps,-1.39754853,1.45596184e-03,20
3551,Hybrid,mixture,-1.39766458,1.40346263e-03,20
3552,Metropolis,metropolis,-1.39099697,2.51860585e-03,20
3552,Row-Update,mps,-1.39753986,1.45190155e-03,20
3552,Hybrid,mixture,-1.39767001,1.40387503e-03,20
3553,Metropolis,metropolis,-1.39097879,2.52029842e-03,20
3553,Row-Update,mps,-1.39753733,1.45344272e-03,20
3553,Hybrid,mixture,-1.39765642,1.40319040e-03,20
3554,Metropolis,metropolis,-1.39098366,2.52163372e-03,20
3554,Row-Update,mps,-1.39754083,1.45514893e-03,20
3554,Hybrid,mixture,-1.39766702,1.40389697e-03,20
3555,Metropolis,metropolis,-1.39097875,2.52068762e-03,20
3555,Row-Update,mps,-1.39753871,1.45327527e-03,20
3555,Hybrid,mixture,-1.39765608,1.40389442e-03,20
3556,Metropolis,metropolis,-1.39097579,2.52049109e-03,20
3556,Row-Update,mps,-1.39753892,1.45384876e-03,20
3556,Hybrid,mixture,-1.39766847,1.40506329e-03,20
3557,Metropolis,metropolis,-1.39098245,2.52041881e-03,20
3557,Row-Update,mps,-1.39754119,1.45251912e-03,20
3557,Hybrid,mixture,-1.39766442,1.40292675e-03,20
3558,Metropolis,metropolis,-1.39097740,2.52015149e-03,20
3558,Row-Update,mps,-1.39753877,1.45397440e-03,20
3558,Hybrid,mixture,-1.39766339,1.40547749e-03,20
3559,Metropolis,metropolis,-1.39098638,2.51828876e-03,20
3559,Row-Update,mps,-1.39753756,1.45577986e-03,20
3559,Hybrid,mixture,-1.39765922,1.40504286e-03,20
3560,Metropolis,metropolis,-1.39097520,2.52074134e-03,20
3560,Row-Update,mps,-1.39753850,1.45187537e-03,20
3560,Hybrid,mixture,-1.39766487,1.40486070e-03,20
3561,Metropolis,metropolis,-1.39098570,2.52228068e-03,20
3561,Row-Update,mps,-1.39755052,1.45252215e-03,20
3561,Hybrid,mixture,-1.39765702,1.40344944e-03,20
3562,Metropolis,metropolis,-1.39098325,2.51866192e-03,20
3562,Row-Update,mps,-1.39753254,1.45282091e-03,20
3562,Hybrid,mixture,-1.39766737,1.40403542e-03,20
3563,Metropolis,metropolis,-1.39097766,2.51984253e-03,20
3563,Row-Update,mps,-1.39753994,1.45402597e-03,20
3563,Hybrid,mixture,-1.39764736,1.40440551e-03,20
3564,Metropolis,metropolis,-1.39097914,2.52190991e-03,20
3564,Row-Update,mps,-1.39753597,1.45385487e-03,20
3564,Hybrid,mixture,-1.39766291,1.40415319e-03,20
3565,Metropolis,metropolis,-1.39097830,2.52117367e-03,20
3565,Row-Update,mps,-1.39753966,1.45258619e-03,20
3565,Hybrid,mixture,-1.39765876,1.40281116e-03,20
3566,Metropolis,metropolis,-1.39097736,2.52050781e-03,20
3566,Row-Update,mps,-1.39753341,1.45592794e-03,20
3566,Hybrid,mixture,-1.39766257,1.40302687e-03,20
3567,Metropolis,metropolis,-1.39098130,2.52005116e-03,20
3567,Row-Update,mps,-1.39753814,1.45439972e-03,20
3567,Hybrid,mixture,-1.39767063,1.40598162e-03,20
3568,Metropolis,metropolis,-1.39098237,2.51942210e-03,20
3568,Row-Update,mps,-1.39753548,1.45196070e-03,20
3568,Hybrid,mixture,-1.39767034,1.40295969e-03,20
3569,Metropolis,metropolis,-1.39098076,2.51998117e-03,20
3569,Row-Update,mps,-1.39753322,1.45315185e-03,20
3569,Hybrid,mixture,-1.39766328,1.40249962e-03,20
3570,Metropolis,metropolis,-1.39097961,2.52096638e-03,20
3570,Row-Update,mps,-1.39753524,1.45333534e-03,20
3570,Hybrid,mixture,-1.39766132,1.40313597e-03,20
3571,Metropolis,metropolis,-1.39098013,2.52118086e-03,20
3571,Row-Update,mps,-1.39753808,1.45330784e-03,20
3571,Hybrid,mixture,-1.39765554,1.40402865e-03,20
3572,Metropolis,metropolis,-1.39097880,2.52007264e-03,20
3572,Row-Update,mps,-1.39754617,1.45625336e-03,20
3572,Hybrid,mixture,-1.39766629,1.40601020e-03,20
3573,Metropolis,metropolis,-1.39097706,2.52011054e-03,20
3573,Row-Update,mps,-1.39753943,1.45351555e-03,20
3573,Hybrid,mixture,-1.39766913,1.40370471e-03,20
3574,Metropolis,metropolis,-1.39097987,2.52092115e-03,20
3574,Row-Update,mps,-1.39753609,1.45455939e-03,20
3574,Hybrid,mixture,-1.39766263,1.40368367e-03,20
3575,Metropolis,metropolis,-1.39098261,2.51956048e-03,20
3575,Row-Update,mps,-1.39754053,1.45612926e-03,20
3575,Hybrid,mixture,-1.39766806,1.40278184e-03,20
3576,Metropolis,metropolis,-1.39097473,2.51947483e-03,20
3576,Row-Update,mps,-1.39752506,1.45268265e-03,20
3576,Hybrid,mixture,-1.39766694,1.40456085e-03,20
3577,Metropolis,metropolis,-1.39097527,2.52134165e-03,20
3577,Row-Update,mps,-1.39753577,1.45375961e-03,20
3577,Hybrid,mixture,-1.39766638,1.40428254e-03,20
3578,Metropolis,metropolis,-1.39098101,2.51978896e-03,20
3578,Row-Update,mps,-1.39754521,1.45227732e-03,20
3578,Hybrid,mixture,-1.39766766,1.40315940e-03,20
3579,Metropolis,metropolis,-1.39097961,2.52058175e-03,20
3579,Row-Update,mps,-1.39753449,1.45429236e-03,20
3579,Hybrid,mixture,-1.39765866,1.40493932e-03,20
3580,Metropolis,metropolis,-1.39097923,2.52113597e-03,20
3580,Row-Update,mps,-1.39753932,1.45511289e-03,20
3580,Hybrid,mixture,-1.39765884,1.40404248e-03,20
3581,Metropolis,metropolis,-1.39098071,2.51982409e-03,20
3581,Row-Update,mps,-1.39754422,1.45348332e-03,20
3581,Hybrid,mixture,-1.39766191,1.40352851e-03,20
3582,Metropolis,metropolis,-1.39098375,2.51949843e-03,20
3582,Row-Update,mps,-1.39752779,1.45345260e-03,20
3582,Hybrid,mixture,-1.39766295,1.40401126e-03,20
3583,Metropolis,metropolis,-1.39099260,2.51892721e-03,20
3583,Row-Update,mps,-1.39753187,1.45362866e-03,20
3583,Hybrid,mixture,-1.39766315,1.40260400e-03,20
3584,Metropolis,metropolis,-1.39099228,2.52096949e-03,20
3584,Row-Update,mps,-1.39753117,1.45473166e-03,20
3584,Hybrid,mixture,-1.39766494,1.40313961e-03,20
3585,Metropolis,metropolis,-1.39098278,2.51876208e-03,20
3585,Row-Update,mps,-1.39754427,1.45418357e-03,20
3585,Hybrid,mixture,-1.39766486,1.40636960e-03,20
3586,Metropolis,metropolis,-1.39099224,2.52014755e-03,20
3586,Row-Update,mps,-1.39754148,1.45357854e-03,20
3586,Hybrid,mixture,-1.39765995,1.40222867e-03,20
3587,Metropolis,metropolis,-1.39098202,2.51861689e-03,20
3587,Row-Update,mps,-1.39754052,1.45391223e-03,20
3587,Hybrid,mixture,-1.39766066,1.40407983e-03,20
3588,Metropolis,metropolis,-1.39097965,2.51954278e-03,20
3588,Row-Update,mps,-1.39753461,1.45414980e-03,20
3588,Hybrid,mixture,-1.39766490,1.40407019e-03,20
3589,Metropolis,metropolis,-1.39098336,2.52105959e-03,20
3589,Row-Update,mps,-1.39754458,1.45178691e-03,20
3589,Hybrid,mixture,-1.39767177,1.40429766e-03,20
3590,Metropolis,metropolis,-1.39097897,2.52028990e-03,20
3590,Row-Update,mps,-1.39752925,1.45275772e-03,20
3590,Hybrid,mixture,-1.39765754,1.40355695e-03,20
3591,Metropolis,metropolis,-1.39098023,2.52107040e-03,20
3591,Row-Update,mps,-1.39753694,1.45276392e-03,20
3591,Hybrid,mixture,-1.39765997,1.40402125e-03,20
3592,Metropolis,metropolis,-1.39097809,2.51929832e-03,20
3592,Row-Update,mps,-1.39753940,1.45498048e-03,20
3592,Hybrid,mixture,-1.39765754,1.40236425e-03,20
3593,Metropolis,metropolis,-1.39098187,2.52131080e-03,20
3593,Row-Update,mps,-1.39754044,1.45352150e-03,20
3593,Hybrid,mixture,-1.39766098,1.40366896e-03,20
3594,Metropolis,metropolis,-1.39097170,2.51956809e-03,20
3594,Row-Update,mps,-1.39753427,1.45349329e-03,20
3594,Hybrid,mixture,-1.39766647,1.40341778e-03,20
3595,Metropolis,metropolis,-1.39098232,2.52008537e-03,20
3595,Row-Update,mps,-1.39753213,1.45264866e-03,20
3595,Hybrid,mixture,-1.39766175,1.40364753e-03,20
3596,Metropolis,metropolis,-1.39097704,2.52024978e-03,20
3596,Row-Update,mps,-1.39753869,1.45477426e-03,20
3596,Hybrid,mixture,-1.39766370,1.40504234e-03,20
3597,Metropolis,metropolis,-1.39098044,2.52080351e-03,20
3597,Row-Update,mps,-1.39754051,1.45493608e-03,20
3597,Hybrid,mixture,-1.39766760,1.40457354e-03,20
3598,Metropolis,metropolis,-1.39098246,2.52027335e-03,20
3598,Row-Update,mps,-1.39752365,1.45347931e-03,20
3598,Hybrid,mixture,-1.39766657,1.40352425e-03,20
3599,Metropolis,metropolis,-1.39098465,2.51991493e-03,20
3599,Row-Update,mps,-1.39753054,1.45311311e-03,20
3599,Hybrid,mixture,-1.39765565,1.40261368e-03,20
3600,Metropolis,metropolis,-1.39097748,2.52214333e-03,20
3600,Row-Update,mps,-1.39753950,1.45243503e-03,20
3600,Hybrid,mixture,-1.39766552,1.40366942e-03,20
3601,Metropolis,metropolis,-1.39097504,2.51972556e-03,20
3601,Row-Update,mps,-1.39754393,1.45618679e-03,20
3601,Hybrid,mixture,-1.39765565,1.40428082e-03,20
3602,Metropolis,metropolis,-1.39097503,2.52004733e-03,20
3602,Row-Update,mps,-1.39753542,1.45349917e-03,20
3602,Hybrid,mixture,-1.39766726,1.40343889e-03,20
3603,Metropolis,metropolis,-1.39098039,2.51915580e-03,20
3603,Row-Update,mps,-1.39754247,1.45306187e-03,20
3603,Hybrid,mixture,-1.39765901,1.40358889e-03,20
3604,Metropolis,metropolis,-1.39097849,2.51909229e-03,20
3604,Row-Update,mps,-1.39753484,1.45403713e-03,20
3604,Hybrid,mixture,-1.39767974,1.40337292e-03,20
3605,Metropolis,metropolis,-1.39098273,2.51898572e-03,20
3605,Row-Update,mps,-1.39754086,1.45300911e-03,20
3605,Hybrid,mixture,-1.39766185,1.40154376e-03,20
3606,Metropolis,metropolis,-1.39097630,2.51946769e-03,20
3606,Row-Update,mps,-1.39754134,1.45473449e-03,20
3606,Hybrid,mixture,-1.39766092,1.40506768e-03,20
3607,Metropolis,metropolis,-1.39097664,2.52019804e-03,20
3607,Row-Update,mps,-1.39753490,1.45401562e-03,20
3607,Hybrid,mixture,-1.39766767,1.40409097e-03,20
3608,Metropolis,metropolis,-1.39097674,2.52044810e-03,20
3608,Row-Update,mps,-1.39753590,1.45406255e-03,20
3608,Hybrid,mixture,-1.39766288,1.40494441e-03,20
3609,Metropolis,metropolis,-1.39098325,2.52035451e-03,20
3609,Row-Update,mps,-1.39753718,1.45360553e-03,20
3609,Hybrid,mixture,-1.39766718,1.40497659e-03,20
3610,Metropolis,metropolis,-1.39097970,2.52089304e-03,20
3610,Row-Update,mps,-1.39754425,1.45426088e-03,20
3610,Hybrid,mixture,-1.39765866,1.40223525e-03,20
3611,Metropolis,metropolis,-1.39098946,2.52044016e-03,20
3611,Row-Update,mps,-1.39753121,1.45335971e-03,20
3611,Hybrid,mixture,-1.39766279,1.40369776e-03,20
3612,Metropolis,metropolis,-1.39097692,2.52131546e-03,20
3612,Row-Update,mps,-1.39753688,1.45449436e-03,20
3612,Hybrid,mixture,-1.39766308,1.40497684e-03,20
3613,Metropolis,metropolis,-1.39097811,2.51973212e-03,20
3613,Row-Update,mps,-1.39753210,1.45342984e-03,20
3613,Hybrid,mixture,-1.39766077,1.40312776e-03,20
3614,Metropolis,metropolis,-1.39097767,2.52089467e-03,20
3614,Row-Update,mps,-1.39753405,1.45273884e-03,20
3614,Hybrid,mixture,-1.39766206,1.40438123e-03,20
3615,Metropolis,metropolis,-1.39098424,2.52082813e-03,20
3615,Row-Update,mps,-1.39753494,1.45368773e-03,20
3615,Hybrid,mixture,-1.39766017,1.40367648e-03,20
3616,Metropolis,metropolis,-1.39098079,2.52053602e-03,20
3616,Row-Update,mps,-1.39754594,1.45094229e-03,20
3616,Hybrid,mixture,-1.39767241,1.40252229e-03,20
3617,Metropolis,metropolis,-1.39097770,2.51976287e-03,20
3617,Row-Update,mps,-1.39754906,1.45422992e-03,20
3617,Hybrid,mixture,-1.39767187,1.40362844e-03,20
3618,Metropolis,metropolis,-1.39098187,2.52084086e-03,20
3618,Row-Update,mps,-1.39753872,1.45554841e-03,20
3618,Hybrid,mixture,-1.39766530,1.40316368e-03,20
3619,Metropolis,metropolis,-1.39098073,2.51842042e-03,20
3619,Row-Update,mps,-1.39753514,1.45332987e-03,20
3619,Hybrid,mixture,-1.39766437,1.40241395e-03,20
3620,Metropolis,metropolis,-1.39098614,2.52005945e-03,20
3620,Row-Update,mps,-1.39752727,1.45056124e-03,20
3620,Hybrid,mixture,-1.39766354,1.40171635e-03,20
3621,Metropolis,metropolis,-1.39098256,2.52077713e-03,20
3621,Row-Update,mps,-1.39754043,1.45267665e-03,20
3621,Hybrid,mixture,-1.39766567,1.40365585e-03,20
3622,Metropolis,metropolis,-1.39098292,2.51962278e-03,20
3622,Row-Update,mps,-1.39754364,1.45233663e-03,20
3622,Hybrid,mixture,-1.39766419,1.40404610e-03,20
3623,Metropolis,metropolis,-1.39097883,2.51975102e-03,20
3623,Row-Update,mps,-1.39753807,1.45381653e-03,20
3623,Hybrid,mixture,-1.39765572,1.40299557e-03,20
3624,Metropolis,metropolis,-1.39098069,2.51959182e-03,20
3624,Row-Update,mps,-1.39754017,1.45265294e-03,20
3624,Hybrid,mixture,-1.39766231,1.40181156e-03,20
3625,Metropolis,metropolis,-1.39098139,2.52051177e-03,20
3625,Row-Update,mps,-1.39754334,1.45394154e-03,20
3625,Hybrid,mixture,-1.39766120,1.40420247e-03,20
3626,Metropolis,metropolis,-1.39097787,2.52050600e-03,20
3626,Row-Update,mps,-1.39753370,1.45242928e-03,20
3626,Hybrid,mixture,-1.39766627,1.40446464e-03,20
3627,Metropolis,metropolis,-1.39097559,2.52065371e-03,20
3627,Row-Update,mps,-1.39754593,1.45384424e-03,20
3627,Hybrid,mixture,-1.39766238,1.40376722e-03,20
3628,Metropolis,metropolis,-1.39097913,2.52022751e-03,20
3628,Row-Update,mps,-1.39753874,1.45438555e-03,20
3628,Hybrid,mixture,-1.39766017,1.40517543e-03,20
3629,Metropolis,metropolis,-1.39098084,2.51971899e-03,20
3629,Row-Update,mps,-1.39753304,1.45512300e-03,20
3629,Hybrid,mixture,-1.39766297,1.40457360e-03,20
3630,Metropolis,metropolis,-1.39097852,2.51931750e-03,20
3630,Row-Update,mps,-1.39754259,1.45434463e-03,20
3630,Hybrid,mixture,-1.39766563,1.40178136e-03,20
3631,Metropolis,metropolis,-1.39097229,2.52192129e-03,20
3631,Row-Update,mps,-1.39754283,1.45622210e-03,20
3631,Hybrid,mixture,-1.39766682,1.40388229e-03,20
3632,Metropolis,metropolis,-1.39098055,2.51980710e-03,20
3632,Row-Update,mps,-1.39753578,1.45278060e-03,20
3632,Hybrid,mixture,-1.39766444,1.40474769e-03,20
3633,Metropolis,metropolis,-1.39097823,2.51992081e-03,20
3633,Row-Update,mps,-1.39753549,1.45381163e-03,20
3633,Hybrid,mixture,-1.39766850,1.40450127e-03,20
3634,Metropolis,metropolis,-1.39097566,2.52108626e-03,20
3634,Row-Update,mps,-1.39753610,1.45223120e-03,20
3634,Hybrid,mixture,-1.39765844,1.40412656e-03,20
3635,Metropolis,metropolis,-1.39098228,2.52043682e-03,20
3635,Row-Update,mps,-1.39754019,1.45379293e-03,20
3635,Hybrid,mixture,-1.39764934,1.40543106e-03,20
3636,Metropolis,metropolis,-1.39097500,2.52147966e-03,20
3636,Row-Update,mps,-1.39754356,1.45156145e-03,20
3636,Hybrid,mixture,-1.39766495,1.40554802e-03,20
3637,Metropolis,metropolis,-1.39097805,2.52087336e-03,20
3637,Row-Update,mps,-1.39752898,1.45135924e-03,20
3637,Hybrid,mixture,-1.39766341,1.40387008e-03,20
3638,Metropolis,metropolis,-1.39098220,2.52186215e-03,20
3638,Row-Update,mps,-1.39754363,1.45381603e-03,20
3638,Hybrid,mixture,-1.39766495,1.40462429e-03,20
3639,Metropolis,metropolis,-1.39098005,2.52019865e-03,20
3639,Row-Update,mps,-1.39753761,1.45422725e-03,20
3639,Hybrid,mixture,-1.39766188,1.40448889e-03,20
3640,Metropolis,metropolis,-1.39098045,2.52042509e-03,20
3640,Row-Update,mps,-1.39753446,1.45289643e-03,20
3640,Hybrid,mixture,-1.39765980,1.40418756e-03,20
3641,Metropolis,metropolis,-1.39097986,2.52026921e-03,20
3641,Row-Update,mps,-1.39754231,1.45466439e-03,20
3641,Hybrid,mixture,-1.39766695,1.40531241e-03,20
3642,Metropolis,metropolis,-1.39097602,2.52091048e-03,20
3642,Row-Update,mps,-1.39754584,1.45505132e-03,20
3642,Hybrid,mixture,-1.39766136,1.40554013e-03,20
3643,Metropolis,metropolis,-1.39098209,2.52095718e-03,20
3643,Row-Update,mps,-1.39754008,1.45365374e-03,20
3643,Hybrid,mixture,-1.39766218,1.40534109e-03,20
3644,Metropolis,metropolis,-1.39098040,2.52063893e-03,20
3644,Row-Update,mps,-1.39754070,1.45781796e-03,20
3644,Hybrid,mixture,-1.39766438,1.40323253e-03,20
3645,Metropolis,metropolis,-1.39098618,2.51736345e-03,20
3645,Row-Update,mps,-1.39753928,1.45454742e-03,20
3645,Hybrid,mixture,-1.39766514,1.40539647e-03,20
3646,Metropolis,metropolis,-1.39097605,2.52053218e-03,20
3646,Row-Update,mps,-1.39753438,1.45244994e-03,20
3646,Hybrid,mixture,-1.39766923,1.40430175e-03,20
3647,Metropolis,metropolis,-1.39097921,2.51980074e-03,20
3647,Row-Update,mps,-1.39753265,1.45355263e-03,20
3647,Hybrid,mixture,-1.39765967,1.40273409e-03,20
3648,Metropolis,metropolis,-1.39098053,2.52130445e-03,20
3648,Row-Update,mps,-1.39753737,1.45385129e-03,20
3648,Hybrid,mixture,-1.39767134,1.40384498e-03,20
3649,Metropolis,metropolis,-1.39097830,2.51904965e-03,20
3649,Row-Update,mps,-1.39754392,1.45436897e-03,20
3649,Hybrid,mixture,-1.39766457,1.40400788e-03,20
3650,Metropolis,metropolis,-1.39099065,2.51762119e-03,20
3650,Row-Update,mps,-1.39753492,1.45328407e-03,20
3650,Hybrid,mixture,-1.39766376,1.40345225e-03,20
3651,Metropolis,metropolis,-1.39097628,2.52005129e-03,20
3651,Row-Update,mps,-1.39754324,1.45598769e-03,20
3651,Hybrid,mixture,-1.39766261,1.40310105e-03,20
3652,Metropolis,metropolis,-1.39097415,2.52092801e-03,20
3652,Row-Update,mps,-1.39753661,1.45412511e-03,20
3652,Hybrid,mixture,-1.39766357,1.40498457e-03,20
3653,Metropolis,metropolis,-1.39098407,2.52019436e-03,20
3653,Row-Update,mps,-1.39753883,1.45358770e-03,20
3653,Hybrid,mixture,-1.39765614,1.40422795e-03,20
3654,Metropolis,metropolis,-1.39097977,2.51983065e-03,20
3654,Row-Update,mps,-1.39753449,1.45467183e-03,20
3654,Hybrid,mixture,-1.39767182,1.40618980e-03,20
3655,Metropolis,metropolis,-1.39098023,2.52010594e-03,20
3655,Row-Update,mps,-1.39753519,1.45356542e-03,20
3655,Hybrid,mixture,-1.39766569,1.40424704e-03,20
3656,Metropolis,metropolis,-1.39097821,2.51970939e-03,20
3656,Row-Update,mps,-1.39753702,1.45260755e-03,20
3656,Hybrid,mixture,-1.39766210,1.40332512e-03,20
3657,Metropolis,metropolis,-1.39098212,2.51883626e-03,20
3657,Row-Update,mps,-1.39753708,1.45341533e-03,20
3657,Hybrid,mixture,-1.39766550,1.40341071e-03,20
3658,Metropolis,metropolis,-1.39097625,2.52111736e-03,20
3658,Row-Update,mps,-1.39753216,1.45391412e-03,20
3658,Hybrid,mixture,-1.39765997,1.40276903e-03,20
3659,Metropolis,metropolis,-1.39097927,2.52055734e-03,20
3659,Row-Update,mps,-1.39753514,1.45119673e-03,20
3659,Hybrid,mixture,-1.39765961,1.40220941e-03,20
3660,Metropolis,metropolis,-1.39097208,2.52008247e-03,20
3660,Row-Update,mps,-1.39753578,1.45255241e-03,20
3660,Hybrid,mixture,-1.39766521,1.40306639e-03,20
3661,Metropolis,metropolis,-1.39097687,2.52026405e-03,20
3661,Row-Update,mps,-1.39753897,1.45281584e-03,20
3661,Hybrid,mixture,-1.39766353,1.40310309e-03,20
3662,Metropolis,metropolis,-1.39098386,2.52157366e-03,20
3662,Row-Update,mps,-1.39753825,1.45484162e-03,20
3662,Hybrid,mixture,-1.39765576,1.40404101e-03,20
3663,Metropolis,metropolis,-1.39098082,2.51983095e-03,20
3663,Row-Update,mps,-1.39753877,1.45437844e-03,20
3663,Hybrid,mixture,-1.39766244,1.40337047e-03,20
3664,Metropolis,metropolis,-1.39099039,2.52191143e-03,20
3664,Row-Update,mps,-1.39753994,1.45373554e-03,20
3664,Hybrid,mixture,-1.39765950,1.40332176e-03,20
3665,Metropolis,metropolis,-1.39098169,2.52052327e-03,20
3665,Row-Update,mps,-1.39753166,1.45398400e-03,20
3665,Hybrid,mixture,-1.39765742,1.40315741e-03,20
3666,Metropolis,metropolis,-1.39098763,2.52097937e-03,20
3666,Row-Update,mps,-1.39753112,1.45542397e-03,20
3666,Hybrid,mixture,-1.39766089,1.40466783e-03,20
3667,Metropolis,metropolis,-1.39098360,2.52032397e-03,20
3667,Row-Update,mps,-1.39754363,1.45388973e-03,20
3667,Hybrid,mixture,-1.39766241,1.40413482e-03,20
3668,Metropolis,metropolis,-1.39097840,2.52075853e-03,20
3668,Row-Update,mps,-1.39753590,1.45489013e-03,20
3668,Hybrid,mixture,-1.39766269,1.40401066e-03,20
3669,Metropolis,metropolis,-1.39097650,2.52036368e-03,20
3669,Row-Update,mps,-1.39753577,1.45557572e-03,20
3669,Hybrid,mixture,-1.39765970,1.40412853e-03,20
3670,Metropolis,metropolis,-1.39098526,2.51888477e-03,20
3670,Row-Update,mps,-1.39754361,1.45447995e-03,20
3670,Hybrid,mixture,-1.39766591,1.40532739e-03,20
3671,Metropolis,metropolis,-1.39098078,2.52109548e-03,20
3671,Row-Update,mps,-1.39754027,1.45473450e-03,20
3671,Hybrid,mixture,-1.39767068,1.40257159e-03,20
3672,Metropolis,metropolis,-1.39097667,2.51958735e-03,20
3672,Row-Update,mps,-1.39753205,1.45474125e-03,20
3672,Hybrid,mixture,-1.39766028,1.40382583e-03,20
3673,Metropolis,metropolis,-1.39097036,2.52076808e-03,20
3673,Row-Update,mps,-1.39753230,1.45325424e-03,20
3673,Hybrid,mixture,-1.39766234,1.40375219e-03,20
3674,Metropolis,metropolis,-1.39097702,2.52090793e-03,20
3674,Row-Update,mps,-1.39754103,1.45394261e-03,20
3674,Hybrid,mixture,-1.39766128,1.40386269e-03,20
3675,Metropolis,metropolis,-1.39098233,2.52030109e-03,20
3675,Row-Update,mps,-1.39754264,1.45359259e-03,20
3675,Hybrid,mixture,-1.39766553,1.40436999e-03,20
3676,Metropolis,metropolis,-1.39097557,2.51969842e-03,20
3676,Row-Update,mps,-1.39753151,1.45326827e-03,20
3676,Hybrid,mixture,-1.39765908,1.40479587e-03,20
3677,Metropolis,metropolis,-1.39099018,2.52029697e-03,20
3677,Row-Update,mps,-1.39753472,1.45507944e-03,20
3677,Hybrid,mixture,-1.39767015,1.40536662e-03,20
3678,Metropolis,metropolis,-1.39098075,2.52075472e-03,20
3678,Row-Update,mps,-1.39753526,1.45402145e-03,20
3678,Hybrid,mixture,-1.39765890,1.40315726e-03,20
3679,Metropolis,metropolis,-1.39097840,2.52051411e-03,20
3679,Row-Update,mps,-1.39753473,1.45366655e-03,20
3679,Hybrid,mixture,-1.39766745,1.40310076e-03,20
3680,Metropolis,metropolis,-1.39097899,2.52089406e-03,20
3680,Row-Update,mps,-1.39754200,1.45474563e-03,20
3680,Hybrid,mixture,-1.39766197,1.40417856e-03,20
3681,Metropolis,metropolis,-1.39097336,2.52000165e-03,20
3681,Row-Update,mps,-1.39754016,1.45423030e-03,20
3681,Hybrid,mixture,-1.39766231,1.40474616e-03,20
3682,Metropolis,metropolis,-1.39098037,2.51916665e-03,20
3682,Row-Update,mps,-1.39753905,1.45334554e-03,20
3682,Hybrid,mixture,-1.39766027,1.40515061e-03,20
3683,Metropolis,metropolis,-1.39097899,2.52036658e-03,20
3683,Row-Update,mps,-1.39753690,1.45376822e-03,20
3683,Hybrid,mixture,-1.39766850,1.40400665e-03,20
3684,Metropolis,metropolis,-1.39099343,2.51646527e-03,20
3684,Row-Update,mps,-1.39753627,1.45317008e-03,20
3684,Hybrid,mixture,-1.39766031,1.40474694e-03,20
3685,Metropolis,metropolis,-1.39098282,2.51931365e-03,20
3685,Row-Update,mps,-1.39753177,1.45304727e-03,20
3685,Hybrid,mixture,-1.39765933,1.40285655e-03,20
3686,Metropolis,metropolis,-1.39097771,2.51986978e-03,20
3686,Row-Update,mps,-1.39753687,1.45515942e-03,20
3686,Hybrid,mixture,-1.39766580,1.40404739e-03,20
3687,Metropolis,metropolis,-1.39097504,2.52086160e-03,20
3687,Row-Update,mps,-1.39753832,1.45460262e-03,20
3687,Hybrid,mixture,-1.39766402,1.40514236e-03,20
3688,Metropolis,metropolis,-1.39097524,2.52210474e-03,20
3688,Row-Update,mps,-1.39753496,1.45199865e-03,20
3688,Hybrid,mixture,-1.39765627,1.40314071e-03,20
3689,Metropolis,metropolis,-1.39097499,2.52060376e-03,20
3689,Row-Update,mps,-1.39754431,1.45320701e-03,20
3689,Hybrid,mixture,-1.39765801,1.40216420e-03,20
3690,Metropolis,metropolis,-1.39097887,2.52015376e-03,20
3690,Row-Update,mps,-1.39753544,1.45578782e-03,20
3690,Hybrid,mixture,-1.39766264,1.40375448e-03,20
3691,Metropolis,metropolis,-1.39097421,2.52058605e-03,20
3691,Row-Update,mps,-1.39754045,1.45426464e-03,20
3691,Hybrid,mixture,-1.39766349,1.40505679e-03,20
3692,Metropolis,metropolis,-1.39098225,2.52088548e-03,20
3692,Row-Update,mps,-1.39753979,1.45371994e-03,20
3692,Hybrid,mixture,-1.39766533,1.40274233e-03,20
3693,Metropolis,metropolis,-1.39097863,2.52018710e-03,20
3693,Row-Update,mps,-1.39753723,1.45441157e-03,20
3693,Hybrid,mixture,-1.39766272,1.40430931e-03,20
3694,Metropolis,metropolis,-1.39097520,2.51972530e-03,20
3694,Row-Update,mps,-1.39753898,1.45483978e-03,20
3694,Hybrid,mixture,-1.39766307,1.40387742e-03,20
3695,Metropolis,metropolis,-1.39098776,2.52056758e-03,20
3695,Row-Update,mps,-1.39752931,1.45404513e-03,20
3695,Hybrid,mixture,-1.39765892,1.40520806e-03,20
3696,Metropolis,metropolis,-1.39098191,2.51814693e-03,20
3696,Row-Update,mps,-1.39753936,1.45350368e-03,20
3696,Hybrid,mixture,-1.39766226,1.40432157e-03,20
3697,Metropolis,metropolis,-1.39097756,2.52060547e-03,20
3697,Row-Update,mps,-1.39753592,1.45242163e-03,20
3697,Hybrid,mixture,-1.39766350,1.40362984e-03,20
3698,Metropolis,metropolis,-1.39098115,2.51893621e-03,20
3698,Row-Update,mps,-1.39753737,1.45249067e-03,20
3698,Hybrid,mixture,-1.39766397,1.40365244e-03,20
3699,Metropolis,metropolis,-1.39097903,2.52082966e-03,20
3699,Row-Update,mps,-1.39752894,1.45321392e-03,20
3699,Hybrid,mixture,-1.39766011,1.40398962e-03,20
3700,Metropolis,metropolis,-1.39097950,2.51994533e-03,20
3700,Row-Update,mps,-1.39754204,1.45281434e-03,20
3700,Hybrid,mixture,-1.39765673,1.40367610e-03,20
3701,Metropolis,metropolis,-1.39098325,2.52037366e-03,20
3701,Row-Update,mps,-1.39753665,1.45349052e-03,20
3701,Hybrid,mixture,-1.39766377,1.40372264e-03,20
3702,Metropolis,metropolis,-1.39098207,2.51995061e-03,20
3702,Row-Update,mps,-1.39753777,1.45419389e-03,20
3702,Hybrid,mixture,-1.39765688,1.40320300e-03,20
3703,Metropolis,metropolis,-1.39098418,2.52121808e-03,20
3703,Row-Update,mps,-1.39754052,1.45334938e-03,20
3703,Hybrid,mixture,-1.39765058,1.40392533e-03,20
3704,Metropolis,metropolis,-1.39098356,2.51980369e-03,20
3704,Row-Update,mps,-1.39753795,1.45358846e-03,20
3704,Hybrid,mixture,-1.39765906,1.40519992e-03,20
3705,Metropolis,metropolis,-1.39098102,2.52038951e-03,20
3705,Row-Update,mps,-1.39754727,1.45390418e-03,20
3705,Hybrid,mixture,-1.39766826,1.40001736e-03,20
3706,Metropolis,metropolis,-1.39098015,2.51949273e-03,20
3706,Row-Update,mps,-1.39753774,1.45351096e-03,20
3706,Hybrid,mixture,-1.39765939,1.40446762e-03,20
3707,Metropolis,metropolis,-1.39098353,2.51959685e-03,20
3707,Row-Update,mps,-1.39753813,1.45302456e-03,20
3707,Hybrid,mixture,-1.39766186,1.40331589e-03,20
3708,Metropolis,metropolis,-1.39098240,2.52037535e-03,20
3708,Row-Update,mps,-1.39753523,1.45344089e-03,20
3708,Hybrid,mixture,-1.39766013,1.40401061e-03,20
3709,Metropolis,metropolis,-1.39097949,2.52105238e-03,20
3709,Row-Update,mps,-1.39753034,1.45373043e-03,20
3709,Hybrid,mixture,-1.39766015,1.40415219e-03,20
3710,Metropolis,metropolis,-1.39098387,2.51931390e-03,20
3710,Row-Update,mps,-1.39753902,1.45417748e-03,20
3710,Hybrid,mixture,-1.39766852,1.40230375e-03,20
3711,Metropolis,metropolis,-1.39098015,2.51963409e-03,20
3711,Row-Update,mps,-1.39753601,1.45423530e-03,20
3711,Hybrid,mixture,-1.39766651,1.40637058e-03,20
3712,Metropolis,metropolis,-1.39098125,2.51919512e-03,20
3712,Row-Update,mps,-1.39752918,1.45332585e-03,20
3712,Hybrid,mixture,-1.39766053,1.40494934e-03,20
3713,Metropolis,metropolis,-1.39099286,2.51640879e-03,20
3713,Row-Update,mps,-1.39754015,1.45290723e-03,20
3713,Hybrid,mixture,-1.39766698,1.40277925e-03,20
3714,Metropolis,metropolis,-1.39098219,2.52034022e-03,20
3714,Row-Update,mps,-1.39753862,1.45369914e-03,20
3714,Hybrid,mixture,-1.39765674,1.40390370e-03,20
3715,Metropolis,metropolis,-1.39098028,2.52038506e-03,20
3715,Row-Update,mps,-1.39753998,1.45363460e-03,20
3715,Hybrid,mixture,-1.39766513,1.40312687e-03,20
3716,Metropolis,metropolis,-1.39098220,2.52141964e-03,20
3716,Row-Update,mps,-1.39752973,1.45011272e-03,20
3716,Hybrid,mixture,-1.39766886,1.40279936e-03,20
3717,Metropolis,metropolis,-1.39097945,2.51966486e-03,20
3717,Row-Update,mps,-1.39754173,1.45468203e-03,20
3717,Hybrid,mixture,-1.39766404,1.40436245e-03,20
3718,Metropolis,metropolis,-1.39097750,2.52055619e-03,20
3718,Row-Update,mps,-1.39753622,1.45377993e-03,20
3718,Hybrid,mixture,-1.39766631,1.40340996e-03,20
3719,Metropolis,metropolis,-1.39098387,2.52088808e-03,20
3719,Row-Update,mps,-1.39754669,1.45329752e-03,20
3719,Hybrid,mixture,-1.39766080,1.40304749e-03,20
3720,Metropolis,metropolis,-1.39097980,2.52018306e-03,20
3720,Row-Update,mps,-1.39753321,1.45502517e-03,20
3720,Hybrid,mixture,-1.39766850,1.40438103e-03,20
3721,Metropolis,metropolis,-1.39098025,2.52065515e-03,20
3721,Row-Update,mps,-1.39753998,1.45460630e-03,20
3721,Hybrid,mixture,-1.39764793,1.40348648e-03,20
3722,Metropolis,metropolis,-1.39098034,2.51988135e-03,20
3722,Row-Update,mps,-1.39754341,1.45422199e-03,20
3722,Hybrid,mixture,-1.39766197,1.40306220e-03,20
3723,Metropolis,metropolis,-1.39098034,2.52026187e-03,20
3723,Row-Update,mps,-1.39754191,1.45378091e-03,20
3723,Hybrid,mixture,-1.39766625,1.40295939e-03,20
3724,Metropolis,metropolis,-1.39097718,2.52060093e-03,20
3724,Row-Update,mps,-1.39753044,1.45417403e-03,20
3724,Hybrid,mixture,-1.39766166,1.40405947e-03,20
3725,Metropolis,metropolis,-1.39097787,2.52047659e-03,20
3725,Row-Update,mps,-1.39754065,1.45354499e-03,20
3725,Hybrid,mixture,-1.39766876,1.40436017e-03,20
3726,Metropolis,metropolis,-1.39098332,2.51919800e-03,20
3726,Row-Update,mps,-1.39753866,1.45456733e-03,20
3726,Hybrid,mixture,-1.39766297,1.40427023e-03,20
3727,Metropolis,metropolis,-1.39098172,2.52177238e-03,20
3727,Row-Update,mps,-1.39754095,1.45332654e-03,20
3727,Hybrid,mixture,-1.39766470,1.40389912e-03,20
3728,Metropolis,metropolis,-1.39097942,2.52000494e-03,20
3728,Row-Update,mps,-1.39753572,1.45283472e-03,20
3728,Hybrid,mixture,-1.39766962,1.40373884e-03,20
3729,Metropolis,metropolis,-1.39097691,2.52099665e-03,20
3729,Row-Update,mps,-1.39753585,1.45335201e-03,20
3729,Hybrid,mixture,-1.39767138,1.40194996e-03,20
3730,Metropolis,metropolis,-1.39098265,2.52049698e-03,20
3730,Row-Update,mps,-1.39753956,1.45466739e-03,20
3730,Hybrid,mixture,-1.39766202,1.40207325e-03,20
3731,Metropolis,metropolis,-1.39098279,2.52001325e-03,20
3731,Row-Update,mps,-1.39753307,1.45311925e-03,20
3731,Hybrid,mixture,-1.39766337,1.40441251e-03,20
3732,Metropolis,metropolis,-1.39099917,2.51902404e-03,20
3732,Row-Update,mps,-1.39755697,1.45569061e-03,20
3732,Hybrid,mixture,-1.39766455,1.40333247e-03,20
3733,Metropolis,metropolis,-1.39097835,2.52061907e-03,20
3733,Row-Update,mps,-1.39753310,1.45354361e-03,20
3733,Hybrid,mixture,-1.39765852,1.40269727e-03,20
3734,Metropolis,metropolis,-1.39097972,2.52012475e-03,20
3734,Row-Update,mps,-1.39753629,1.45332859e-03,20
3734,Hybrid,mixture,-1.39766940,1.40427416e-03,20
3735,Metropolis,metropolis,-1.39098523,2.51830789e-03,20
3735,Row-Update,mps,-1.39754322,1.45407993e-03,20
3735,Hybrid,mixture,-1.39767800,1.40156388e-03,20
3736,Metropolis,metropolis,-1.39097662,2.51962458e-03,20
3736,Row-Update,mps,-1.39753819,1.45553326e-03,20
3736,Hybrid,mixture,-1.39765966,1.40388573e-03,20
3737,Metropolis,metropolis,-1.39098049,2.52024673e-03,20
3737,Row-Update,mps,-1.39753375,1.45366147e-03,20
3737,Hybrid,mixture,-1.39765937,1.40311567e-03,20
3738,Metropolis,metropolis,-1.39098429,2.52169449e-03,20
3738,Row-Update,mps,-1.39753912,1.45461119e-03,20
3738,Hybrid,mixture,-1.39766365,1.40390372e-03,20
3739,Metropolis,metropolis,-1.39098036,2.52099460e-03,20
3739,Row-Update,mps,-1.39754016,1.45370491e-03,20
3739,Hybrid,mixture,-1.39766101,1.40278946e-03,20
3740,Metropolis,metropolis,-1.39097533,2.51942294e-03,20
3740,Row-Update,mps,-1.39753634,1.45420659e-03,20
3740,Hybrid,mixture,-1.39766849,1.40523260e-03,20
3741,Metropolis,metropolis,-1.39098022,2.52033327e-03,20
3741,Row-Update,mps,-1.39753533,1.45358159e-03,20
3741,Hybrid,mixture,-1.39765961,1.40275244e-03,20
3742,Metropolis,metropolis,-1.39098345,2.51987672e-03,20
3742,Row-Update,mps,-1.39753989,1.45295120e-03,20
3742,Hybrid,mixture,-1.39765903,1.40364739e-03,20
3743,Metropolis,metropolis,-1.39098322,2.52025498e-03,20
3743,Row-Update,mps,-1.39753990,1.45352638e-03,20
3743,Hybrid,mixture,-1.39766069,1.40452475e-03,20
3744,Metropolis,metropolis,-1.39098083,2.52072928e-03,20
3744,Row-Update,mps,-1.39753203,1.45056679e-03,20
3744,Hybrid,mixture,-1.39766767,1.40333354e-03,20
3745,Metropolis,metropolis,-1.39097865,2.52008061e-03,20
3745,Row-Update,mps,-1.39753526,1.45361551e-03,20
3745,Hybrid,mixture,-1.39766106,1.40384103e-03,20
3746,Metropolis,metropolis,-1.39098015,2.52151053e-03,20
3746,Row-Update,mps,-1.39753890,1.45307265e-03,20
3746,Hybrid,mixture,-1.39766238,1.40359004e-03,20
3747,Metropolis,metropolis,-1.39098127,2.52068114e-03,20
3747,Row-Update,mps,-1.39754031,1.45417163e-03,20
3747,Hybrid,mixture,-1.39766615,1.40448478e-03,20
3748,Metropolis,metropolis,-1.39097505,2.52084481e-03,20
3748,Row-Update,mps,-1.39753912,1.45334319e-03,20
3748,Hybrid,mixture,-1.39766657,1.40405763e-03,20
3749,Metropolis,metropolis,-1.39098216,2.51983103e-03,20
3749,Row-Update,mps,-1.39753970,1.45281789e-03,20
3749,Hybrid,mixture,-1.39766014,1.40264027e-03,20
3750,Metropolis,metropolis,-1.39097882,2.52070914e-03,20
3750,Row-Update,mps,-1.39754378,1.45276122e-03,20
3750,Hybrid,mixture,-1.39766104,1.40388031e-03,20
3751,Metropolis,metropolis,-1.39097691,2.52083106e-03,20
3751,Row-Update,mps,-1.39754941,1.45328757e-03,20
3751,Hybrid,mixture,-1.39767201,1.40439504e-03,20
3752,Metropolis,metropolis,-1.39097856,2.51945950e-03,20
3752,Row-Update,mps,-1.39753940,1.45422968e-03,20
3752,Hybrid,mixture,-1.39766916,1.40262812e-03,20
3753,Metropolis,metropolis,-1.39097663,2.52012841e-03,20
3753,Row-Update,mps,-1.39754213,1.45411593e-03,20
3753,Hybrid,mixture,-1.39766828,1.40306163e-03,20
3754,Metropolis,metropolis,-1.39098137,2.52106030e-03,20
3754,Row-Update,mps,-1.39753418,1.45583300e-03,20
3754,Hybrid,mixture,-1.39767046,1.40428934e-03,20
3755,Metropolis,metropolis,-1.39097851,2.51989645e-03,20
3755,Row-Update,mps,-1.39754052,1.45467070e-03,20
3755,Hybrid,mixture,-1.39766498,1.40284713e-03,20
3756,Metropolis,metropolis,-1.39097740,2.52067462e-03,20
3756,Row-Update,mps,-1.39754413,1.45401789e-03,20
3756,Hybrid,mixture,-1.39766515,1.40333685e-03,20
3757,Metropolis,metropolis,-1.39098166,2.52040173e-03,20
3757,Row-Update,mps,-1.39754374,1.45517978e-03,20
3757,Hybrid,mixture,-1.39766841,1.40392260e-03,20
3758,Metropolis,metropolis,-1.39097099,2.52428219e-03,20
3758,Row-Update,mps,-1.39753879,1.45502701e-03,20
3758,Hybrid,mixture,-1.39766165,1.40433494e-03,20
3759,Metropolis,metropolis,-1.39098427,2.51998062e-03,20
3759,Row-Update,mps,-1.39753430,1.45413791e-03,20
3759,Hybrid,mixture,-1.39766283,1.40429903e-03,20
3760,Metropolis,metropolis,-1.39097964,2.52128681e-03,20
3760,Row-Update,mps,-1.39753983,1.45091957e-03,20
3760,Hybrid,mixture,-1.39766631,1.40449456e-03,20
3761,Metropolis,metropolis,-1.39098336,2.52094004e-03,20
3761,Row-Update,mps,-1.39754182,1.45560017e-03,20
3761,Hybrid,mixture,-1.39766389,1.40350612e-03,20
3762,Metropolis,metropolis,-1.39097805,2.52143872e-03,20
3762,Row-Update,mps,-1.39753760,1.45322880e-03,20
3762,Hybrid,mixture,-1.39765991,1.40393041e-03,20
3763,Metropolis,metropolis,-1.39097902,2.52154741e-03,20
3763,Row-Update,mps,-1.39753262,1.45334566e-03,20
3763,Hybrid,mixture,-1.39767047,1.40256824e-03,20
3764,Metropolis,metropolis,-1.39097749,2.52028657e-03,20
3764,Row-Update,mps,-1.39754796,1.45291623e-03,20
3764,Hybrid,mixture,-1.39766536,1.40403600e-03,20
3765,Metropolis,metropolis,-1.39098171,2.52072327e-03,20
3765,Row-Update,mps,-1.39753492,1.45548484e-03,20
3765,Hybrid,mixture,-1.39766683,1.40471230e-03,20
3766,Metropolis,metropolis,-1.39098465,2.52008653e-03,20
3766,Row-Update,mps,-1.39753326,1.45476933e-03,20
3766,Hybrid,mixture,-1.39765063,1.40226164e-03,20
3767,Metropolis,metropolis,-1.39098574,2.52072829e-03,20
3767,Row-Update,mps,-1.39753606,1.45354843e-03,20
3767,Hybrid,mixture,-1.39766351,1.40273252e-03,20
3768,Metropolis,metropolis,-1.39098128,2.52061656e-03,20
3768,Row-Update,mps,-1.39753141,1.45424113e-03,20
3768,Hybrid,mixture,-1.39765532,1.40420428e-03,20
3769,Metropolis,metropolis,-1.39097914,2.51974461e-03,20
3769,Row-Update,mps,-1.39753955,1.45405344e-03,20
3769,Hybrid,mixture,-1.39766605,1.40348879e-03,20
3770,Metropolis,metropolis,-1.39097951,2.51968553e-03,20
3770,Row-Update,mps,-1.39753847,1.45323688e-03,20
3770,Hybrid,mixture,-1.39765876,1.40327622e-03,20
3771,Metropolis,metropolis,-1.39097911,2.52041824e-03,20
3771,Row-Update,mps,-1.39753668,1.45357777e-03,20
3771,Hybrid,mixture,-1.39766288,1.40448192e-03,20
3772,Metropolis,metropolis,-1.39097724,2.52017591e-03,20
3772,Row-Update,mps,-1.39753712,1.45391901e-03,20
3772,Hybrid,mixture,-1.39766158,1.40220346e-03,20
3773,Metropolis,metropolis,-1.39098098,2.52058047e-03,20
3773,Row-Update,mps,-1.39754017,1.45520023e-03,20
3773,Hybrid,mixture,-1.39766076,1.40323981e-03,20
3774,Metropolis,metropolis,-1.39098862,2.51864105e-03,20
3774,Row-Update,mps,-1.39753947,1.45353803e-03,20
3774,Hybrid,mixture,-1.39766302,1.40510941e-03,20
3775,Metropolis,metropolis,-1.39098044,2.51990277e-03,20
3775,Row-Update,mps,-1.39753928,1.45349740e-03,20
3775,Hybrid,mixture,-1.39766312,1.40533784e-03,20
3776,Metropolis,metropolis,-1.39100590,2.51815805e-03,20
3776,Row-Update,mps,-1.39753257,1.45029918e-03,20
3776,Hybrid,mixture,-1.39766134,1.40458876e-03,20
3777,Metropolis,metropolis,-1.39098168,2.52056443e-03,20
3777,Row-Update,mps,-1.39753526,1.45343561e-03,20
3777,Hybrid,mixture,-1.39766514,1.40319424e-03,20
3778,Metropolis,metropolis,-1.39097378,2.52017234e-03,20
3778,Row-Update,mps,-1.39753251,1.45380526e-03,20
3778,Hybrid,mixture,-1.39766390,1.40350244e-03,20
3779,Metropolis,metropolis,-1.39098522,2.51917887e-03,20
3779,Row-Update,mps,-1.39753468,1.45434716e-03,20
3779,Hybrid,mixture,-1.39766218,1.40270912e-03,20
3780,Metropolis,metropolis,-1.39097921,2.51882296e-03,20
3780,Row-Update,mps,-1.39753664,1.45471206e-03,20
3780,Hybrid,mixture,-1.39766623,1.40438262e-03,20
3781,Metropolis,metropolis,-1.39097835,2.52053153e-03,20
3781,Row-Update,mps,-1.39754000,1.45460754e-03,20
3781,Hybrid,mixture,-1.39766473,1.40377599e-03,20
3782,Metropolis,metropolis,-1.39097534,2.52253459e-03,20
3782,Row-Update,mps,-1.39754099,1.45452478e-03,20
3782,Hybrid,mixture,-1.39766338,1.40427010e-03,20
3783,Metropolis,metropolis,-1.39097825,2.51994653e-03,20
3783,Row-Update,mps,-1.39754107,1.45326697e-03,20
3783,Hybrid,mixture,-1.39767202,1.40295210e-03,20
3784,Metropolis,metropolis,-1.39098153,2.51927685e-03,20
3784,Row-Update,mps,-1.39753368,1.45458498e-03,20
3784,Hybrid,mixture,-1.39765872,1.40198892e-03,20
3785,Metropolis,metropolis,-1.39098096,2.51985256e-03,20
3785,Row-Update,mps,-1.39753629,1.45386290e-03,20
3785,Hybrid,mixture,-1.39765967,1.40403088e-03,20
3786,Metropolis,metropolis,-1.39098118,2.51848817e-03,20
3786,Row-Update,mps,-1.39753535,1.45534558e-03,20
3786,Hybrid,mixture,-1.39765896,1.40397283e-03,20
3787,Metropolis,metropolis,-1.39098236,2.52012608e-03,20
3787,Row-Update,mps,-1.39753704,1.45506143e-03,20
3787,Hybrid,mixture,-1.39766403,1.40447783e-03,20
3788,Metropolis,metropolis,-1.39097802,2.52047469e-03,20
3788,Row-Update,mps,-1.39753925,1.45426554e-03,20
3788,Hybrid,mixture,-1.39765140,1.40379209e-03,20
3789,Metropolis,metropolis,-1.39097889,2.52140736e-03,20
3789,Row-Update,mps,-1.39753591,1.45446617e-03,20
3789,Hybrid,mixture,-1.39766945,1.40119100e-03,20
3790,Metropolis,metropolis,-1.39097942,2.52012782e-03,20
3790,Row-Update,mps,-1.39753653,1.45375596e-03,20
3790,Hybrid,mixture,-1.39766441,1.40499860e-03,20
3791,Metropolis,metropolis,-1.39097720,2.52024428e-03,20
3791,Row-Update,mps,-1.39753098,1.45170970e-03,20
3791,Hybrid,mixture,-1.39766653,1.40330203e-03,20
3792,Metropolis,metropolis,-1.39097865,2.52047497e-03,20
3792,Row-Update,mps,-1.39753565,1.45259893e-03,20
3792,Hybrid,mixture,-1.39766683,1.40282520e-03,20
3793,Metropolis,metropolis,-1.39097988,2.51979101e-03,20
3793,Row-Update,mps,-1.39751932,1.44949295e-03,20
3793,Hybrid,mixture,-1.39766361,1.40581650e-03,20
3794,Metropolis,metropolis,-1.39098272,2.52003240e-03,20
3794,Row-Update,mps,-1.39754180,1.45350633e-03,20
3794,Hybrid,mixture,-1.39766416,1.40256182e-03,20
3795,Metropolis,metropolis,-1.39097875,2.52066777e-03,20
3795,Row-Update,mps,-1.39753717,1.45433652e-03,20
3795,Hybrid,mixture,-1.39765771,1.40357461e-03,20
3796,Metropolis,metropolis,-1.39098375,2.51813697e-03,20
3796,Row-Update,mps,-1.39753147,1.45395067e-03,20
3796,Hybrid,mixture,-1.39765953,1.40387483e-03,20
3797,Metropolis,metropolis,-1.39097822,2.51976689e-03,20
3797,Row-Update,mps,-1.39753917,1.45219622e-03,20
3797,Hybrid,mixture,-1.39766039,1.40378667e-03,20
3798,Metropolis,metropolis,-1.39097518,2.52107356e-03,20
3798,Row-Update,mps,-1.39753243,1.45162945e-03,20
3798,Hybrid,mixture,-1.39767248,1.40474449e-03,20
3799,Metropolis,metropolis,-1.39097977,2.52035425e-03,20
3799,Row-Update,mps,-1.39753634,1.45224254e-03,20
3799,Hybrid,mixture,-1.39766364,1.40416794e-03,20
3800,Metropolis,metropolis,-1.39097268,2.51929523e-03,20
3800,Row-Update,mps,-1.39754540,1.45297973e-03,20
3800,Hybrid,mixture,-1.39766028,1.40418482e-03,20
3801,Metropolis,metropolis,-1.39098064,2.52061515e-03,20
3801,Row-Update,mps,-1.39753894,1.45466921e-03,20
3801,Hybrid,mixture,-1.39766199,1.40359578e-03,20
3802,Metropolis,metropolis,-1.39097297,2.52120625e-03,20
3802,Row-Update,mps,-1.39753886,1.45302463e-03,20
3802,Hybrid,mixture,-1.39766444,1.40380684e-03,20
3803,Metropolis,metropolis,-1.39098286,2.52132811e-03,20
3803,Row-Update,mps,-1.39753878,1.45445943e-03,20
3803,Hybrid,mixture,-1.39766534,1.40282631e-03,20
3804,Metropolis,metropolis,-1.39098083,2.52084221e-03,20
3804,Row-Update,mps,-1.39753497,1.45612460e-03,20
3804,Hybrid,mixture,-1.39766362,1.40406684e-03,20
3805,Metropolis,metropolis,-1.39097976,2.51992816e-03,20
3805,Row-Update,mps,-1.39753963,1.45445702e-03,20
3805,Hybrid,mixture,-1.39766647,1.40683130e-03,20
3806,Metropolis,metropolis,-1.39097676,2.51982984e-03,20
3806,Row-Update,mps,-1.39753808,1.45298815e-03,20
3806,Hybrid,mixture,-1.39765886,1.40309851e-03,20
3807,Metropolis,metropolis,-1.39098266,2.52192071e-03,20
3807,Row-Update,mps,-1.39754057,1.45397112e-03,20
3807,Hybrid,mixture,-1.39766296,1.40376203e-03,20
3808,Metropolis,metropolis,-1.39098386,2.51923658e-03,20
3808,Row-Update,mps,-1.39754120,1.45285802e-03,20
3808,Hybrid,mixture,-1.39766163,1.40324493e-03,20
3809,Metropolis,metropolis,-1.39098420,2.51938859e-03,20
3809,Row-Update,mps,-1.39754051,1.45361575e-03,20
3809,Hybrid,mixture,-1.39766422,1.40417969e-03,20
3810,Metropolis,metropolis,-1.39098060,2.51995821e-03,20
3810,Row-Update,mps,-1.39753572,1.45343213e-03,20
3810,Hybrid,mixture,-1.39766741,1.40494492e-03,20
3811,Metropolis,metropolis,-1.39097483,2.51709664e-03,20
3811,Row-Update,mps,-1.39754797,1.45219067e-03,20
3811,Hybrid,mixture,-1.39766280,1.40372696e-03,20
3812,Metropolis,metropolis,-1.39097790,2.52095126e-03,20
3812,Row-Update,mps,-1.39754201,1.45208603e-03,20
3812,Hybrid,mixture,-1.39766150,1.40435061e-03,20
3813,Metropolis,metropolis,-1.39097999,2.52065137e-03,20
3813,Row-Update,mps,-1.39753162,1.45436790e-03,20
3813,Hybrid,mixture,-1.39766482,1.40393429e-03,20
3814,Metropolis,metropolis,-1.39098118,2.52006214e-03,20
3814,Row-Update,mps,-1.39754178,1.45367744e-03,20
3814,Hybrid,mixture,-1.39766716,1.40310618e-03,20
3815,Metropolis,metropolis,-1.39098205,2.51997064e-03,20
3815,Row-Update,mps,-1.39753382,1.45303774e-03,20
3815,Hybrid,mixture,-1.39766751,1.40440228e-03,20
3816,Metropolis,metropolis,-1.39098553,2.52022950e-03,20
3816,Row-Update,mps,-1.39753517,1.45373956e-03,20
3816,Hybrid,mixture,-1.39765963,1.40494417e-03,20
3817,Metropolis,metropolis,-1.39097802,2.52010565e-03,20
3817,Row-Update,mps,-1.39753440,1.45370207e-03,20
3817,Hybrid,mixture,-1.39766989,1.40309704e-03,20
3818,Metropolis,metropolis,-1.39098026,2.51991470e-03,20
3818,Row-Update,mps,-1.39753046,1.45349747e-03,20
3818,Hybrid,mixture,-1.39765742,1.40458829e-03,20
3819,Metropolis,metropolis,-1.39097510,2.52024927e-03,20
3819,Row-Update,mps,-1.39753983,1.45263567e-03,20
3819,Hybrid,mixture,-1.39766585,1.40227028e-03,20
3820,Metropolis,metropolis,-1.39098128,2.52040539e-03,20
3820,Row-Update,mps,-1.39754177,1.45348389e-03,20
3820,Hybrid,mixture,-1.39767063,1.40161214e-03,20
3821,Metropolis,metropolis,-1.39097916,2.51973306e-03,20
3821,Row-Update,mps,-1.39753413,1.45412385e-03,20
3821,Hybrid,mixture,-1.39766758,1.40393086e-03,20
3822,Metropolis,metropolis,-1.39097786,2.52031481e-03,20
3822,Row-Update,mps,-1.39754179,1.45460057e-03,20
3822,Hybrid,mixture,-1.39765927,1.40409488e-03,20
3823,Metropolis,metropolis,-1.39098279,2.52112216e-03,20
3823,Row-Update,mps,-1.39753884,1.45300717e-03,20
3823,Hybrid,mixture,-1.39765877,1.40245651e-03,20
3824,Metropolis,metropolis,-1.39097584,2.52086901e-03,20
3824,Row-Update,mps,-1.39754269,1.45264735e-03,20
3824,Hybrid,mixture,-1.39766090,1.40500025e-03,20
3825,Metropolis,metropolis,-1.39097552,2.52029627e-03,20
3825,Row-Update,mps,-1.39753849,1.45236371e-03,20
3825,Hybrid,mixture,-1.39766484,1.40327790e-03,20
3826,Metropolis,metropolis,-1.39097810,2.52036367e-03,20
3826,Row-Update,mps,-1.39753828,1.45453997e-03,20
3826,Hybrid,mixture,-1.39766338,1.40372676e-03,20
3827,Metropolis,metropolis,-1.39098734,2.52062517e-03,20
3827,Row-Update,mps,-1.39754279,1.45252686e-03,20
3827,Hybrid,mixture,-1.39767213,1.40362383e-03,20
3828,Metropolis,metropolis,-1.39098398,2.51938091e-03,20
3828,Row-Update,mps,-1.39753602,1.45530546e-03,20
3828,Hybrid,mixture,-1.39766498,1.40338778e-03,20
3829,Metropolis,metropolis,-1.39098258,2.52047377e-03,20
3829,Row-Update,mps,-1.39753913,1.45307353e-03,20
3829,Hybrid,mixture,-1.39765792,1.40466815e-03,20
3830,Metropolis,metropolis,-1.39097799,2.51965121e-03,20
3830,Row-Update,mps,-1.39753925,1.45388079e-03,20
3830,Hybrid,mixture,-1.39765839,1.40301619e-03,20
3831,Metropolis,metropolis,-1.39098218,2.52122859e-03,20
3831,Row-Update,mps,-1.39753375,1.45383514e-03,20
3831,Hybrid,mixture,-1.39766402,1.40299636e-03,20
3832,Metropolis,metropolis,-1.39097789,2.51811142e-03,20
3832,Row-Update,mps,-1.39753794,1.45421564e-03,20
3832,Hybrid,mixture,-1.39765920,1.40460616e-03,20
3833,Metropolis,metropolis,-1.39097985,2.52033079e-03,20
3833,Row-Update,mps,-1.39753412,1.45386161e-03,20
3833,Hybrid,mixture,-1.39766432,1.40379442e-03,20
3834,Metropolis,metropolis,-1.39097902,2.52018175e-03,20
3834,Row-Update,mps,-1.39754175,1.45331647e-03,20
3834,Hybrid,mixture,-1.39766758,1.40408219e-03,20
3835,Metropolis,metropolis,-1.39097769,2.52037520e-03,20
3835,Row-Update,mps,-1.39754552,1.45517557e-03,20
3835,Hybrid,mixture,-1.39766176,1.40301381e-03,20
3836,Metropolis,metropolis,-1.39098358,2.51935149e-03,20
3836,Row-Update,mps,-1.39753580,1.45511780e-03,20
3836,Hybrid,mixture,-1.39766035,1.40312055e-03,20
3837,Metropolis,metropolis,-1.39097973,2.52093936e-03,20
3837,Row-Update,mps,-1.39753441,1.45436963e-03,20
3837,Hybrid,mixture,-1.39765985,1.40372765e-03,20
3838,Metropolis,metropolis,-1.39097714,2.52050877e-03,20
3838,Row-Update,mps,-1.39753649,1.45341909e-03,20
3838,Hybrid,mixture,-1.39766393,1.40362925e-03,20
3839,Metropolis,metropolis,-1.39097839,2.51995254e-03,20
3839,Row-Update,mps,-1.39753641,1.45362137e-03,20
3839,Hybrid,mixture,-1.39765961,1.40441058e-03,20
3840,Metropolis,metropolis,-1.39098087,2.52050456e-03,20
3840,Row-Update,mps,-1.39753652,1.45370153e-03,20
3840,Hybrid,mixture,-1.39766028,1.40465588e-03,20
3841,Metropolis,metropolis,-1.39098130,2.52065175e-03,20
3841,Row-Update,mps,-1.39753898,1.45345012e-03,20
3841,Hybrid,mixture,-1.39765443,1.40312720e-03,20
3842,Metropolis,metropolis,-1.39098074,2.51903186e-03,20
3842,Row-Update,mps,-1.39754287,1.45365455e-03,20
3842,Hybrid,mixture,-1.39766873,1.40544801e-03,20
3843,Metropolis,metropolis,-1.39097657,2.52089323e-03,20
3843,Row-Update,mps,-1.39752832,1.45378825e-03,20
3843,Hybrid,mixture,-1.39766836,1.40403279e-03,20
3844,Metropolis,metropolis,-1.39098305,2.51974107e-03,20
3844,Row-Update,mps,-1.39753573,1.45488324e-03,20
3844,Hybrid,mixture,-1.39766354,1.40479948e-03,20
3845,Metropolis,metropolis,-1.39098002,2.52052997e-03,20
3845,Row-Update,mps,-1.39754040,1.45384176e-03,20
3845,Hybrid,mixture,-1.39766157,1.40338656e-03,20
3846,Metropolis,metropolis,-1.39097791,2.52119924e-03,20
3846,Row-Update,mps,-1.39754157,1.45261665e-03,20
3846,Hybrid,mixture,-1.39765745,1.40309792e-03,20
3847,Metropolis,metropolis,-1.39098130,2.52027868e-03,20
3847,Row-Update,mps,-1.39754542,1.45297656e-03,20
3847,Hybrid,mixture,-1.39766118,1.40360281e-03,20
3848,Metropolis,metropolis,-1.39098200,2.52040178e-03,20
3848,Row-Update,mps,-1.39753665,1.45336922e-03,20
3848,Hybrid,mixture,-1.39766229,1.40490945e-03,20
3849,Metropolis,metropolis,-1.39097979,2.51941853e-03,20
3849,Row-Update,mps,-1.39753507,1.45370328e-03,20
3849,Hybrid,mixture,-1.39765482,1.40312424e-03,20
3850,Metropolis,metropolis,-1.39097998,2.52062527e-03,20
3850,Row-Update,mps,-1.39754050,1.45359506e-03,20
3850,Hybrid,mixture,-1.39766121,1.40335994e-03,20
3851,Metropolis,metropolis,-1.39097624,2.52047301e-03,20
3851,Row-Update,mps,-1.39753715,1.45455666e-03,20
3851,Hybrid,mixture,-1.39766975,1.40240648e-03,20
3852,Metropolis,metropolis,-1.39098939,2.52044406e-03,20
3852,Row-Update,mps,-1.39754259,1.45279446e-03,20
3852,Hybrid,mixture,-1.39766884,1.40523208e-03,20
3853,Metropolis,metropolis,-1.39097890,2.52171923e-03,20
3853,Row-Update,mps,-1.39754394,1.45471690e-03,20
3853,Hybrid,mixture,-1.39766979,1.40317624e-03,20
3854,Metropolis,metropolis,-1.39099556,2.52329680e-03,20
3854,Row-Update,mps,-1.39753890,1.45387185e-03,20
3854,Hybrid,mixture,-1.39766456,1.40409976e-03,20
3855,Metropolis,metropolis,-1.39098034,2.52061518e-03,20
3855,Row-Update,mps,-1.39754467,1.45430042e-03,20
3855,Hybrid,mixture,-1.39765746,1.40745133e-03,20
3856,Metropolis,metropolis,-1.39097719,2.51907292e-03,20
3856,Row-Update,mps,-1.39754103,1.45272872e-03,20
3856,Hybrid,mixture,-1.39766730,1.40562941e-03,20
3857,Metropolis,metropolis,-1.39097680,2.52043530e-03,20
3857,Row-Update,mps,-1.39753828,1.45443078e-03,20
3857,Hybrid,mixture,-1.39765953,1.40263186e-03,20
3858,Metropolis,metropolis,-1.39098113,2.51954760e-03,20
3858,Row-Update,mps,-1.39754020,1.45233741e-03,20
3858,Hybrid,mixture,-1.39766566,1.40333525e-03,20
3859,Metropolis,metropolis,-1.39097707,2.51974993e-03,20
3859,Row-Update,mps,-1.39753875,1.45464656e-03,20
3859,Hybrid,mixture,-1.39766550,1.40301149e-03,20
3860,Metropolis,metropolis,-1.39098397,2.52031608e-03,20
3860,Row-Update,mps,-1.39753842,1.45230942e-03,20
3860,Hybrid,mixture,-1.39766316,1.40407604e-03,20
3861,Metropolis,metropolis,-1.39097924,2.52033649e-03,20
3861,Row-Update,mps,-1.39753726,1.45493216e-03,20
3861,Hybrid,mixture,-1.39766840,1.40412582e-03,20
3862,Metropolis,metropolis,-1.39097642,2.51920834e-03,20
3862,Row-Update,mps,-1.39753303,1.45330677e-03,20
3862,Hybrid,mixture,-1.39766572,1.40545177e-03,20
3863,Metropolis,metropolis,-1.39097963,2.52018782e-03,20
3863,Row-Update,mps,-1.39753983,1.45347189e-03,20
3863,Hybrid,mixture,-1.39766055,1.40436873e-03,20
3864,Metropolis,metropolis,-1.39097731,2.52042436e-03,20
3864,Row-Update,mps,-1.39753159,1.45301004e-03,20
3864,Hybrid,mixture,-1.39766660,1.40533106e-03,20
3865,Metropolis,metropolis,-1.39098033,2.51992526e-03,20
3865,Row-Update,mps,-1.39753509,1.45419346e-03,20
3865,Hybrid,mixture,-1.39766111,1.40433043e-03,20
3866,Metropolis,metropolis,-1.39098855,2.52083540e-03,20
3866,Row-Update,mps,-1.39752741,1.45741449e-03,20
3866,Hybrid,mixture,-1.39766530,1.40223996e-03,20
3867,Metropolis,metropolis,-1.39097854,2.52013284e-03,20
3867,Row-Update,mps,-1.39753919,1.45263939e-03,20
3867,Hybrid,mixture,-1.39766212,1.40280756e-03,20
3868,Metropolis,metropolis,-1.39098074,2.52185017e-03,20
3868,Row-Update,mps,-1.39753434,1.45463786e-03,20
3868,Hybrid,mixture,-1.39766021,1.40611353e-03,20
3869,Metropolis,metropolis,-1.39097978,2.52117130e-03,20
3869,Row-Update,mps,-1.39753647,1.45278596e-03,20
3869,Hybrid,mixture,-1.39766053,1.40261539e-03,20
3870,Metropolis,metropolis,-1.39098201,2.51963444e-03,20
3870,Row-Update,mps,-1.39753532,1.45501803e-03,20
3870,Hybrid,mixture,-1.39766030,1.40436926e-03,20
3871,Metropolis,metropolis,-1.39098035,2.51952687e-03,20
3871,Row-Update,mps,-1.39753426,1.45470937e-03,20
3871,Hybrid,mixture,-1.39766531,1.40446624e-03,20
3872,Metropolis,metropolis,-1.39098081,2.51957116e-03,20
3872,Row-Update,mps,-1.39753740,1.45358798e-03,20
3872,Hybrid,mixture,-1.39766159,1.40416574e-03,20
3873,Metropolis,metropolis,-1.39097034,2.51898285e-03,20
3873,Row-Update,mps,-1.39754780,1.45340556e-03,20
3873,Hybrid,mixture,-1.39766349,1.40464113e-03,20
3874,Metropolis,metropolis,-1.39097533,2.52075298e-03,20
3874,Row-Update,mps,-1.39754257,1.45342231e-03,20
3874,Hybrid,mixture,-1.39767230,1.40466491e-03,20
3875,Metropolis,metropolis,-1.39098571,2.51915291e-03,20
3875,Row-Update,mps,-1.39755275,1.45036650e-03,20
3875,Hybrid,mixture,-1.39766186,1.40409562e-03,20
3876,Metropolis,metropolis,-1.39097759,2.52151463e-03,20
3876,Row-Update,mps,-1.39754515,1.45381546e-03,20
3876,Hybrid,mixture,-1.39766273,1.40351507e-03,20
3877,Metropolis,metropolis,-1.39098112,2.52016006e-03,20
3877,Row-Update,mps,-1.39753333,1.45228539e-03,20
3877,Hybrid,mixture,-1.39766059,1.40398170e-03,20
3878,Metropolis,metropolis,-1.39097684,2.52129576e-03,20
3878,Row-Update,mps,-1.39753812,1.45386203e-03,20
3878,Hybrid,mixture,-1.39766193,1.40441204e-03,20
3879,Metropolis,metropolis,-1.39098024,2.52032308e-03,20
3879,Row-Update,mps,-1.39753889,1.45422400e-03,20
3879,Hybrid,mixture,-1.39766610,1.40441513e-03,20
3880,Metropolis,metropolis,-1.39098395,2.52011349e-03,20
3880,Row-Update,mps,-1.39753640,1.45278563e-03,20
3880,Hybrid,mixture,-1.39766361,1.40348481e-03,20
3881,Metropolis,metropolis,-1.39099297,2.51777375e-03,20
3881,Row-Update,mps,-1.39753857,1.45350432e-03,20
3881,Hybrid,mixture,-1.39766461,1.40255211e-03,20
3882,Metropolis,metropolis,-1.39098710,2.51957420e-03,20
3882,Row-Update,mps,-1.39754200,1.45285203e-03,20
3882,Hybrid,mixture,-1.39766613,1.40325569e-03,20
3883,Metropolis,metropolis,-1.39098716,2.51973474e-03,20
3883,Row-Update,mps,-1.39753787,1.45406433e-03,20
3883,Hybrid,mixture,-1.39765907,1.40229150e-03,20
3884,Metropolis,metropolis,-1.39098388,2.51974507e-03,20
3884,Row-Update,mps,-1.39753852,1.45427839e-03,20
3884,Hybrid,mixture,-1.39766484,1.40310970e-03,20
3885,Metropolis,metropolis,-1.39097842,2.51964437e-03,20
3885,Row-Update,mps,-1.39753196,1.45427199e-03,20
3885,Hybrid,mixture,-1.39766558,1.40368636e-03,20
3886,Metropolis,metropolis,-1.39097976,2.52056388e-03,20
3886,Row-Update,mps,-1.39753992,1.45333062e-03,20
3886,Hybrid,mixture,-1.39766685,1.40311701e-03,20
3887,Metropolis,metropolis,-1.39098511,2.51995122e-03,20
3887,Row-Update,mps,-1.39753103,1.45515644e-03,20
3887,Hybrid,mixture,-1.39766065,1.40349663e-03,20
3888,Metropolis,metropolis,-1.39098812,2.51991802e-03,20
3888,Row-Update,mps,-1.39754144,1.45364442e-03,20
3888,Hybrid,mixture,-1.39766649,1.40287499e-03,20
3889,Metropolis,metropolis,-1.39098190,2.52076229e-03,20
3889,Row-Update,mps,-1.39753398,1.45471111e-03,20
3889,Hybrid,mixture,-1.39765742,1.40299815e-03,20
3890,Metropolis,metropolis,-1.39098100,2.51907650e-03,20
3890,Row-Update,mps,-1.39754051,1.45471189e-03,20
3890,Hybrid,mixture,-1.39765897,1.40445178e-03,20
3891,Metropolis,metropolis,-1.39097821,2.51986067e-03,20
3891,Row-Update,mps,-1.39753614,1.45418846e-03,20
3891,Hybrid,mixture,-1.39766509,1.40476403e-03,20
3892,Metropolis,metropolis,-1.39098586,2.51905694e-03,20
3892,Row-Update,mps,-1.39753886,1.45257375e-03,20
3892,Hybrid,mixture,-1.39766555,1.40484923e-03,20
3893,Metropolis,metropolis,-1.39097819,2.51950829e-03,20
3893,Row-Update,mps,-1.39752833,1.45463588e-03,20
3893,Hybrid,mixture,-1.39766355,1.40426701e-03,20
3894,Metropolis,metropolis,-1.39097461,2.51937235e-03,20
3894,Row-Update,mps,-1.39754498,1.45367011e-03,20
3894,Hybrid,mixture,-1.39766457,1.40411475e-03,20
3895,Metropolis,metropolis,-1.39098326,2.51827488e-03,20
3895,Row-Update,mps,-1.39754183,1.45421839e-03,20
3895,Hybrid,mixture,-1.39766362,1.40481088e-03,20
3896,Metropolis,metropolis,-1.39097811,2.51856790e-03,20
3896,Row-Update,mps,-1.39754439,1.45300767e-03,20
3896,Hybrid,mixture,-1.39766177,1.40181992e-03,20
3897,Metropolis,metropolis,-1.39098147,2.51995033e-03,20
3897,Row-Update,mps,-1.39754961,1.45153489e-03,20
3897,Hybrid,mixture,-1.39766517,1.40468130e-03,20
3898,Metropolis,metropolis,-1.39098014,2.52035968e-03,20
3898,Row-Update,mps,-1.39753918,1.45350392e-03,20
3898,Hybrid,mixture,-1.39766522,1.40278108e-03,20
3899,Metropolis,metropolis,-1.39097812,2.52060656e-03,20
3899,Row-Update,mps,-1.39753225,1.45138801e-03,20
3899,Hybrid,mixture,-1.39766564,1.40338967e-03,20
3900,Metropolis,metropolis,-1.39097888,2.52029289e-03,20
3900,Row-Update,mps,-1.39754044,1.45392994e-03,20
3900,Hybrid,mixture,-1.39766539,1.40271003e-03,20
3901,Metropolis,metropolis,-1.39097977,2.52141515e-03,20
3901,Row-Update,mps,-1.39753528,1.45507725e-03,20
3901,Hybrid,mixture,-1.39766496,1.40331838e-03,20
3902,Metropolis,metropolis,-1.39097891,2.51968269e-03,20
3902,Row-Update,mps,-1.39754357,1.45363221e-03,20
3902,Hybrid,mixture,-1.39765953,1.40362682e-03,20
3903,Metropolis,metropolis,-1.39097630,2.52093846e-03,20
3903,Row-Update,mps,-1.39754279,1.45254668e-03,20
3903,Hybrid,mixture,-1.39765571,1.40475866e-03,20
3904,Metropolis,metropolis,-1.39097774,2.52090976e-03,20
3904,Row-Update,mps,-1.39753682,1.45556773e-03,20
3904,Hybrid,mixture,-1.39766384,1.40353904e-03,20
3905,Metropolis,metropolis,-1.39097925,2.52062623e-03,20
3905,Row-Update,mps,-1.39754443,1.45304649e-03,20
3905,Hybrid,mixture,-1.39766737,1.40350311e-03,20
3906,Metropolis,metropolis,-1.39098078,2.52026174e-03,20
3906,Row-Update,mps,-1.39753030,1.45605887e-03,20
3906,Hybrid,mixture,-1.39766540,1.40482602e-03,20
3907,Metropolis,metropolis,-1.39097561,2.52045888e-03,20
3907,Row-Update,mps,-1.39753322,1.45330721e-03,20
3907,Hybrid,mixture,-1.39766596,1.40345857e-03,20
3908,Metropolis,metropolis,-1.39098500,2.52005206e-03,20
3908,Row-Update,mps,-1.39753377,1.45412948e-03,20
3908,Hybrid,mixture,-1.39766420,1.40554103e-03,20
3909,Metropolis,metropolis,-1.39097334,2.52079998e-03,20
3909,Row-Update,mps,-1.39754151,1.45326661e-03,20
3909,Hybrid,mixture,-1.39765983,1.40443819e-03,20
3910,Metropolis,metropolis,-1.39097804,2.52179480e-03,20
3910,Row-Update,mps,-1.39753681,1.45391507e-03,20
3910,Hybrid,mixture,-1.39766615,1.40463599e-03,20
3911,Metropolis,metropolis,-1.39098298,2.52062358e-03,20
3911,Row-Update,mps,-1.39753421,1.45150394e-03,20
3911,Hybrid,mixture,-1.39766116,1.40267450e-03,20
3912,Metropolis,metropolis,-1.39098249,2.52180219e-03,20
3912,Row-Update,mps,-1.39753223,1.45511175e-03,20
3912,Hybrid,mixture,-1.39766212,1.40279096e-03,20
3913,Metropolis,metropolis,-1.39097802,2.52088000e-03,20
3913,Row-Update,mps,-1.39754012,1.45427263e-03,20
3913,Hybrid,mixture,-1.39766327,1.40267655e-03,20
3914,Metropolis,metropolis,-1.39098029,2.52042505e-03,20
3914,Row-Update,mps,-1.39753501,1.45365113e-03,20
3914,Hybrid,mixture,-1.39766820,1.40230858e-03,20
3915,Metropolis,metropolis,-1.39098446,2.52106475e-03,20
3915,Row-Update,mps,-1.39753804,1.45360096e-03,20
3915,Hybrid,mixture,-1.39766836,1.40447757e-03,20
3916,Metropolis,metropolis,-1.39098928,2.51899739e-03,20
3916,Row-Update,mps,-1.39753512,1.45340357e-03,20
3916,Hybrid,mixture,-1.39766417,1.40340873e-03,20
3917,Metropolis,metropolis,-1.39098225,2.52133983e-03,20
3917,Row-Update,mps,-1.39754003,1.45324828e-03,20
3917,Hybrid,mixture,-1.39767200,1.40429755e-03,20
3918,Metropolis,metropolis,-1.39098081,2.52077793e-03,20
3918,Row-Update,mps,-1.39753903,1.45427304e-03,20
3918,Hybrid,mixture,-1.39766613,1.40571083e-03,20
3919,Metropolis,metropolis,-1.39097762,2.52100435e-03,20
3919,Row-Update,mps,-1.39753746,1.45337020e-03,20
3919,Hybrid,mixture,-1.39766214,1.40340731e-03,20
3920,Metropolis,metropolis,-1.39097799,2.52005109e-03,20
3920,Row-Update,mps,-1.39754768,1.45241982e-03,20
3920,Hybrid,mixture,-1.39765861,1.40454279e-03,20
3921,Metropolis,metropolis,-1.39098500,2.52118475e-03,20
3921,Row-Update,mps,-1.39754350,1.45482293e-03,20
3921,Hybrid,mixture,-1.39765944,1.40408954e-03,20
3922,Metropolis,metropolis,-1.39098839,2.52013124e-03,20
3922,Row-Update,mps,-1.39753358,1.45207612e-03,20
3922,Hybrid,mixture,-1.39766939,1.40425582e-03,20
3923,Metropolis,metropolis,-1.39097949,2.52021845e-03,20
3923,Row-Update,mps,-1.39753455,1.45349962e-03,20
3923,Hybrid,mixture,-1.39765838,1.40416257e-03,20
3924,Metropolis,metropolis,-1.39098029,2.51895803e-03,20
3924,Row-Update,mps,-1.39754562,1.45353572e-03,20
3924,Hybrid,mixture,-1.39766516,1.40434568e-03,20
3925,Metropolis,metropolis,-1.39097692,2.52344068e-03,20
3925,Row-Update,mps,-1.39752607,1.45430636e-03,20
3925,Hybrid,mixture,-1.39765824,1.40389662e-03,20
3926,Metropolis,metropolis,-1.39097627,2.52082375e-03,20
3926,Row-Update,mps,-1.39753937,1.45354682e-03,20
3926,Hybrid,mixture,-1.39765812,1.40273537e-03,20
3927,Metropolis,metropolis,-1.39098297,2.51932494e-03,20
3927,Row-Update,mps,-1.39753795,1.45434190e-03,20
3927,Hybrid,mixture,-1.39766685,1.40427243e-03,20
3928,Metropolis,metropolis,-1.39097612,2.52044832e-03,20
3928,Row-Update,mps,-1.39754326,1.45394152e-03,20
3928,Hybrid,mixture,-1.39766492,1.40331826e-03,20
3929,Metropolis,metropolis,-1.39097857,2.51956300e-03,20
3929,Row-Update,mps,-1.39753733,1.45517714e-03,20
3929,Hybrid,mixture,-1.39766355,1.40375586e-03,20
3930,Metropolis,metropolis,-1.39097613,2.51978986e-03,20
3930,Row-Update,mps,-1.39753358,1.45315377e-03,20
3930,Hybrid,mixture,-1.39766497,1.40260945e-03,20
3931,Metropolis,metropolis,-1.39097594,2.52185875e-03,20
3931,Row-Update,mps,-1.39754294,1.45505659e-03,20
3931,Hybrid,mixture,-1.39766374,1.40229140e-03,20
3932,Metropolis,metropolis,-1.39097432,2.51920395e-03,20
3932,Row-Update,mps,-1.39753151,1.45263056e-03,20
3932,Hybrid,mixture,-1.39767227,1.40244222e-03,20
3933,Metropolis,metropolis,-1.39098562,2.52087685e-03,20
3933,Row-Update,mps,-1.39753925,1.45379529e-03,20
3933,Hybrid,mixture,-1.39766094,1.40585260e-03,20
3934,Metropolis,metropolis,-1.39099295,2.51652365e-03,20
3934,Row-Update,mps,-1.39754048,1.45343157e-03,20
3934,Hybrid,mixture,-1.39766339,1.40262613e-03,20
3935,Metropolis,metropolis,-1.39098323,2.52173763e-03,20
3935,Row-Update,mps,-1.39753870,1.45367173e-03,20
3935,Hybrid,mixture,-1.39765388,1.40443809e-03,20
3936,Metropolis,metropolis,-1.39098317,2.52076501e-03,20
3936,Row-Update,mps,-1.39754349,1.45366196e-03,20
3936,Hybrid,mixture,-1.39766170,1.40394830e-03,20
3937,Metropolis,metropolis,-1.39097929,2.52152509e-03,20
3937,Row-Update,mps,-1.39753543,1.45383582e-03,20
3937,Hybrid,mixture,-1.39765619,1.40356211e-03,20
3938,Metropolis,metropolis,-1.39097961,2.52020638e-03,20
3938,Row-Update,mps,-1.39753832,1.45260039e-03,20
3938,Hybrid,mixture,-1.39766254,1.40336030e-03,20
3939,Metropolis,metropolis,-1.39097795,2.51998350e-03,20
3939,Row-Update,mps,-1.39753991,1.45361644e-03,20
3939,Hybrid,mixture,-1.39766475,1.40287031e-03,20
3940,Metropolis,metropolis,-1.39098231,2.52017279e-03,20
3940,Row-Update,mps,-1.39754317,1.45520615e-03,20
3940,Hybrid,mixture,-1.39765944,1.40476004e-03,20
3941,Metropolis,metropolis,-1.39098395,2.52024242e-03,20
3941,Row-Update,mps,-1.39753802,1.45373713e-03,20
3941,Hybrid,mixture,-1.39765903,1.40417416e-03,20
3942,Metropolis,metropolis,-1.39097999,2.52021905e-03,20
3942,Row-Update,mps,-1.39754220,1.45434984e-03,20
3942,Hybrid,mixture,-1.39766238,1.40414568e-03,20
3943,Metropolis,metropolis,-1.39098385,2.52111270e-03,20
3943,Row-Update,mps,-1.39753769,1.45318865e-03,20
3943,Hybrid,mixture,-1.39766230,1.40292863e-03,20
3944,Metropolis,metropolis,-1.39097955,2.52084792e-03,20
3944,Row-Update,mps,-1.39753283,1.45332690e-03,20
3944,Hybrid,mixture,-1.39766659,1.40263048e-03,20
3945,Metropolis,metropolis,-1.39098320,2.51906046e-03,20
3945,Row-Update,mps,-1.39753947,1.45293678e-03,20
3945,Hybrid,mixture,-1.39765638,1.40279197e-03,20
3946,Metropolis,metropolis,-1.39097477,2.52039323e-03,20
3946,Row-Update,mps,-1.39753780,1.45389154e-03,20
3946,Hybrid,mixture,-1.39766564,1.40274619e-03,20
3947,Metropolis,metropolis,-1.39097843,2.52074051e-03,20
3947,Row-Update,mps,-1.39753207,1.45305323e-03,20
3947,Hybrid,mixture,-1.39766594,1.40333096e-03,20
3948,Metropolis,metropolis,-1.39098517,2.51945110e-03,20
3948,Row-Update,mps,-1.39753252,1.45399653e-03,20
3948,Hybrid,mixture,-1.39765391,1.40458392e-03,20
3949,Metropolis,metropolis,-1.39097738,2.52097389e-03,20
3949,Row-Update,mps,-1.39754147,1.45360859e-03,20
3949,Hybrid,mixture,-1.39766666,1.40357949e-03,20
3950,Metropolis,metropolis,-1.39098363,2.51945013e-03,20
3950,Row-Update,mps,-1.39754006,1.45321838e-03,20
3950,Hybrid,mixture,-1.39767033,1.40285792e-03,20
3951,Metropolis,metropolis,-1.39097874,2.52070588e-03,20
3951,Row-Update,mps,-1.39754185,1.45394615e-03,20
3951,Hybrid,mixture,-1.39766674,1.40442866e-03,20
3952,Metropolis,metropolis,-1.39098060,2.51984321e-03,20
3952,Row-Update,mps,-1.39753227,1.45287159e-03,20
3952,Hybrid,mixture,-1.39766255,1.40362295e-03,20
3953,Metropolis,metropolis,-1.39098535,2.51938009e-03,20
3953,Row-Update,mps,-1.39753320,1.45472720e-03,20
3953,Hybrid,mixture,-1.39766170,1.40516828e-03,20
3954,Metropolis,metropolis,-1.39097976,2.51964437e-03,20
3954,Row-Update,mps,-1.39754091,1.45519615e-03,20
3954,Hybrid,mixture,-1.39766185,1.40365784e-03,20
3955,Metropolis,metropolis,-1.39098615,2.51925703e-03,20
3955,Row-Update,mps,-1.39753974,1.45503163e-03,20
3955,Hybrid,mixture,-1.39766169,1.40325607e-03,20
3956,Metropolis,metropolis,-1.39097528,2.52088411e-03,20
3956,Row-Update,mps,-1.39753819,1.45457245e-03,20
3956,Hybrid,mixture,-1.39766659,1.40407443e-03,20
3957,Metropolis,metropolis,-1.39098649,2.52078272e-03,20
3957,Row-Update,mps,-1.39753296,1.45229185e-03,20
3957,Hybrid,mixture,-1.39766127,1.40320365e-03,20
3958,Metropolis,metropolis,-1.39097948,2.51887203e-03,20
3958,Row-Update,mps,-1.39753514,1.45463761e-03,20
3958,Hybrid,mixture,-1.39766453,1.40437698e-03,20
3959,Metropolis,metropolis,-1.39097779,2.51955611e-03,20
3959,Row-Update,mps,-1.39754616,1.45352164e-03,20
3959,Hybrid,mixture,-1.39767835,1.40375070e-03,20
3960,Metropolis,metropolis,-1.39098293,2.52058991e-03,20
3960,Row-Update,mps,-1.39753905,1.45555324e-03,20
3960,Hybrid,mixture,-1.39766239,1.40398774e-03,20
3961,Metropolis,metropolis,-1.39097926,2.51989883e-03,20
3961,Row-Update,mps,-1.39754158,1.45488615e-03,20
3961,Hybrid,mixture,-1.39767146,1.40144812e-03,20
3962,Metropolis,metropolis,-1.39097694,2.52079528e-03,20
3962,Row-Update,mps,-1.39753710,1.45493697e-03,20
3962,Hybrid,mixture,-1.39766418,1.40441718e-03,20
3963,Metropolis,metropolis,-1.39098298,2.51964172e-03,20
3963,Row-Update,mps,-1.39753830,1.45356315e-03,20
3963,Hybrid,mixture,-1.39767170,1.40169499e-03,20
3964,Metropolis,metropolis,-1.39097855,2.51917369e-03,20
3964,Row-Update,mps,-1.39753527,1.45451340e-03,20
3964,Hybrid,mixture,-1.39767138,1.40362100e-03,20
3965,Metropolis,metropolis,-1.39097780,2.51916467e-03,20
3965,Row-Update,mps,-1.39754161,1.45508475e-03,20
3965,Hybrid,mixture,-1.39766297,1.40335185e-03,20
3966,Metropolis,metropolis,-1.39098096,2.52068720e-03,20
3966,Row-Update,mps,-1.39753926,1.45391440e-03,20
3966,Hybrid,mixture,-1.39766707,1.40414128e-03,20
3967,Metropolis,metropolis,-1.39098004,2.51870292e-03,20
3967,Row-Update,mps,-1.39753803,1.45474490e-03,20
3967,Hybrid,mixture,-1.39767003,1.40355663e-03,20
3968,Metropolis,metropolis,-1.39097679,2.52001692e-03,20
3968,Row-Update,mps,-1.39753551,1.45433120e-03,20
3968,Hybrid,mixture,-1.39766248,1.40501386e-03,20
3969,Metropolis,metropolis,-1.39098860,2.52015116e-03,20
3969,Row-Update,mps,-1.39754414,1.45332784e-03,20
3969,Hybrid,mixture,-1.39766622,1.40413002e-03,20
3970,Metropolis,metropolis,-1.39098116,2.51943569e-03,20
3970,Row-Update,mps,-1.39753100,1.45448738e-03,20
3970,Hybrid,mixture,-1.39767213,1.40854151e-03,20
3971,Metropolis,metropolis,-1.39097453,2.52022126e-03,20
3971,Row-Update,mps,-1.39753793,1.45365306e-03,20
3971,Hybrid,mixture,-1.39765838,1.40380379e-03,20
3972,Metropolis,metropolis,-1.39098352,2.51721511e-03,20
3972,Row-Update,mps,-1.39753999,1.45303773e-03,20
3972,Hybrid,mixture,-1.39766623,1.40380805e-03,20
3973,Metropolis,metropolis,-1.39097798,2.51892710e-03,20
3973,Row-Update,mps,-1.39753741,1.45410188e-03,20
3973,Hybrid,mixture,-1.39765947,1.40341588e-03,20
3974,Metropolis,metropolis,-1.39097933,2.52090248e-03,20
3974,Row-Update,mps,-1.39754256,1.45482548e-03,20
3974,Hybrid,mixture,-1.39766762,1.40432126e-03,20
3975,Metropolis,metropolis,-1.39098476,2.52146995e-03,20
3975,Row-Update,mps,-1.39753618,1.45389509e-03,20
3975,Hybrid,mixture,-1.39765605,1.40397387e-03,20
3976,Metropolis,metropolis,-1.39097460,2.51930135e-03,20
3976,Row-Update,mps,-1.39754246,1.45411376e-03,20
3976,Hybrid,mixture,-1.39765806,1.40412620e-03,20
3977,Metropolis,metropolis,-1.39098570,2.51917135e-03,20
3977,Row-Update,mps,-1.39753863,1.45424485e-03,20
3977,Hybrid,mixture,-1.39766289,1.40363438e-03,20
3978,Metropolis,metropolis,-1.39097388,2.51887482e-03,20
3978,Row-Update,mps,-1.39753174,1.45346501e-03,20
3978,Hybrid,mixture,-1.39766074,1.40454243e-03,20
3979,Metropolis,metropolis,-1.39098046,2.52042738e-03,20
3979,Row-Update,mps,-1.39754879,1.45205862e-03,20
3979,Hybrid,mixture,-1.39766367,1.40279981e-03,20
3980,Metropolis,metropolis,-1.39097229,2.51814578e-03,20
3980,Row-Update,mps,-1.39753759,1.45412282e-03,20
3980,Hybrid,mixture,-1.39766981,1.40337960e-03,20
3981,Metropolis,metropolis,-1.39098410,2.52229270e-03,20
3981,Row-Update,mps,-1.39754226,1.45306821e-03,20
3981,Hybrid,mixture,-1.39766194,1.40463341e-03,20
3982,Metropolis,metropolis,-1.39098350,2.52004806e-03,20
3982,Row-Update,mps,-1.39754403,1.45457641e-03,20
3982,Hybrid,mixture,-1.39766373,1.40365612e-03,20
3983,Metropolis,metropolis,-1.39098088,2.51879275e-03,20
3983,Row-Update,mps,-1.39753457,1.45434120e-03,20
3983,Hybrid,mixture,-1.39765882,1.40371290e-03,20
3984,Metropolis,metropolis,-1.39097262,2.52038537e-03,20
3984,Row-Update,mps,-1.39753830,1.45349814e-03,20
3984,Hybrid,mixture,-1.39765356,1.40486744e-03,20
3985,Metropolis,metropolis,-1.39098460,2.52007857e-03,20
3985,Row-Update,mps,-1.39753487,1.45344836e-03,20
3985,Hybrid,mixture,-1.39766870,1.40257018e-03,20
3986,Metropolis,metropolis,-1.39098350,2.51983373e-03,20
3986,Row-Update,mps,-1.39754055,1.45425599e-03,20
3986,Hybrid,mixture,-1.39766043,1.40410264e-03,20
3987,Metropolis,metropolis,-1.39097870,2.51908781e-03,20
3987,Row-Update,mps,-1.39753930,1.45398244e-03,20
3987,Hybrid,mixture,-1.39766752,1.40448434e-03,20
3988,Metropolis,metropolis,-1.39097974,2.52015139e-03,20
3988,Row-Update,mps,-1.39753219,1.45138391e-03,20
3988,Hybrid,mixture,-1.39766830,1.40264263e-03,20
3989,Metropolis,metropolis,-1.39097523,2.51936237e-03,20
3989,Row-Update,mps,-1.39754424,1.45408378e-03,20
3989,Hybrid,mixture,-1.39765220,1.40510998e-03,20
3990,Metropolis,metropolis,-1.39098126,2.51960236e-03,20
3990,Row-Update,mps,-1.39753824,1.45552380e-03,20
3990,Hybrid,mixture,-1.39766367,1.40514462e-03,20
3991,Metropolis,metropolis,-1.39097881,2.52094683e-03,20
3991,Row-Update,mps,-1.39753760,1.45345967e-03,20
3991,Hybrid,mixture,-1.39766228,1.40305005e-03,20
3992,Metropolis,metropolis,-1.39098064,2.51922210e-03,20
3992,Row-Update,mps,-1.39754224,1.45394439e-03,20
3992,Hybrid,mixture,-1.39766198,1.40390597e-03,20
3993,Metropolis,metropolis,-1.39098487,2.52192612e-03,20
3993,Row-Update,mps,-1.39753679,1.45382564e-03,20
3993,Hybrid,mixture,-1.39766025,1.40436225e-03,20
3994,Metropolis,metropolis,-1.39097487,2.52187664e-03,20
3994,Row-Update,mps,-1.39753638,1.45430289e-03,20
3994,Hybrid,mixture,-1.39767073,1.40319831e-03,20
3995,Metropolis,metropolis,-1.39097618,2.52039567e-03,20
3995,Row-Update,mps,-1.39753540,1.45370532e-03,20
3995,Hybrid,mixture,-1.39766252,1.40535876e-03,20
3996,Metropolis,metropolis,-1.39098082,2.51886410e-03,20
3996,Row-Update,mps,-1.39753935,1.45436931e-03,20
3996,Hybrid,mixture,-1.39766376,1.40605494e-03,20
3997,Metropolis,metropolis,-1.39097784,2.51957059e-03,20
3997,Row-Update,mps,-1.39752776,1.45733210e-03,20
3997,Hybrid,mixture,-1.39765796,1.40417828e-03,20
3998,Metropolis,metropolis,-1.39097763,2.51799109e-03,20
3998,Row-Update,mps,-1.39753842,1.45236478e-03,20
3998,Hybrid,mixture,-1.39766655,1.40428312e-03,20
3999,Metropolis,metropolis,-1.39097880,2.52067879e-03,20
3999,Row-Update,mps,-1.39753254,1.45452826e-03,20
3999,Hybrid,mixture,-1.39766048,1.40295586e-03,20
4000,Metropolis,metropolis,-1.39097974,2.52202233e-03,20
4000,Row-Update,mps,-1.39753738,1.45448338e-03,20
4000,Hybrid,mixture,-1.39766793,1.40292921e-03,20
4001,Metropolis,metropolis,-1.39097852,2.51891465e-03,20
4001,Row-Update,mps,-1.39754965,1.45373449e-03,20
4001,Hybrid,mixture,-1.39766943,1.40373219e-03,20
4002,Metropolis,metropolis,-1.39098029,2.52102453e-03,20
4002,Row-Update,mps,-1.39753925,1.45521784e-03,20
4002,Hybrid,mixture,-1.39766752,1.40319063e-03,20
4003,Metropolis,metropolis,-1.39098287,2.52048366e-03,20
4003,Row-Update,mps,-1.39753768,1.45351115e-03,20
4003,Hybrid,mixture,-1.39766341,1.40327360e-03,20
4004,Metropolis,metropolis,-1.39097441,2.51909820e-03,20
4004,Row-Update,mps,-1.39753453,1.45323917e-03,20
4004,Hybrid,mixture,-1.39765965,1.40334496e-03,20
4005,Metropolis,metropolis,-1.39098050,2.52025087e-03,20
4005,Row-Update,mps,-1.39753214,1.45328582e-03,20
4005,Hybrid,mixture,-1.39766102,1.40416765e-03,20
4006,Metropolis,metropolis,-1.39097940,2.52057265e-03,20
4006,Row-Update,mps,-1.39752757,1.45504299e-03,20
4006,Hybrid,mixture,-1.39766224,1.40468731e-03,20
4007,Metropolis,metropolis,-1.39097886,2.51965697e-03,20
4007,Row-Update,mps,-1.39753458,1.45400740e-03,20
4007,Hybrid,mixture,-1.39767190,1.40395950e-03,20
4008,Metropolis,metropolis,-1.39098050,2.52094501e-03,20
4008,Row-Update,mps,-1.39753820,1.45399366e-03,20
4008,Hybrid,mixture,-1.39765719,1.40041944e-03,20
4009,Metropolis,metropolis,-1.39097777,2.52041317e-03,20
4009,Row-Update,mps,-1.39753905,1.45381669e-03,20
4009,Hybrid,mixture,-1.39766104,1.40494962e-03,20
4010,Metropolis,metropolis,-1.39097950,2.52060890e-03,20
4010,Row-Update,mps,-1.39753315,1.45233503e-03,20
4010,Hybrid,mixture,-1.39765563,1.40310078e-03,20
4011,Metropolis,metropolis,-1.39098076,2.52009585e-03,20
4011,Row-Update,mps,-1.39753562,1.45469043e-03,20
4011,Hybrid,mixture,-1.39766264,1.40365544e-03,20
4012,Metropolis,metropolis,-1.39098044,2.52000887e-03,20
4012,Row-Update,mps,-1.39753545,1.45324153e-03,20
4012,Hybrid,mixture,-1.39766075,1.40316561e-03,20
4013,Metropolis,metropolis,-1.39098060,2.51973144e-03,20
4013,Row-Update,mps,-1.39753753,1.45524539e-03,20
4013,Hybrid,mixture,-1.39766005,1.40396403e-03,20
4014,Metropolis,metropolis,-1.39097663,2.52044566e-03,20
4014,Row-Update,mps,-1.39753694,1.45541551e-03,20
4014,Hybrid,mixture,-1.39766184,1.40411240e-03,20
4015,Metropolis,metropolis,-1.39097923,2.52018190e-03,20
4015,Row-Update,mps,-1.39754141,1.45315606e-03,20
4015,Hybrid,mixture,-1.39766748,1.40443907e-03,20
4016,Metropolis,metropolis,-1.39098587,2.52023980e-03,20
4016,Row-Update,mps,-1.39753869,1.45442895e-03,20
4016,Hybrid,mixture,-1.39766970,1.40227120e-03,20
4017,Metropolis,metropolis,-1.39098252,2.52071421e-03,20
4017,Row-Update,mps,-1.39754219,1.45545482e-03,20
4017,Hybrid,mixture,-1.39766685,1.40470004e-03,20
4018,Metropolis,metropolis,-1.39097999,2.52182722e-03,20
4018,Row-Update,mps,-1.39754210,1.45365303e-03,20
4018,Hybrid,mixture,-1.39766328,1.40346252e-03,20
4019,Metropolis,metropolis,-1.39097578,2.51970738e-03,20
4019,Row-Update,mps,-1.39754372,1.45513571e-03,20
4019,Hybrid,mixture,-1.39766335,1.40468903e-03,20
4020,Metropolis,metropolis,-1.39098447,2.51992076e-03,20
4020,Row-Update,mps,-1.39753704,1.45433186e-03,20
4020,Hybrid,mixture,-1.39765930,1.40344541e-03,20
4021,Metropolis,metropolis,-1.39098498,2.51963070e-03,20
4021,Row-Update,mps,-1.39753055,1.45290052e-03,20
4021,Hybrid,mixture,-1.39766728,1.40277890e-03,20
4022,Metropolis,metropolis,-1.39097802,2.52040589e-03,20
4022,Row-Update,mps,-1.39753767,1.45450828e-03,20
4022,Hybrid,mixture,-1.39765861,1.40494914e-03,20
4023,Metropolis,metropolis,-1.39098645,2.52076113e-03,20
4023,Row-Update,mps,-1.39753738,1.45495723e-03,20
4023,Hybrid,mixture,-1.39765832,1.40358190e-03,20
4024,Metropolis,metropolis,-1.39097478,2.52055406e-03,20
4024,Row-Update,mps,-1.39754018,1.45492423e-03,20
4024,Hybrid,mixture,-1.39766588,1.40351710e-03,20
4025,Metropolis,metropolis,-1.39098215,2.52015868e-03,20
4025,Row-Update,mps,-1.39753912,1.45433880e-03,20
4025,Hybrid,mixture,-1.39766604,1.40246458e-03,20
4026,Metropolis,metropolis,-1.39097516,2.52062259e-03,20
4026,Row-Update,mps,-1.39753360,1.45304696e-03,20
4026,Hybrid,mixture,-1.39765697,1.40296701e-03,20
4027,Metropolis,metropolis,-1.39098476,2.52033393e-03,20
4027,Row-Update,mps,-1.39754504,1.45404903e-03,20
4027,Hybrid,mixture,-1.39765609,1.40513063e-03,20
4028,Metropolis,metropolis,-1.39098487,2.52036264e-03,20
4028,Row-Update,mps,-1.39753509,1.45521711e-03,20
4028,Hybrid,mixture,-1.39766241,1.40328149e-03,20
4029,Metropolis,metropolis,-1.39098175,2.52007973e-03,20
4029,Row-Update,mps,-1.39755311,1.45359924e-03,20
4029,Hybrid,mixture,-1.39766401,1.40372589e-03,20
4030,Metropolis,metropolis,-1.39097919,2.51966055e-03,20
4030,Row-Update,mps,-1.39753666,1.45323022e-03,20
4030,Hybrid,mixture,-1.39766451,1.40350273e-03,20
4031,Metropolis,metropolis,-1.39097490,2.52470028e-03,20
4031,Row-Update,mps,-1.39753411,1.45336919e-03,20
4031,Hybrid,mixture,-1.39766724,1.40391189e-03,20
4032,Metropolis,metropolis,-1.39098131,2.52042829e-03,20
4032,Row-Update,mps,-1.39753341,1.45425863e-03,20
4032,Hybrid,mixture,-1.39766604,1.40194753e-03,20
4033,Metropolis,metropolis,-1.39098137,2.52137420e-03,20
4033,Row-Update,mps,-1.39753850,1.45380122e-03,20
4033,Hybrid,mixture,-1.39766658,1.40410400e-03,20
4034,Metropolis,metropolis,-1.39097887,2.52185162e-03,20
4034,Row-Update,mps,-1.39753227,1.45467976e-03,20
4034,Hybrid,mixture,-1.39766725,1.40359422e-03,20
4035,Metropolis,metropolis,-1.39098553,2.52137336e-03,20
4035,Row-Update,mps,-1.39753073,1.45392986e-03,20
4035,Hybrid,mixture,-1.39766401,1.40259273e-03,20
4036,Metropolis,metropolis,-1.39098045,2.52123474e-03,20
4036,Row-Update,mps,-1.39753966,1.45334078e-03,20
4036,Hybrid,mixture,-1.39766622,1.40444064e-03,20
4037,Metropolis,metropolis,-1.39098426,2.51918326e-03,20
4037,Row-Update,mps,-1.39753506,1.45456633e-03,20
4037,Hybrid,mixture,-1.39766218,1.40350099e-03,20
4038,Metropolis,metropolis,-1.39097971,2.52018558e-03,20
4038,Row-Update,mps,-1.39753073,1.45452138e-03,20
4038,Hybrid,mixture,-1.39766639,1.40401766e-03,20
4039,Metropolis,metropolis,-1.39097611,2.51990695e-03,20
4039,Row-Update,mps,-1.39754900,1.45578251e-03,20
4039,Hybrid,mixture,-1.39766190,1.40394516e-03,20
4040,Metropolis,metropolis,-1.39098354,2.52006757e-03,20
4040,Row-Update,mps,-1.39753441,1.45453769e-03,20
4040,Hybrid,mixture,-1.39766699,1.40527239e-03,20
4041,Metropolis,metropolis,-1.39097788,2.51996717e-03,20
4041,Row-Update,mps,-1.39753529,1.45346207e-03,20
4041,Hybrid,mixture,-1.39766700,1.40382913e-03,20
4042,Metropolis,metropolis,-1.39097363,2.51811064e-03,20
4042,Row-Update,mps,-1.39754315,1.45407113e-03,20
4042,Hybrid,mixture,-1.39766535,1.40442441e-03,20
4043,Metropolis,metropolis,-1.39098413,2.52137407e-03,20
4043,Row-Update,mps,-1.39753243,1.45426925e-03,20
4043,Hybrid,mixture,-1.39765838,1.40204022e-03,20
4044,Metropolis,metropolis,-1.39098100,2.52092039e-03,20
4044,Row-Update,mps,-1.39753608,1.45435220e-03,20
4044,Hybrid,mixture,-1.39766426,1.40358265e-03,20
4045,Metropolis,metropolis,-1.39097601,2.51996414e-03,20
4045,Row-Update,mps,-1.39753581,1.45318031e-03,20
4045,Hybrid,mixture,-1.39766824,1.40291481e-03,20
4046,Metropolis,metropolis,-1.39097653,2.52008935e-03,20
4046,Row-Update,mps,-1.39753789,1.45386064e-03,20
4046,Hybrid,mixture,-1.39766350,1.40331286e-03,20
4047,Metropolis,metropolis,-1.39098220,2.51974696e-03,20
4047,Row-Update,mps,-1.39753801,1.45413340e-03,20
4047,Hybrid,mixture,-1.39766546,1.40367842e-03,20
4048,Metropolis,metropolis,-1.39097599,2.51898220e-03,20
4048,Row-Update,mps,-1.39754427,1.45316125e-03,20
4048,Hybrid,mixture,-1.39766201,1.40378905e-03,20
4049,Metropolis,metropolis,-1.39097701,2.52006061e-03,20
4049,Row-Update,mps,-1.39754181,1.45561887e-03,20
4049,Hybrid,mixture,-1.39766490,1.40336732e-03,20
4050,Metropolis,metropolis,-1.39098059,2.52048971e-03,20
4050,Row-Update,mps,-1.39753975,1.45342117e-03,20
4050,Hybrid,mixture,-1.39766279,1.40392459e-03,20
4051,Metropolis,metropolis,-1.39097908,2.51855605e-03,20
4051,Row-Update,mps,-1.39753860,1.45496056e-03,20
4051,Hybrid,mixture,-1.39766598,1.40288918e-03,20
4052,Metropolis,metropolis,-1.39097918,2.51979106e-03,20
4052,Row-Update,mps,-1.39754170,1.45363983e-03,20
4052,Hybrid,mixture,-1.39766125,1.40323624e-03,20
4053,Metropolis,metropolis,-1.39098339,2.51960054e-03,20
4053,Row-Update,mps,-1.39754021,1.45447421e-03,20
4053,Hybrid,mixture,-1.39766182,1.40413480e-03,20
4054,Metropolis,metropolis,-1.39098285,2.51949667e-03,20
4054,Row-Update,mps,-1.39752666,1.45528798e-03,20
4054,Hybrid,mixture,-1.39766332,1.40443310e-03,20
4055,Metropolis,metropolis,-1.39098781,2.52061152e-03,20
4055,Row-Update,mps,-1.39754306,1.45313575e-03,20
4055,Hybrid,mixture,-1.39766614,1.40358829e-03,20
4056,Metropolis,metropolis,-1.39097500,2.51983234e-03,20
4056,Row-Update,mps,-1.39752209,1.45838037e-03,20
4056,Hybrid,mixture,-1.39765212,1.40295706e-03,20
4057,Metropolis,metropolis,-1.39098183,2.52083249e-03,20
4057,Row-Update,mps,-1.39753825,1.45396043e-03,20
4057,Hybrid,mixture,-1.39766261,1.40252950e-03,20
4058,Metropolis,metropolis,-1.39098163,2.52009685e-03,20
4058,Row-Update,mps,-1.39754112,1.45337583e-03,20
4058,Hybrid,mixture,-1.39766091,1.40316767e-03,20
4059,Metropolis,metropolis,-1.39098254,2.52021301e-03,20
4059,Row-Update,mps,-1.39753753,1.45391980e-03,20
4059,Hybrid,mixture,-1.39766469,1.40442313e-03,20
4060,Metropolis,metropolis,-1.39098129,2.52087038e-03,20
4060,Row-Update,mps,-1.39751193,1.45855735e-03,20
4060,Hybrid,mixture,-1.39766410,1.40522566e-03,20
4061,Metropolis,metropolis,-1.39098417,2.52065306e-03,20
4061,Row-Update,mps,-1.39754233,1.45317152e-03,20
4061,Hybrid,mixture,-1.39766513,1.40315315e-03,20
4062,Metropolis,metropolis,-1.39097851,2.52117808e-03,20
4062,Row-Update,mps,-1.39753924,1.45438723e-03,20
4062,Hybrid,mixture,-1.39766685,1.40323995e-03,20
4063,Metropolis,metropolis,-1.39097937,2.52050109e-03,20
4063,Row-Update,mps,-1.39754333,1.45402449e-03,20
4063,Hybrid,mixture,-1.39766099,1.40485594e-03,20
4064,Metropolis,metropolis,-1.39097947,2.52068046e-03,20
4064,Row-Update,mps,-1.39754056,1.45350276e-03,20
4064,Hybrid,mixture,-1.39766569,1.40507715e-03,20
4065,Metropolis,metropolis,-1.39097797,2.52025417e-03,20
4065,Row-Update,mps,-1.39754620,1.45408681e-03,20
4065,Hybrid,mixture,-1.39766156,1.40566732e-03,20
4066,Metropolis,metropolis,-1.39098372,2.51995553e-03,20
4066,Row-Update,mps,-1.39753957,1.45366114e-03,20
4066,Hybrid,mixture,-1.39766453,1.40447852e-03,20
4067,Metropolis,metropolis,-1.39098499,2.52024439e-03,20
4067,Row-Update,mps,-1.39753723,1.45408170e-03,20
4067,Hybrid,mixture,-1.39766314,1.40352351e-03,20
4068,Metropolis,metropolis,-1.39098646,2.51984226e-03,20
4068,Row-Update,mps,-1.39754542,1.45454956e-03,20
4068,Hybrid,mixture,-1.39766269,1.40444804e-03,20
4069,Metropolis,metropolis,-1.39097554,2.52025253e-03,20
4069,Row-Update,mps,-1.39753844,1.45455329e-03,20
4069,Hybrid,mixture,-1.39766287,1.40234811e-03,20
4070,Metropolis,metropolis,-1.39098680,2.51945341e-03,20
4070,Row-Update,mps,-1.39754215,1.45371052e-03,20
4070,Hybrid,mixture,-1.39765854,1.40538607e-03,20
4071,Metropolis,metropolis,-1.39097529,2.51979716e-03,20
4071,Row-Update,mps,-1.39752961,1.45328763e-03,20
4071,Hybrid,mixture,-1.39766964,1.40217314e-03,20
4072,Metropolis,metropolis,-1.39098450,2.52067208e-03,20
4072,Row-Update,mps,-1.39753619,1.45488651e-03,20
4072,Hybrid,mixture,-1.39766444,1.40413907e-03,20
4073,Metropolis,metropolis,-1.39098170,2.52114697e-03,20
4073,Row-Update,mps,-1.39753346,1.45463291e-03,20
4073,Hybrid,mixture,-1.39766318,1.40336390e-03,20
4074,Metropolis,metropolis,-1.39098118,2.51877107e-03,20
4074,Row-Update,mps,-1.39754278,1.45358238e-03,20
4074,Hybrid,mixture,-1.39765699,1.40296106e-03,20
4075,Metropolis,metropolis,-1.39098331,2.51945025e-03,20
4075,Row-Update,mps,-1.39753626,1.45368634e-03,20
4075,Hybrid,mixture,-1.39766226,1.40445541e-03,20
4076,Metropolis,metropolis,-1.39098468,2.52044658e-03,20
4076,Row-Update,mps,-1.39753806,1.45460525e-03,20
4076,Hybrid,mixture,-1.39766252,1.40461687e-03,20
4077,Metropolis,metropolis,-1.39098387,2.52059316e-03,20
4077,Row-Update,mps,-1.39754585,1.45598908e-03,20
4077,Hybrid,mixture,-1.39766904,1.40278597e-03,20
4078,Metropolis,metropolis,-1.39098121,2.52014038e-03,20
4078,Row-Update,mps,-1.39753023,1.45425386e-03,20
4078,Hybrid,mixture,-1.39766625,1.40439235e-03,20
4079,Metropolis,metropolis,-1.39098374,2.51953951e-03,20
4079,Row-Update,mps,-1.39753695,1.45293628e-03,20
4079,Hybrid,mixture,-1.39766345,1.40249035e-03,20
4080,Metropolis,metropolis,-1.39097888,2.52049406e-03,20
4080,Row-Update,mps,-1.39754116,1.45392762e-03,20
4080,Hybrid,mixture,-1.39766063,1.40277355e-03,20
4081,Metropolis,metropolis,-1.39098261,2.52106467e-03,20
4081,Row-Update,mps,-1.39753593,1.45473165e-03,20
4081,Hybrid,mixture,-1.39766828,1.40651463e-03,20
4082,Metropolis,metropolis,-1.39098265,2.52005640e-03,20
4082,Row-Update,mps,-1.39753599,1.45326060e-03,20
4082,Hybrid,mixture,-1.39766080,1.40345016e-03,20
4083,Metropolis,metropolis,-1.39097977,2.51994012e-03,20
4083,Row-Update,mps,-1.39753774,1.45333611e-03,20
4083,Hybrid,mixture,-1.39767407,1.40481792e-03,20
4084,Metropolis,metropolis,-1.39098357,2.52058494e-03,20
4084,Row-Update,mps,-1.39754043,1.45391375e-03,20
4084,Hybrid,mixture,-1.39766606,1.40307999e-03,20
4085,Metropolis,metropolis,-1.39097933,2.52100695e-03,20
4085,Row-Update,mps,-1.39753648,1.45291570e-03,20
4085,Hybrid,mixture,-1.39765695,1.40335284e-03,20
4086,Metropolis,metropolis,-1.39098321,2.52117528e-03,20
4086,Row-Update,mps,-1.39753691,1.45407876e-03,20
4086,Hybrid,mixture,-1.39766405,1.40562047e-03,20
4087,Metropolis,metropolis,-1.39098051,2.51999888e-03,20
4087,Row-Update,mps,-1.39753552,1.45527915e-03,20
4087,Hybrid,mixture,-1.39765748,1.40375906e-03,20
4088,Metropolis,metropolis,-1.39097721,2.52149237e-03,20
4088,Row-Update,mps,-1.39754127,1.45316119e-03,20
4088,Hybrid,mixture,-1.39765614,1.40533745e-03,20
4089,Metropolis,metropolis,-1.39098167,2.51990235e-03,20
4089,Row-Update,mps,-1.39753166,1.45447318e-03,20
4089,Hybrid,mixture,-1.39766386,1.40401138e-03,20
4090,Metropolis,metropolis,-1.39098181,2.52030936e-03,20
4090,Row-Update,mps,-1.39755938,1.45582943e-03,20
4090,Hybrid,mixture,-1.39766852,1.40332798e-03,20
4091,Metropolis,metropolis,-1.39097645,2.52013377e-03,20
4091,Row-Update,mps,-1.39753440,1.45438620e-03,20
4091,Hybrid,mixture,-1.39766234,1.40254617e-03,20
4092,Metropolis,metropolis,-1.39098035,2.51952429e-03,20
4092,Row-Update,mps,-1.39753788,1.45475547e-03,20
4092,Hybrid,mixture,-1.39765803,1.40329716e-03,20
4093,Metropolis,metropolis,-1.39098278,2.52213681e-03,20
4093,Row-Update,mps,-1.39753534,1.45487404e-03,20
4093,Hybrid,mixture,-1.39766533,1.40404923e-03,20
4094,Metropolis,metropolis,-1.39098082,2.51899384e-03,20
4094,Row-Update,mps,-1.39754447,1.45456376e-03,20
4094,Hybrid,mixture,-1.39765894,1.40425085e-03,20
4095,Metropolis,metropolis,-1.39098906,2.52057224e-03,20
4095,Row-Update,mps,-1.39753372,1.45423017e-03,20
4095,Hybrid,mixture,-1.39766133,1.40402423e-03,20
4096,Metropolis,metropolis,-1.39098389,2.51958898e-03,20
4096,Row-Update,mps,-1.39754152,1.45415680e-03,20
4096,Hybrid,mixture,-1.39765669,1.40510895e-03,20
4097,Metropolis,metropolis,-1.39098072,2.52185993e-03,20
4097,Row-Update,mps,-1.39753604,1.45391791e-03,20
4097,Hybrid,mixture,-1.39766233,1.40215350e-03,20
4098,Metropolis,metropolis,-1.39098508,2.51981993e-03,20
4098,Row-Update,mps,-1.39753499,1.45432840e-03,20
4098,Hybrid,mixture,-1.39766541,1.40242179e-03,20
4099,Metropolis,metropolis,-1.39098229,2.51894649e-03,20
4099,Row-Update,mps,-1.39754286,1.45580164e-03,20
4099,Hybrid,mixture,-1.39766526,1.40363514e-03,20
4100,Metropolis,metropolis,-1.39097618,2.52029316e-03,20
4100,Row-Update,mps,-1.39753974,1.45304675e-03,20
4100,Hybrid,mixture,-1.39766631,1.40428064e-03,20
4101,Metropolis,metropolis,-1.39098277,2.52015272e-03,20
4101,Row-Update,mps,-1.39753936,1.45390748e-03,20
4101,Hybrid,mixture,-1.39765349,1.40403024e-03,20
4102,Metropolis,metropolis,-1.39098251,2.51978020e-03,20
4102,Row-Update,mps,-1.39753775,1.45381030e-03,20
4102,Hybrid,mixture,-1.39767226,1.40626235e-03,20
4103,Metropolis,metropolis,-1.39098276,2.51901224e-03,20
4103,Row-Update,mps,-1.39753407,1.45368235e-03,20
4103,Hybrid,mixture,-1.39766425,1.40343800e-03,20
4104,Metropolis,metropolis,-1.39098148,2.52134684e-03,20
4104,Row-Update,mps,-1.39753380,1.45530936e-03,20
4104,Hybrid,mixture,-1.39766196,1.40437111e-03,20
4105,Metropolis,metropolis,-1.39098198,2.51966153e-03,20
4105,Row-Update,mps,-1.39753685,1.45487223e-03,20
4105,Hybrid,mixture,-1.39766078,1.40477854e-03,20
4106,Metropolis,metropolis,-1.39098073,2.51853174e-03,20
4106,Row-Update,mps,-1.39753510,1.45513657e-03,20
4106,Hybrid,mixture,-1.39766604,1.40436321e-03,20
4107,Metropolis,metropolis,-1.39098486,2.52102869e-03,20
4107,Row-Update,mps,-1.39754255,1.45152014e-03,20
4107,Hybrid,mixture,-1.39766418,1.40327908e-03,20
4108,Metropolis,metropolis,-1.39097961,2.52107904e-03,20
4108,Row-Update,mps,-1.39754375,1.45409797e-03,20
4108,Hybrid,mixture,-1.39766488,1.40357632e-03,20
4109,Metropolis,metropolis,-1.39098405,2.52103038e-03,20
4109,Row-Update,mps,-1.39754254,1.45357619e-03,20
4109,Hybrid,mixture,-1.39766241,1.40346858e-03,20
4110,Metropolis,metropolis,-1.39097604,2.51943926e-03,20
4110,Row-Update,mps,-1.39754043,1.45537046e-03,20
4110,Hybrid,mixture,-1.39766850,1.40314623e-03,20
4111,Metropolis,metropolis,-1.39098235,2.52180645e-03,20
4111,Row-Update,mps,-1.39754315,1.45359468e-03,20
4111,Hybrid,mixture,-1.39766763,1.40163938e-03,20
4112,Metropolis,metropolis,-1.39098163,2.52077395e-03,20
4112,Row-Update,mps,-1.39753875,1.45417927e-03,20
4112,Hybrid,mixture,-1.39766621,1.40354891e-03,20
4113,Metropolis,metropolis,-1.39097945,2.52107262e-03,20
4113,Row-Update,mps,-1.39753631,1.45394473e-03,20
4113,Hybrid,mixture,-1.39766008,1.40295799e-03,20
4114,Metropolis,metropolis,-1.39098324,2.52008957e-03,20
4114,Row-Update,mps,-1.39754364,1.45272635e-03,20
4114,Hybrid,mixture,-1.39765782,1.40486487e-03,20
4115,Metropolis,metropolis,-1.39098096,2.52015900e-03,20
4115,Row-Update,mps,-1.39754219,1.45305719e-03,20
4115,Hybrid,mixture,-1.39765966,1.40270498e-03,20
4116,Metropolis,metropolis,-1.39097768,2.52025138e-03,20
4116,Row-Update,mps,-1.39754848,1.45412206e-03,20
4116,Hybrid,mixture,-1.39766586,1.40396407e-03,20
4117,Metropolis,metropolis,-1.39098407,2.51847290e-03,20
4117,Row-Update,mps,-1.39755381,1.45445844e-03,20
4117,Hybrid,mixture,-1.39766633,1.40377133e-03,20
4118,Metropolis,metropolis,-1.39097698,2.52005688e-03,20
4118,Row-Update,mps,-1.39754154,1.45352747e-03,20
4118,Hybrid,mixture,-1.39766226,1.40497726e-03,20
4119,Metropolis,metropolis,-1.39097660,2.52062918e-03,20
4119,Row-Update,mps,-1.39754092,1.45556933e-03,20
4119,Hybrid,mixture,-1.39766266,1.40242768e-03,20
4120,Metropolis,metropolis,-1.39097967,2.51981783e-03,20
4120,Row-Update,mps,-1.39754007,1.45297423e-03,20
4120,Hybrid,mixture,-1.39766068,1.40309781e-03,20
4121,Metropolis,metropolis,-1.39098269,2.51996200e-03,20
4121,Row-Update,mps,-1.39753987,1.45457861e-03,20
4121,Hybrid,mixture,-1.39766684,1.40293504e-03,20
4122,Metropolis,metropolis,-1.39098220,2.51977153e-03,20
4122,Row-Update,mps,-1.39753754,1.45485350e-03,20
4122,Hybrid,mixture,-1.39766380,1.40497222e-03,20
4123,Metropolis,metropolis,-1.39097760,2.52031485e-03,20
4123,Row-Update,mps,-1.39754309,1.45414812e-03,20
4123,Hybrid,mixture,-1.39766289,1.40276716e-03,20
4124,Metropolis,metropolis,-1.39097669,2.51983304e-03,20
4124,Row-Update,mps,-1.39753715,1.45427401e-03,20
4124,Hybrid,mixture,-1.39767055,1.40373991e-03,20
4125,Metropolis,metropolis,-1.39098390,2.51955021e-03,20
4125,Row-Update,mps,-1.39753983,1.45419069e-03,20
4125,Hybrid,mixture,-1.39765723,1.40331889e-03,20
4126,Metropolis,metropolis,-1.39097797,2.52076558e-03,20
4126,Row-Update,mps,-1.39753276,1.45396281e-03,20
4126,Hybrid,mixture,-1.39766274,1.40570371e-03,20
4127,Metropolis,metropolis,-1.39098324,2.52012672e-03,20
4127,Row-Update,mps,-1.39754399,1.45384914e-03,20
4127,Hybrid,mixture,-1.39765412,1.40395691e-03,20
4128,Metropolis,metropolis,-1.39098566,2.52046118e-03,20
4128,Row-Update,mps,-1.39753840,1.45464861e-03,20
4128,Hybrid,mixture,-1.39766648,1.40556132e-03,20
4129,Metropolis,metropolis,-1.39097788,2.51981266e-03,20
4129,Row-Update,mps,-1.39753851,1.45301710e-03,20
4129,Hybrid,mixture,-1.39766702,1.40410763e-03,20
4130,Metropolis,metropolis,-1.39097738,2.51998724e-03,20
4130,Row-Update,mps,-1.39754035,1.45509254e-03,20
4130,Hybrid,mixture,-1.39766217,1.40539503e-03,20
4131,Metropolis,metropolis,-1.39097907,2.51991430e-03,20
4131,Row-Update,mps,-1.39754676,1.45402906e-03,20
4131,Hybrid,mixture,-1.39766277,1.40347946e-03,20
4132,Metropolis,metropolis,-1.39097635,2.51952541e-03,20
4132,Row-Update,mps,-1.39753116,1.45438683e-03,20
4132,Hybrid,mixture,-1.39766351,1.40407800e-03,20
4133,Metropolis,metropolis,-1.39097871,2.52041103e-03,20
4133,Row-Update,mps,-1.39753850,1.45485082e-03,20
4133,Hybrid,mixture,-1.39766836,1.40365854e-03,20
4134,Metropolis,metropolis,-1.39098679,2.52203429e-03,20
4134,Row-Update,mps,-1.39754353,1.45230556e-03,20
4134,Hybrid,mixture,-1.39765894,1.40444169e-03,20
4135,Metropolis,metropolis,-1.39097621,2.52023422e-03,20
4135,Row-Update,mps,-1.39754016,1.45420589e-03,20
4135,Hybrid,mixture,-1.39766349,1.40472367e-03,20
4136,Metropolis,metropolis,-1.39097933,2.52100977e-03,20
4136,Row-Update,mps,-1.39753800,1.45585679e-03,20
4136,Hybrid,mixture,-1.39765922,1.40279886e-03,20
4137,Metropolis,metropolis,-1.39098425,2.52088880e-03,20
4137,Row-Update,mps,-1.39754243,1.45505518e-03,20
4137,Hybrid,mixture,-1.39766263,1.40308758e-03,20
4138,Metropolis,metropolis,-1.39097997,2.52062058e-03,20
4138,Row-Update,mps,-1.39754363,1.45362210e-03,20
4138,Hybrid,mixture,-1.39766811,1.40444627e-03,20
4139,Metropolis,metropolis,-1.39098474,2.52064518e-03,20
4139,Row-Update,mps,-1.39753845,1.45215633e-03,20
4139,Hybrid,mixture,-1.39766114,1.40346042e-03,20
4140,Metropolis,metropolis,-1.39098056,2.52020551e-03,20
4140,Row-Update,mps,-1.39754756,1.45439532e-03,20
4140,Hybrid,mixture,-1.39765887,1.40208621e-03,20
4141,Metropolis,metropolis,-1.39097827,2.51957626e-03,20
4141,Row-Update,mps,-1.39754050,1.45376659e-03,20
4141,Hybrid,mixture,-1.39766564,1.40402632e-03,20
4142,Metropolis,metropolis,-1.39097592,2.51959015e-03,20
4142,Row-Update,mps,-1.39755045,1.45351044e-03,20
4142,Hybrid,mixture,-1.39766549,1.40408026e-03,20
4143,Metropolis,metropolis,-1.39098101,2.52059984e-03,20
4143,Row-Update,mps,-1.39753582,1.45438885e-03,20
4143,Hybrid,mixture,-1.39765859,1.40333778e-03,20
4144,Metropolis,metropolis,-1.39098371,2.51978965e-03,20
4144,Row-Update,mps,-1.39753164,1.45489378e-03,20
4144,Hybrid,mixture,-1.39766020,1.40333573e-03,20
4145,Metropolis,metropolis,-1.39098455,2.52039062e-03,20
4145,Row-Update,mps,-1.39753851,1.45471706e-03,20
4145,Hybrid,mixture,-1.39765788,1.40370814e-03,20
4146,Metropolis,metropolis,-1.39097914,2.52058454e-03,20
4146,Row-Update,mps,-1.39753493,1.45423665e-03,20
4146,Hybrid,mixture,-1.39766386,1.40381533e-03,20
4147,Metropolis,metropolis,-1.39097491,2.51942434e-03,20
4147,Row-Update,mps,-1.39753737,1.45401856e-03,20
4147,Hybrid,mixture,-1.39766181,1.40376446e-03,20
4148,Metropolis,metropolis,-1.39098458,2.52031926e-03,20
4148,Row-Update,mps,-1.39753730,1.45422183e-03,20
4148,Hybrid,mixture,-1.39766035,1.40380014e-03,20
4149,Metropolis,metropolis,-1.39098095,2.52074265e-03,20
4149,Row-Update,mps,-1.39753651,1.45287932e-03,20
4149,Hybrid,mixture,-1.39766045,1.40319750e-03,20
4150,Metropolis,metropolis,-1.39098532,2.52058898e-03,20
4150,Row-Update,mps,-1.39754514,1.45321689e-03,20
4150,Hybrid,mixture,-1.39766593,1.40382757e-03,20
4151,Metropolis,metropolis,-1.39098823,2.52318907e-03,20
4151,Row-Update,mps,-1.39753667,1.45457831e-03,20
4151,Hybrid,mixture,-1.39765576,1.40540548e-03,20
4152,Metropolis,metropolis,-1.39098023,2.51959722e-03,20
4152,Row-Update,mps,-1.39753755,1.45493750e-03,20
4152,Hybrid,mixture,-1.39766444,1.40644804e-03,20
4153,Metropolis,metropolis,-1.39097940,2.51926996e-03,20
4153,Row-Update,mps,-1.39754182,1.45395795e-03,20
4153,Hybrid,mixture,-1.39766635,1.40418742e-03,20
4154,Metropolis,metropolis,-1.39097909,2.52064405e-03,20
4154,Row-Update,mps,-1.39754446,1.45408462e-03,20
4154,Hybrid,mixture,-1.39766200,1.40505371e-03,20
4155,Metropolis,metropolis,-1.39098062,2.51983300e-03,20
4155,Row-Update,mps,-1.39753921,1.45378274e-03,20
4155,Hybrid,mixture,-1.39766100,1.40371902e-03,20
4156,Metropolis,metropolis,-1.39097670,2.52166506e-03,20
4156,Row-Update,mps,-1.39754116,1.45384534e-03,20
4156,Hybrid,mixture,-1.39766851,1.40521831e-03,20
4157,Metropolis,metropolis,-1.39098211,2.52163822e-03,20
4157,Row-Update,mps,-1.39753340,1.45365680e-03,20
4157,Hybrid,mixture,-1.39766455,1.40378251e-03,20
4158,Metropolis,metropolis,-1.39098361,2.51942656e-03,20
4158,Row-Update,mps,-1.39753365,1.45357609e-03,20
4158,Hybrid,mixture,-1.39766764,1.40349241e-03,20
4159,Metropolis,metropolis,-1.39098668,2.52028947e-03,20
4159,Row-Update,mps,-1.39754064,1.45582584e-03,20
4159,Hybrid,mixture,-1.39766462,1.40404195e-03,20
4160,Metropolis,metropolis,-1.39097998,2.51967689e-03,20
4160,Row-Update,mps,-1.39753998,1.45365898e-03,20
4160,Hybrid,mixture,-1.39766062,1.40350483e-03,20
4161,Metropolis,metropolis,-1.39097669,2.51986702e-03,20
4161,Row-Update,mps,-1.39754027,1.45462905e-03,20
4161,Hybrid,mixture,-1.39766698,1.40520599e-03,20
4162,Metropolis,metropolis,-1.39098056,2.51912925e-03,20
4162,Row-Update,mps,-1.39754141,1.45348030e-03,20
4162,Hybrid,mixture,-1.39766277,1.40332970e-03,20
4163,Metropolis,metropolis,-1.39098177,2.52075400e-03,20
4163,Row-Update,mps,-1.39754099,1.45457687e-03,20
4163,Hybrid,mixture,-1.39767320,1.40469405e-03,20
4164,Metropolis,metropolis,-1.39098160,2.51999760e-03,20
4164,Row-Update,mps,-1.39753652,1.45288625e-03,20
4164,Hybrid,mixture,-1.39766284,1.40199964e-03,20
4165,Metropolis,metropolis,-1.39098083,2.52037978e-03,20
4165,Row-Update,mps,-1.39752794,1.45328613e-03,20
4165,Hybrid,mixture,-1.39766676,1.40235613e-03,20
4166,Metropolis,metropolis,-1.39098089,2.51962990e-03,20
4166,Row-Update,mps,-1.39753488,1.45421546e-03,20
4166,Hybrid,mixture,-1.39766999,1.40482983e-03,20
4167,Metropolis,metropolis,-1.39097872,2.52051941e-03,20
4167,Row-Update,mps,-1.39754364,1.45327668e-03,20
4167,Hybrid,mixture,-1.39767105,1.40368528e-03,20
4168,Metropolis,metropolis,-1.39098443,2.51962407e-03,20
4168,Row-Update,mps,-1.39753304,1.45511410e-03,20
4168,Hybrid,mixture,-1.39766774,1.40433602e-03,20
4169,Metropolis,metropolis,-1.39098385,2.52011306e-03,20
4169,Row-Update,mps,-1.39754325,1.45323066e-03,20
4169,Hybrid,mixture,-1.39766722,1.40437893e-03,20
4170,Metropolis,metropolis,-1.39098435,2.52033099e-03,20
4170,Row-Update,mps,-1.39754622,1.45454776e-03,20
4170,Hybrid,mixture,-1.39766305,1.40530610e-03,20
4171,Metropolis,metropolis,-1.39097972,2.51996972e-03,20
4171,Row-Update,mps,-1.39754189,1.45480899e-03,20
4171,Hybrid,mixture,-1.39766661,1.40473577e-03,20
4172,Metropolis,metropolis,-1.39097700,2.51980994e-03,20
4172,Row-Update,mps,-1.39754788,1.45455882e-03,20
4172,Hybrid,mixture,-1.39766848,1.40454451e-03,20
4173,Metropolis,metropolis,-1.39097922,2.52274690e-03,20
4173,Row-Update,mps,-1.39753945,1.45378931e-03,20
4173,Hybrid,mixture,-1.39766225,1.40434495e-03,20
4174,Metropolis,metropolis,-1.39098489,2.51969468e-03,20
4174,Row-Update,mps,-1.39753234,1.45436437e-03,20
4174,Hybrid,mixture,-1.39766422,1.40428531e-03,20
4175,Metropolis,metropolis,-1.39098289,2.51975891e-03,20
4175,Row-Update,mps,-1.39754195,1.45439858e-03,20
4175,Hybrid,mixture,-1.39766904,1.40167470e-03,20
4176,Metropolis,metropolis,-1.39097987,2.52011690e-03,20
4176,Row-Update,mps,-1.39754222,1.45520904e-03,20
4176,Hybrid,mixture,-1.39766208,1.40487116e-03,20
4177,Metropolis,metropolis,-1.39097814,2.52091639e-03,20
4177,Row-Update,mps,-1.39754297,1.45348972e-03,20
4177,Hybrid,mixture,-1.39766097,1.40438824e-03,20
4178,Metropolis,metropolis,-1.39097881,2.52008791e-03,20
4178,Row-Update,mps,-1.39753494,1.45345554e-03,20
4178,Hybrid,mixture,-1.39765919,1.40479288e-03,20
4179,Metropolis,metropolis,-1.39097969,2.52032543e-03,20
4179,Row-Update,mps,-1.39753962,1.45265677e-03,20
4179,Hybrid,mixture,-1.39766802,1.40363151e-03,20
4180,Metropolis,metropolis,-1.39097496,2.52037139e-03,20
4180,Row-Update,mps,-1.39754477,1.45438033e-03,20
4180,Hybrid,mixture,-1.39765513,1.40511406e-03,20
4181,Metropolis,metropolis,-1.39098199,2.52077099e-03,20
4181,Row-Update,mps,-1.39754643,1.45430025e-03,20
4181,Hybrid,mixture,-1.39766229,1.40522436e-03,20
4182,Metropolis,metropolis,-1.39098192,2.51967262e-03,20
4182,Row-Update,mps,-1.39753372,1.45356906e-03,20
4182,Hybrid,mixture,-1.39765759,1.40253311e-03,20
4183,Metropolis,metropolis,-1.39098174,2.51887352e-03,20
4183,Row-Update,mps,-1.39754432,1.45488673e-03,20
4183,Hybrid,mixture,-1.39765872,1.40495909e-03,20
4184,Metropolis,metropolis,-1.39098210,2.52073949e-03,20
4184,Row-Update,mps,-1.39753571,1.45374073e-03,20
4184,Hybrid,mixture,-1.39766552,1.40446295e-03,20
4185,Metropolis,metropolis,-1.39098222,2.52075016e-03,20
4185,Row-Update,mps,-1.39753548,1.45477350e-03,20
4185,Hybrid,mixture,-1.39766753,1.40379964e-03,20
4186,Metropolis,metropolis,-1.39097745,2.52087762e-03,20
4186,Row-Update,mps,-1.39754002,1.45288436e-03,20
4186,Hybrid,mixture,-1.39766020,1.40403772e-03,20
4187,Metropolis,metropolis,-1.39097015,2.51889485e-03,20
4187,Row-Update,mps,-1.39754088,1.45492795e-03,20
4187,Hybrid,mixture,-1.39767206,1.40601087e-03,20
4188,Metropolis,metropolis,-1.39098264,2.51839133e-03,20
4188,Row-Update,mps,-1.39753960,1.45355464e-03,20
4188,Hybrid,mixture,-1.39766272,1.40484430e-03,20
4189,Metropolis,metropolis,-1.39098115,2.52034475e-03,20
4189,Row-Update,mps,-1.39754046,1.45513581e-03,20
4189,Hybrid,mixture,-1.39766266,1.40268495e-03,20
4190,Metropolis,metropolis,-1.39097410,2.52022939e-03,20
4190,Row-Update,mps,-1.39753801,1.45309918e-03,20
4190,Hybrid,mixture,-1.39766201,1.40298227e-03,20
4191,Metropolis,metropolis,-1.39098009,2.52012316e-03,20
4191,Row-Update,mps,-1.39754116,1.45458200e-03,20
4191,Hybrid,mixture,-1.39768343,1.40169111e-03,20
4192,Metropolis,metropolis,-1.39099189,2.51912470e-03,20
4192,Row-Update,mps,-1.39753992,1.45421054e-03,20
4192,Hybrid,mixture,-1.39766263,1.40395158e-03,20
4193,Metropolis,metropolis,-1.39098156,2.52083215e-03,20
4193,Row-Update,mps,-1.39753864,1.45436482e-03,20
4193,Hybrid,mixture,-1.39766318,1.40259554e-03,20
4194,Metropolis,metropolis,-1.39098173,2.52044738e-03,20
4194,Row-Update,mps,-1.39753952,1.45508027e-03,20
4194,Hybrid,mixture,-1.39766323,1.40345761e-03,20
4195,Metropolis,metropolis,-1.39097881,2.52049168e-03,20
4195,Row-Update,mps,-1.39753952,1.45562727e-03,20
4195,Hybrid,mixture,-1.39766025,1.40332061e-03,20
4196,Metropolis,metropolis,-1.39098056,2.51948490e-03,20
4196,Row-Update,mps,-1.39753682,1.45298477e-03,20
4196,Hybrid,mixture,-1.39767072,1.40289189e-03,20
4197,Metropolis,metropolis,-1.39097980,2.51906454e-03,20
4197,Row-Update,mps,-1.39753719,1.45478910e-03,20
4197,Hybrid,mixture,-1.39765796,1.40374602e-03,20
4198,Metropolis,metropolis,-1.39098275,2.52101717e-03,20
4198,Row-Update,mps,-1.39754147,1.45503189e-03,20
4198,Hybrid,mixture,-1.39766305,1.40453603e-03,20
4199,Metropolis,metropolis,-1.39098228,2.52038080e-03,20
4199,Row-Update,mps,-1.39754401,1.45363961e-03,20
4199,Hybrid,mixture,-1.39765973,1.40359331e-03,20
4200,Metropolis,metropolis,-1.39098076,2.52065660e-03,20
4200,Row-Update,mps,-1.39753751,1.45347851e-03,20
4200,Hybrid,mixture,-1.39766095,1.40256212e-03,20
4201,Metropolis,metropolis,-1.39097678,2.52125071e-03,20
4201,Row-Update,mps,-1.39753841,1.45288867e-03,20
4201,Hybrid,mixture,-1.39765467,1.40538952e-03,20
4202,Metropolis,metropolis,-1.39097703,2.52024547e-03,20
4202,Row-Update,mps,-1.39753874,1.45473553e-03,20
4202,Hybrid,mixture,-1.39766205,1.40436620e-03,20
4203,Metropolis,metropolis,-1.39098640,2.51962889e-03,20
4203,Row-Update,mps,-1.39753604,1.45315252e-03,20
4203,Hybrid,mixture,-1.39766176,1.40386828e-03,20
4204,Metropolis,metropolis,-1.39099298,2.52030412e-03,20
4204,Row-Update,mps,-1.39753737,1.45383017e-03,20
4204,Hybrid,mixture,-1.39766183,1.40336067e-03,20
4205,Metropolis,metropolis,-1.39098362,2.51947714e-03,20
4205,Row-Update,mps,-1.39753638,1.45449224e-03,20
4205,Hybrid,mixture,-1.39766497,1.40402753e-03,20
4206,Metropolis,metropolis,-1.39098186,2.52041106e-03,20
4206,Row-Update,mps,-1.39754133,1.45426053e-03,20
4206,Hybrid,mixture,-1.39766158,1.40290391e-03,20
4207,Metropolis,metropolis,-1.39097789,2.51989993e-03,20
4207,Row-Update,mps,-1.39754361,1.45518845e-03,20
4207,Hybrid,mixture,-1.39765786,1.40523247e-03,20
4208,Metropolis,metropolis,-1.39098215,2.52137104e-03,20
4208,Row-Update,mps,-1.39754219,1.45408182e-03,20
4208,Hybrid,mixture,-1.39766385,1.40514540e-03,20
4209,Metropolis,metropolis,-1.39098610,2.52102786e-03,20
4209,Row-Update,mps,-1.39754396,1.45483136e-03,20
4209,Hybrid,mixture,-1.39766926,1.40397787e-03,20
4210,Metropolis,metropolis,-1.39097770,2.52049293e-03,20
4210,Row-Update,mps,-1.39753656,1.45373598e-03,20
4210,Hybrid,mixture,-1.39766291,1.40288857e-03,20
4211,Metropolis,metropolis,-1.39098169,2.51913833e-03,20
4211,Row-Update,mps,-1.39753700,1.45449706e-03,20
4211,Hybrid,mixture,-1.39766494,1.40457420e-03,20
4212,Metropolis,metropolis,-1.39098091,2.52110183e-03,20
4212,Row-Update,mps,-1.39754459,1.45496985e-03,20
4212,Hybrid,mixture,-1.39766287,1.40374096e-03,20
4213,Metropolis,metropolis,-1.39096803,2.52018673e-03,20
4213,Row-Update,mps,-1.39753431,1.45441734e-03,20
4213,Hybrid,mixture,-1.39766401,1.40405963e-03,20
4214,Metropolis,metropolis,-1.39097709,2.52100670e-03,20
4214,Row-Update,mps,-1.39754407,1.45431723e-03,20
4214,Hybrid,mixture,-1.39766640,1.40440762e-03,20
4215,Metropolis,metropolis,-1.39098376,2.51929384e-03,20
4215,Row-Update,mps,-1.39753388,1.45513237e-03,20
4215,Hybrid,mixture,-1.39766143,1.40322096e-03,20
4216,Metropolis,metropolis,-1.39097812,2.51898834e-03,20
4216,Row-Update,mps,-1.39754354,1.45480730e-03,20
4216,Hybrid,mixture,-1.39766618,1.40406513e-03,20
4217,Metropolis,metropolis,-1.39098149,2.52009813e-03,20
4217,Row-Update,mps,-1.39754129,1.45269448e-03,20
4217,Hybrid,mixture,-1.39766376,1.40404587e-03,20
4218,Metropolis,metropolis,-1.39098313,2.52105630e-03,20
4218,Row-Update,mps,-1.39754262,1.45356985e-03,20
4218,Hybrid,mixture,-1.39766749,1.40395178e-03,20
4219,Metropolis,metropolis,-1.39097729,2.52068963e-03,20
4219,Row-Update,mps,-1.39754237,1.45523960e-03,20
4219,Hybrid,mixture,-1.39766167,1.40500953e-03,20
4220,Metropolis,metropolis,-1.39098057,2.52119537e-03,20
4220,Row-Update,mps,-1.39753979,1.45483991e-03,20
4220,Hybrid,mixture,-1.39766219,1.40272880e-03,20
4221,Metropolis,metropolis,-1.39098295,2.52100531e-03,20
4221,Row-Update,mps,-1.39753491,1.45622083e-03,20
4221,Hybrid,mixture,-1.39766682,1.40419212e-03,20
4222,Metropolis,metropolis,-1.39098436,2.52036617e-03,20
4222,Row-Update,mps,-1.39754181,1.45431270e-03,20
4222,Hybrid,mixture,-1.39765948,1.40667734e-03,20
4223,Metropolis,metropolis,-1.39097929,2.52058369e-03,20
4223,Row-Update,mps,-1.39754327,1.45523125e-03,20
4223,Hybrid,mixture,-1.39765797,1.40505339e-03,20
4224,Metropolis,metropolis,-1.39097775,2.52196216e-03,20
4224,Row-Update,mps,-1.39754276,1.45497947e-03,20
4224,Hybrid,mixture,-1.39766726,1.40327959e-03,20
4225,Metropolis,metropolis,-1.39098431,2.52126212e-03,20
4225,Row-Update,mps,-1.39754292,1.45636658e-03,20
4225,Hybrid,mixture,-1.39766523,1.40455232e-03,20
4226,Metropolis,metropolis,-1.39098232,2.51994058e-03,20
4226,Row-Update,mps,-1.39753504,1.45418473e-03,20
4226,Hybrid,mixture,-1.39764376,1.40145327e-03,20
4227,Metropolis,metropolis,-1.39098450,2.52049220e-03,20
4227,Row-Update,mps,-1.39753857,1.45387128e-03,20
4227,Hybrid,mixture,-1.39766645,1.40382165e-03,20
4228,Metropolis,metropolis,-1.39098421,2.52015916e-03,20
4228,Row-Update,mps,-1.39753392,1.45408424e-03,20
4228,Hybrid,mixture,-1.39766519,1.40430082e-03,20
4229,Metropolis,metropolis,-1.39097925,2.52051620e-03,20
4229,Row-Update,mps,-1.39753972,1.45566654e-03,20
4229,Hybrid,mixture,-1.39766015,1.40387676e-03,20
4230,Metropolis,metropolis,-1.39098554,2.51876698e-03,20
4230,Row-Update,mps,-1.39754174,1.45410265e-03,20
4230,Hybrid,mixture,-1.39766072,1.40423792e-03,20
4231,Metropolis,metropolis,-1.39098511,2.51932948e-03,20
4231,Row-Update,mps,-1.39755046,1.45186812e-03,20
4231,Hybrid,mixture,-1.39765580,1.40541151e-03,20
4232,Metropolis,metropolis,-1.39097806,2.52187738e-03,20
4232,Row-Update,mps,-1.39753551,1.45481482e-03,20
4232,Hybrid,mixture,-1.39766347,1.40467194e-03,20
4233,Metropolis,metropolis,-1.39098919,2.52315100e-03,20
4233,Row-Update,mps,-1.39753437,1.45398385e-03,20
4233,Hybrid,mixture,-1.39766523,1.40414937e-03,20
4234,Metropolis,metropolis,-1.39098192,2.51942802e-03,20
4234,Row-Update,mps,-1.39753628,1.45347425e-03,20
4234,Hybrid,mixture,-1.39765469,1.40379356e-03,20
4235,Metropolis,metropolis,-1.39098351,2.51955007e-03,20
4235,Row-Update,mps,-1.39753787,1.45289588e-03,20
4235,Hybrid,mixture,-1.39766079,1.40497052e-03,20
4236,Metropolis,metropolis,-1.39097925,2.52049754e-03,20
4236,Row-Update,mps,-1.39753852,1.45411011e-03,20
4236,Hybrid,mixture,-1.39766064,1.40470959e-03,20
4237,Metropolis,metropolis,-1.39097956,2.52075498e-03,20
4237,Row-Update,mps,-1.39754003,1.45392511e-03,20
4237,Hybrid,mixture,-1.39765938,1.40338679e-03,20
4238,Metropolis,metropolis,-1.39098019,2.52062124e-03,20
4238,Row-Update,mps,-1.39753499,1.45423776e-03,20
4238,Hybrid,mixture,-1.39766323,1.40375058e-03,20
4239,Metropolis,metropolis,-1.39097530,2.52004219e-03,20
4239,Row-Update,mps,-1.39753868,1.45437383e-03,20
4239,Hybrid,mixture,-1.39766570,1.40404762e-03,20
4240,Metropolis,metropolis,-1.39098070,2.51982646e-03,20
4240,Row-Update,mps,-1.39754052,1.45392134e-03,20
4240,Hybrid,mixture,-1.39765675,1.40355298e-03,20
4241,Metropolis,metropolis,-1.39098022,2.51981477e-03,20
4241,Row-Update,mps,-1.39754436,1.45460515e-03,20
4241,Hybrid,mixture,-1.39767390,1.40410443e-03,20
4242,Metropolis,metropolis,-1.39097537,2.52041550e-03,20
4242,Row-Update,mps,-1.39754286,1.45327801e-03,20
4242,Hybrid,mixture,-1.39767016,1.40459142e-03,20
4243,Metropolis,metropolis,-1.39098254,2.51916186e-03,20
4243,Row-Update,mps,-1.39754036,1.45402612e-03,20
4243,Hybrid,mixture,-1.39766645,1.40424301e-03,20
4244,Metropolis,metropolis,-1.39098268,2.51986461e-03,20
4244,Row-Update,mps,-1.39753254,1.45506894e-03,20
4244,Hybrid,mixture,-1.39766097,1.40593840e-03,20
4245,Metropolis,metropolis,-1.39097722,2.51854555e-03,20
4245,Row-Update,mps,-1.39754108,1.45463213e-03,20
4245,Hybrid,mixture,-1.39766856,1.40263532e-03,20
4246,Metropolis,metropolis,-1.39098419,2.51947297e-03,20
4246,Row-Update,mps,-1.39754062,1.45334199e-03,20
4246,Hybrid,mixture,-1.39766210,1.40588050e-03,20
4247,Metropolis,metropolis,-1.39098897,2.51756580e-03,20
4247,Row-Update,mps,-1.39753684,1.45445576e-03,20
4247,Hybrid,mixture,-1.39766054,1.40352480e-03,20
4248,Metropolis,metropolis,-1.39097997,2.51952383e-03,20
4248,Row-Update,mps,-1.39754442,1.45345525e-03,20
4248,Hybrid,mixture,-1.39766894,1.40539307e-03,20
4249,Metropolis,metropolis,-1.39098127,2.52148889e-03,20
4249,Row-Update,mps,-1.39753912,1.45445387e-03,20
4249,Hybrid,mixture,-1.39766412,1.40574501e-03,20
4250,Metropolis,metropolis,-1.39097937,2.52131442e-03,20
4250,Row-Update,mps,-1.39754043,1.45264661e-03,20
4250,Hybrid,mixture,-1.39767141,1.40304820e-03,20
4251,Metropolis,metropolis,-1.39098264,2.52060968e-03,20
4251,Row-Update,mps,-1.39754576,1.45413992e-03,20
4251,Hybrid,mixture,-1.39765557,1.40433682e-03,20
4252,Metropolis,metropolis,-1.39097792,2.52035263e-03,20
4252,Row-Update,mps,-1.39754098,1.45284619e-03,20
4252,Hybrid,mixture,-1.39766436,1.40485782e-03,20
4253,Metropolis,metropolis,-1.39098224,2.52022049e-03,20
4253,Row-Update,mps,-1.39754012,1.45432838e-03,20
4253,Hybrid,mixture,-1.39765971,1.40334105e-03,20
4254,Metropolis,metropolis,-1.39098237,2.52010914e-03,20
4254,Row-Update,mps,-1.39753549,1.45373775e-03,20
4254,Hybrid,mixture,-1.39766236,1.40414367e-03,20
4255,Metropolis,metropolis,-1.39098881,2.51827390e-03,20
4255,Row-Update,mps,-1.39754375,1.45241683e-03,20
4255,Hybrid,mixture,-1.39767154,1.40203461e-03,20
4256,Metropolis,metropolis,-1.39098081,2.51939388e-03,20
4256,Row-Update,mps,-1.39754791,1.45428182e-03,20
4256,Hybrid,mixture,-1.39766237,1.40400109e-03,20
4257,Metropolis,metropolis,-1.39098159,2.52055235e-03,20
4257,Row-Update,mps,-1.39754261,1.45367696e-03,20
4257,Hybrid,mixture,-1.39766703,1.40422752e-03,20
4258,Metropolis,metropolis,-1.39098633,2.52011575e-03,20
4258,Row-Update,mps,-1.39753950,1.45359470e-03,20
4258,Hybrid,mixture,-1.39766433,1.40356413e-03,20
4259,Metropolis,metropolis,-1.39097632,2.52092457e-03,20
4259,Row-Update,mps,-1.39754116,1.45352832e-03,20
4259,Hybrid,mixture,-1.39766288,1.40384966e-03,20
4260,Metropolis,metropolis,-1.39097881,2.52053339e-03,20
4260,Row-Update,mps,-1.39753830,1.45458212e-03,20
4260,Hybrid,mixture,-1.39766412,1.40379831e-03,20
4261,Metropolis,metropolis,-1.39098354,2.51937702e-03,20
4261,Row-Update,mps,-1.39753074,1.45446432e-03,20
4261,Hybrid,mixture,-1.39765266,1.40340582e-03,20
4262,Metropolis,metropolis,-1.39098554,2.52104320e-03,20
4262,Row-Update,mps,-1.39754366,1.45374979e-03,20
4262,Hybrid,mixture,-1.39766819,1.40528555e-03,20
4263,Metropolis,metropolis,-1.39099423,2.52232217e-03,20
4263,Row-Update,mps,-1.39754607,1.45426232e-03,20
4263,Hybrid,mixture,-1.39766662,1.40469914e-03,20
4264,Metropolis,metropolis,-1.39097949,2.52114577e-03,20
4264,Row-Update,mps,-1.39754486,1.45404573e-03,20
4264,Hybrid,mixture,-1.39766003,1.40419313e-03,20
4265,Metropolis,metropolis,-1.39098414,2.51943330e-03,20
4265,Row-Update,mps,-1.39753522,1.45594161e-03,20
4265,Hybrid,mixture,-1.39766304,1.40545204e-03,20
4266,Metropolis,metropolis,-1.39098743,2.51929083e-03,20
4266,Row-Update,mps,-1.39753748,1.45380983e-03,20
4266,Hybrid,mixture,-1.39766294,1.40450210e-03,20
4267,Metropolis,metropolis,-1.39098328,2.52028412e-03,20
4267,Row-Update,mps,-1.39753876,1.45219712e-03,20
4267,Hybrid,mixture,-1.39766028,1.40484756e-03,20
4268,Metropolis,metropolis,-1.39098507,2.52044519e-03,20
4268,Row-Update,mps,-1.39754062,1.45388996e-03,20
4268,Hybrid,mixture,-1.39766766,1.40334984e-03,20
4269,Metropolis,metropolis,-1.39098237,2.51941991e-03,20
4269,Row-Update,mps,-1.39754415,1.45473766e-03,20
4269,Hybrid,mixture,-1.39766031,1.40309911e-03,20
4270,Metropolis,metropolis,-1.39097641,2.52114418e-03,20
4270,Row-Update,mps,-1.39754387,1.45357847e-03,20
4270,Hybrid,mixture,-1.39765979,1.40450233e-03,20
4271,Metropolis,metropolis,-1.39097897,2.51958701e-03,20
4271,Row-Update,mps,-1.39753796,1.45403974e-03,20
4271,Hybrid,mixture,-1.39766396,1.40392305e-03,20
4272,Metropolis,metropolis,-1.39097764,2.51954788e-03,20
4272,Row-Update,mps,-1.39753812,1.45381179e-03,20
4272,Hybrid,mixture,-1.39766431,1.40379484e-03,20
4273,Metropolis,metropolis,-1.39097677,2.52120936e-03,20
4273,Row-Update,mps,-1.39753330,1.45356111e-03,20
4273,Hybrid,mixture,-1.39767203,1.40448207e-03,20
4274,Metropolis,metropolis,-1.39097516,2.52054154e-03,20
4274,Row-Update,mps,-1.39753476,1.45339593e-03,20
4274,Hybrid,mixture,-1.39765889,1.40567217e-03,20
4275,Metropolis,metropolis,-1.39097971,2.52138990e-03,20
4275,Row-Update,mps,-1.39754042,1.45453619e-03,20
4275,Hybrid,mixture,-1.39765410,1.40401337e-03,20
4276,Metropolis,metropolis,-1.39097882,2.52186275e-03,20
4276,Row-Update,mps,-1.39752384,1.45664795e-03,20
4276,Hybrid,mixture,-1.39767291,1.40270252e-03,20
4277,Metropolis,metropolis,-1.39098046,2.52036028e-03,20
4277,Row-Update,mps,-1.39754166,1.45293413e-03,20
4277,Hybrid,mixture,-1.39766614,1.40390253e-03,20
4278,Metropolis,metropolis,-1.39098200,2.51895128e-03,20
4278,Row-Update,mps,-1.39753627,1.45409517e-03,20
4278,Hybrid,mixture,-1.39766246,1.40438851e-03,20
4279,Metropolis,metropolis,-1.39098830,2.52026117e-03,20
4279,Row-Update,mps,-1.39754309,1.45530766e-03,20
4279,Hybrid,mixture,-1.39767143,1.40423903e-03,20
4280,Metropolis,metropolis,-1.39098323,2.52027938e-03,20
4280,Row-Update,mps,-1.39753695,1.45340626e-03,20
4280,Hybrid,mixture,-1.39766852,1.40465990e-03,20
4281,Metropolis,metropolis,-1.39097830,2.52063153e-03,20
4281,Row-Update,mps,-1.39753822,1.45550826e-03,20
4281,Hybrid,mixture,-1.39766759,1.40480247e-03,20
4282,Metropolis,metropolis,-1.39097888,2.51950458e-03,20
4282,Row-Update,mps,-1.39753514,1.45393566e-03,20
4282,Hybrid,mixture,-1.39766298,1.40562362e-03,20
4283,Metropolis,metropolis,-1.39098939,2.52118359e-03,20
4283,Row-Update,mps,-1.39753812,1.45309656e-03,20
4283,Hybrid,mixture,-1.39766420,1.40384346e-03,20
4284,Metropolis,metropolis,-1.39098236,2.51879396e-03,20
4284,Row-Update,mps,-1.39754104,1.45422404e-03,20
4284,Hybrid,mixture,-1.39767097,1.40298328e-03,20
4285,Metropolis,metropolis,-1.39098095,2.51974227e-03,20
4285,Row-Update,mps,-1.39754490,1.45376850e-03,20
4285,Hybrid,mixture,-1.39766775,1.40504919e-03,20
4286,Metropolis,metropolis,-1.39098555,2.52082652e-03,20
4286,Row-Update,mps,-1.39755173,1.45424428e-03,20
4286,Hybrid,mixture,-1.39766410,1.40407797e-03,20
4287,Metropolis,metropolis,-1.39098450,2.52109941e-03,20
4287,Row-Update,mps,-1.39753879,1.45448879e-03,20
4287,Hybrid,mixture,-1.39767065,1.40261618e-03,20
4288,Metropolis,metropolis,-1.39098061,2.52058655e-03,20
4288,Row-Update,mps,-1.39753449,1.45391426e-03,20
4288,Hybrid,mixture,-1.39766183,1.40416935e-03,20
4289,Metropolis,metropolis,-1.39098192,2.52028977e-03,20
4289,Row-Update,mps,-1.39754742,1.45500758e-03,20
4289,Hybrid,mixture,-1.39766246,1.40412597e-03,20
4290,Metropolis,metropolis,-1.39098500,2.52099384e-03,20
4290,Row-Update,mps,-1.39753472,1.45130289e-03,20
4290,Hybrid,mixture,-1.39766524,1.40421493e-03,20
4291,Metropolis,metropolis,-1.39098219,2.52035482e-03,20
4291,Row-Update,mps,-1.39753861,1.45480592e-03,20
4291,Hybrid,mixture,-1.39766320,1.40377833e-03,20
4292,Metropolis,metropolis,-1.39098280,2.51923987e-03,20
4292,Row-Update,mps,-1.39754552,1.45312866e-03,20
4292,Hybrid,mixture,-1.39766718,1.40372508e-03,20
4293,Metropolis,metropolis,-1.39097678,2.51989017e-03,20
4293,Row-Update,mps,-1.39754098,1.45399701e-03,20
4293,Hybrid,mixture,-1.39766156,1.40370097e-03,20
4294,Metropolis,metropolis,-1.39098469,2.52014175e-03,20
4294,Row-Update,mps,-1.39754086,1.45441523e-03,20
4294,Hybrid,mixture,-1.39765999,1.40373113e-03,20
4295,Metropolis,metropolis,-1.39098579,2.52042454e-03,20
4295,Row-Update,mps,-1.39753503,1.45425864e-03,20
4295,Hybrid,mixture,-1.39767165,1.40513456e-03,20
4296,Metropolis,metropolis,-1.39098646,2.51994780e-03,20
4296,Row-Update,mps,-1.39754188,1.45507459e-03,20
4296,Hybrid,mixture,-1.39766576,1.40433007e-03,20
4297,Metropolis,metropolis,-1.39098173,2.51987739e-03,20
4297,Row-Update,mps,-1.39753799,1.45297609e-03,20
4297,Hybrid,mixture,-1.39765894,1.40586275e-03,20
4298,Metropolis,metropolis,-1.39098560,2.51982556e-03,20
4298,Row-Update,mps,-1.39753879,1.45263640e-03,20
4298,Hybrid,mixture,-1.39766523,1.40409270e-03,20
4299,Metropolis,metropolis,-1.39097338,2.52124618e-03,20
4299,Row-Update,mps,-1.39753575,1.45220777e-03,20
4299,Hybrid,mixture,-1.39766082,1.40337851e-03,20
4300,Metropolis,metropolis,-1.39098054,2.51897314e-03,20
4300,Row-Update,mps,-1.39753807,1.45411278e-03,20
4300,Hybrid,mixture,-1.39766360,1.40545360e-03,20
4301,Metropolis,metropolis,-1.39097776,2.52026219e-03,20
4301,Row-Update,mps,-1.39753346,1.45536201e-03,20
4301,Hybrid,mixture,-1.39766064,1.40573995e-03,20
4302,Metropolis,metropolis,-1.39097931,2.52028038e-03,20
4302,Row-Update,mps,-1.39754301,1.45375163e-03,20
4302,Hybrid,mixture,-1.39766664,1.40491956e-03,20
4303,Metropolis,metropolis,-1.39097804,2.52082335e-03,20
4303,Row-Update,mps,-1.39753638,1.45404362e-03,20
4303,Hybrid,mixture,-1.39766151,1.40354776e-03,20
4304,Metropolis,metropolis,-1.39097706,2.52003225e-03,20
4304,Row-Update,mps,-1.39754536,1.45343450e-03,20
4304,Hybrid,mixture,-1.39766346,1.40423393e-03,20
4305,Metropolis,metropolis,-1.39098235,2.51981256e-03,20
4305,Row-Update,mps,-1.39754191,1.45447224e-03,20
4305,Hybrid,mixture,-1.39766643,1.40388136e-03,20
4306,Metropolis,metropolis,-1.39098075,2.51996170e-03,20
4306,Row-Update,mps,-1.39753757,1.45526622e-03,20
4306,Hybrid,mixture,-1.39766431,1.40471829e-03,20
4307,Metropolis,metropolis,-1.39097915,2.52126560e-03,20
4307,Row-Update,mps,-1.39754009,1.45437692e-03,20
4307,Hybrid,mixture,-1.39767109,1.40256084e-03,20
4308,Metropolis,metropolis,-1.39098135,2.52118679e-03,20
4308,Row-Update,mps,-1.39753621,1.45520587e-03,20
4308,Hybrid,mixture,-1.39766376,1.40416364e-03,20
4309,Metropolis,metropolis,-1.39097697,2.52077764e-03,20
4309,Row-Update,mps,-1.39753878,1.45408648e-03,20
4309,Hybrid,mixture,-1.39766456,1.40478536e-03,20
4310,Metropolis,metropolis,-1.39098761,2.51942772e-03,20
4310,Row-Update,mps,-1.39753863,1.45391817e-03,20
4310,Hybrid,mixture,-1.39765921,1.40496175e-03,20
4311,Metropolis,metropolis,-1.39098412,2.52013220e-03,20
4311,Row-Update,mps,-1.39753993,1.45186621e-03,20
4311,Hybrid,mixture,-1.39766479,1.40267024e-03,20
4312,Metropolis,metropolis,-1.39098567,2.52018652e-03,20
4312,Row-Update,mps,-1.39754285,1.45408051e-03,20
4312,Hybrid,mixture,-1.39767273,1.40463123e-03,20
4313,Metropolis,metropolis,-1.39097304,2.52072071e-03,20
4313,Row-Update,mps,-1.39753912,1.45323922e-03,20
4313,Hybrid,mixture,-1.39767072,1.40409979e-03,20
4314,Metropolis,metropolis,-1.39098095,2.52034263e-03,20
4314,Row-Update,mps,-1.39753598,1.45546653e-03,20
4314,Hybrid,mixture,-1.39766392,1.40366768e-03,20
4315,Metropolis,metropolis,-1.39098295,2.52048775e-03,20
4315,Row-Update,mps,-1.39754114,1.45338518e-03,20
4315,Hybrid,mixture,-1.39766127,1.40466627e-03,20
4316,Metropolis,metropolis,-1.39097992,2.51926723e-03,20
4316,Row-Update,mps,-1.39754055,1.45313603e-03,20
4316,Hybrid,mixture,-1.39766362,1.40459189e-03,20
4317,Metropolis,metropolis,-1.39097740,2.52096155e-03,20
4317,Row-Update,mps,-1.39754192,1.45308116e-03,20
4317,Hybrid,mixture,-1.39766801,1.40519085e-03,20
4318,Metropolis,metropolis,-1.39097709,2.52153137e-03,20
4318,Row-Update,mps,-1.39754111,1.45427777e-03,20
4318,Hybrid,mixture,-1.39766404,1.40324833e-03,20
4319,Metropolis,metropolis,-1.39098216,2.52010868e-03,20
4319,Row-Update,mps,-1.39754081,1.45398866e-03,20
4319,Hybrid,mixture,-1.39765825,1.40412690e-03,20
4320,Metropolis,metropolis,-1.39097691,2.52061354e-03,20
4320,Row-Update,mps,-1.39753615,1.45396424e-03,20
4320,Hybrid,mixture,-1.39766423,1.40293507e-03,20
4321,Metropolis,metropolis,-1.39097871,2.51943702e-03,20
4321,Row-Update,mps,-1.39753554,1.45321185e-03,20
4321,Hybrid,mixture,-1.39766473,1.40339655e-03,20
4322,Metropolis,metropolis,-1.39098134,2.51984110e-03,20
4322,Row-Update,mps,-1.39755524,1.45476633e-03,20
4322,Hybrid,mixture,-1.39767110,1.40389418e-03,20
4323,Metropolis,metropolis,-1.39097245,2.51924406e-03,20
4323,Row-Update,mps,-1.39754219,1.45622110e-03,20
4323,Hybrid,mixture,-1.39766804,1.40378032e-03,20
4324,Metropolis,metropolis,-1.39098284,2.51890376e-03,20
4324,Row-Update,mps,-1.39754667,1.45359297e-03,20
4324,Hybrid,mixture,-1.39766197,1.40320110e-03,20
4325,Metropolis,metropolis,-1.39098247,2.51996157e-03,20
4325,Row-Update,mps,-1.39753526,1.45396525e-03,20
4325,Hybrid,mixture,-1.39766649,1.40314326e-03,20
4326,Metropolis,metropolis,-1.39097899,2.52000863e-03,20
4326,Row-Update,mps,-1.39754166,1.45490392e-03,20
4326,Hybrid,mixture,-1.39766270,1.40340980e-03,20
4327,Metropolis,metropolis,-1.39097943,2.52029345e-03,20
4327,Row-Update,mps,-1.39753653,1.45413981e-03,20
4327,Hybrid,mixture,-1.39766002,1.40336321e-03,20
4328,Metropolis,metropolis,-1.39097543,2.52051671e-03,20
4328,Row-Update,mps,-1.39753672,1.45376533e-03,20
4328,Hybrid,mixture,-1.39766965,1.40423906e-03,20
4329,Metropolis,metropolis,-1.39098348,2.52066342e-03,20
4329,Row-Update,mps,-1.39753708,1.45405290e-03,20
4329,Hybrid,mixture,-1.39766525,1.40442805e-03,20
4330,Metropolis,metropolis,-1.39098210,2.51985031e-03,20
4330,Row-Update,mps,-1.39753698,1.45345026e-03,20
4330,Hybrid,mixture,-1.39765208,1.40534671e-03,20
4331,Metropolis,metropolis,-1.39097790,2.51824243e-03,20
4331,Row-Update,mps,-1.39753742,1.45409962e-03,20
4331,Hybrid,mixture,-1.39766510,1.40343026e-03,20
4332,Metropolis,metropolis,-1.39097852,2.51944260e-03,20
4332,Row-Update,mps,-1.39753958,1.45382309e-03,20
4332,Hybrid,mixture,-1.39766295,1.40387058e-03,20
4333,Metropolis,metropolis,-1.39098134,2.51997453e-03,20
4333,Row-Update,mps,-1.39753607,1.45256733e-03,20
4333,Hybrid,mixture,-1.39766066,1.40379590e-03,20
4334,Metropolis,metropolis,-1.39098001,2.52098031e-03,20
4334,Row-Update,mps,-1.39754248,1.45338305e-03,20
4334,Hybrid,mixture,-1.39765874,1.40785782e-03,20
4335,Metropolis,metropolis,-1.39098026,2.52062716e-03,20
4335,Row-Update,mps,-1.39754111,1.45322471e-03,20
4335,Hybrid,mixture,-1.39766292,1.40422502e-03,20
4336,Metropolis,metropolis,-1.39098673,2.52083649e-03,20
4336,Row-Update,mps,-1.39754266,1.45460846e-03,20
4336,Hybrid,mixture,-1.39766901,1.40434262e-03,20
4337,Metropolis,metropolis,-1.39098401,2.51954917e-03,20
4337,Row-Update,mps,-1.39753916,1.45530016e-03,20
4337,Hybrid,mixture,-1.39765791,1.40331642e-03,20
4338,Metropolis,metropolis,-1.39097166,2.51749443e-03,20
4338,Row-Update,mps,-1.39754143,1.45538639e-03,20
4338,Hybrid,mixture,-1.39766841,1.40202550e-03,20
4339,Metropolis,metropolis,-1.39098210,2.52164207e-03,20
4339,Row-Update,mps,-1.39754892,1.45428764e-03,20
4339,Hybrid,mixture,-1.39765964,1.40343498e-03,20
4340,Metropolis,metropolis,-1.39098002,2.51950459e-03,20
4340,Row-Update,mps,-1.39753757,1.45497660e-03,20
4340,Hybrid,mixture,-1.39765943,1.40434184e-03,20
4341,Metropolis,metropolis,-1.39098441,2.51913425e-03,20
4341,Row-Update,mps,-1.39753966,1.45329366e-03,20
4341,Hybrid,mixture,-1.39765682,1.40399604e-03,20
4342,Metropolis,metropolis,-1.39098096,2.52097802e-03,20
4342,Row-Update,mps,-1.39753634,1.45531866e-03,20
4342,Hybrid,mixture,-1.39765890,1.40266581e-03,20
4343,Metropolis,metropolis,-1.39098031,2.52158812e-03,20
4343,Row-Update,mps,-1.39754025,1.45353258e-03,20
4343,Hybrid,mixture,-1.39766239,1.40343817e-03,20
4344,Metropolis,metropolis,-1.39098833,2.51903352e-03,20
4344,Row-Update,mps,-1.39754030,1.45441694e-03,20
4344,Hybrid,mixture,-1.39766369,1.40363999e-03,20
4345,Metropolis,metropolis,-1.39098019,2.52025308e-03,20
4345,Row-Update,mps,-1.39754827,1.45149648e-03,20
4345,Hybrid,mixture,-1.39767079,1.40629258e-03,20
4346,Metropolis,metropolis,-1.39097476,2.52060262e-03,20
4346,Row-Update,mps,-1.39753351,1.45334894e-03,20
4346,Hybrid,mixture,-1.39766600,1.40393709e-03,20
4347,Metropolis,metropolis,-1.39099003,2.52020611e-03,20
4347,Row-Update,mps,-1.39753784,1.45293763e-03,20
4347,Hybrid,mixture,-1.39767079,1.40402753e-03,20
4348,Metropolis,metropolis,-1.39097948,2.51982074e-03,20
4348,Row-Update,mps,-1.39754596,1.45381325e-03,20
4348,Hybrid,mixture,-1.39766555,1.40477021e-03,20
4349,Metropolis,metropolis,-1.39098047,2.52067416e-03,20
4349,Row-Update,mps,-1.39753722,1.45543680e-03,20
4349,Hybrid,mixture,-1.39766258,1.40513757e-03,20
4350,Metropolis,metropolis,-1.39100533,2.52513207e-03,20
4350,Row-Update,mps,-1.39753810,1.45432851e-03,20
4350,Hybrid,mixture,-1.39766594,1.40424166e-03,20
4351,Metropolis,metropolis,-1.39097576,2.52118982e-03,20
4351,Row-Update,mps,-1.39754134,1.45342674e-03,20
4351,Hybrid,mixture,-1.39766598,1.40495792e-03,20
4352,Metropolis,metropolis,-1.39098056,2.52017833e-03,20
4352,Row-Update,mps,-1.39753462,1.45495821e-03,20
4352,Hybrid,mixture,-1.39766392,1.40338686e-03,20
4353,Metropolis,metropolis,-1.39098883,2.52168582e-03,20
4353,Row-Update,mps,-1.39753476,1.45323567e-03,20
4353,Hybrid,mixture,-1.39766636,1.40420860e-03,20
4354,Metropolis,metropolis,-1.39098275,2.52003457e-03,20
4354,Row-Update,mps,-1.39753319,1.45564499e-03,20
4354,Hybrid,mixture,-1.39766168,1.40287191e-03,20
4355,Metropolis,metropolis,-1.39097705,2.51992816e-03,20
4355,Row-Update,mps,-1.39753765,1.45336306e-03,20
4355,Hybrid,mixture,-1.39765870,1.40410087e-03,20
4356,Metropolis,metropolis,-1.39097474,2.51977158e-03,20
4356,Row-Update,mps,-1.39755058,1.45507794e-03,20
4356,Hybrid,mixture,-1.39766985,1.40433764e-03,20
4357,Metropolis,metropolis,-1.39098837,2.52107018e-03,20
4357,Row-Update,mps,-1.39753793,1.45389645e-03,20
4357,Hybrid,mixture,-1.39767047,1.40383088e-03,20
4358,Metropolis,metropolis,-1.39098176,2.52026644e-03,20
4358,Row-Update,mps,-1.39753796,1.45384071e-03,20
4358,Hybrid,mixture,-1.39766153,1.40458578e-03,20
4359,Metropolis,metropolis,-1.39098143,2.52054908e-03,20
4359,Row-Update,mps,-1.39754595,1.45344946e-03,20
4359,Hybrid,mixture,-1.39766752,1.40209062e-03,20
4360,Metropolis,metropolis,-1.39098445,2.52084144e-03,20
4360,Row-Update,mps,-1.39753682,1.45503096e-03,20
4360,Hybrid,mixture,-1.39766510,1.40353371e-03,20
4361,Metropolis,metropolis,-1.39098152,2.52131551e-03,20
4361,Row-Update,mps,-1.39754247,1.45374947e-03,20
4361,Hybrid,mixture,-1.39765823,1.40432837e-03,20
4362,Metropolis,metropolis,-1.39098317,2.52051971e-03,20
4362,Row-Update,mps,-1.39754064,1.45456939e-03,20
4362,Hybrid,mixture,-1.39766583,1.40301750e-03,20
4363,Metropolis,metropolis,-1.39098156,2.51898588e-03,20
4363,Row-Update,mps,-1.39754160,1.45416888e-03,20
4363,Hybrid,mixture,-1.39765719,1.40342786e-03,20
4364,Metropolis,metropolis,-1.39098113,2.52123055e-03,20
4364,Row-Update,mps,-1.39754028,1.45484114e-03,20
4364,Hybrid,mixture,-1.39766992,1.40373332e-03,20
4365,Metropolis,metropolis,-1.39097905,2.52068378e-03,20
4365,Row-Update,mps,-1.39753877,1.45241875e-03,20
4365,Hybrid,mixture,-1.39766839,1.40337849e-03,20
4366,Metropolis,metropolis,-1.39097971,2.52145878e-03,20
4366,Row-Update,mps,-1.39754672,1.45155471e-03,20
4366,Hybrid,mixture,-1.39766045,1.40394496e-03,20
4367,Metropolis,metropolis,-1.39098279,2.52083593e-03,20
4367,Row-Update,mps,-1.39753827,1.45369040e-03,20
4367,Hybrid,mixture,-1.39767078,1.40296128e-03,20
4368,Metropolis,metropolis,-1.39098687,2.52024749e-03,20
4368,Row-Update,mps,-1.39754143,1.45528969e-03,20
4368,Hybrid,mixture,-1.39766396,1.40197066e-03,20
4369,Metropolis,metropolis,-1.39098464,2.51913139e-03,20
4369,Row-Update,mps,-1.39753988,1.45502030e-03,20
4369,Hybrid,mixture,-1.39765998,1.40435948e-03,20
4370,Metropolis,metropolis,-1.39098791,2.52090905e-03,20
4370,Row-Update,mps,-1.39753954,1.45367997e-03,20
4370,Hybrid,mixture,-1.39765813,1.40245072e-03,20
4371,Metropolis,metropolis,-1.39097708,2.52132745e-03,20
4371,Row-Update,mps,-1.39754206,1.45448877e-03,20
4371,Hybrid,mixture,-1.39766149,1.40488701e-03,20
4372,Metropolis,metropolis,-1.39098432,2.52006870e-03,20
4372,Row-Update,mps,-1.39754171,1.45413827e-03,20
4372,Hybrid,mixture,-1.39766613,1.40354545e-03,20
4373,Metropolis,metropolis,-1.39097871,2.52203623e-03,20
4373,Row-Update,mps,-1.39754265,1.45303161e-03,20
4373,Hybrid,mixture,-1.39766143,1.40384672e-03,20
4374,Metropolis,metropolis,-1.39098385,2.52120012e-03,20
4374,Row-Update,mps,-1.39754460,1.45420185e-03,20
4374,Hybrid,mixture,-1.39767118,1.40242977e-03,20
4375,Metropolis,metropolis,-1.39098193,2.51912066e-03,20
4375,Row-Update,mps,-1.39754251,1.45423959e-03,20
4375,Hybrid,mixture,-1.39765775,1.40335456e-03,20
4376,Metropolis,metropolis,-1.39098725,2.52003284e-03,20
4376,Row-Update,mps,-1.39754961,1.45356233e-03,20
4376,Hybrid,mixture,-1.39766596,1.40352061e-03,20
4377,Metropolis,metropolis,-1.39098249,2.52099942e-03,20
4377,Row-Update,mps,-1.39753991,1.45475182e-03,20
4377,Hybrid,mixture,-1.39766607,1.40338261e-03,20
4378,Metropolis,metropolis,-1.39099074,2.51862225e-03,20
4378,Row-Update,mps,-1.39754006,1.45448441e-03,20
4378,Hybrid,mixture,-1.39766884,1.40342665e-03,20
4379,Metropolis,metropolis,-1.39097642,2.51955102e-03,20
4379,Row-Update,mps,-1.39754117,1.45358782e-03,20
4379,Hybrid,mixture,-1.39766500,1.40495420e-03,20
4380,Metropolis,metropolis,-1.39097802,2.52077410e-03,20
4380,Row-Update,mps,-1.39753546,1.45527884e-03,20
4380,Hybrid,mixture,-1.39766218,1.40527462e-03,20
4381,Metropolis,metropolis,-1.39098493,2.52075306e-03,20
4381,Row-Update,mps,-1.39753780,1.45379727e-03,20
4381,Hybrid,mixture,-1.39766023,1.40406468e-03,20
4382,Metropolis,metropolis,-1.39098003,2.51968415e-03,20
4382,Row-Update,mps,-1.39754639,1.45385277e-03,20
4382,Hybrid,mixture,-1.39766184,1.40320640e-03,20
4383,Metropolis,metropolis,-1.39098104,2.52146028e-03,20
4383,Row-Update,mps,-1.39754070,1.45319177e-03,20
4383,Hybrid,mixture,-1.39766047,1.40445697e-03,20
4384,Metropolis,metropolis,-1.39098139,2.52031291e-03,20
4384,Row-Update,mps,-1.39754765,1.45507250e-03,20
4384,Hybrid,mixture,-1.39766178,1.40342197e-03,20
4385,Metropolis,metropolis,-1.39097832,2.52002686e-03,20
4385,Row-Update,mps,-1.39753584,1.45323848e-03,20
4385,Hybrid,mixture,-1.39765766,1.40338050e-03,20
4386,Metropolis,metropolis,-1.39098446,2.51966812e-03,20
4386,Row-Update,mps,-1.39753438,1.45366497e-03,20
4386,Hybrid,mixture,-1.39766553,1.40375763e-03,20
4387,Metropolis,metropolis,-1.39098159,2.52011431e-03,20
4387,Row-Update,mps,-1.39754055,1.45470171e-03,20
4387,Hybrid,mixture,-1.39766071,1.40366449e-03,20
4388,Metropolis,metropolis,-1.39098417,2.52017109e-03,20
4388,Row-Update,mps,-1.39753787,1.45308804e-03,20
4388,Hybrid,mixture,-1.39766342,1.40519422e-03,20
4389,Metropolis,metropolis,-1.39097411,2.52022573e-03,20
4389,Row-Update,mps,-1.39753759,1.45356525e-03,20
4389,Hybrid,mixture,-1.39766468,1.40419698e-03,20
4390,Metropolis,metropolis,-1.39097686,2.51922712e-03,20
4390,Row-Update,mps,-1.39753974,1.45429294e-03,20
4390,Hybrid,mixture,-1.39767151,1.40503320e-03,20
4391,Metropolis,metropolis,-1.39098193,2.52108964e-03,20
4391,Row-Update,mps,-1.39753985,1.45358071e-03,20
4391,Hybrid,mixture,-1.39766775,1.40392767e-03,20
4392,Metropolis,metropolis,-1.39098178,2.51953858e-03,20
4392,Row-Update,mps,-1.39754593,1.45420817e-03,20
4392,Hybrid,mixture,-1.39766798,1.40432515e-03,20
4393,Metropolis,metropolis,-1.39098455,2.51983705e-03,20
4393,Row-Update,mps,-1.39753642,1.45453371e-03,20
4393,Hybrid,mixture,-1.39766260,1.40422128e-03,20
4394,Metropolis,metropolis,-1.39097757,2.52048119e-03,20
4394,Row-Update,mps,-1.39753756,1.45426224e-03,20
4394,Hybrid,mixture,-1.39766600,1.40384841e-03,20
4395,Metropolis,metropolis,-1.39098316,2.52004168e-03,20
4395,Row-Update,mps,-1.39754013,1.45445043e-03,20
4395,Hybrid,mixture,-1.39766955,1.40245903e-03,20
4396,Metropolis,metropolis,-1.39098641,2.52173169e-03,20
4396,Row-Update,mps,-1.39755359,1.45154926e-03,20
4396,Hybrid,mixture,-1.39767542,1.40482710e-03,20
4397,Metropolis,metropolis,-1.39098675,2.52097096e-03,20
4397,Row-Update,mps,-1.39754276,1.45376788e-03,20
4397,Hybrid,mixture,-1.39766507,1.40432906e-03,20
4398,Metropolis,metropolis,-1.39098417,2.51880668e-03,20
4398,Row-Update,mps,-1.39754031,1.45386903e-03,20
4398,Hybrid,mixture,-1.39766092,1.40474285e-03,20
4399,Metropolis,metropolis,-1.39098464,2.51986014e-03,20
4399,Row-Update,mps,-1.39754983,1.45595769e-03,20
4399,Hybrid,mixture,-1.39766669,1.40434324e-03,20
4400,Metropolis,metropolis,-1.39098139,2.52043261e-03,20
4400,Row-Update,mps,-1.39754512,1.45339838e-03,20
4400,Hybrid,mixture,-1.39766949,1.40495659e-03,20
4401,Metropolis,metropolis,-1.39098200,2.52003616e-03,20
4401,Row-Update,mps,-1.39754733,1.45530814e-03,20
4401,Hybrid,mixture,-1.39766143,1.40468985e-03,20
4402,Metropolis,metropolis,-1.39097807,2.52009270e-03,20
4402,Row-Update,mps,-1.39754628,1.45557151e-03,20
4402,Hybrid,mixture,-1.39766151,1.40458695e-03,20
4403,Metropolis,metropolis,-1.39098176,2.52041304e-03,20
4403,Row-Update,mps,-1.39754451,1.45479614e-03,20
4403,Hybrid,mixture,-1.39766156,1.40376105e-03,20
4404,Metropolis,metropolis,-1.39097677,2.52016972e-03,20
4404,Row-Update,mps,-1.39754108,1.45355755e-03,20
4404,Hybrid,mixture,-1.39766099,1.40148202e-03,20
4405,Metropolis,metropolis,-1.39097280,2.52174057e-03,20
4405,Row-Update,mps,-1.39754085,1.45400333e-03,20
4405,Hybrid,mixture,-1.39766191,1.40321353e-03,20
4406,Metropolis,metropolis,-1.39098606,2.52107109e-03,20
4406,Row-Update,mps,-1.39753723,1.45316331e-03,20
4406,Hybrid,mixture,-1.39765877,1.40405066e-03,20
4407,Metropolis,metropolis,-1.39098800,2.51922020e-03,20
4407,Row-Update,mps,-1.39754251,1.45429454e-03,20
4407,Hybrid,mixture,-1.39769033,1.40783621e-03,20
4408,Metropolis,metropolis,-1.39097865,2.52083694e-03,20
4408,Row-Update,mps,-1.39753926,1.45474867e-03,20
4408,Hybrid,mixture,-1.39766680,1.40368528e-03,20
4409,Metropolis,metropolis,-1.39098358,2.52044128e-03,20
4409,Row-Update,mps,-1.39754367,1.45413040e-03,20
4409,Hybrid,mixture,-1.39767263,1.40562857e-03,20
4410,Metropolis,metropolis,-1.39098258,2.51931442e-03,20
4410,Row-Update,mps,-1.39753870,1.45550714e-03,20
4410,Hybrid,mixture,-1.39767143,1.40532154e-03,20
4411,Metropolis,metropolis,-1.39097900,2.52051426e-03,20
4411,Row-Update,mps,-1.39753787,1.45269064e-03,20
4411,Hybrid,mixture,-1.39766608,1.40421164e-03,20
4412,Metropolis,metropolis,-1.39098132,2.52044327e-03,20
4412,Row-Update,mps,-1.39754186,1.45411440e-03,20
4412,Hybrid,mixture,-1.39766472,1.40357370e-03,20
4413,Metropolis,metropolis,-1.39098121,2.51927646e-03,20
4413,Row-Update,mps,-1.39753950,1.45452696e-03,20
4413,Hybrid,mixture,-1.39765526,1.40292112e-03,20
4414,Metropolis,metropolis,-1.39097692,2.52006612e-03,20
4414,Row-Update,mps,-1.39753807,1.45560685e-03,20
4414,Hybrid,mixture,-1.39765715,1.40541097e-03,20
4415,Metropolis,metropolis,-1.39098500,2.52037276e-03,20
4415,Row-Update,mps,-1.39752784,1.45606755e-03,20
4415,Hybrid,mixture,-1.39766717,1.40606938e-03,20
4416,Metropolis,metropolis,-1.39098195,2.52034479e-03,20
4416,Row-Update,mps,-1.39754039,1.45315555e-03,20
4416,Hybrid,mixture,-1.39766726,1.40369563e-03,20
4417,Metropolis,metropolis,-1.39098199,2.51892137e-03,20
4417,Row-Update,mps,-1.39754292,1.45349110e-03,20
4417,Hybrid,mixture,-1.39766438,1.40461052e-03,20
4418,Metropolis,metropolis,-1.39098109,2.52001302e-03,20
4418,Row-Update,mps,-1.39753782,1.45379004e-03,20
4418,Hybrid,mixture,-1.39766311,1.40259304e-03,20
4419,Metropolis,metropolis,-1.39098151,2.51987029e-03,20
4419,Row-Update,mps,-1.39753898,1.45333909e-03,20
4419,Hybrid,mixture,-1.39766643,1.40397866e-03,20
4420,Metropolis,metropolis,-1.39097816,2.51937419e-03,20
4420,Row-Update,mps,-1.39752182,1.45761788e-03,20
4420,Hybrid,mixture,-1.39765667,1.40346152e-03,20
4421,Metropolis,metropolis,-1.39098328,2.52028445e-03,20
4421,Row-Update,mps,-1.39753776,1.45459379e-03,20
4421,Hybrid,mixture,-1.39766716,1.40292175e-03,20
4422,Metropolis,metropolis,-1.39098297,2.52079834e-03,20
4422,Row-Update,mps,-1.39753861,1.45285654e-03,20
4422,Hybrid,mixture,-1.39766196,1.40259460e-03,20
4423,Metropolis,metropolis,-1.39098231,2.52247780e-03,20
4423,Row-Update,mps,-1.39753467,1.45571311e-03,20
4423,Hybrid,mixture,-1.39766527,1.40250403e-03,20
4424,Metropolis,metropolis,-1.39097961,2.51992633e-03,20
4424,Row-Update,mps,-1.39753893,1.45372289e-03,20
4424,Hybrid,mixture,-1.39765383,1.40280865e-03,20
4425,Metropolis,metropolis,-1.39098036,2.52067224e-03,20
4425,Row-Update,mps,-1.39754174,1.45504821e-03,20
4425,Hybrid,mixture,-1.39766416,1.40421510e-03,20
4426,Metropolis,metropolis,-1.39098536,2.52039561e-03,20
4426,Row-Update,mps,-1.39754042,1.45359112e-03,20
4426,Hybrid,mixture,-1.39766484,1.40340801e-03,20
4427,Metropolis,metropolis,-1.39097899,2.52004174e-03,20
4427,Row-Update,mps,-1.39753812,1.45406168e-03,20
4427,Hybrid,mixture,-1.39766461,1.40414732e-03,20
4428,Metropolis,metropolis,-1.39097865,2.52024022e-03,20
4428,Row-Update,mps,-1.39753961,1.45417780e-03,20
4428,Hybrid,mixture,-1.39768259,1.40725828e-03,20
4429,Metropolis,metropolis,-1.39097912,2.51938139e-03,20
4429,Row-Update,mps,-1.39753885,1.45394611e-03,20
4429,Hybrid,mixture,-1.39766031,1.40406646e-03,20
4430,Metropolis,metropolis,-1.39098140,2.52053462e-03,20
4430,Row-Update,mps,-1.39753566,1.45323482e-03,20
4430,Hybrid,mixture,-1.39766551,1.40448003e-03,20
4431,Metropolis,metropolis,-1.39098132,2.51919714e-03,20
4431,Row-Update,mps,-1.39753866,1.45378026e-03,20
4431,Hybrid,mixture,-1.39766561,1.40292097e-03,20
4432,Metropolis,metropolis,-1.39098412,2.51951833e-03,20
4432,Row-Update,mps,-1.39754431,1.45481281e-03,20
4432,Hybrid,mixture,-1.39766924,1.40297870e-03,20
4433,Metropolis,metropolis,-1.39098188,2.51936087e-03,20
4433,Row-Update,mps,-1.39754211,1.45313541e-03,20
4433,Hybrid,mixture,-1.39766875,1.40134156e-03,20
4434,Metropolis,metropolis,-1.39097505,2.52039157e-03,20
4434,Row-Update,mps,-1.39754190,1.45259232e-03,20
4434,Hybrid,mixture,-1.39766109,1.40358262e-03,20
4435,Metropolis,metropolis,-1.39098107,2.51990889e-03,20
4435,Row-Update,mps,-1.39753712,1.45363587e-03,20
4435,Hybrid,mixture,-1.39766991,1.40468729e-03,20
4436,Metropolis,metropolis,-1.39098547,2.51941953e-03,20
4436,Row-Update,mps,-1.39754105,1.45439229e-03,20
4436,Hybrid,mixture,-1.39766028,1.40496321e-03,20
4437,Metropolis,metropolis,-1.39097606,2.51985150e-03,20
4437,Row-Update,mps,-1.39754057,1.45379574e-03,20
4437,Hybrid,mixture,-1.39766959,1.40239007e-03,20
4438,Metropolis,metropolis,-1.39097821,2.51941896e-03,20
4438,Row-Update,mps,-1.39754193,1.45385398e-03,20
4438,Hybrid,mixture,-1.39766686,1.40427351e-03,20
4439,Metropolis,metropolis,-1.39097862,2.52119110e-03,20
4439,Row-Update,mps,-1.39753604,1.45495442e-03,20
4439,Hybrid,mixture,-1.39766206,1.40445362e-03,20
4440,Metropolis,metropolis,-1.39098176,2.52074907e-03,20
4440,Row-Update,mps,-1.39754195,1.45115740e-03,20
4440,Hybrid,mixture,-1.39766071,1.40374915e-03,20
4441,Metropolis,metropolis,-1.39098382,2.51943857e-03,20
4441,Row-Update,mps,-1.39753268,1.45540829e-03,20
4441,Hybrid,mixture,-1.39766349,1.40290184e-03,20
4442,Metropolis,metropolis,-1.39098020,2.51917145e-03,20
4442,Row-Update,mps,-1.39753703,1.45370657e-03,20
4442,Hybrid,mixture,-1.39767035,1.40319011e-03,20
4443,Metropolis,metropolis,-1.39097824,2.52114651e-03,20
4443,Row-Update,mps,-1.39754246,1.45219005e-03,20
4443,Hybrid,mixture,-1.39766909,1.40477051e-03,20
4444,Metropolis,metropolis,-1.39098303,2.52075699e-03,20
4444,Row-Update,mps,-1.39754587,1.45490881e-03,20
4444,Hybrid,mixture,-1.39766820,1.40356387e-03,20
4445,Metropolis,metropolis,-1.39098042,2.51962002e-03,20
4445,Row-Update,mps,-1.39753645,1.45322795e-03,20
4445,Hybrid,mixture,-1.39766333,1.40197037e-03,20
4446,Metropolis,metropolis,-1.39097583,2.52135956e-03,20
4446,Row-Update,mps,-1.39754449,1.45416068e-03,20
4446,Hybrid,mixture,-1.39766290,1.40403651e-03,20
4447,Metropolis,metropolis,-1.39098451,2.51730351e-03,20
4447,Row-Update,mps,-1.39753830,1.45361547e-03,20
4447,Hybrid,mixture,-1.39766909,1.40352640e-03,20
4448,Metropolis,metropolis,-1.39097873,2.51977082e-03,20
4448,Row-Update,mps,-1.39753735,1.45353784e-03,20
4448,Hybrid,mixture,-1.39766163,1.40358977e-03,20
4449,Metropolis,metropolis,-1.39098487,2.52007527e-03,20
4449,Row-Update,mps,-1.39754247,1.45533301e-03,20
4449,Hybrid,mixture,-1.39766707,1.40464139e-03,20
4450,Metropolis,metropolis,-1.39098570,2.52092034e-03,20
4450,Row-Update,mps,-1.39754167,1.45412329e-03,20
4450,Hybrid,mixture,-1.39766500,1.40441339e-03,20
4451,Metropolis,metropolis,-1.39097899,2.52020124e-03,20
4451,Row-Update,mps,-1.39753731,1.45306650e-03,20
4451,Hybrid,mixture,-1.39766609,1.40362932e-03,20
4452,Metropolis,metropolis,-1.39097964,2.52078199e-03,20
4452,Row-Update,mps,-1.39752951,1.45355237e-03,20
4452,Hybrid,mixture,-1.39766246,1.40325703e-03,20
4453,Metropolis,metropolis,-1.39098197,2.52104109e-03,20
4453,Row-Update,mps,-1.39754012,1.45397051e-03,20
4453,Hybrid,mixture,-1.39766075,1.40366856e-03,20
4454,Metropolis,metropolis,-1.39098072,2.52037000e-03,20
4454,Row-Update,mps,-1.39753589,1.45361534e-03,20
4454,Hybrid,mixture,-1.39766780,1.40421942e-03,20
4455,Metropolis,metropolis,-1.39098440,2.52090101e-03,20
4455,Row-Update,mps,-1.39753494,1.45437465e-03,20
4455,Hybrid,mixture,-1.39766281,1.40451974e-03,20
4456,Metropolis,metropolis,-1.39098135,2.51952396e-03,20
4456,Row-Update,mps,-1.39754122,1.45422998e-03,20
4456,Hybrid,mixture,-1.39766451,1.40533165e-03,20
4457,Metropolis,metropolis,-1.39098173,2.52085133e-03,20
4457,Row-Update,mps,-1.39754144,1.45487926e-03,20
4457,Hybrid,mixture,-1.39765570,1.40363451e-03,20
4458,Metropolis,metropolis,-1.39099637,2.51955410e-03,20
4458,Row-Update,mps,-1.39752678,1.45274436e-03,20
4458,Hybrid,mixture,-1.39766052,1.40410901e-03,20
4459,Metropolis,metropolis,-1.39098710,2.52055150e-03,20
4459,Row-Update,mps,-1.39754093,1.45429891e-03,20
4459,Hybrid,mixture,-1.39766493,1.40435960e-03,20
4460,Metropolis,metropolis,-1.39098443,2.52119926e-03,20
4460,Row-Update,mps,-1.39754075,1.45430308e-03,20
4460,Hybrid,mixture,-1.39766717,1.40477153e-03,20
4461,Metropolis,metropolis,-1.39098588,2.52053323e-03,20
4461,Row-Update,mps,-1.39754467,1.45325105e-03,20
4461,Hybrid,mixture,-1.39766895,1.40322117e-03,20
4462,Metropolis,metropolis,-1.39098011,2.52044054e-03,20
4462,Row-Update,mps,-1.39753953,1.45463801e-03,20
4462,Hybrid,mixture,-1.39767128,1.40444147e-03,20
4463,Metropolis,metropolis,-1.39098373,2.52191613e-03,20
4463,Row-Update,mps,-1.39753595,1.45480354e-03,20
4463,Hybrid,mixture,-1.39766904,1.40394046e-03,20
4464,Metropolis,metropolis,-1.39098376,2.52008985e-03,20
4464,Row-Update,mps,-1.39754334,1.45420770e-03,20
4464,Hybrid,mixture,-1.39767194,1.40613272e-03,20
4465,Metropolis,metropolis,-1.39098415,2.51934257e-03,20
4465,Row-Update,mps,-1.39754049,1.45336291e-03,20
4465,Hybrid,mixture,-1.39766421,1.40425337e-03,20
4466,Metropolis,metropolis,-1.39097760,2.52108960e-03,20
4466,Row-Update,mps,-1.39754344,1.45384759e-03,20
4466,Hybrid,mixture,-1.39767306,1.40496225e-03,20
4467,Metropolis,metropolis,-1.39098377,2.52093797e-03,20
4467,Row-Update,mps,-1.39753502,1.45566695e-03,20
4467,Hybrid,mixture,-1.39766528,1.40457970e-03,20
4468,Metropolis,metropolis,-1.39098214,2.51975433e-03,20
4468,Row-Update,mps,-1.39754608,1.45376901e-03,20
4468,Hybrid,mixture,-1.39767077,1.40222547e-03,20
4469,Metropolis,metropolis,-1.39098207,2.52052108e-03,20
4469,Row-Update,mps,-1.39753699,1.45372685e-03,20
4469,Hybrid,mixture,-1.39766471,1.40336002e-03,20
4470,Metropolis,metropolis,-1.39098552,2.52087029e-03,20
4470,Row-Update,mps,-1.39754258,1.45467530e-03,20
4470,Hybrid,mixture,-1.39766675,1.40326734e-03,20
4471,Metropolis,metropolis,-1.39098056,2.51916530e-03,20
4471,Row-Update,mps,-1.39754440,1.45503741e-03,20
4471,Hybrid,mixture,-1.39766739,1.40363422e-03,20
4472,Metropolis,metropolis,-1.39098148,2.52018778e-03,20
4472,Row-Update,mps,-1.39754401,1.45319194e-03,20
4472,Hybrid,mixture,-1.39766615,1.40368634e-03,20
4473,Metropolis,metropolis,-1.39098291,2.51869004e-03,20
4473,Row-Update,mps,-1.39754852,1.45179306e-03,20
4473,Hybrid,mixture,-1.39767506,1.40800851e-03,20
4474,Metropolis,metropolis,-1.39097669,2.52140009e-03,20
4474,Row-Update,mps,-1.39753907,1.45281846e-03,20
4474,Hybrid,mixture,-1.39766381,1.40416321e-03,20
4475,Metropolis,metropolis,-1.39098080,2.51887651e-03,20
4475,Row-Update,mps,-1.39753932,1.45432915e-03,20
4475,Hybrid,mixture,-1.39766315,1.40390638e-03,20
4476,Metropolis,metropolis,-1.39098575,2.52028394e-03,20
4476,Row-Update,mps,-1.39754423,1.45343107e-03,20
4476,Hybrid,mixture,-1.39766624,1.40297587e-03,20
4477,Metropolis,metropolis,-1.39097827,2.52201514e-03,20
4477,Row-Update,mps,-1.39753719,1.45459233e-03,20
4477,Hybrid,mixture,-1.39766547,1.40393002e-03,20
4478,Metropolis,metropolis,-1.39097988,2.52048623e-03,20
4478,Row-Update,mps,-1.39753556,1.45539006e-03,20
4478,Hybrid,mixture,-1.39766738,1.40449222e-03,20
4479,Metropolis,metropolis,-1.39098693,2.52167728e-03,20
4479,Row-Update,mps,-1.39754145,1.45424808e-03,20
4479,Hybrid,mixture,-1.39766752,1.40333862e-03,20
4480,Metropolis,metropolis,-1.39098391,2.51980079e-03,20
4480,Row-Update,mps,-1.39754358,1.45476122e-03,20
4480,Hybrid,mixture,-1.39766340,1.40313340e-03,20
4481,Metropolis,metropolis,-1.39098863,2.52016431e-03,20
4481,Row-Update,mps,-1.39753690,1.45379522e-03,20
4481,Hybrid,mixture,-1.39766103,1.40353158e-03,20
4482,Metropolis,metropolis,-1.39098455,2.51944394e-03,20
4482,Row-Update,mps,-1.39753968,1.45405352e-03,20
4482,Hybrid,mixture,-1.39766709,1.40394135e-03,20
4483,Metropolis,metropolis,-1.39098732,2.52177413e-03,20
4483,Row-Update,mps,-1.39753876,1.45385229e-03,20
4483,Hybrid,mixture,-1.39767006,1.40422487e-03,20
4484,Metropolis,metropolis,-1.39098224,2.52023702e-03,20
4484,Row-Update,mps,-1.39754594,1.45277928e-03,20
4484,Hybrid,mixture,-1.39767468,1.40435982e-03,20
4485,Metropolis,metropolis,-1.39097944,2.51999914e-03,20
4485,Row-Update,mps,-1.39752995,1.45413186e-03,20
4485,Hybrid,mixture,-1.39766145,1.40407001e-03,20
4486,Metropolis,metropolis,-1.39098441,2.51953319e-03,20
4486,Row-Update,mps,-1.39754339,1.45376444e-03,20
4486,Hybrid,mixture,-1.39766779,1.40363562e-03,20
4487,Metropolis,metropolis,-1.39098396,2.52020335e-03,20
4487,Row-Update,mps,-1.39754196,1.45446854e-03,20
4487,Hybrid,mixture,-1.39766585,1.40380968e-03,20
4488,Metropolis,metropolis,-1.39097762,2.52012887e-03,20
4488,Row-Update,mps,-1.39753861,1.45474006e-03,20
4488,Hybrid,mixture,-1.39766662,1.40486251e-03,20
4489,Metropolis,metropolis,-1.39098235,2.51947308e-03,20
4489,Row-Update,mps,-1.39753302,1.45359033e-03,20
4489,Hybrid,mixture,-1.39766546,1.40264251e-03,20
4490,Metropolis,metropolis,-1.39098390,2.52014955e-03,20
4490,Row-Update,mps,-1.39753993,1.45396840e-03,20
4490,Hybrid,mixture,-1.39766685,1.40314992e-03,20
4491,Metropolis,metropolis,-1.39097594,2.51945975e-03,20
4491,Row-Update,mps,-1.39753489,1.45362292e-03,20
4491,Hybrid,mixture,-1.39766948,1.40463463e-03,20
4492,Metropolis,metropolis,-1.39098391,2.52019811e-03,20
4492,Row-Update,mps,-1.39753807,1.45290476e-03,20
4492,Hybrid,mixture,-1.39766645,1.40448815e-03,20
4493,Metropolis,metropolis,-1.39097878,2.51954521e-03,20
4493,Row-Update,mps,-1.39753536,1.45307016e-03,20
4493,Hybrid,mixture,-1.39766745,1.40383370e-03,20
4494,Metropolis,metropolis,-1.39098912,2.52111636e-03,20
4494,Row-Update,mps,-1.39754283,1.45363028e-03,20
4494,Hybrid,mixture,-1.39767419,1.40483914e-03,20
4495,Metropolis,metropolis,-1.39097508,2.51678846e-03,20
4495,Row-Update,mps,-1.39753992,1.45444128e-03,20
4495,Hybrid,mixture,-1.39766960,1.40334358e-03,20
4496,Metropolis,metropolis,-1.39097703,2.52029128e-03,20
4496,Row-Update,mps,-1.39754500,1.45409735e-03,20
4496,Hybrid,mixture,-1.39766169,1.40369766e-03,20
4497,Metropolis,metropolis,-1.39098195,2.52058524e-03,20
4497,Row-Update,mps,-1.39753902,1.45284521e-03,20
4497,Hybrid,mixture,-1.39766465,1.40393537e-03,20
4498,Metropolis,metropolis,-1.39097849,2.52085358e-03,20
4498,Row-Update,mps,-1.39754336,1.45238816e-03,20
4498,Hybrid,mixture,-1.39766758,1.40555473e-03,20
4499,Metropolis,metropolis,-1.39097828,2.52122405e-03,20
4499,Row-Update,mps,-1.39753809,1.45444634e-03,20
4499,Hybrid,mixture,-1.39765919,1.40253850e-03,20
4500,Metropolis,metropolis,-1.39098169,2.52105599e-03,20
4500,Row-Update,mps,-1.39754635,1.45342836e-03,20
4500,Hybrid,mixture,-1.39766528,1.40296991e-03,20
4501,Metropolis,metropolis,-1.39097823,2.51940892e-03,20
4501,Row-Update,mps,-1.39754402,1.45451327e-03,20
4501,Hybrid,mixture,-1.39766775,1.40383617e-03,20
4502,Metropolis,metropolis,-1.39098127,2.52027952e-03,20
4502,Row-Update,mps,-1.39754602,1.45317635e-03,20
4502,Hybrid,mixture,-1.39767201,1.40294589e-03,20
4503,Metropolis,metropolis,-1.39098393,2.52032455e-03,20
4503,Row-Update,mps,-1.39754236,1.45320144e-03,20
4503,Hybrid,mixture,-1.39766615,1.40492945e-03,20
4504,Metropolis,metropolis,-1.39098167,2.51908653e-03,20
4504,Row-Update,mps,-1.39753928,1.45470526e-03,20
4504,Hybrid,mixture,-1.39767359,1.40198813e-03,20
4505,Metropolis,metropolis,-1.39098388,2.52035718e-03,20
4505,Row-Update,mps,-1.39754960,1.45434207e-03,20
4505,Hybrid,mixture,-1.39766807,1.40434159e-03,20
4506,Metropolis,metropolis,-1.39099167,2.51991089e-03,20
4506,Row-Update,mps,-1.39753942,1.45501249e-03,20
4506,Hybrid,mixture,-1.39766423,1.40423524e-03,20
4507,Metropolis,metropolis,-1.39098656,2.51867103e-03,20
4507,Row-Update,mps,-1.39754539,1.45375835e-03,20
4507,Hybrid,mixture,-1.39766348,1.40225960e-03,20
4508,Metropolis,metropolis,-1.39098494,2.51807232e-03,20
4508,Row-Update,mps,-1.39753392,1.45446920e-03,20
4508,Hybrid,mixture,-1.39766011,1.40373371e-03,20
4509,Metropolis,metropolis,-1.39098595,2.51981184e-03,20
4509,Row-Update,mps,-1.39753808,1.45534745e-03,20
4509,Hybrid,mixture,-1.39766295,1.40456335e-03,20
4510,Metropolis,metropolis,-1.39097911,2.52063086e-03,20
4510,Row-Update,mps,-1.39754451,1.45160357e-03,20
4510,Hybrid,mixture,-1.39766106,1.40364210e-03,20
4511,Metropolis,metropolis,-1.39098389,2.52020203e-03,20
4511,Row-Update,mps,-1.39753527,1.45394844e-03,20
4511,Hybrid,mixture,-1.39765972,1.40345964e-03,20
4512,Metropolis,metropolis,-1.39098338,2.52002711e-03,20
4512,Row-Update,mps,-1.39754311,1.45453731e-03,20
4512,Hybrid,mixture,-1.39766704,1.40465390e-03,20
4513,Metropolis,metropolis,-1.39098437,2.52038091e-03,20
4513,Row-Update,mps,-1.39754262,1.45294630e-03,20
4513,Hybrid,mixture,-1.39766319,1.40458184e-03,20
4514,Metropolis,metropolis,-1.39098164,2.51957080e-03,20
4514,Row-Update,mps,-1.39753642,1.45287769e-03,20
4514,Hybrid,mixture,-1.39766582,1.40445967e-03,20
4515,Metropolis,metropolis,-1.39098945,2.51970038e-03,20
4515,Row-Update,mps,-1.39754157,1.45557680e-03,20
4515,Hybrid,mixture,-1.39766746,1.40367506e-03,20
4516,Metropolis,metropolis,-1.39098003,2.52054810e-03,20
4516,Row-Update,mps,-1.39753291,1.45232811e-03,20
4516,Hybrid,mixture,-1.39767338,1.40813770e-03,20
4517,Metropolis,metropolis,-1.39098070,2.51909578e-03,20
4517,Row-Update,mps,-1.39753735,1.45573350e-03,20
4517,Hybrid,mixture,-1.39766573,1.40225970e-03,20
4518,Metropolis,metropolis,-1.39098358,2.52088114e-03,20
4518,Row-Update,mps,-1.39754699,1.45345464e-03,20
4518,Hybrid,mixture,-1.39766797,1.40351090e-03,20
4519,Metropolis,metropolis,-1.39098306,2.51977228e-03,20
4519,Row-Update,mps,-1.39754137,1.45450714e-03,20
4519,Hybrid,mixture,-1.39766484,1.40319511e-03,20
4520,Metropolis,metropolis,-1.39098816,2.51868389e-03,20
4520,Row-Update,mps,-1.39753126,1.45496696e-03,20
4520,Hybrid,mixture,-1.39767549,1.40433642e-03,20
4521,Metropolis,metropolis,-1.39098268,2.51993715e-03,20
4521,Row-Update,mps,-1.39754285,1.45537635e-03,20
4521,Hybrid,mixture,-1.39766408,1.40418820e-03,20
4522,Metropolis,metropolis,-1.39098581,2.51897793e-03,20
4522,Row-Update,mps,-1.39753868,1.45475164e-03,20
4522,Hybrid,mixture,-1.39766884,1.40341657e-03,20
4523,Metropolis,metropolis,-1.39100400,2.52138071e-03,20
4523,Row-Update,mps,-1.39753943,1.45479964e-03,20
4523,Hybrid,mixture,-1.39766564,1.40315379e-03,20
4524,Metropolis,metropolis,-1.39098716,2.52067321e-03,20
4524,Row-Update,mps,-1.39753959,1.45500031e-03,20
4524,Hybrid,mixture,-1.39765970,1.40401112e-03,20
4525,Metropolis,metropolis,-1.39098344,2.51935265e-03,20
4525,Row-Update,mps,-1.39754566,1.45393808e-03,20
4525,Hybrid,mixture,-1.39767611,1.40337737e-03,20
4526,Metropolis,metropolis,-1.39098585,2.51853494e-03,20
4526,Row-Update,mps,-1.39755099,1.45259989e-03,20
4526,Hybrid,mixture,-1.39766932,1.40406940e-03,20
4527,Metropolis,metropolis,-1.39098088,2.52068155e-03,20
4527,Row-Update,mps,-1.39753640,1.45449006e-03,20
4527,Hybrid,mixture,-1.39765820,1.40335274e-03,20
4528,Metropolis,metropolis,-1.39098267,2.51940148e-03,20
4528,Row-Update,mps,-1.39754063,1.45353650e-03,20
4528,Hybrid,mixture,-1.39766402,1.40360296e-03,20
4529,Metropolis,metropolis,-1.39098706,2.51928369e-03,20
4529,Row-Update,mps,-1.39754061,1.45534910e-03,20
4529,Hybrid,mixture,-1.39766816,1.40311415e-03,20
4530,Metropolis,metropolis,-1.39098563,2.51930958e-03,20
4530,Row-Update,mps,-1.39754148,1.45472021e-03,20
4530,Hybrid,mixture,-1.39767384,1.40326620e-03,20
4531,Metropolis,metropolis,-1.39098017,2.51935968e-03,20
4531,Row-Update,mps,-1.39753799,1.45393487e-03,20
4531,Hybrid,mixture,-1.39766822,1.40579890e-03,20
4532,Metropolis,metropolis,-1.39098849,2.51915157e-03,20
4532,Row-Update,mps,-1.39754008,1.45436832e-03,20
4532,Hybrid,mixture,-1.39766984,1.40413437e-03,20
4533,Metropolis,metropolis,-1.39099125,2.51848446e-03,20
4533,Row-Update,mps,-1.39754030,1.45435070e-03,20
4533,Hybrid,mixture,-1.39766537,1.40413235e-03,20
4534,Metropolis,metropolis,-1.39098989,2.51897989e-03,20
4534,Row-Update,mps,-1.39754110,1.45377165e-03,20
4534,Hybrid,mixture,-1.39766404,1.40374455e-03,20
4535,Metropolis,metropolis,-1.39098104,2.51845749e-03,20
4535,Row-Update,mps,-1.39754235,1.45407880e-03,20
4535,Hybrid,mixture,-1.39766593,1.40264905e-03,20
4536,Metropolis,metropolis,-1.39098842,2.51996086e-03,20
4536,Row-Update,mps,-1.39754397,1.45666373e-03,20
4536,Hybrid,mixture,-1.39765970,1.40504021e-03,20
4537,Metropolis,metropolis,-1.39097462,2.52130545e-03,20
4537,Row-Update,mps,-1.39753667,1.45501525e-03,20
4537,Hybrid,mixture,-1.39766885,1.40402214e-03,20
4538,Metropolis,metropolis,-1.39098357,2.51850078e-03,20
4538,Row-Update,mps,-1.39754023,1.45212655e-03,20
4538,Hybrid,mixture,-1.39766246,1.40418951e-03,20
4539,Metropolis,metropolis,-1.39099056,2.51940838e-03,20
4539,Row-Update,mps,-1.39754537,1.45397424e-03,20
4539,Hybrid,mixture,-1.39766965,1.40436289e-03,20
4540,Metropolis,metropolis,-1.39098905,2.51911298e-03,20
4540,Row-Update,mps,-1.39753784,1.45543700e-03,20
4540,Hybrid,mixture,-1.39766251,1.40523415e-03,20
4541,Metropolis,metropolis,-1.39098364,2.52032649e-03,20
4541,Row-Update,mps,-1.39754169,1.45490549e-03,20
4541,Hybrid,mixture,-1.39766968,1.40311311e-03,20
4542,Metropolis,metropolis,-1.39098816,2.51789858e-03,20
4542,Row-Update,mps,-1.39753258,1.45313628e-03,20
4542,Hybrid,mixture,-1.39766955,1.40483092e-03,20
4543,Metropolis,metropolis,-1.39098751,2.51705817e-03,20
4543,Row-Update,mps,-1.39753559,1.45496395e-03,20
4543,Hybrid,mixture,-1.39767361,1.40383365e-03,20
4544,Metropolis,metropolis,-1.39099398,2.51828849e-03,20
4544,Row-Update,mps,-1.39754067,1.45488652e-03,20
4544,Hybrid,mixture,-1.39767109,1.40533589e-03,20
4545,Metropolis,metropolis,-1.39099406,2.51824191e-03,20
4545,Row-Update,mps,-1.39754445,1.45443438e-03,20
4545,Hybrid,mixture,-1.39767000,1.40417108e-03,20
4546,Metropolis,metropolis,-1.39099158,2.51806588e-03,20
4546,Row-Update,mps,-1.39754661,1.45525665e-03,20
4546,Hybrid,mixture,-1.39766517,1.40368168e-03,20
4547,Metropolis,metropolis,-1.39099300,2.51650828e-03,20
4547,Row-Update,mps,-1.39754121,1.45445126e-03,20
4547,Hybrid,mixture,-1.39766851,1.40445754e-03,20
4548,Metropolis,metropolis,-1.39099074,2.51893339e-03,20
4548,Row-Update,mps,-1.39754157,1.45517802e-03,20
4548,Hybrid,mixture,-1.39766234,1.40279260e-03,20
4549,Metropolis,metropolis,-1.39099028,2.51799613e-03,20
4549,Row-Update,mps,-1.39754598,1.45555225e-03,20
4549,Hybrid,mixture,-1.39766495,1.40328234e-03,20
4550,Metropolis,metropolis,-1.39098852,2.51802860e-03,20
4550,Row-Update,mps,-1.39753720,1.45389829e-03,20
4550,Hybrid,mixture,-1.39766920,1.40440353e-03,20
4551,Metropolis,metropolis,-1.39099025,2.51790799e-03,20
4551,Row-Update,mps,-1.39753628,1.45349292e-03,20
4551,Hybrid,mixture,-1.39766301,1.40400635e-03,20
4552,Metropolis,metropolis,-1.39100025,2.51682275e-03,20
4552,Row-Update,mps,-1.39753457,1.45381024e-03,20
4552,Hybrid,mixture,-1.39766296,1.40387597e-03,20
4553,Metropolis,metropolis,-1.39098875,2.51870906e-03,20
4553,Row-Update,mps,-1.39753366,1.45348009e-03,20
4553,Hybrid,mixture,-1.39766571,1.40457085e-03,20
4554,Metropolis,metropolis,-1.39098955,2.51816961e-03,20
4554,Row-Update,mps,-1.39753985,1.45452771e-03,20
4554,Hybrid,mixture,-1.39767082,1.40471151e-03,20
4555,Metropolis,metropolis,-1.39099490,2.51721942e-03,20
4555,Row-Update,mps,-1.39754309,1.45438462e-03,20
4555,Hybrid,mixture,-1.39765798,1.40331191e-03,20
4556,Metropolis,metropolis,-1.39099546,2.51753615e-03,20
4556,Row-Update,mps,-1.39755273,1.45455672e-03,20
4556,Hybrid,mixture,-1.39766327,1.40272621e-03,20
4557,Metropolis,metropolis,-1.39098990,2.51803548e-03,20
4557,Row-Update,mps,-1.39752869,1.45794656e-03,20
4557,Hybrid,mixture,-1.39767358,1.40466678e-03,20
4558,Metropolis,metropolis,-1.39099093,2.51714974e-03,20
4558,Row-Update,mps,-1.39753546,1.45457397e-03,20
4558,Hybrid,mixture,-1.39767455,1.40478882e-03,20
4559,Metropolis,metropolis,-1.39099763,2.51674648e-03,20
4559,Row-Update,mps,-1.39753004,1.45337188e-03,20
4559,Hybrid,mixture,-1.39766779,1.40355509e-03,20
4560,Metropolis,metropolis,-1.39100236,2.51679791e-03,20
4560,Row-Update,mps,-1.39753522,1.45318061e-03,20
4560,Hybrid,mixture,-1.39767030,1.40211065e-03,20
4561,Metropolis,metropolis,-1.39099653,2.51683808e-03,20
4561,Row-Update,mps,-1.39753300,1.45424750e-03,20
4561,Hybrid,mixture,-1.39766492,1.40413136e-03,20
4562,Metropolis,metropolis,-1.39099678,2.51643184e-03,20
4562,Row-Update,mps,-1.39754054,1.45236991e-03,20
4562,Hybrid,mixture,-1.39766878,1.40491269e-03,20
4563,Metropolis,metropolis,-1.39099614,2.51692881e-03,20
4563,Row-Update,mps,-1.39754012,1.45335612e-03,20
4563,Hybrid,mixture,-1.39766769,1.40406606e-03,20
4564,Metropolis,metropolis,-1.39099407,2.51817162e-03,20
4564,Row-Update,mps,-1.39753585,1.45402785e-03,20
4564,Hybrid,mixture,-1.39766253,1.40351695e-03,20
4565,Metropolis,metropolis,-1.39099902,2.51576509e-03,20
4565,Row-Update,mps,-1.39753849,1.45346953e-03,20
4565,Hybrid,mixture,-1.39766397,1.40467775e-03,20
4566,Metropolis,metropolis,-1.39099644,2.51614133e-03,20
4566,Row-Update,mps,-1.39753317,1.45414639e-03,20
4566,Hybrid,mixture,-1.39766246,1.40338239e-03,20
4567,Metropolis,metropolis,-1.39099733,2.51629791e-03,20
4567,Row-Update,mps,-1.39754768,1.45425080e-03,20
4567,Hybrid,mixture,-1.39767276,1.40307575e-03,20
4568,Metropolis,metropolis,-1.39100525,2.51559660e-03,20
4568,Row-Update,mps,-1.39753899,1.45464305e-03,20
4568,Hybrid,mixture,-1.39766592,1.40289001e-03,20
4569,Metropolis,metropolis,-1.39100294,2.51520869e-03,20
4569,Row-Update,mps,-1.39754387,1.45433758e-03,20
4569,Hybrid,mixture,-1.39767087,1.40356454e-03,20
4570,Metropolis,metropolis,-1.39100028,2.51631418e-03,20
4570,Row-Update,mps,-1.39754369,1.45515523e-03,20
4570,Hybrid,mixture,-1.39766638,1.40473930e-03,20
4571,Metropolis,metropolis,-1.39099804,2.51528385e-03,20
4571,Row-Update,mps,-1.39754279,1.45385926e-03,20
4571,Hybrid,mixture,-1.39766554,1.40320732e-03,20
4572,Metropolis,metropolis,-1.39100332,2.51495724e-03,20
4572,Row-Update,mps,-1.39754125,1.45458583e-03,20
4572,Hybrid,mixture,-1.39766583,1.40353292e-03,20
4573,Metropolis,metropolis,-1.39100536,2.51387791e-03,20
4573,Row-Update,mps,-1.39753530,1.45474309e-03,20
4573,Hybrid,mixture,-1.39766592,1.40338612e-03,20
4574,Metropolis,metropolis,-1.39100285,2.51384235e-03,20
4574,Row-Update,mps,-1.39753465,1.45439887e-03,20
4574,Hybrid,mixture,-1.39766390,1.40275324e-03,20
4575,Metropolis,metropolis,-1.39100848,2.51504994e-03,20
4575,Row-Update,mps,-1.39753905,1.45461797e-03,20
4575,Hybrid,mixture,-1.39766316,1.40353690e-03,20
4576,Metropolis,metropolis,-1.39100818,2.51628151e-03,20
4576,Row-Update,mps,-1.39754510,1.45290556e-03,20
4576,Hybrid,mixture,-1.39766510,1.40140535e-03,20
4577,Metropolis,metropolis,-1.39101152,2.51406463e-03,20
4577,Row-Update,mps,-1.39754152,1.45494640e-03,20
4577,Hybrid,mixture,-1.39766884,1.40326125e-03,20
4578,Metropolis,metropolis,-1.39100987,2.51466357e-03,20
4578,Row-Update,mps,-1.39753804,1.45450449e-03,20
4578,Hybrid,mixture,-1.39766328,1.40337522e-03,20
4579,Metropolis,metropolis,-1.39099014,2.51783861e-03,20
4579,Row-Update,mps,-1.39753883,1.45385256e-03,20
4579,Hybrid,mixture,-1.39765980,1.40385093e-03,20
4580,Metropolis,metropolis,-1.39101029,2.51290237e-03,20
4580,Row-Update,mps,-1.39755618,1.45456919e-03,20
4580,Hybrid,mixture,-1.39766581,1.40381245e-03,20
4581,Metropolis,metropolis,-1.39101366,2.51183808e-03,20
4581,Row-Update,mps,-1.39753754,1.45417996e-03,20
4581,Hybrid,mixture,-1.39766598,1.40422517e-03,20
4582,Metropolis,metropolis,-1.39101744,2.51144930e-03,20
4582,Row-Update,mps,-1.39754076,1.45486576e-03,20
4582,Hybrid,mixture,-1.39766812,1.40474601e-03,20
4583,Metropolis,metropolis,-1.39101547,2.51336500e-03,20
4583,Row-Update,mps,-1.39754321,1.45478138e-03,20
4583,Hybrid,mixture,-1.39766270,1.40430168e-03,20
4584,Metropolis,metropolis,-1.39101376,2.51302876e-03,20
4584,Row-Update,mps,-1.39753895,1.45330915e-03,20
4584,Hybrid,mixture,-1.39767105,1.40348449e-03,20
4585,Metropolis,metropolis,-1.39102053,2.51240984e-03,20
4585,Row-Update,mps,-1.39754672,1.45365413e-03,20
4585,Hybrid,mixture,-1.39767168,1.40245994e-03,20
4586,Metropolis,metropolis,-1.39101996,2.51028280e-03,20
4586,Row-Update,mps,-1.39754747,1.45405228e-03,20
4586,Hybrid,mixture,-1.39766794,1.40539090e-03,20
4587,Metropolis,metropolis,-1.39101999,2.50971876e-03,20
4587,Row-Update,mps,-1.39754440,1.45406614e-03,20
4587,Hybrid,mixture,-1.39766395,1.40332147e-03,20
4588,Metropolis,metropolis,-1.39102447,2.51066486e-03,20
4588,Row-Update,mps,-1.39754173,1.45346506e-03,20
4588,Hybrid,mixture,-1.39767154,1.40329023e-03,20
4589,Metropolis,metropolis,-1.39102246,2.51025410e-03,20
4589,Row-Update,mps,-1.39753903,1.45378004e-03,20
4589,Hybrid,mixture,-1.39766193,1.40381471e-03,20
4590,Metropolis,metropolis,-1.39102809,2.51024814e-03,20
4590,Row-Update,mps,-1.39754343,1.45447025e-03,20
4590,Hybrid,mixture,-1.39766831,1.40377823e-03,20
4591,Metropolis,metropolis,-1.39102252,2.51062833e-03,20
4591,Row-Update,mps,-1.39753832,1.45392403e-03,20
4591,Hybrid,mixture,-1.39767081,1.40330844e-03,20
4592,Metropolis,metropolis,-1.39102823,2.50821407e-03,20
4592,Row-Update,mps,-1.39753581,1.45399495e-03,20
4592,Hybrid,mixture,-1.39767377,1.40335320e-03,20
4593,Metropolis,metropolis,-1.39102776,2.50846339e-03,20
4593,Row-Update,mps,-1.39754458,1.45478733e-03,20
4593,Hybrid,mixture,-1.39767273,1.40196314e-03,20
4594,Metropolis,metropolis,-1.39103220,2.50771645e-03,20
4594,Row-Update,mps,-1.39754495,1.45211308e-03,20
4594,Hybrid,mixture,-1.39767942,1.40245935e-03,20
4595,Metropolis,metropolis,-1.39103113,2.50754740e-03,20
4595,Row-Update,mps,-1.39753761,1.45477219e-03,20
4595,Hybrid,mixture,-1.39768241,1.40258574e-03,20
4596,Metropolis,metropolis,-1.39102988,2.51007345e-03,20
4596,Row-Update,mps,-1.39754668,1.45270976e-03,20
4596,Hybrid,mixture,-1.39768849,1.40272619e-03,20
4597,Metropolis,metropolis,-1.39103752,2.50685200e-03,20
4597,Row-Update,mps,-1.39753616,1.45378062e-03,20
4597,Hybrid,mixture,-1.39768800,1.40156101e-03,20
4598,Metropolis,metropolis,-1.39104252,2.50598746e-03,20
4598,Row-Update,mps,-1.39753712,1.45356500e-03,20
4598,Hybrid,mixture,-1.39768929,1.40579806e-03,20
4599,Metropolis,metropolis,-1.39103444,2.50715698e-03,20
4599,Row-Update,mps,-1.39753764,1.45423448e-03,20
4599,Hybrid,mixture,-1.39769705,1.40146508e-03,20
4600,Metropolis,metropolis,-1.39104562,2.50558292e-03,20
4600,Row-Update,mps,-1.39754145,1.45526998e-03,20
4600,Hybrid,mixture,-1.39770093,1.40129531e-03,20
4601,Metropolis,metropolis,-1.39104542,2.50577223e-03,20
4601,Row-Update,mps,-1.39754167,1.45424866e-03,20
4601,Hybrid,mixture,-1.39769692,1.39934558e-03,20
4602,Metropolis,metropolis,-1.39104657,2.50394537e-03,20
4602,Row-Update,mps,-1.39754997,1.45255711e-03,20
4602,Hybrid,mixture,-1.39770372,1.40085820e-03,20
4603,Metropolis,metropolis,-1.39105062,2.50309400e-03,20
4603,Row-Update,mps,-1.39753734,1.45335079e-03,20
4603,Hybrid,mixture,-1.39772799,1.39861959e-03,20
4604,Metropolis,metropolis,-1.39105842,2.50516646e-03,20
4604,Row-Update,mps,-1.39753797,1.45489315e-03,20
4604,Hybrid,mixture,-1.39771863,1.39825382e-03,20
4605,Metropolis,metropolis,-1.39106265,2.50489955e-03,20
4605,Row-Update,mps,-1.39754234,1.45383067e-03,20
4605,Hybrid,mixture,-1.39772973,1.39714488e-03,20
4606,Metropolis,metropolis,-1.39105763,2.50413451e-03,20
4606,Row-Update,mps,-1.39754398,1.45387980e-03,20
4606,Hybrid,mixture,-1.39773328,1.39867001e-03,20
4607,Metropolis,metropolis,-1.39105361,2.50339730e-03,20
4607,Row-Update,mps,-1.39753978,1.45363422e-03,20
4607,Hybrid,mixture,-1.39774242,1.39784646e-03,20
4608,Metropolis,metropolis,-1.39105217,2.50402167e-03,20
4608,Row-Update,mps,-1.39754944,1.45542008e-03,20
4608,Hybrid,mixture,-1.39775700,1.39603020e-03,20
4609,Metropolis,metropolis,-1.39106102,2.50350431e-03,20
4609,Row-Update,mps,-1.39754217,1.45206786e-03,20
4609,Hybrid,mixture,-1.39778514,1.39585481e-03,20
4610,Metropolis,metropolis,-1.39105699,2.49981504e-03,20
4610,Row-Update,mps,-1.39753912,1.45319194e-03,20
4610,Hybrid,mixture,-1.39780530,1.39573738e-03,20
4611,Metropolis,metropolis,-1.39107356,2.49974588e-03,20
4611,Row-Update,mps,-1.39753454,1.45387065e-03,20
4611,Hybrid,mixture,-1.39781878,1.39574550e-03,20
4612,Metropolis,metropolis,-1.39107166,2.49939401e-03,20
4612,Row-Update,mps,-1.39753927,1.45230568e-03,20
4612,Hybrid,mixture,-1.39783800,1.39447836e-03,20
4613,Metropolis,metropolis,-1.39107594,2.49842831e-03,20
4613,Row-Update,mps,-1.39754400,1.45347078e-03,20
4613,Hybrid,mixture,-1.39785647,1.39474218e-03,20
4614,Metropolis,metropolis,-1.39107824,2.49932302e-03,20
4614,Row-Update,mps,-1.39754160,1.45298953e-03,20
4614,Hybrid,mixture,-1.39787930,1.39639688e-03,20
4615,Metropolis,metropolis,-1.39107906,2.49862652e-03,20
4615,Row-Update,mps,-1.39754325,1.45439277e-03,20
4615,Hybrid,mixture,-1.39789253,1.39630171e-03,20
4616,Metropolis,metropolis,-1.39108359,2.49728565e-03,20
4616,Row-Update,mps,-1.39753988,1.45358276e-03,20
4616,Hybrid,mixture,-1.39793918,1.39891132e-03,20
4617,Metropolis,metropolis,-1.39110605,2.49572083e-03,20
4617,Row-Update,mps,-1.39753871,1.45530203e-03,20
4617,Hybrid,mixture,-1.39796346,1.40370101e-03,20
4618,Metropolis,metropolis,-1.39109548,2.49536103e-03,20
4618,Row-Update,mps,-1.39754140,1.45494025e-03,20
4618,Hybrid,mixture,-1.39800140,1.40516463e-03,20
4619,Metropolis,metropolis,-1.39109901,2.49370889e-03,20
4619,Row-Update,mps,-1.39754749,1.45213124e-03,20
4619,Hybrid,mixture,-1.39805614,1.41404097e-03,20
4620,Metropolis,metropolis,-1.39111499,2.49042208e-03,20
4620,Row-Update,mps,-1.39753978,1.45380903e-03,20
4620,Hybrid,mixture,-1.39812892,1.42774711e-03,20
4621,Metropolis,metropolis,-1.39112012,2.49032918e-03,20
4621,Row-Update,mps,-1.39754545,1.45375158e-03,20
4621,Hybrid,mixture,-1.39817186,1.43738493e-03,20
4622,Metropolis,metropolis,-1.39112900,2.48932069e-03,20
4622,Row-Update,mps,-1.39754101,1.45331888e-03,20
4622,Hybrid,mixture,-1.39821611,1.44723550e-03,20
4623,Metropolis,metropolis,-1.39113842,2.48744388e-03,20
4623,Row-Update,mps,-1.39754415,1.45429351e-03,20
4623,Hybrid,mixture,-1.39825801,1.45960843e-03,20
4624,Metropolis,metropolis,-1.39115292,2.48409345e-03,20
4624,Row-Update,mps,-1.39754335,1.45398359e-03,20
4624,Hybrid,mixture,-1.39830008,1.47413532e-03,20
4625,Metropolis,metropolis,-1.39116976,2.48049060e-03,20
4625,Row-Update,mps,-1.39753846,1.45578566e-03,20
4625,Hybrid,mixture,-1.39833145,1.48239293e-03,20
4626,Metropolis,metropolis,-1.39118554,2.47762352e-03,20
4626,Row-Update,mps,-1.39753960,1.45500054e-03,20
4626,Hybrid,mixture,-1.39832591,1.48449840e-03,20
4627,Metropolis,metropolis,-1.39119609,2.47685316e-03,20
4627,Row-Update,mps,-1.39754226,1.45308164e-03,20
4627,Hybrid,mixture,-1.39835013,1.49081986e-03,20
4628,Metropolis,metropolis,-1.39121829,2.47431842e-03,20
4628,Row-Update,mps,-1.39754001,1.45454263e-03,20
4628,Hybrid,mixture,-1.39835855,1.49404407e-03,20
4629,Metropolis,metropolis,-1.39123441,2.47077487e-03,20
4629,Row-Update,mps,-1.39754208,1.45298228e-03,20
4629,Hybrid,mixture,-1.39837240,1.49760545e-03,20
4630,Metropolis,metropolis,-1.39125270,2.46862846e-03,20
4630,Row-Update,mps,-1.39754229,1.45317061e-03,20
4630,Hybrid,mixture,-1.39836055,1.49634219e-03,20
4631,Metropolis,metropolis,-1.39127232,2.46776458e-03,20
4631,Row-Update,mps,-1.39753215,1.45434441e-03,20
4631,Hybrid,mixture,-1.39838253,1.50080105e-03,20
4632,Metropolis,metropolis,-1.39128030,2.46572058e-03,20
4632,Row-Update,mps,-1.39754238,1.45331547e-03,20
4632,Hybrid,mixture,-1.39838841,1.50073792e-03,20
4633,Metropolis,metropolis,-1.39130690,2.46165398e-03,20
4633,Row-Update,mps,-1.39754290,1.45354236e-03,20
4633,Hybrid,mixture,-1.39837312,1.49931301e-03,20
4634,Metropolis,metropolis,-1.39132694,2.45890201e-03,20
4634,Row-Update,mps,-1.39754667,1.45178171e-03,20
4634,Hybrid,mixture,-1.39838439,1.50082107e-03,20
4635,Metropolis,metropolis,-1.39135010,2.45540506e-03,20
4635,Row-Update,mps,-1.39753967,1.45530237e-03,20
4635,Hybrid,mixture,-1.39837030,1.49908079e-03,20
4636,Metropolis,metropolis,-1.39136016,2.45617043e-03,20
4636,Row-Update,mps,-1.39753620,1.45360678e-03,20
4636,Hybrid,mixture,-1.39837178,1.50081312e-03,20
4637,Metropolis,metropolis,-1.39138784,2.45426684e-03,20
4637,Row-Update,mps,-1.39754307,1.45395195e-03,20
4637,Hybrid,mixture,-1.39837569,1.50085348e-03,20
4638,Metropolis,metropolis,-1.39139438,2.45316069e-03,20
4638,Row-Update,mps,-1.39754223,1.45333125e-03,20
4638,Hybrid,mixture,-1.39838028,1.50206805e-03,20
4639,Metropolis,metropolis,-1.39140770,2.45199067e-03,20
4639,Row-Update,mps,-1.39754259,1.45404469e-03,20
4639,Hybrid,mixture,-1.39838372,1.50182597e-03,20
4640,Metropolis,metropolis,-1.39142251,2.45031168e-03,20
4640,Row-Update,mps,-1.39754256,1.45425245e-03,20
4640,Hybrid,mixture,-1.39838325,1.50147421e-03,20
4641,Metropolis,metropolis,-1.39142335,2.45029184e-03,20
4641,Row-Update,mps,-1.39754135,1.45456250e-03,20
4641,Hybrid,mixture,-1.39839037,1.50330282e-03,20
4642,Metropolis,metropolis,-1.39143121,2.45002019e-03,20
4642,Row-Update,mps,-1.39753827,1.45363249e-03,20
4642,Hybrid,mixture,-1.39838521,1.50345919e-03,20
4643,Metropolis,metropolis,-1.39142787,2.45135191e-03,20
4643,Row-Update,mps,-1.39754219,1.45421310e-03,20
4643,Hybrid,mixture,-1.39838560,1.50235222e-03,20
4644,Metropolis,metropolis,-1.39142695,2.45038914e-03,20
4644,Row-Update,mps,-1.39753901,1.45446867e-03,20
4644,Hybrid,mixture,-1.39838379,1.50216801e-03,20
4645,Metropolis,metropolis,-1.39143104,2.45033179e-03,20
4645,Row-Update,mps,-1.39754526,1.45451103e-03,20
4645,Hybrid,mixture,-1.39838519,1.50595870e-03,20
4646,Metropolis,metropolis,-1.39143668,2.44894698e-03,20
4646,Row-Update,mps,-1.39753901,1.45336475e-03,20
4646,Hybrid,mixture,-1.39838531,1.50551550e-03,20
4647,Metropolis,metropolis,-1.39144497,2.44893208e-03,20
4647,Row-Update,mps,-1.39753817,1.45394893e-03,20
4647,Hybrid,mixture,-1.39839285,1.50380902e-03,20
4648,Metropolis,metropolis,-1.39143677,2.44970789e-03,20
4648,Row-Update,mps,-1.39754079,1.45415277e-03,20
4648,Hybrid,mixture,-1.39839339,1.50653996e-03,20
4649,Metropolis,metropolis,-1.39144216,2.44902729e-03,20
4649,Row-Update,mps,-1.39753966,1.45330751e-03,20
4649,Hybrid,mixture,-1.39838673,1.50641973e-03,20
4650,Metropolis,metropolis,-1.39144101,2.44976640e-03,20
4650,Row-Update,mps,-1.39754802,1.45364643e-03,20
4650,Hybrid,mixture,-1.39839513,1.50663554e-03,20
4651,Metropolis,metropolis,-1.39144106,2.45027274e-03,20
4651,Row-Update,mps,-1.39754293,1.45361118e-03,20
4651,Hybrid,mixture,-1.39839532,1.50613785e-03,20
4652,Metropolis,metropolis,-1.39143458,2.45016331e-03,20
4652,Row-Update,mps,-1.39754250,1.45480449e-03,20
4652,Hybrid,mixture,-1.39839926,1.50744464e-03,20
4653,Metropolis,metropolis,-1.39144724,2.45016871e-03,20
4653,Row-Update,mps,-1.39753839,1.45430641e-03,20
4653,Hybrid,mixture,-1.39839574,1.50652538e-03,20
4654,Metropolis,metropolis,-1.39144571,2.44873123e-03,20
4654,Row-Update,mps,-1.39753882,1.45453798e-03,20
4654,Hybrid,mixture,-1.39839544,1.50703528e-03,20
4655,Metropolis,metropolis,-1.39144906,2.44880153e-03,20
4655,Row-Update,mps,-1.39754152,1.45410141e-03,20
4655,Hybrid,mixture,-1.39836516,1.49576243e-03,20
4656,Metropolis,metropolis,-1.39144577,2.45000503e-03,20
4656,Row-Update,mps,-1.39756298,1.45483372e-03,20
4656,Hybrid,mixture,-1.39839415,1.50552283e-03,20
4657,Metropolis,metropolis,-1.39145240,2.44868645e-03,20
4657,Row-Update,mps,-1.39754360,1.45368099e-03,20
4657,Hybrid,mixture,-1.39840025,1.50909861e-03,20
4658,Metropolis,metropolis,-1.39145553,2.45035112e-03,20
4658,Row-Update,mps,-1.39753826,1.45307868e-03,20
4658,Hybrid,mixture,-1.39839187,1.50640318e-03,20
4659,Metropolis,metropolis,-1.39145070,2.44907147e-03,20
4659,Row-Update,mps,-1.39754096,1.45329755e-03,20
4659,Hybrid,mixture,-1.39839932,1.50763818e-03,20
4660,Metropolis,metropolis,-1.39145345,2.45072797e-03,20
4660,Row-Update,mps,-1.39753882,1.45345356e-03,20
4660,Hybrid,mixture,-1.39839935,1.50753710e-03,20
4661,Metropolis,metropolis,-1.39145146,2.44922560e-03,20
4661,Row-Update,mps,-1.39754086,1.45320157e-03,20
4661,Hybrid,mixture,-1.39839745,1.50760200e-03,20
4662,Metropolis,metropolis,-1.39144236,2.44727417e-03,20
4662,Row-Update,mps,-1.39754410,1.45444094e-03,20
4662,Hybrid,mixture,-1.39839188,1.50639181e-03,20
4663,Metropolis,metropolis,-1.39145037,2.44820967e-03,20
4663,Row-Update,mps,-1.39754732,1.45462437e-03,20
4663,Hybrid,mixture,-1.39839926,1.50648045e-03,20
4664,Metropolis,metropolis,-1.39145607,2.44922520e-03,20
4664,Row-Update,mps,-1.39754584,1.45403401e-03,20
4664,Hybrid,mixture,-1.39839652,1.50610054e-03,20
4665,Metropolis,metropolis,-1.39145449,2.44887837e-03,20
4665,Row-Update,mps,-1.39754389,1.45393358e-03,20
4665,Hybrid,mixture,-1.39839558,1.50744408e-03,20
4666,Metropolis,metropolis,-1.39144640,2.44943012e-03,20
4666,Row-Update,mps,-1.39754114,1.45407800e-03,20
4666,Hybrid,mixture,-1.39838521,1.50547495e-03,20
4667,Metropolis,metropolis,-1.39145863,2.44620459e-03,20
4667,Row-Update,mps,-1.39753766,1.45617623e-03,20
4667,Hybrid,mixture,-1.39837676,1.50025170e-03,20
4668,Metropolis,metropolis,-1.39145699,2.44862358e-03,20
4668,Row-Update,mps,-1.39754857,1.45422855e-03,20
4668,Hybrid,mixture,-1.39839557,1.50739287e-03,20
4669,Metropolis,metropolis,-1.39145855,2.44819532e-03,20
4669,Row-Update,mps,-1.39754285,1.45303409e-03,20
4669,Hybrid,mixture,-1.39840579,1.51110844e-03,20
4670,Metropolis,metropolis,-1.39145568,2.44942309e-03,20
4670,Row-Update,mps,-1.39753764,1.45569843e-03,20
4670,Hybrid,mixture,-1.39840551,1.51014629e-03,20
4671,Metropolis,metropolis,-1.39145314,2.44697481e-03,20
4671,Row-Update,mps,-1.39754007,1.45305863e-03,20
4671,Hybrid,mixture,-1.39839603,1.51110900e-03,20
4672,Metropolis,metropolis,-1.39145706,2.44859984e-03,20
4672,Row-Update,mps,-1.39753964,1.45440672e-03,20
4672,Hybrid,mixture,-1.39839644,1.50766424e-03,20
4673,Metropolis,metropolis,-1.39145374,2.44896488e-03,20
4673,Row-Update,mps,-1.39753505,1.45427919e-03,20
4673,Hybrid,mixture,-1.39840022,1.50785800e-03,20
4674,Metropolis,metropolis,-1.39145305,2.44786975e-03,20
4674,Row-Update,mps,-1.39753588,1.45232982e-03,20
4674,Hybrid,mixture,-1.39840566,1.50936793e-03,20
4675,Metropolis,metropolis,-1.39145067,2.44880890e-03,20
4675,Row-Update,mps,-1.39753334,1.45620460e-03,20
4675,Hybrid,mixture,-1.39839514,1.50973304e-03,20
4676,Metropolis,metropolis,-1.39144877,2.44763041e-03,20
4676,Row-Update,mps,-1.39753842,1.45337825e-03,20
4676,Hybrid,mixture,-1.39840466,1.50902429e-03,20
4677,Metropolis,metropolis,-1.39145495,2.44847198e-03,20
4677,Row-Update,mps,-1.39754321,1.45547323e-03,20
4677,Hybrid,mixture,-1.39840077,1.51061682e-03,20
4678,Metropolis,metropolis,-1.39145354,2.44838026e-03,20
4678,Row-Update,mps,-1.39754220,1.45256640e-03,20
4678,Hybrid,mixture,-1.39840074,1.50900940e-03,20
4679,Metropolis,metropolis,-1.39145332,2.44921979e-03,20
4679,Row-Update,mps,-1.39754099,1.45366350e-03,20
4679,Hybrid,mixture,-1.39840199,1.50898960e-03,20
4680,Metropolis,metropolis,-1.39145505,2.44843095e-03,20
4680,Row-Update,mps,-1.39754785,1.45492067e-03,20
4680,Hybrid,mixture,-1.39840084,1.51125010e-03,20
4681,Metropolis,metropolis,-1.39145399,2.44910383e-03,20
4681,Row-Update,mps,-1.39753971,1.45268226e-03,20
4681,Hybrid,mixture,-1.39840035,1.50886125e-03,20
4682,Metropolis,metropolis,-1.39144654,2.44806228e-03,20
4682,Row-Update,mps,-1.39754155,1.45379010e-03,20
4682,Hybrid,mixture,-1.39839324,1.51035721e-03,20
4683,Metropolis,metropolis,-1.39145769,2.44727558e-03,20
4683,Row-Update,mps,-1.39754000,1.45466080e-03,20
4683,Hybrid,mixture,-1.39840386,1.50887029e-03,20
4684,Metropolis,metropolis,-1.39145545,2.44924222e-03,20
4684,Row-Update,mps,-1.39753968,1.45368078e-03,20
4684,Hybrid,mixture,-1.39840501,1.51035337e-03,20
4685,Metropolis,metropolis,-1.39145538,2.44833375e-03,20
4685,Row-Update,mps,-1.39753867,1.45453727e-03,20
4685,Hybrid,mixture,-1.39840614,1.50851909e-03,20
4686,Metropolis,metropolis,-1.39145260,2.44810929e-03,20
4686,Row-Update,mps,-1.39754066,1.45344733e-03,20
4686,Hybrid,mixture,-1.39840574,1.51109971e-03,20
4687,Metropolis,metropolis,-1.39145113,2.44905912e-03,20
4687,Row-Update,mps,-1.39754304,1.45482425e-03,20
4687,Hybrid,mixture,-1.39840957,1.51087360e-03,20
4688,Metropolis,metropolis,-1.39145569,2.44697954e-03,20
4688,Row-Update,mps,-1.39753653,1.45093486e-03,20
4688,Hybrid,mixture,-1.39840469,1.51107601e-03,20
4689,Metropolis,metropolis,-1.39145564,2.44852323e-03,20
4689,Row-Update,mps,-1.39753260,1.45345122e-03,20
4689,Hybrid,mixture,-1.39841249,1.51077561e-03,20
4690,Metropolis,metropolis,-1.39145691,2.44909590e-03,20
4690,Row-Update,mps,-1.39753915,1.45348591e-03,20
4690,Hybrid,mixture,-1.39840245,1.51165532e-03,20
4691,Metropolis,metropolis,-1.39145137,2.44913696e-03,20
4691,Row-Update,mps,-1.39754066,1.45346771e-03,20
4691,Hybrid,mixture,-1.39840637,1.51010986e-03,20
4692,Metropolis,metropolis,-1.39145412,2.44758523e-03,20
4692,Row-Update,mps,-1.39753785,1.45395099e-03,20
4692,Hybrid,mixture,-1.39840210,1.50923180e-03,20
4693,Metropolis,metropolis,-1.39144907,2.44871006e-03,20
4693,Row-Update,mps,-1.39753786,1.45396741e-03,20
4693,Hybrid,mixture,-1.39840061,1.50876768e-03,20
4694,Metropolis,metropolis,-1.39145236,2.44891500e-03,20
4694,Row-Update,mps,-1.39753846,1.45454798e-03,20
4694,Hybrid,mixture,-1.39840403,1.50897485e-03,20
4695,Metropolis,metropolis,-1.39145330,2.44888293e-03,20
4695,Row-Update,mps,-1.39753499,1.45341544e-03,20
4695,Hybrid,mixture,-1.39840276,1.51020280e-03,20
4696,Metropolis,metropolis,-1.39144946,2.44954998e-03,20
4696,Row-Update,mps,-1.39754187,1.45535064e-03,20
4696,Hybrid,mixture,-1.39841216,1.50981189e-03,20
4697,Metropolis,metropolis,-1.39145447,2.44931417e-03,20
4697,Row-Update,mps,-1.39754596,1.45455256e-03,20
4697,Hybrid,mixture,-1.39840888,1.51205906e-03,20
4698,Metropolis,metropolis,-1.39145038,2.44850044e-03,20
4698,Row-Update,mps,-1.39754286,1.45380295e-03,20
4698,Hybrid,mixture,-1.39841076,1.51171337e-03,20
4699,Metropolis,metropolis,-1.39145512,2.44835852e-03,20
4699,Row-Update,mps,-1.39753841,1.45493219e-03,20
4699,Hybrid,mixture,-1.39840051,1.51162329e-03,20
4700,Metropolis,metropolis,-1.39145345,2.44852104e-03,20
4700,Row-Update,mps,-1.39753872,1.45343368e-03,20
4700,Hybrid,mixture,-1.39840749,1.51097270e-03,20
4701,Metropolis,metropolis,-1.39145194,2.44847002e-03,20
4701,Row-Update,mps,-1.39754586,1.45525002e-03,20
4701,Hybrid,mixture,-1.39840570,1.51063723e-03,20
4702,Metropolis,metropolis,-1.39145715,2.44752467e-03,20
4702,Row-Update,mps,-1.39753924,1.45377304e-03,20
4702,Hybrid,mixture,-1.39840453,1.51158199e-03,20
4703,Metropolis,metropolis,-1.39145044,2.44815660e-03,20
4703,Row-Update,mps,-1.39753620,1.45370044e-03,20
4703,Hybrid,mixture,-1.39840614,1.51085061e-03,20
4704,Metropolis,metropolis,-1.39145812,2.44799279e-03,20
4704,Row-Update,mps,-1.39754066,1.45374806e-03,20
4704,Hybrid,mixture,-1.39840397,1.51083984e-03,20
4705,Metropolis,metropolis,-1.39145658,2.44882269e-03,20
4705,Row-Update,mps,-1.39754357,1.45414502e-03,20
4705,Hybrid,mixture,-1.39840387,1.51012881e-03,20
4706,Metropolis,metropolis,-1.39145969,2.44684804e-03,20
4706,Row-Update,mps,-1.39753640,1.45355099e-03,20
4706,Hybrid,mixture,-1.39840112,1.51005938e-03,20
4707,Metropolis,metropolis,-1.39146094,2.44812358e-03,20
4707,Row-Update,mps,-1.39754144,1.45402881e-03,20
4707,Hybrid,mixture,-1.39841052,1.51022327e-03,20
4708,Metropolis,metropolis,-1.39145221,2.44881098e-03,20
4708,Row-Update,mps,-1.39754107,1.45304702e-03,20
4708,Hybrid,mixture,-1.39839727,1.51422794e-03,20
4709,Metropolis,metropolis,-1.39145319,2.44839546e-03,20
4709,Row-Update,mps,-1.39754162,1.45475106e-03,20
4709,Hybrid,mixture,-1.39840765,1.51067092e-03,20
4710,Metropolis,metropolis,-1.39145900,2.44781258e-03,20
4710,Row-Update,mps,-1.39753471,1.45383524e-03,20
4710,Hybrid,mixture,-1.39840095,1.51054823e-03,20
4711,Metropolis,metropolis,-1.39145508,2.44827619e-03,20
4711,Row-Update,mps,-1.39753582,1.45457650e-03,20
4711,Hybrid,mixture,-1.39840420,1.50950043e-03,20
4712,Metropolis,metropolis,-1.39145513,2.44863593e-03,20
4712,Row-Update,mps,-1.39753961,1.45351188e-03,20
4712,Hybrid,mixture,-1.39840530,1.51054246e-03,20
4713,Metropolis,metropolis,-1.39145782,2.44943291e-03,20
4713,Row-Update,mps,-1.39754361,1.45327705e-03,20
4713,Hybrid,mixture,-1.39839938,1.51086240e-03,20
4714,Metropolis,metropolis,-1.39145595,2.44760554e-03,20
4714,Row-Update,mps,-1.39753277,1.45481993e-03,20
4714,Hybrid,mixture,-1.39840493,1.51236911e-03,20
4715,Metropolis,metropolis,-1.39145637,2.44768426e-03,20
4715,Row-Update,mps,-1.39753744,1.45709552e-03,20
4715,Hybrid,mixture,-1.39840031,1.50952837e-03,20
4716,Metropolis,metropolis,-1.39144733,2.44727111e-03,20
4716,Row-Update,mps,-1.39753726,1.45264284e-03,20
4716,Hybrid,mixture,-1.39840582,1.51128134e-03,20
4717,Metropolis,metropolis,-1.39145720,2.44774734e-03,20
4717,Row-Update,mps,-1.39754665,1.45460838e-03,20
4717,Hybrid,mixture,-1.39840629,1.50972935e-03,20
4718,Metropolis,metropolis,-1.39145929,2.44900798e-03,20
4718,Row-Update,mps,-1.39752920,1.45613496e-03,20
4718,Hybrid,mixture,-1.39841157,1.51191735e-03,20
4719,Metropolis,metropolis,-1.39145603,2.44986097e-03,20
4719,Row-Update,mps,-1.39753259,1.45219135e-03,20
4719,Hybrid,mixture,-1.39840733,1.51087992e-03,20
4720,Metropolis,metropolis,-1.39145621,2.44874945e-03,20
4720,Row-Update,mps,-1.39754385,1.45215972e-03,20
4720,Hybrid,mixture,-1.39841023,1.50877532e-03,20
4721,Metropolis,metropolis,-1.39145462,2.44958084e-03,20
4721,Row-Update,mps,-1.39754029,1.45350394e-03,20
4721,Hybrid,mixture,-1.39840693,1.51058752e-03,20
4722,Metropolis,metropolis,-1.39145850,2.44859118e-03,20
4722,Row-Update,mps,-1.39754622,1.45389727e-03,20
4722,Hybrid,mixture,-1.39840503,1.51091654e-03,20
4723,Metropolis,metropolis,-1.39145444,2.44838836e-03,20
4723,Row-Update,mps,-1.39754518,1.45257009e-03,20
4723,Hybrid,mixture,-1.39840289,1.51024490e-03,20
4724,Metropolis,metropolis,-1.39145255,2.44840337e-03,20
4724,Row-Update,mps,-1.39754371,1.45432769e-03,20
4724,Hybrid,mixture,-1.39840039,1.51180179e-03,20
4725,Metropolis,metropolis,-1.39145409,2.44774764e-03,20
4725,Row-Update,mps,-1.39754146,1.45423252e-03,20
4725,Hybrid,mixture,-1.39840948,1.51100046e-03,20
4726,Metropolis,metropolis,-1.39145632,2.44914109e-03,20
4726,Row-Update,mps,-1.39754048,1.45286256e-03,20
4726,Hybrid,mixture,-1.39840840,1.50920564e-03,20
4727,Metropolis,metropolis,-1.39145236,2.44772405e-03,20
4727,Row-Update,mps,-1.39754920,1.45316745e-03,20
4727,Hybrid,mixture,-1.39840653,1.51033956e-03,20
4728,Metropolis,metropolis,-1.39145267,2.44890933e-03,20
4728,Row-Update,mps,-1.39754352,1.45288713e-03,20
4728,Hybrid,mixture,-1.39840500,1.51214982e-03,20
4729,Metropolis,metropolis,-1.39145288,2.44785576e-03,20
4729,Row-Update,mps,-1.39754517,1.45320456e-03,20
4729,Hybrid,mixture,-1.39840302,1.50981689e-03,20
4730,Metropolis,metropolis,-1.39145395,2.44891375e-03,20
4730,Row-Update,mps,-1.39753912,1.45412779e-03,20
4730,Hybrid,mixture,-1.39840926,1.51179271e-03,20
4731,Metropolis,metropolis,-1.39145652,2.44916583e-03,20
4731,Row-Update,mps,-1.39753510,1.45493829e-03,20
4731,Hybrid,mixture,-1.39839928,1.50892872e-03,20
4732,Metropolis,metropolis,-1.39145453,2.44853956e-03,20
4732,Row-Update,mps,-1.39754179,1.45445119e-03,20
4732,Hybrid,mixture,-1.39840535,1.50959440e-03,20
4733,Metropolis,metropolis,-1.39145352,2.44783775e-03,20
4733,Row-Update,mps,-1.39753711,1.45483786e-03,20
4733,Hybrid,mixture,-1.39840192,1.51192656e-03,20
4734,Metropolis,metropolis,-1.39145213,2.44841005e-03,20
4734,Row-Update,mps,-1.39754161,1.45466904e-03,20
4734,Hybrid,mixture,-1.39839814,1.51057163e-03,20
4735,Metropolis,metropolis,-1.39145606,2.44966386e-03,20
4735,Row-Update,mps,-1.39753425,1.45665215e-03,20
4735,Hybrid,mixture,-1.39840477,1.51041194e-03,20
4736,Metropolis,metropolis,-1.39146491,2.44865180e-03,20
4736,Row-Update,mps,-1.39753918,1.45405521e-03,20
4736,Hybrid,mixture,-1.39840730,1.51083342e-03,20
4737,Metropolis,metropolis,-1.39145578,2.44972005e-03,20
4737,Row-Update,mps,-1.39754328,1.45172204e-03,20
4737,Hybrid,mixture,-1.39840447,1.50938800e-03,20
4738,Metropolis,metropolis,-1.39145713,2.44877953e-03,20
4738,Row-Update,mps,-1.39754187,1.45388242e-03,20
4738,Hybrid,mixture,-1.39840232,1.51151004e-03,20
4739,Metropolis,metropolis,-1.39145183,2.44926312e-03,20
4739,Row-Update,mps,-1.39754407,1.45426450e-03,20
4739,Hybrid,mixture,-1.39840607,1.51016891e-03,20
4740,Metropolis,metropolis,-1.39145037,2.44732955e-03,20
4740,Row-Update,mps,-1.39753624,1.45524046e-03,20
4740,Hybrid,mixture,-1.39841271,1.51060817e-03,20
4741,Metropolis,metropolis,-1.39145335,2.44811267e-03,20
4741,Row-Update,mps,-1.39753450,1.45405748e-03,20
4741,Hybrid,mixture,-1.39840330,1.51107808e-03,20
4742,Metropolis,metropolis,-1.39145942,2.44731551e-03,20
4742,Row-Update,mps,-1.39754987,1.45462754e-03,20
4742,Hybrid,mixture,-1.39840107,1.51100638e-03,20
4743,Metropolis,metropolis,-1.39146161,2.44798568e-03,20
4743,Row-Update,mps,-1.39754204,1.45379572e-03,20
4743,Hybrid,mixture,-1.39840531,1.51052613e-03,20
4744,Metropolis,metropolis,-1.39145263,2.44679827e-03,20
4744,Row-Update,mps,-1.39753344,1.45389963e-03,20
4744,Hybrid,mixture,-1.39840178,1.51118963e-03,20
4745,Metropolis,metropolis,-1.39146123,2.44757453e-03,20
4745,Row-Update,mps,-1.39753507,1.45445118e-03,20
4745,Hybrid,mixture,-1.39840335,1.50926560e-03,20
4746,Metropolis,metropolis,-1.39145747,2.44828999e-03,20
4746,Row-Update,mps,-1.39754184,1.45471022e-03,20
4746,Hybrid,mixture,-1.39840553,1.50943437e-03,20
4747,Metropolis,metropolis,-1.39146039,2.44823627e-03,20
4747,Row-Update,mps,-1.39753872,1.45363369e-03,20
4747,Hybrid,mixture,-1.39840964,1.51041102e-03,20
4748,Metropolis,metropolis,-1.39144954,2.44851216e-03,20
4748,Row-Update,mps,-1.39754874,1.45288577e-03,20
4748,Hybrid,mixture,-1.39840518,1.50986644e-03,20
4749,Metropolis,metropolis,-1.39145391,2.44699662e-03,20
4749,Row-Update,mps,-1.39754234,1.45426999e-03,20
4749,Hybrid,mixture,-1.39841061,1.50971392e-03,20
4750,Metropolis,metropolis,-1.39145442,2.44872789e-03,20
4750,Row-Update,mps,-1.39754424,1.45418179e-03,20
4750,Hybrid,mixture,-1.39840649,1.51149753e-03,20
4751,Metropolis,metropolis,-1.39145992,2.44982929e-03,20
4751,Row-Update,mps,-1.39754246,1.45384483e-03,20
4751,Hybrid,mixture,-1.39840970,1.51273531e-03,20
4752,Metropolis,metropolis,-1.39145880,2.44704018e-03,20
4752,Row-Update,mps,-1.39754598,1.45331211e-03,20
4752,Hybrid,mixture,-1.39840798,1.50953997e-03,20
4753,Metropolis,metropolis,-1.39145630,2.44903286e-03,20
4753,Row-Update,mps,-1.39754366,1.45420469e-03,20
4753,Hybrid,mixture,-1.39840283,1.51106366e-03,20
4754,Metropolis,metropolis,-1.39145281,2.44783396e-03,20
4754,Row-Update,mps,-1.39754349,1.45370862e-03,20
4754,Hybrid,mixture,-1.39840012,1.51081198e-03,20
4755,Metropolis,metropolis,-1.39145073,2.44865123e-03,20
4755,Row-Update,mps,-1.39753437,1.45307566e-03,20
4755,Hybrid,mixture,-1.39841063,1.51078007e-03,20
4756,Metropolis,metropolis,-1.39144774,2.44783828e-03,20
4756,Row-Update,mps,-1.39754425,1.45337459e-03,20
4756,Hybrid,mixture,-1.39840375,1.51072203e-03,20
4757,Metropolis,metropolis,-1.39145847,2.44904916e-03,20
4757,Row-Update,mps,-1.39754124,1.45399329e-03,20
4757,Hybrid,mixture,-1.39840600,1.51131575e-03,20
4758,Metropolis,metropolis,-1.39145378,2.44891574e-03,20
4758,Row-Update,mps,-1.39753766,1.45425093e-03,20
4758,Hybrid,mixture,-1.39840303,1.50972351e-03,20
4759,Metropolis,metropolis,-1.39145450,2.44782918e-03,20
4759,Row-Update,mps,-1.39753974,1.45397856e-03,20
4759,Hybrid,mixture,-1.39840530,1.50984860e-03,20
4760,Metropolis,metropolis,-1.39145527,2.44922672e-03,20
4760,Row-Update,mps,-1.39754245,1.45452544e-03,20
4760,Hybrid,mixture,-1.39841545,1.50706970e-03,20
4761,Metropolis,metropolis,-1.39145646,2.44818222e-03,20
4761,Row-Update,mps,-1.39753741,1.45418112e-03,20
4761,Hybrid,mixture,-1.39839951,1.50928847e-03,20
4762,Metropolis,metropolis,-1.39145449,2.44898473e-03,20
4762,Row-Update,mps,-1.39754041,1.45368481e-03,20
4762,Hybrid,mixture,-1.39841190,1.51352925e-03,20
4763,Metropolis,metropolis,-1.39145738,2.44813567e-03,20
4763,Row-Update,mps,-1.39753937,1.45407196e-03,20
4763,Hybrid,mixture,-1.39840319,1.51165737e-03,20
4764,Metropolis,metropolis,-1.39145495,2.44837415e-03,20
4764,Row-Update,mps,-1.39754004,1.45316917e-03,20
4764,Hybrid,mixture,-1.39840393,1.51159329e-03,20
4765,Metropolis,metropolis,-1.39145621,2.44802363e-03,20
4765,Row-Update,mps,-1.39754442,1.45219851e-03,20
4765,Hybrid,mixture,-1.39840873,1.51047278e-03,20
4766,Metropolis,metropolis,-1.39144923,2.44834566e-03,20
4766,Row-Update,mps,-1.39754134,1.45346071e-03,20
4766,Hybrid,mixture,-1.39840783,1.51254390e-03,20
4767,Metropolis,metropolis,-1.39145491,2.44875511e-03,20
4767,Row-Update,mps,-1.39754060,1.45431210e-03,20
4767,Hybrid,mixture,-1.39840873,1.51240229e-03,20
4768,Metropolis,metropolis,-1.39145183,2.44877730e-03,20
4768,Row-Update,mps,-1.39753624,1.45184437e-03,20
4768,Hybrid,mixture,-1.39840993,1.50890683e-03,20
4769,Metropolis,metropolis,-1.39145869,2.44790906e-03,20
4769,Row-Update,mps,-1.39753807,1.45513520e-03,20
4769,Hybrid,mixture,-1.39840441,1.51103203e-03,20
4770,Metropolis,metropolis,-1.39146005,2.44796795e-03,20
4770,Row-Update,mps,-1.39754280,1.45343831e-03,20
4770,Hybrid,mixture,-1.39840498,1.51087604e-03,20
4771,Metropolis,metropolis,-1.39145426,2.44970622e-03,20
4771,Row-Update,mps,-1.39755178,1.45541572e-03,20
4771,Hybrid,mixture,-1.39841025,1.51171582e-03,20
4772,Metropolis,metropolis,-1.39145253,2.44785448e-03,20
4772,Row-Update,mps,-1.39754179,1.45423831e-03,20
4772,Hybrid,mixture,-1.39840669,1.51163885e-03,20
4773,Metropolis,metropolis,-1.39145037,2.44832536e-03,20
4773,Row-Update,mps,-1.39753814,1.45481265e-03,20
4773,Hybrid,mixture,-1.39839927,1.51090693e-03,20
4774,Metropolis,metropolis,-1.39145749,2.44763033e-03,20
4774,Row-Update,mps,-1.39754138,1.45290408e-03,20
4774,Hybrid,mixture,-1.39840654,1.51028890e-03,20
4775,Metropolis,metropolis,-1.39145441,2.44853505e-03,20
4775,Row-Update,mps,-1.39754740,1.45329807e-03,20
4775,Hybrid,mixture,-1.39841081,1.50994421e-03,20
4776,Metropolis,metropolis,-1.39145212,2.45038892e-03,20
4776,Row-Update,mps,-1.39753811,1.45321934e-03,20
4776,Hybrid,mixture,-1.39839781,1.51025744e-03,20
4777,Metropolis,metropolis,-1.39145336,2.44920420e-03,20
4777,Row-Update,mps,-1.39753977,1.45495480e-03,20
4777,Hybrid,mixture,-1.39840880,1.51004651e-03,20
4778,Metropolis,metropolis,-1.39145495,2.44848281e-03,20
4778,Row-Update,mps,-1.39754294,1.45396732e-03,20
4778,Hybrid,mixture,-1.39839978,1.51048123e-03,20
4779,Metropolis,metropolis,-1.39146054,2.45015756e-03,20
4779,Row-Update,mps,-1.39754255,1.45350430e-03,20
4779,Hybrid,mixture,-1.39840339,1.51118257e-03,20
4780,Metropolis,metropolis,-1.39145536,2.44944813e-03,20
4780,Row-Update,mps,-1.39754292,1.45492037e-03,20
4780,Hybrid,mixture,-1.39840858,1.51174670e-03,20
4781,Metropolis,metropolis,-1.39145347,2.44929339e-03,20
4781,Row-Update,mps,-1.39754750,1.45398662e-03,20
4781,Hybrid,mixture,-1.39840845,1.51026658e-03,20
4782,Metropolis,metropolis,-1.39145283,2.44881803e-03,20
4782,Row-Update,mps,-1.39753873,1.45273767e-03,20
4782,Hybrid,mixture,-1.39840983,1.51085939e-03,20
4783,Metropolis,metropolis,-1.39145605,2.44782347e-03,20
4783,Row-Update,mps,-1.39754342,1.45364696e-03,20
4783,Hybrid,mixture,-1.39840592,1.51034625e-03,20
4784,Metropolis,metropolis,-1.39146029,2.45013259e-03,20
4784,Row-Update,mps,-1.39753552,1.45591742e-03,20
4784,Hybrid,mixture,-1.39840030,1.51064526e-03,20
4785,Metropolis,metropolis,-1.39145868,2.44885013e-03,20
4785,Row-Update,mps,-1.39754044,1.45453535e-03,20
4785,Hybrid,mixture,-1.39840403,1.51027950e-03,20
4786,Metropolis,metropolis,-1.39145103,2.44966055e-03,20
4786,Row-Update,mps,-1.39754092,1.45431722e-03,20
4786,Hybrid,mixture,-1.39840329,1.51085901e-03,20
4787,Metropolis,metropolis,-1.39145272,2.44865333e-03,20
4787,Row-Update,mps,-1.39754440,1.45234156e-03,20
4787,Hybrid,mixture,-1.39840233,1.51120532e-03,20
4788,Metropolis,metropolis,-1.39145269,2.44904010e-03,20
4788,Row-Update,mps,-1.39754573,1.45531635e-03,20
4788,Hybrid,mixture,-1.39841018,1.51149438e-03,20
4789,Metropolis,metropolis,-1.39145159,2.44782036e-03,20
4789,Row-Update,mps,-1.39754191,1.45349119e-03,20
4789,Hybrid,mixture,-1.39840931,1.51144108e-03,20
4790,Metropolis,metropolis,-1.39145636,2.44759930e-03,20
4790,Row-Update,mps,-1.39753788,1.45409852e-03,20
4790,Hybrid,mixture,-1.39840234,1.51063273e-03,20
4791,Metropolis,metropolis,-1.39145333,2.44947513e-03,20
4791,Row-Update,mps,-1.39754196,1.45414210e-03,20
4791,Hybrid,mixture,-1.39840753,1.51185755e-03,20
4792,Metropolis,metropolis,-1.39145530,2.44895743e-03,20
4792,Row-Update,mps,-1.39753873,1.45192085e-03,20
4792,Hybrid,mixture,-1.39840871,1.51137434e-03,20
4793,Metropolis,metropolis,-1.39145907,2.44814556e-03,20
4793,Row-Update,mps,-1.39754389,1.45409190e-03,20
4793,Hybrid,mixture,-1.39840599,1.51076004e-03,20
4794,Metropolis,metropolis,-1.39145431,2.44806384e-03,20
4794,Row-Update,mps,-1.39754543,1.45343429e-03,20
4794,Hybrid,mixture,-1.39840625,1.51052340e-03,20
4795,Metropolis,metropolis,-1.39145633,2.44840287e-03,20
4795,Row-Update,mps,-1.39754000,1.45396257e-03,20
4795,Hybrid,mixture,-1.39840504,1.51009108e-03,20
4796,Metropolis,metropolis,-1.39145140,2.44854807e-03,20
4796,Row-Update,mps,-1.39754190,1.45458334e-03,20
4796,Hybrid,mixture,-1.39840733,1.51204178e-03,20
4797,Metropolis,metropolis,-1.39145718,2.44782732e-03,20
4797,Row-Update,mps,-1.39754089,1.45267891e-03,20
4797,Hybrid,mixture,-1.39840093,1.51053414e-03,20
4798,Metropolis,metropolis,-1.39145198,2.44851673e-03,20
4798,Row-Update,mps,-1.39753524,1.45296199e-03,20
4798,Hybrid,mixture,-1.39841445,1.51048569e-03,20
4799,Metropolis,metropolis,-1.39145777,2.44868012e-03,20
4799,Row-Update,mps,-1.39753732,1.45431102e-03,20
4799,Hybrid,mixture,-1.39841158,1.51248677e-03,20
4800,Metropolis,metropolis,-1.39145727,2.44871076e-03,20
4800,Row-Update,mps,-1.39754649,1.45463812e-03,20
4800,Hybrid,mixture,-1.39840653,1.51085187e-03,20
4801,Metropolis,metropolis,-1.39144965,2.44827063e-03,20
4801,Row-Update,mps,-1.39754705,1.45263091e-03,20
4801,Hybrid,mixture,-1.39839243,1.50928314e-03,20
4802,Metropolis,metropolis,-1.39145270,2.44875434e-03,20
4802,Row-Update,mps,-1.39754116,1.45434639e-03,20
4802,Hybrid,mixture,-1.39839491,1.51054264e-03,20
4803,Metropolis,metropolis,-1.39145374,2.44810266e-03,20
4803,Row-Update,mps,-1.39754212,1.44904991e-03,20
4803,Hybrid,mixture,-1.39840894,1.51093123e-03,20
4804,Metropolis,metropolis,-1.39145802,2.44861052e-03,20
4804,Row-Update,mps,-1.39754459,1.45314274e-03,20
4804,Hybrid,mixture,-1.39840239,1.51212135e-03,20
4805,Metropolis,metropolis,-1.39145564,2.44825796e-03,20
4805,Row-Update,mps,-1.39753498,1.45491267e-03,20
4805,Hybrid,mixture,-1.39840583,1.51012508e-03,20
4806,Metropolis,metropolis,-1.39145328,2.44831714e-03,20
4806,Row-Update,mps,-1.39754087,1.45384135e-03,20
4806,Hybrid,mixture,-1.39839978,1.51245817e-03,20
4807,Metropolis,metropolis,-1.39145585,2.44870382e-03,20
4807,Row-Update,mps,-1.39754435,1.45371371e-03,20
4807,Hybrid,mixture,-1.39840443,1.51016824e-03,20
4808,Metropolis,metropolis,-1.39145485,2.44794836e-03,20
4808,Row-Update,mps,-1.39754234,1.45259402e-03,20
4808,Hybrid,mixture,-1.39840384,1.51031289e-03,20
4809,Metropolis,metropolis,-1.39145305,2.44895924e-03,20
4809,Row-Update,mps,-1.39753920,1.45378555e-03,20
4809,Hybrid,mixture,-1.39838946,1.51092767e-03,20
4810,Metropolis,metropolis,-1.39145223,2.44872260e-03,20
4810,Row-Update,mps,-1.39753804,1.45358284e-03,20
4810,Hybrid,mixture,-1.39840395,1.51255369e-03,20
4811,Metropolis,metropolis,-1.39145653,2.44786035e-03,20
4811,Row-Update,mps,-1.39754036,1.45541566e-03,20
4811,Hybrid,mixture,-1.39840565,1.51128858e-03,20
4812,Metropolis,metropolis,-1.39145378,2.44890310e-03,20
4812,Row-Update,mps,-1.39754251,1.45302660e-03,20
4812,Hybrid,mixture,-1.39840231,1.51108359e-03,20
4813,Metropolis,metropolis,-1.39145352,2.44786650e-03,20
4813,Row-Update,mps,-1.39754084,1.45421173e-03,20
4813,Hybrid,mixture,-1.39840756,1.51042971e-03,20
4814,Metropolis,metropolis,-1.39145397,2.44842137e-03,20
4814,Row-Update,mps,-1.39754215,1.45383127e-03,20
4814,Hybrid,mixture,-1.39841180,1.51300062e-03,20
4815,Metropolis,metropolis,-1.39145983,2.44764508e-03,20
4815,Row-Update,mps,-1.39753605,1.45429429e-03,20
4815,Hybrid,mixture,-1.39842537,1.50963445e-03,20
4816,Metropolis,metropolis,-1.39144411,2.45051765e-03,20
4816,Row-Update,mps,-1.39754509,1.45484204e-03,20
4816,Hybrid,mixture,-1.39841282,1.51405433e-03,20
4817,Metropolis,metropolis,-1.39145276,2.44795535e-03,20
4817,Row-Update,mps,-1.39754221,1.45344474e-03,20
4817,Hybrid,mixture,-1.39840478,1.51196755e-03,20
4818,Metropolis,metropolis,-1.39145428,2.44906002e-03,20
4818,Row-Update,mps,-1.39754505,1.45390411e-03,20
4818,Hybrid,mixture,-1.39840703,1.50890249e-03,20
4819,Metropolis,metropolis,-1.39145658,2.44772981e-03,20
4819,Row-Update,mps,-1.39753980,1.45558520e-03,20
4819,Hybrid,mixture,-1.39840573,1.50853126e-03,20
4820,Metropolis,metropolis,-1.39145427,2.44790449e-03,20
4820,Row-Update,mps,-1.39754269,1.45443374e-03,20
4820,Hybrid,mixture,-1.39840603,1.51178197e-03,20
4821,Metropolis,metropolis,-1.39145402,2.44954818e-03,20
4821,Row-Update,mps,-1.39754308,1.45443469e-03,20
4821,Hybrid,mixture,-1.39840951,1.51106463e-03,20
4822,Metropolis,metropolis,-1.39145196,2.44778681e-03,20
4822,Row-Update,mps,-1.39753625,1.45305532e-03,20
4822,Hybrid,mixture,-1.39840247,1.51026349e-03,20
4823,Metropolis,metropolis,-1.39145576,2.44789459e-03,20
4823,Row-Update,mps,-1.39754381,1.45350015e-03,20
4823,Hybrid,mixture,-1.39840392,1.50922610e-03,20
4824,Metropolis,metropolis,-1.39145610,2.44819848e-03,20
4824,Row-Update,mps,-1.39753585,1.45889308e-03,20
4824,Hybrid,mixture,-1.39840411,1.51017502e-03,20
4825,Metropolis,metropolis,-1.39145233,2.44864413e-03,20
4825,Row-Update,mps,-1.39754581,1.45400145e-03,20
4825,Hybrid,mixture,-1.39840507,1.51159456e-03,20
4826,Metropolis,metropolis,-1.39145172,2.44955675e-03,20
4826,Row-Update,mps,-1.39754439,1.45265101e-03,20
4826,Hybrid,mixture,-1.39840677,1.51145994e-03,20
4827,Metropolis,metropolis,-1.39145788,2.44828777e-03,20
4827,Row-Update,mps,-1.39754466,1.45396050e-03,20
4827,Hybrid,mixture,-1.39840872,1.51110258e-03,20
4828,Metropolis,metropolis,-1.39145152,2.44836236e-03,20
4828,Row-Update,mps,-1.39753895,1.45409010e-03,20
4828,Hybrid,mixture,-1.39840455,1.51209689e-03,20
4829,Metropolis,metropolis,-1.39145797,2.44929669e-03,20
4829,Row-Update,mps,-1.39753948,1.45505916e-03,20
4829,Hybrid,mixture,-1.39840633,1.51160520e-03,20
4830,Metropolis,metropolis,-1.39145821,2.44918116e-03,20
4830,Row-Update,mps,-1.39754183,1.45277180e-03,20
4830,Hybrid,mixture,-1.39839964,1.51022467e-03,20
4831,Metropolis,metropolis,-1.39145304,2.44836291e-03,20
4831,Row-Update,mps,-1.39753858,1.45602591e-03,20
4831,Hybrid,mixture,-1.39840706,1.51195333e-03,20
4832,Metropolis,metropolis,-1.39145391,2.44790571e-03,20
4832,Row-Update,mps,-1.39754533,1.45412297e-03,20
4832,Hybrid,mixture,-1.39840358,1.51013597e-03,20
4833,Metropolis,metropolis,-1.39145472,2.44794833e-03,20
4833,Row-Update,mps,-1.39753939,1.45547148e-03,20
4833,Hybrid,mixture,-1.39840457,1.51161699e-03,20
4834,Metropolis,metropolis,-1.39145551,2.44862887e-03,20
4834,Row-Update,mps,-1.39753846,1.45419016e-03,20
4834,Hybrid,mixture,-1.39840581,1.51119742e-03,20
4835,Metropolis,metropolis,-1.39145214,2.45132573e-03,20
4835,Row-Update,mps,-1.39754027,1.45476389e-03,20
4835,Hybrid,mixture,-1.39840048,1.51068627e-03,20
4836,Metropolis,metropolis,-1.39145793,2.44804741e-03,20
4836,Row-Update,mps,-1.39753861,1.45330883e-03,20
4836,Hybrid,mixture,-1.39840900,1.51087945e-03,20
4837,Metropolis,metropolis,-1.39144955,2.44741784e-03,20
4837,Row-Update,mps,-1.39753024,1.45392688e-03,20
4837,Hybrid,mixture,-1.39840555,1.51009544e-03,20
4838,Metropolis,metropolis,-1.39145430,2.44821750e-03,20
4838,Row-Update,mps,-1.39754528,1.44893128e-03,20
4838,Hybrid,mixture,-1.39840807,1.51070146e-03,20
4839,Metropolis,metropolis,-1.39145283,2.44984747e-03,20
4839,Row-Update,mps,-1.39754137,1.45248032e-03,20
4839,Hybrid,mixture,-1.39841328,1.51076499e-03,20
4840,Metropolis,metropolis,-1.39145641,2.44893279e-03,20
4840,Row-Update,mps,-1.39754397,1.45339993e-03,20
4840,Hybrid,mixture,-1.39840739,1.51032015e-03,20
4841,Metropolis,metropolis,-1.39145926,2.44801912e-03,20
4841,Row-Update,mps,-1.39754305,1.45374140e-03,20
4841,Hybrid,mixture,-1.39840598,1.51047397e-03,20
4842,Metropolis,metropolis,-1.39145419,2.44916038e-03,20
4842,Row-Update,mps,-1.39754404,1.45305512e-03,20
4842,Hybrid,mixture,-1.39840168,1.51121910e-03,20
4843,Metropolis,metropolis,-1.39145267,2.44880750e-03,20
4843,Row-Update,mps,-1.39754024,1.45380692e-03,20
4843,Hybrid,mixture,-1.39839297,1.51261717e-03,20
4844,Metropolis,metropolis,-1.39145687,2.44809239e-03,20
4844,Row-Update,mps,-1.39753240,1.45537276e-03,20
4844,Hybrid,mixture,-1.39840625,1.51273672e-03,20
4845,Metropolis,metropolis,-1.39145447,2.44870918e-03,20
4845,Row-Update,mps,-1.39753504,1.45378312e-03,20
4845,Hybrid,mixture,-1.39840773,1.51121020e-03,20
4846,Metropolis,metropolis,-1.39145469,2.44887310e-03,20
4846,Row-Update,mps,-1.39753378,1.45421454e-03,20
4846,Hybrid,mixture,-1.39841120,1.51281644e-03,20
4847,Metropolis,metropolis,-1.39145052,2.44987599e-03,20
4847,Row-Update,mps,-1.39754548,1.45597984e-03,20
4847,Hybrid,mixture,-1.39840280,1.51055127e-03,20
4848,Metropolis,metropolis,-1.39145522,2.44896388e-03,20
4848,Row-Update,mps,-1.39753866,1.45380423e-03,20
4848,Hybrid,mixture,-1.39840799,1.51016015e-03,20
4849,Metropolis,metropolis,-1.39145172,2.44938398e-03,20
4849,Row-Update,mps,-1.39754250,1.45626296e-03,20
4849,Hybrid,mixture,-1.39841388,1.51279027e-03,20
4850,Metropolis,metropolis,-1.39145365,2.44836295e-03,20
4850,Row-Update,mps,-1.39754147,1.45273844e-03,20
4850,Hybrid,mixture,-1.39840542,1.51274933e-03,20
4851,Metropolis,metropolis,-1.39146039,2.44741274e-03,20
4851,Row-Update,mps,-1.39754805,1.45337456e-03,20
4851,Hybrid,mixture,-1.39840692,1.51152926e-03,20
4852,Metropolis,metropolis,-1.39145347,2.44830708e-03,20
4852,Row-Update,mps,-1.39754153,1.45303118e-03,20
4852,Hybrid,mixture,-1.39840594,1.51048690e-03,20
4853,Metropolis,metropolis,-1.39145143,2.44842784e-03,20
4853,Row-Update,mps,-1.39754276,1.45309542e-03,20
4853,Hybrid,mixture,-1.39841038,1.51064757e-03,20
4854,Metropolis,metropolis,-1.39145681,2.44800783e-03,20
4854,Row-Update,mps,-1.39754435,1.45436029e-03,20
4854,Hybrid,mixture,-1.39840871,1.51225413e-03,20
4855,Metropolis,metropolis,-1.39145477,2.44791849e-03,20
4855,Row-Update,mps,-1.39753566,1.45253811e-03,20
4855,Hybrid,mixture,-1.39840602,1.51040846e-03,20
4856,Metropolis,metropolis,-1.39145262,2.44874809e-03,20
4856,Row-Update,mps,-1.39754365,1.45607392e-03,20
4856,Hybrid,mixture,-1.39840333,1.51168706e-03,20
4857,Metropolis,metropolis,-1.39145708,2.44845034e-03,20
4857,Row-Update,mps,-1.39753667,1.45459496e-03,20
4857,Hybrid,mixture,-1.39840345,1.51119688e-03,20
4858,Metropolis,metropolis,-1.39145782,2.44867802e-03,20
4858,Row-Update,mps,-1.39753963,1.45396218e-03,20
4858,Hybrid,mixture,-1.39840720,1.51076685e-03,20
4859,Metropolis,metropolis,-1.39145039,2.44708419e-03,20
4859,Row-Update,mps,-1.39754557,1.45426133e-03,20
4859,Hybrid,mixture,-1.39840593,1.51073077e-03,20
4860,Metropolis,metropolis,-1.39145262,2.44850040e-03,20
4860,Row-Update,mps,-1.39754981,1.45450653e-03,20
4860,Hybrid,mixture,-1.39840754,1.51161415e-03,20
4861,Metropolis,metropolis,-1.39145342,2.44824259e-03,20
4861,Row-Update,mps,-1.39754280,1.45359510e-03,20
4861,Hybrid,mixture,-1.39840767,1.51048534e-03,20
4862,Metropolis,metropolis,-1.39146379,2.44791137e-03,20
4862,Row-Update,mps,-1.39753769,1.45441393e-03,20
4862,Hybrid,mixture,-1.39840717,1.51010292e-03,20
4863,Metropolis,metropolis,-1.39145538,2.44852488e-03,20
4863,Row-Update,mps,-1.39754217,1.45431952e-03,20
4863,Hybrid,mixture,-1.39840735,1.51244907e-03,20
4864,Metropolis,metropolis,-1.39144916,2.45243944e-03,20
4864,Row-Update,mps,-1.39754193,1.45461088e-03,20
4864,Hybrid,mixture,-1.39840644,1.51191993e-03,20
4865,Metropolis,metropolis,-1.39145099,2.44846630e-03,20
4865,Row-Update,mps,-1.39754463,1.45216719e-03,20
4865,Hybrid,mixture,-1.39840333,1.50983109e-03,20
4866,Metropolis,metropolis,-1.39145550,2.44718635e-03,20
4866,Row-Update,mps,-1.39754761,1.45407673e-03,20
4866,Hybrid,mixture,-1.39841035,1.51202429e-03,20
4867,Metropolis,metropolis,-1.39145434,2.44793979e-03,20
4867,Row-Update,mps,-1.39754144,1.45421425e-03,20
4867,Hybrid,mixture,-1.39840956,1.51235837e-03,20
4868,Metropolis,metropolis,-1.39145093,2.44837040e-03,20
4868,Row-Update,mps,-1.39753943,1.45467697e-03,20
4868,Hybrid,mixture,-1.39841145,1.51156962e-03,20
4869,Metropolis,metropolis,-1.39145597,2.44844774e-03,20
4869,Row-Update,mps,-1.39753961,1.45406264e-03,20
4869,Hybrid,mixture,-1.39840828,1.51114327e-03,20
4870,Metropolis,metropolis,-1.39145320,2.44740098e-03,20
4870,Row-Update,mps,-1.39753285,1.45345063e-03,20
4870,Hybrid,mixture,-1.39841303,1.51013183e-03,20
4871,Metropolis,metropolis,-1.39145924,2.44950371e-03,20
4871,Row-Update,mps,-1.39753680,1.45311529e-03,20
4871,Hybrid,mixture,-1.39839652,1.51028586e-03,20
4872,Metropolis,metropolis,-1.39145645,2.44823137e-03,20
4872,Row-Update,mps,-1.39754034,1.45498670e-03,20
4872,Hybrid,mixture,-1.39841345,1.51170601e-03,20
4873,Metropolis,metropolis,-1.39145488,2.44834114e-03,20
4873,Row-Update,mps,-1.39753682,1.45631218e-03,20
4873,Hybrid,mixture,-1.39840590,1.51159296e-03,20
4874,Metropolis,metropolis,-1.39145794,2.44723043e-03,20
4874,Row-Update,mps,-1.39754376,1.45600075e-03,20
4874,Hybrid,mixture,-1.39840957,1.50921821e-03,20
4875,Metropolis,metropolis,-1.39145720,2.45001659e-03,20
4875,Row-Update,mps,-1.39751811,1.45388845e-03,20
4875,Hybrid,mixture,-1.39840856,1.51001241e-03,20
4876,Metropolis,metropolis,-1.39145539,2.44854471e-03,20
4876,Row-Update,mps,-1.39754106,1.45344629e-03,20
4876,Hybrid,mixture,-1.39840403,1.51034048e-03,20
4877,Metropolis,metropolis,-1.39145416,2.44760916e-03,20
4877,Row-Update,mps,-1.39754698,1.45337115e-03,20
4877,Hybrid,mixture,-1.39840630,1.51178917e-03,20
4878,Metropolis,metropolis,-1.39145319,2.44837793e-03,20
4878,Row-Update,mps,-1.39754743,1.45372772e-03,20
4878,Hybrid,mixture,-1.39841402,1.50942425e-03,20
4879,Metropolis,metropolis,-1.39144624,2.44892677e-03,20
4879,Row-Update,mps,-1.39753747,1.45419304e-03,20
4879,Hybrid,mixture,-1.39840597,1.50989800e-03,20
4880,Metropolis,metropolis,-1.39145359,2.44888159e-03,20
4880,Row-Update,mps,-1.39754322,1.45512259e-03,20
4880,Hybrid,mixture,-1.39841113,1.51117811e-03,20
4881,Metropolis,metropolis,-1.39145103,2.44828183e-03,20
4881,Row-Update,mps,-1.39754669,1.45454437e-03,20
4881,Hybrid,mixture,-1.39840488,1.51145765e-03,20
4882,Metropolis,metropolis,-1.39145706,2.44745367e-03,20
4882,Row-Update,mps,-1.39753797,1.45374107e-03,20
4882,Hybrid,mixture,-1.39840316,1.51150065e-03,20
4883,Metropolis,metropolis,-1.39145207,2.44764306e-03,20
4883,Row-Update,mps,-1.39753217,1.45552265e-03,20
4883,Hybrid,mixture,-1.39840768,1.51129637e-03,20
4884,Metropolis,metropolis,-1.39146108,2.44780295e-03,20
4884,Row-Update,mps,-1.39754259,1.45373747e-03,20
4884,Hybrid,mixture,-1.39841030,1.51249469e-03,20
4885,Metropolis,metropolis,-1.39145267,2.44815845e-03,20
4885,Row-Update,mps,-1.39754306,1.45262404e-03,20
4885,Hybrid,mixture,-1.39840394,1.51184750e-03,20
4886,Metropolis,metropolis,-1.39145545,2.44878620e-03,20
4886,Row-Update,mps,-1.39753753,1.45452329e-03,20
4886,Hybrid,mixture,-1.39840537,1.51103799e-03,20
4887,Metropolis,metropolis,-1.39145043,2.44872128e-03,20
4887,Row-Update,mps,-1.39754252,1.45352851e-03,20
4887,Hybrid,mixture,-1.39841231,1.51149710e-03,20
4888,Metropolis,metropolis,-1.39145708,2.44785794e-03,20
4888,Row-Update,mps,-1.39754287,1.45340194e-03,20
4888,Hybrid,mixture,-1.39840593,1.51073536e-03,20
4889,Metropolis,metropolis,-1.39145489,2.44821766e-03,20
4889,Row-Update,mps,-1.39754676,1.45356967e-03,20
4889,Hybrid,mixture,-1.39840487,1.51178539e-03,20
4890,Metropolis,metropolis,-1.39145364,2.44893860e-03,20
4890,Row-Update,mps,-1.39754322,1.45353254e-03,20
4890,Hybrid,mixture,-1.39840495,1.51018453e-03,20
4891,Metropolis,metropolis,-1.39145412,2.44792741e-03,20
4891,Row-Update,mps,-1.39754341,1.45346711e-03,20
4891,Hybrid,mixture,-1.39840570,1.51128211e-03,20
4892,Metropolis,metropolis,-1.39145719,2.44847088e-03,20
4892,Row-Update,mps,-1.39753954,1.45344392e-03,20
4892,Hybrid,mixture,-1.39840645,1.51194287e-03,20
4893,Metropolis,metropolis,-1.39145387,2.44826745e-03,20
4893,Row-Update,mps,-1.39753987,1.45465695e-03,20
4893,Hybrid,mixture,-1.39840990,1.51143945e-03,20
4894,Metropolis,metropolis,-1.39145240,2.44813844e-03,20
4894,Row-Update,mps,-1.39754760,1.45458481e-03,20
4894,Hybrid,mixture,-1.39840402,1.51113504e-03,20
4895,Metropolis,metropolis,-1.39145839,2.44843885e-03,20
4895,Row-Update,mps,-1.39754307,1.45335397e-03,20
4895,Hybrid,mixture,-1.39841099,1.51140022e-03,20
4896,Metropolis,metropolis,-1.39145581,2.44920031e-03,20
4896,Row-Update,mps,-1.39754154,1.45276783e-03,20
4896,Hybrid,mixture,-1.39840635,1.51169253e-03,20
4897,Metropolis,metropolis,-1.39145939,2.44850437e-03,20
4897,Row-Update,mps,-1.39754281,1.45575685e-03,20
4897,Hybrid,mixture,-1.39840189,1.51095100e-03,20
4898,Metropolis,metropolis,-1.39145366,2.44859171e-03,20
4898,Row-Update,mps,-1.39753850,1.45237613e-03,20
4898,Hybrid,mixture,-1.39840378,1.51009992e-03,20
4899,Metropolis,metropolis,-1.39145561,2.44848978e-03,20
4899,Row-Update,mps,-1.39753846,1.45378762e-03,20
4899,Hybrid,mixture,-1.39840604,1.51138508e-03,20
4900,Metropolis,metropolis,-1.39145390,2.44797855e-03,20
4900,Row-Update,mps,-1.39754225,1.45326016e-03,20
4900,Hybrid,mixture,-1.39840720,1.51124104e-03,20
4901,Metropolis,metropolis,-1.39145163,2.44843742e-03,20
4901,Row-Update,mps,-1.39754149,1.45403269e-03,20
4901,Hybrid,mixture,-1.39840134,1.51065047e-03,20
4902,Metropolis,metropolis,-1.39145338,2.44813448e-03,20
4902,Row-Update,mps,-1.39754289,1.45367200e-03,20
4902,Hybrid,mixture,-1.39840287,1.50787235e-03,20
4903,Metropolis,metropolis,-1.39145083,2.44831109e-03,20
4903,Row-Update,mps,-1.39753609,1.45277030e-03,20
4903,Hybrid,mixture,-1.39841063,1.51026568e-03,20
4904,Metropolis,metropolis,-1.39145397,2.44915514e-03,20
4904,Row-Update,mps,-1.39754080,1.45292797e-03,20
4904,Hybrid,mixture,-1.39840107,1.51087341e-03,20
4905,Metropolis,metropolis,-1.39145888,2.44884678e-03,20
4905,Row-Update,mps,-1.39754010,1.45330359e-03,20
4905,Hybrid,mixture,-1.39840616,1.51068986e-03,20
4906,Metropolis,metropolis,-1.39145604,2.44930345e-03,20
4906,Row-Update,mps,-1.39753979,1.45432464e-03,20
4906,Hybrid,mixture,-1.39840411,1.51067724e-03,20
4907,Metropolis,metropolis,-1.39145517,2.44873134e-03,20
4907,Row-Update,mps,-1.39754301,1.45358837e-03,20
4907,Hybrid,mixture,-1.39840636,1.50976739e-03,20
4908,Metropolis,metropolis,-1.39145633,2.44811908e-03,20
4908,Row-Update,mps,-1.39753725,1.45377586e-03,20
4908,Hybrid,mixture,-1.39840312,1.51161080e-03,20
4909,Metropolis,metropolis,-1.39145418,2.44902258e-03,20
4909,Row-Update,mps,-1.39753901,1.45148766e-03,20
4909,Hybrid,mixture,-1.39840557,1.51166849e-03,20
4910,Metropolis,metropolis,-1.39145198,2.44904904e-03,20
4910,Row-Update,mps,-1.39754582,1.45504223e-03,20
4910,Hybrid,mixture,-1.39841084,1.51159492e-03,20
4911,Metropolis,metropolis,-1.39145113,2.44843981e-03,20
4911,Row-Update,mps,-1.39754088,1.45283937e-03,20
4911,Hybrid,mixture,-1.39840064,1.51060063e-03,20
4912,Metropolis,metropolis,-1.39145423,2.44808130e-03,20
4912,Row-Update,mps,-1.39753358,1.45365493e-03,20
4912,Hybrid,mixture,-1.39840109,1.51229341e-03,20
4913,Metropolis,metropolis,-1.39145661,2.44711336e-03,20
4913,Row-Update,mps,-1.39754841,1.45369231e-03,20
4913,Hybrid,mixture,-1.39840395,1.51137635e-03,20
4914,Metropolis,metropolis,-1.39145600,2.44759068e-03,20
4914,Row-Update,mps,-1.39754372,1.45294846e-03,20
4914,Hybrid,mixture,-1.39840797,1.51060909e-03,20
4915,Metropolis,metropolis,-1.39146294,2.44805377e-03,20
4915,Row-Update,mps,-1.39753938,1.45461296e-03,20
4915,Hybrid,mixture,-1.39840454,1.51012187e-03,20
4916,Metropolis,metropolis,-1.39145444,2.44950382e-03,20
4916,Row-Update,mps,-1.39753892,1.45349599e-03,20
4916,Hybrid,mixture,-1.39841398,1.51062057e-03,20
4917,Metropolis,metropolis,-1.39144893,2.44881231e-03,20
4917,Row-Update,mps,-1.39754137,1.45449685e-03,20
4917,Hybrid,mixture,-1.39840713,1.51214691e-03,20
4918,Metropolis,metropolis,-1.39145610,2.44803211e-03,20
4918,Row-Update,mps,-1.39753833,1.45395851e-03,20
4918,Hybrid,mixture,-1.39841592,1.51095370e-03,20
4919,Metropolis,metropolis,-1.39145520,2.44738662e-03,20
4919,Row-Update,mps,-1.39752865,1.45483652e-03,20
4919,Hybrid,mixture,-1.39840165,1.51166605e-03,20
4920,Metropolis,metropolis,-1.39145821,2.44851631e-03,20
4920,Row-Update,mps,-1.39753814,1.45508020e-03,20
4920,Hybrid,mixture,-1.39840197,1.51159477e-03,20
4921,Metropolis,metropolis,-1.39145946,2.44787937e-03,20
4921,Row-Update,mps,-1.39754117,1.45355992e-03,20
4921,Hybrid,mixture,-1.39841168,1.51044756e-03,20
4922,Metropolis,metropolis,-1.39145253,2.44689745e-03,20
4922,Row-Update,mps,-1.39754520,1.45278589e-03,20
4922,Hybrid,mixture,-1.39840569,1.51271035e-03,20
4923,Metropolis,metropolis,-1.39146144,2.44537958e-03,20
4923,Row-Update,mps,-1.39753810,1.45354222e-03,20
4923,Hybrid,mixture,-1.39840365,1.51096145e-03,20
4924,Metropolis,metropolis,-1.39145405,2.44929817e-03,20
4924,Row-Update,mps,-1.39754720,1.45448162e-03,20
4924,Hybrid,mixture,-1.39841253,1.51030398e-03,20
4925,Metropolis,metropolis,-1.39145870,2.44823448e-03,20
4925,Row-Update,mps,-1.39753840,1.45342469e-03,20
4925,Hybrid,mixture,-1.39840892,1.51125821e-03,20
4926,Metropolis,metropolis,-1.39145933,2.44700248e-03,20
4926,Row-Update,mps,-1.39754288,1.45299500e-03,20
4926,Hybrid,mixture,-1.39840009,1.51300072e-03,20
4927,Metropolis,metropolis,-1.39145239,2.44822898e-03,20
4927,Row-Update,mps,-1.39754421,1.45416500e-03,20
4927,Hybrid,mixture,-1.39840690,1.51204750e-03,20
4928,Metropolis,metropolis,-1.39145585,2.44999703e-03,20
4928,Row-Update,mps,-1.39754491,1.45656588e-03,20
4928,Hybrid,mixture,-1.39840166,1.51032608e-03,20
4929,Metropolis,metropolis,-1.39145920,2.44824944e-03,20
4929,Row-Update,mps,-1.39754300,1.45206172e-03,20
4929,Hybrid,mixture,-1.39840735,1.50985735e-03,20
4930,Metropolis,metropolis,-1.39145226,2.44873067e-03,20
4930,Row-Update,mps,-1.39753472,1.45476836e-03,20
4930,Hybrid,mixture,-1.39840650,1.51117481e-03,20
4931,Metropolis,metropolis,-1.39145986,2.44941544e-03,20
4931,Row-Update,mps,-1.39754810,1.45504685e-03,20
4931,Hybrid,mixture,-1.39840120,1.51064602e-03,20
4932,Metropolis,metropolis,-1.39145962,2.44850053e-03,20
4932,Row-Update,mps,-1.39754626,1.45404059e-03,20
4932,Hybrid,mixture,-1.39840997,1.51252880e-03,20
4933,Metropolis,metropolis,-1.39146136,2.44797657e-03,20
4933,Row-Update,mps,-1.39755238,1.45209906e-03,20
4933,Hybrid,mixture,-1.39840294,1.51017738e-03,20
4934,Metropolis,metropolis,-1.39145717,2.44825280e-03,20
4934,Row-Update,mps,-1.39754219,1.45405395e-03,20
4934,Hybrid,mixture,-1.39840457,1.51122035e-03,20
4935,Metropolis,metropolis,-1.39145780,2.44897387e-03,20
4935,Row-Update,mps,-1.39754718,1.45351784e-03,20
4935,Hybrid,mixture,-1.39840839,1.50992527e-03,20
4936,Metropolis,metropolis,-1.39145284,2.44859802e-03,20
4936,Row-Update,mps,-1.39754206,1.45501906e-03,20
4936,Hybrid,mixture,-1.39841029,1.51280630e-03,20
4937,Metropolis,metropolis,-1.39145173,2.44873879e-03,20
4937,Row-Update,mps,-1.39754505,1.45270868e-03,20
4937,Hybrid,mixture,-1.39840476,1.51013815e-03,20
4938,Metropolis,metropolis,-1.39145563,2.44846916e-03,20
4938,Row-Update,mps,-1.39754121,1.45309533e-03,20
4938,Hybrid,mixture,-1.39841483,1.51057228e-03,20
4939,Metropolis,metropolis,-1.39145407,2.44762376e-03,20
4939,Row-Update,mps,-1.39754424,1.45500467e-03,20
4939,Hybrid,mixture,-1.39840900,1.50979095e-03,20
4940,Metropolis,metropolis,-1.39144859,2.44804416e-03,20
4940,Row-Update,mps,-1.39753802,1.45453274e-03,20
4940,Hybrid,mixture,-1.39839991,1.51113648e-03,20
4941,Metropolis,metropolis,-1.39145688,2.44898568e-03,20
4941,Row-Update,mps,-1.39754129,1.45394514e-03,20
4941,Hybrid,mixture,-1.39840921,1.51033724e-03,20
4942,Metropolis,metropolis,-1.39145911,2.44822442e-03,20
4942,Row-Update,mps,-1.39754190,1.45137439e-03,20
4942,Hybrid,mixture,-1.39840777,1.51193739e-03,20
4943,Metropolis,metropolis,-1.39145647,2.44837402e-03,20
4943,Row-Update,mps,-1.39755269,1.45716540e-03,20
4943,Hybrid,mixture,-1.39841139,1.51147163e-03,20
4944,Metropolis,metropolis,-1.39145155,2.44901734e-03,20
4944,Row-Update,mps,-1.39754185,1.45264131e-03,20
4944,Hybrid,mixture,-1.39840481,1.51152220e-03,20
4945,Metropolis,metropolis,-1.39145114,2.44839012e-03,20
4945,Row-Update,mps,-1.39754492,1.45371069e-03,20
4945,Hybrid,mixture,-1.39840808,1.51172798e-03,20
4946,Metropolis,metropolis,-1.39145001,2.44799980e-03,20
4946,Row-Update,mps,-1.39753745,1.45490843e-03,20
4946,Hybrid,mixture,-1.39839954,1.51195169e-03,20
4947,Metropolis,metropolis,-1.39145684,2.44862374e-03,20
4947,Row-Update,mps,-1.39753972,1.45469169e-03,20
4947,Hybrid,mixture,-1.39840252,1.51099317e-03,20
4948,Metropolis,metropolis,-1.39145771,2.44906104e-03,20
4948,Row-Update,mps,-1.39753929,1.45298339e-03,20
4948,Hybrid,mixture,-1.39841103,1.51249041e-03,20
4949,Metropolis,metropolis,-1.39145545,2.44768944e-03,20
4949,Row-Update,mps,-1.39754330,1.45462607e-03,20
4949,Hybrid,mixture,-1.39839972,1.50866257e-03,20
4950,Metropolis,metropolis,-1.39145550,2.44862811e-03,20
4950,Row-Update,mps,-1.39754595,1.45339622e-03,20
4950,Hybrid,mixture,-1.39840320,1.51055810e-03,20
4951,Metropolis,metropolis,-1.39145286,2.44901179e-03,20
4951,Row-Update,mps,-1.39754082,1.45359435e-03,20
4951,Hybrid,mixture,-1.39841230,1.50998407e-03,20
4952,Metropolis,metropolis,-1.39145341,2.44856324e-03,20
4952,Row-Update,mps,-1.39753729,1.45249638e-03,20
4952,Hybrid,mixture,-1.39840348,1.51026530e-03,20
4953,Metropolis,metropolis,-1.39145527,2.44870334e-03,20
4953,Row-Update,mps,-1.39753678,1.45317223e-03,20
4953,Hybrid,mixture,-1.39841442,1.51247581e-03,20
4954,Metropolis,metropolis,-1.39145669,2.44855472e-03,20
4954,Row-Update,mps,-1.39754204,1.45389711e-03,20
4954,Hybrid,mixture,-1.39840463,1.50922324e-03,20
4955,Metropolis,metropolis,-1.39145269,2.44919838e-03,20
4955,Row-Update,mps,-1.39754554,1.45433630e-03,20
4955,Hybrid,mixture,-1.39840788,1.51145467e-03,20
4956,Metropolis,metropolis,-1.39145729,2.44865546e-03,20
4956,Row-Update,mps,-1.39754907,1.45322515e-03,20
4956,Hybrid,mixture,-1.39840734,1.51119615e-03,20
4957,Metropolis,metropolis,-1.39145495,2.44825369e-03,20
4957,Row-Update,mps,-1.39753343,1.45504385e-03,20
4957,Hybrid,mixture,-1.39840716,1.51157429e-03,20
4958,Metropolis,metropolis,-1.39145855,2.44874971e-03,20
4958,Row-Update,mps,-1.39754043,1.45342922e-03,20
4958,Hybrid,mixture,-1.39840550,1.51051210e-03,20
4959,Metropolis,metropolis,-1.39146014,2.44843292e-03,20
4959,Row-Update,mps,-1.39754206,1.45119811e-03,20
4959,Hybrid,mixture,-1.39840703,1.51078767e-03,20
4960,Metropolis,metropolis,-1.39144937,2.44884281e-03,20
4960,Row-Update,mps,-1.39753696,1.45521349e-03,20
4960,Hybrid,mixture,-1.39840581,1.51183132e-03,20
4961,Metropolis,metropolis,-1.39145352,2.44808029e-03,20
4961,Row-Update,mps,-1.39754047,1.45497279e-03,20
4961,Hybrid,mixture,-1.39840750,1.51270712e-03,20
4962,Metropolis,metropolis,-1.39145536,2.44917771e-03,20
4962,Row-Update,mps,-1.39754980,1.45535372e-03,20
4962,Hybrid,mixture,-1.39840505,1.51095485e-03,20
4963,Metropolis,metropolis,-1.39145850,2.44824661e-03,20
4963,Row-Update,mps,-1.39754705,1.45396623e-03,20
4963,Hybrid,mixture,-1.39840570,1.50997364e-03,20
4964,Metropolis,metropolis,-1.39145856,2.44812259e-03,20
4964,Row-Update,mps,-1.39755436,1.45391956e-03,20
4964,Hybrid,mixture,-1.39840253,1.50932908e-03,20
4965,Metropolis,metropolis,-1.39146252,2.44899007e-03,20
4965,Row-Update,mps,-1.39754524,1.45298528e-03,20
4965,Hybrid,mixture,-1.39840583,1.51143216e-03,20
4966,Metropolis,metropolis,-1.39145649,2.44897557e-03,20
4966,Row-Update,mps,-1.39753316,1.45367572e-03,20
4966,Hybrid,mixture,-1.39840811,1.51107946e-03,20
4967,Metropolis,metropolis,-1.39145514,2.44791813e-03,20
4967,Row-Update,mps,-1.39753390,1.45438745e-03,20
4967,Hybrid,mixture,-1.39840705,1.51123457e-03,20
4968,Metropolis,metropolis,-1.39145064,2.44844673e-03,20
4968,Row-Update,mps,-1.39753986,1.45258108e-03,20
4968,Hybrid,mixture,-1.39841461,1.50956556e-03,20
4969,Metropolis,metropolis,-1.39144844,2.44868787e-03,20
4969,Row-Update,mps,-1.39754224,1.45428075e-03,20
4969,Hybrid,mixture,-1.39840612,1.51104123e-03,20
4970,Metropolis,metropolis,-1.39145181,2.44879819e-03,20
4970,Row-Update,mps,-1.39753913,1.45585441e-03,20
4970,Hybrid,mixture,-1.39840662,1.51146731e-03,20
4971,Metropolis,metropolis,-1.39145806,2.44836006e-03,20
4971,Row-Update,mps,-1.39754433,1.45522324e-03,20
4971,Hybrid,mixture,-1.39840853,1.51082600e-03,20
4972,Metropolis,metropolis,-1.39145726,2.44786239e-03,20
4972,Row-Update,mps,-1.39753458,1.45430391e-03,20
4972,Hybrid,mixture,-1.39840355,1.51085621e-03,20
4973,Metropolis,metropolis,-1.39145223,2.44876500e-03,20
4973,Row-Update,mps,-1.39754181,1.45332001e-03,20
4973,Hybrid,mixture,-1.39840352,1.50865152e-03,20
4974,Metropolis,metropolis,-1.39145623,2.44687833e-03,20
4974,Row-Update,mps,-1.39754059,1.45382799e-03,20
4974,Hybrid,mixture,-1.39840944,1.51021225e-03,20
4975,Metropolis,metropolis,-1.39145362,2.44891445e-03,20
4975,Row-Update,mps,-1.39753442,1.45184280e-03,20
4975,Hybrid,mixture,-1.39840913,1.51038595e-03,20
4976,Metropolis,metropolis,-1.39145460,2.44881367e-03,20
4976,Row-Update,mps,-1.39752152,1.45217870e-03,20
4976,Hybrid,mixture,-1.39840660,1.51079160e-03,20
4977,Metropolis,metropolis,-1.39145174,2.45004105e-03,20
4977,Row-Update,mps,-1.39754461,1.45413554e-03,20
4977,Hybrid,mixture,-1.39840650,1.51029859e-03,20
4978,Metropolis,metropolis,-1.39145277,2.44745753e-03,20
4978,Row-Update,mps,-1.39754035,1.45349969e-03,20
4978,Hybrid,mixture,-1.39840881,1.51336274e-03,20
4979,Metropolis,metropolis,-1.39145480,2.44975133e-03,20
4979,Row-Update,mps,-1.39754184,1.45413106e-03,20
4979,Hybrid,mixture,-1.39840607,1.51218838e-03,20
4980,Metropolis,metropolis,-1.39145732,2.44860729e-03,20
4980,Row-Update,mps,-1.39754741,1.45401557e-03,20
4980,Hybrid,mixture,-1.39840854,1.51217478e-03,20
4981,Metropolis,metropolis,-1.39145250,2.44854916e-03,20
4981,Row-Update,mps,-1.39753424,1.45397455e-03,20
4981,Hybrid,mixture,-1.39840730,1.51097306e-03,20
4982,Metropolis,metropolis,-1.39145184,2.44667406e-03,20
4982,Row-Update,mps,-1.39754222,1.45274949e-03,20
4982,Hybrid,mixture,-1.39840715,1.51091243e-03,20
4983,Metropolis,metropolis,-1.39145249,2.44825959e-03,20
4983,Row-Update,mps,-1.39754263,1.45480164e-03,20
4983,Hybrid,mixture,-1.39841435,1.51111147e-03,20
4984,Metropolis,metropolis,-1.39145607,2.44841389e-03,20
4984,Row-Update,mps,-1.39754376,1.45331588e-03,20
4984,Hybrid,mixture,-1.39840282,1.51168326e-03,20
4985,Metropolis,metropolis,-1.39145099,2.44961504e-03,20
4985,Row-Update,mps,-1.39753913,1.45357376e-03,20
4985,Hybrid,mixture,-1.39840822,1.51223550e-03,20
4986,Metropolis,metropolis,-1.39145101,2.44851818e-03,20
4986,Row-Update,mps,-1.39754393,1.45454427e-03,20
4986,Hybrid,mixture,-1.39840916,1.51116190e-03,20
4987,Metropolis,metropolis,-1.39145620,2.44815579e-03,20
4987,Row-Update,mps,-1.39754187,1.45310929e-03,20
4987,Hybrid,mixture,-1.39840783,1.51028480e-03,20
4988,Metropolis,metropolis,-1.39145649,2.44831458e-03,20
4988,Row-Update,mps,-1.39753963,1.45318199e-03,20
4988,Hybrid,mixture,-1.39840230,1.51151555e-03,20
4989,Metropolis,metropolis,-1.39145479,2.44776372e-03,20
4989,Row-Update,mps,-1.39753930,1.45370636e-03,20
4989,Hybrid,mixture,-1.39840699,1.51025665e-03,20
4990,Metropolis,metropolis,-1.39145602,2.44845265e-03,20
4990,Row-Update,mps,-1.39753779,1.45407141e-03,20
4990,Hybrid,mixture,-1.39841076,1.50946751e-03,20
4991,Metropolis,metropolis,-1.39145285,2.44868258e-03,20
4991,Row-Update,mps,-1.39754501,1.45484748e-03,20
4991,Hybrid,mixture,-1.39840623,1.51244947e-03,20
4992,Metropolis,metropolis,-1.39145224,2.44848176e-03,20
4992,Row-Update,mps,-1.39753644,1.45374611e-03,20
4992,Hybrid,mixture,-1.39840420,1.51108125e-03,20
4993,Metropolis,metropolis,-1.39145073,2.44761141e-03,20
4993,Row-Update,mps,-1.39753275,1.45597101e-03,20
4993,Hybrid,mixture,-1.39840862,1.51228146e-03,20
4994,Metropolis,metropolis,-1.39145437,2.44885452e-03,20
4994,Row-Update,mps,-1.39754632,1.45424115e-03,20
4994,Hybrid,mixture,-1.39841258,1.51157024e-03,20
4995,Metropolis,metropolis,-1.39145436,2.44814670e-03,20
4995,Row-Update,mps,-1.39754012,1.45449137e-03,20
4995,Hybrid,mixture,-1.39841112,1.51138445e-03,20
4996,Metropolis,metropolis,-1.39145497,2.44768584e-03,20
4996,Row-Update,mps,-1.39754114,1.45281215e-03,20
4996,Hybrid,mixture,-1.39840406,1.51141679e-03,20
4997,Metropolis,metropolis,-1.39145058,2.44984405e-03,20
4997,Row-Update,mps,-1.39754628,1.45412671e-03,20
4997,Hybrid,mixture,-1.39840882,1.51156638e-03,20
4998,Metropolis,metropolis,-1.39145815,2.44761180e-03,20
4998,Row-Update,mps,-1.39753747,1.45391517e-03,20
4998,Hybrid,mixture,-1.39840549,1.51015718e-03,20
4999,Metropolis,metropolis,-1.39145595,2.44850877e-03,20
4999,Row-Update,mps,-1.39754483,1.45207127e-03,20
4999,Hybrid,mixture,-1.39840415,1.50932657e-03,20
5000,Metropolis,metropolis,-1.39145636,2.44825464e-03,20
5000,Row-Update,mps,-1.39754215,1.45381839e-03,20
5000,Hybrid,mixture,-1.39840375,1.51415651e-03,20
