step,method,source_method,mean_energy_per_site,standard_error_of_mean,n_independent_runs
100,Metropolis,metropolis,-1.32893717,6.11696285e-04,100
100,Row-Update,mps2,-1.32986298,4.76049044e-04,100
100,Hybrid,mixture2,-1.33099658,3.16890731e-04,100
101,Metropolis,metropolis,-1.32911381,6.08322185e-04,100
101,Row-Update,mps2,-1.32990602,4.68993956e-04,100
101,Hybrid,mixture2,-1.33109957,3.12295618e-04,100
102,Metropolis,metropolis,-1.32912938,6.15336170e-04,100
102,Row-Update,mps2,-1.33011869,4.59141044e-04,100
102,Hybrid,mixture2,-1.33127014,3.12749124e-04,100
103,Metropolis,metropolis,-1.32918094,6.07173128e-04,100
103,Row-Update,mps2,-1.33021466,4.53384877e-04,100
103,Hybrid,mixture2,-1.33123267,3.12547709e-04,100
104,Metropolis,metropolis,-1.32930261,6.09046143e-04,100
104,Row-Update,mps2,-1.33022086,4.48868770e-04,100
104,Hybrid,mixture2,-1.33139960,2.83591195e-04,100
105,Metropolis,metropolis,-1.32932498,6.05287882e-04,100
105,Row-Update,mps2,-1.33038932,4.39068576e-04,100
105,Hybrid,mixture2,-1.33146233,2.80912610e-04,100
106,Metropolis,metropolis,-1.32948709,5.89284184e-04,100
106,Row-Update,mps2,-1.33055162,4.29129996e-04,100
106,Hybrid,mixture2,-1.33158128,2.82745566e-04,100
107,Metropolis,metropolis,-1.32965735,5.83956667e-04,100
107,Row-Update,mps2,-1.33066891,4.22426916e-04,100
107,Hybrid,mixture2,-1.33166267,2.69898873e-04,100
108,Metropolis,metropolis,-1.32972133,5.78198406e-04,100
108,Row-Update,mps2,-1.33076048,4.12288436e-04,100
108,Hybrid,mixture2,-1.33175710,2.75234706e-04,100
109,Metropolis,metropolis,-1.32991895,5.72506845e-04,100
109,Row-Update,mps2,-1.33083212,4.25916678e-04,100
109,Hybrid,mixture2,-1.33187488,2.69130009e-04,100
110,Metropolis,metropolis,-1.33004064,5.67280098e-04,100
110,Row-Update,mps2,-1.33080626,4.16398193e-04,100
110,Hybrid,mixture2,-1.33189213,2.69756520e-04,100
111,Metropolis,metropolis,-1.32998510,5.81047232e-04,100
111,Row-Update,mps2,-1.33101275,3.90146977e-04,100
111,Hybrid,mixture2,-1.33199240,2.63958608e-04,100
112,Metropolis,metropolis,-1.33011325,5.66827651e-04,100
112,Row-Update,mps2,-1.33107130,3.94009935e-04,100
112,Hybrid,mixture2,-1.33201292,2.57524553e-04,100
113,Metropolis,metropolis,-1.33016068,5.84988420e-04,100
113,Row-Update,mps2,-1.33118048,3.85026098e-04,100
113,Hybrid,mixture2,-1.33217415,2.35574328e-04,100
114,Metropolis,metropolis,-1.33016701,6.00645296e-04,100
114,Row-Update,mps2,-1.33126507,3.74115666e-04,100
114,Hybrid,mixture2,-1.33226331,2.30676887e-04,100
115,Metropolis,metropolis,-1.33042736,5.73089678e-04,100
115,Row-Update,mps2,-1.33134508,3.67222099e-04,100
115,Hybrid,mixture2,-1.33233752,2.16610327e-04,100
116,Metropolis,metropolis,-1.33056393,5.64924365e-04,100
116,Row-Update,mps2,-1.33138329,3.63025967e-04,100
116,Hybrid,mixture2,-1.33231023,2.28451471e-04,100
117,Metropolis,metropolis,-1.33056242,5.68138439e-04,100
117,Row-Update,mps2,-1.33145370,3.61099305e-04,100
117,Hybrid,mixture2,-1.33243770,2.34128587e-04,100
118,Metropolis,metropolis,-1.33061122,5.60615415e-04,100
118,Row-Update,mps2,-1.33153044,3.47485564e-04,100
118,Hybrid,mixture2,-1.33251593,2.11573718e-04,100
119,Metropolis,metropolis,-1.33075868,5.58085410e-04,100
119,Row-Update,mps2,-1.33153010,3.46316258e-04,100
119,Hybrid,mixture2,-1.33249053,2.20807543e-04,100
120,Metropolis,metropolis,-1.33084731,5.46817365e-04,100
120,Row-Update,mps2,-1.33167172,3.52397935e-04,100
120,Hybrid,mixture2,-1.33258704,2.11847490e-04,100
121,Metropolis,metropolis,-1.33087616,5.39083968e-04,100
121,Row-Update,mps2,-1.33176458,3.33789993e-04,100
121,Hybrid,mixture2,-1.33267721,2.04466708e-04,100
122,Metropolis,metropolis,-1.33098277,5.35927481e-04,100
122,Row-Update,mps2,-1.33178792,3.49926410e-04,100
122,Hybrid,mixture2,-1.33270449,2.21581631e-04,100
123,Metropolis,metropolis,-1.33100774,5.37154347e-04,100
123,Row-Update,mps2,-1.33189228,3.34188724e-04,100
123,Hybrid,mixture2,-1.33283938,2.01454714e-04,100
124,Metropolis,metropolis,-1.33105832,5.41929759e-04,100
124,Row-Update,mps2,-1.33197865,3.35972362e-04,100
124,Hybrid,mixture2,-1.33287021,2.05798626e-04,100
125,Metropolis,metropolis,-1.33109331,5.33620958e-04,100
125,Row-Update,mps2,-1.33206015,3.19052746e-04,100
125,Hybrid,mixture2,-1.33289543,2.05435195e-04,100
126,Metropolis,metropolis,-1.33121625,5.20889117e-04,100
126,Row-Update,mps2,-1.33215963,3.19454520e-04,100
126,Hybrid,mixture2,-1.33297702,2.07177420e-04,100
127,Metropolis,metropolis,-1.33128810,5.20641791e-04,100
127,Row-Update,mps2,-1.33222638,3.06247242e-04,100
127,Hybrid,mixture2,-1.33303149,1.88861481e-04,100
128,Metropolis,metropolis,-1.33141139,5.15826320e-04,100
128,Row-Update,mps2,-1.33229506,3.00923783e-04,100
128,Hybrid,mixture2,-1.33309562,1.92041687e-04,100
129,Metropolis,metropolis,-1.33139908,5.17354254e-04,100
129,Row-Update,mps2,-1.33232607,2.98752656e-04,100
129,Hybrid,mixture2,-1.33319679,1.83805807e-04,100
130,Metropolis,metropolis,-1.33149104,5.08554128e-04,100
130,Row-Update,mps2,-1.33240360,2.92176857e-04,100
130,Hybrid,mixture2,-1.33316343,1.80463183e-04,100
131,Metropolis,metropolis,-1.33157095,5.04455971e-04,100
131,Row-Update,mps2,-1.33245583,2.82285166e-04,100
131,Hybrid,mixture2,-1.33323193,1.89782270e-04,100
132,Metropolis,metropolis,-1.33156348,5.08710553e-04,100
132,Row-Update,mps2,-1.33250030,2.86070098e-04,100
132,Hybrid,mixture2,-1.33323766,1.88982183e-04,100
133,Metropolis,metropolis,-1.33171439,4.93980118e-04,100
133,Row-Update,mps2,-1.33260990,2.73071863e-04,100
133,Hybrid,mixture2,-1.33331880,1.80964461e-04,100
134,Metropolis,metropolis,-1.33176546,4.92200846e-04,100
134,Row-Update,mps2,-1.33264078,2.67310237e-04,100
134,Hybrid,mixture2,-1.33331244,1.80435060e-04,100
135,Metropolis,metropolis,-1.33178359,4.76494948e-04,100
135,Row-Update,mps2,-1.33265439,2.67835949e-04,100
135,Hybrid,mixture2,-1.33335793,1.82131038e-04,100
136,Metropolis,metropolis,-1.33185182,4.80820065e-04,100
136,Row-Update,mps2,-1.33274422,2.65540302e-04,100
136,Hybrid,mixture2,-1.33337903,1.88737320e-04,100
137,Metropolis,metropolis,-1.33194967,4.72621052e-04,100
137,Row-Update,mps2,-1.33282395,2.52999717e-04,100
137,Hybrid,mixture2,-1.33343783,1.81849879e-04,100
138,Metropolis,metropolis,-1.33191417,4.76921110e-04,100
138,Row-Update,mps2,-1.33281712,2.55936685e-04,100
138,Hybrid,mixture2,-1.33350787,1.74898859e-04,100
139,Metropolis,metropolis,-1.33189360,4.74691806e-04,100
139,Row-Update,mps2,-1.33292830,2.45029762e-04,100
139,Hybrid,mixture2,-1.33345772,1.79616709e-04,100
140,Metropolis,metropolis,-1.33205164,4.67293712e-04,100
140,Row-Update,mps2,-1.33296197,2.38530181e-04,100
140,Hybrid,mixture2,-1.33350772,1.85624793e-04,100
141,Metropolis,metropolis,-1.33200336,4.70315397e-04,100
141,Row-Update,mps2,-1.33302182,2.25418320e-04,100
141,Hybrid,mixture2,-1.33351678,1.89642324e-04,100
142,Metropolis,metropolis,-1.33219494,4.65374118e-04,100
142,Row-Update,mps2,-1.33305934,2.28171508e-04,100
142,Hybrid,mixture2,-1.33359318,1.74747074e-04,100
143,Metropolis,metropolis,-1.33213888,4.77820939e-04,100
143,Row-Update,mps2,-1.33310605,2.23472298e-04,100
143,Hybrid,mixture2,-1.33361883,1.78664510e-04,100
144,Metropolis,metropolis,-1.33221067,4.65632208e-04,100
144,Row-Update,mps2,-1.33322158,2.25434897e-04,100
144,Hybrid,mixture2,-1.33361578,1.80996847e-04,100
145,Metropolis,metropolis,-1.33225751,4.56149830e-04,100
145,Row-Update,mps2,-1.33317762,2.27051957e-04,100
145,Hybrid,mixture2,-1.33365034,1.81679536e-04,100
146,Metropolis,metropolis,-1.33229129,4.50605780e-04,100
146,Row-Update,mps2,-1.33319272,2.28756797e-04,100
146,Hybrid,mixture2,-1.33365702,1.75955162e-04,100
147,Metropolis,metropolis,-1.33237039,4.55731411e-04,100
147,Row-Update,mps2,-1.33325069,2.24682254e-04,100
147,Hybrid,mixture2,-1.33370501,1.70521691e-04,100
148,Metropolis,metropolis,-1.33234692,4.56964154e-04,100
148,Row-Update,mps2,-1.33329428,2.23854565e-04,100
148,Hybrid,mixture2,-1.33378072,1.65356699e-04,100
149,Metropolis,metropolis,-1.33246289,4.53648410e-04,100
149,Row-Update,mps2,-1.33335301,2.18710780e-04,100
149,Hybrid,mixture2,-1.33380355,1.68316494e-04,100
150,Metropolis,metropolis,-1.33242831,4.51499639e-04,100
150,Row-Update,mps2,-1.33342722,2.22268401e-04,100
150,Hybrid,mixture2,-1.33382076,1.64732251e-04,100
151,Metropolis,metropolis,-1.33250655,4.50627191e-04,100
151,Row-Update,mps2,-1.33348083,2.20232822e-04,100
151,Hybrid,mixture2,-1.33387681,1.56207192e-04,100
152,Metropolis,metropolis,-1.33250622,4.52423804e-04,100
152,Row-Update,mps2,-1.33350334,2.11761557e-04,100
152,Hybrid,mixture2,-1.33384284,1.61897143e-04,100
153,Metropolis,metropolis,-1.33256168,4.50334002e-04,100
153,Row-Update,mps2,-1.33349379,2.14187479e-04,100
153,Hybrid,mixture2,-1.33393155,1.56571989e-04,100
154,Metropolis,metropolis,-1.33262099,4.46678609e-04,100
154,Row-Update,mps2,-1.33352782,2.15043292e-04,100
154,Hybrid,mixture2,-1.33390537,1.61383472e-04,100
155,Metropolis,metropolis,-1.33261266,4.49647700e-04,100
155,Row-Update,mps2,-1.33349473,2.30543532e-04,100
155,Hybrid,mixture2,-1.33389705,1.55799526e-04,100
156,Metropolis,metropolis,-1.33271225,4.43362647e-04,100
156,Row-Update,mps2,-1.33355706,2.29841371e-04,100
156,Hybrid,mixture2,-1.33397267,1.46004463e-04,100
157,Metropolis,metropolis,-1.33272090,4.42596836e-04,100
157,Row-Update,mps2,-1.33361032,2.22517602e-04,100
157,Hybrid,mixture2,-1.33401181,1.47404944e-04,100
158,Metropolis,metropolis,-1.33270307,4.44947146e-04,100
158,Row-Update,mps2,-1.33369840,2.20586274e-04,100
158,Hybrid,mixture2,-1.33403418,1.50084255e-04,100
159,Metropolis,metropolis,-1.33272302,4.43683016e-04,100
159,Row-Update,mps2,-1.33369000,2.17248213e-04,100
159,Hybrid,mixture2,-1.33404407,1.45326018e-04,100
160,Metropolis,metropolis,-1.33270869,4.44773725e-04,100
160,Row-Update,mps2,-1.33371904,2.10798803e-04,100
160,Hybrid,mixture2,-1.33405622,1.48233589e-04,100
161,Metropolis,metropolis,-1.33272478,4.53446679e-04,100
161,Row-Update,mps2,-1.33374042,2.15664584e-04,100
161,Hybrid,mixture2,-1.33404456,1.46628852e-04,100
162,Metropolis,metropolis,-1.33279018,4.41945523e-04,100
162,Row-Update,mps2,-1.33373656,2.09919302e-04,100
162,Hybrid,mixture2,-1.33406780,1.47332439e-04,100
163,Metropolis,metropolis,-1.33276233,4.45594041e-04,100
163,Row-Update,mps2,-1.33377225,2.13329868e-04,100
163,Hybrid,mixture2,-1.33414374,1.44550594e-04,100
164,Metropolis,metropolis,-1.33280523,4.44540957e-04,100
164,Row-Update,mps2,-1.33374718,2.11112409e-04,100
164,Hybrid,mixture2,-1.33411114,1.44022227e-04,100
165,Metropolis,metropolis,-1.33286293,4.43471831e-04,100
165,Row-Update,mps2,-1.33384347,2.07918639e-04,100
165,Hybrid,mixture2,-1.33414194,1.44294824e-04,100
166,Metropolis,metropolis,-1.33285425,4.43158988e-04,100
166,Row-Update,mps2,-1.33387139,2.15647540e-04,100
166,Hybrid,mixture2,-1.33413393,1.38703141e-04,100
167,Metropolis,metropolis,-1.33290297,4.47076238e-04,100
167,Row-Update,mps2,-1.33390212,2.09008159e-04,100
167,Hybrid,mixture2,-1.33417672,1.43358626e-04,100
168,Metropolis,metropolis,-1.33290956,4.46197277e-04,100
168,Row-Update,mps2,-1.33386512,2.20506349e-04,100
168,Hybrid,mixture2,-1.33421221,1.35528567e-04,100
169,Metropolis,metropolis,-1.33296325,4.41802019e-04,100
169,Row-Update,mps2,-1.33388703,2.16083532e-04,100
169,Hybrid,mixture2,-1.33422348,1.33276236e-04,100
170,Metropolis,metropolis,-1.33297348,4.41464055e-04,100
170,Row-Update,mps2,-1.33392329,2.20342389e-04,100
170,Hybrid,mixture2,-1.33418311,1.39496032e-04,100
171,Metropolis,metropolis,-1.33299575,4.40289308e-04,100
171,Row-Update,mps2,-1.33394759,2.07945242e-04,100
171,Hybrid,mixture2,-1.33427577,1.36691767e-04,100
172,Metropolis,metropolis,-1.33300402,4.44245154e-04,100
172,Row-Update,mps2,-1.33394612,2.07526373e-04,100
172,Hybrid,mixture2,-1.33428629,1.32367625e-04,100
173,Metropolis,metropolis,-1.33298437,4.38943051e-04,100
173,Row-Update,mps2,-1.33401081,2.19617910e-04,100
173,Hybrid,mixture2,-1.33431159,1.30525422e-04,100
174,Metropolis,metropolis,-1.33295601,4.47235867e-04,100
174,Row-Update,mps2,-1.33404112,2.15048447e-04,100
174,Hybrid,mixture2,-1.33432607,1.29486918e-04,100
175,Metropolis,metropolis,-1.33306124,4.41649581e-04,100
175,Row-Update,mps2,-1.33406452,2.06898901e-04,100
175,Hybrid,mixture2,-1.33437695,1.31827345e-04,100
176,Metropolis,metropolis,-1.33308537,4.43418255e-04,100
176,Row-Update,mps2,-1.33407184,2.20452059e-04,100
176,Hybrid,mixture2,-1.33434969,1.37447545e-04,100
177,Metropolis,metropolis,-1.33309047,4.32522446e-04,100
177,Row-Update,mps2,-1.33407815,2.15607280e-04,100
177,Hybrid,mixture2,-1.33438572,1.38365891e-04,100
178,Metropolis,metropolis,-1.33312412,4.41306517e-04,100
178,Row-Update,mps2,-1.33415942,1.95855924e-04,100
178,Hybrid,mixture2,-1.33438006,1.34729254e-04,100
179,Metropolis,metropolis,-1.33311384,4.46474355e-04,100
179,Row-Update,mps2,-1.33411938,2.05756892e-04,100
179,Hybrid,mixture2,-1.33449328,1.27665985e-04,100
180,Metropolis,metropolis,-1.33314258,4.40969245e-04,100
180,Row-Update,mps2,-1.33417004,1.86768587e-04,100
180,Hybrid,mixture2,-1.33439801,1.30118217e-04,100
181,Metropolis,metropolis,-1.33320003,4.33464729e-04,100
181,Row-Update,mps2,-1.33422509,1.83862977e-04,100
181,Hybrid,mixture2,-1.33448553,1.28427214e-04,100
182,Metropolis,metropolis,-1.33319981,4.37215386e-04,100
182,Row-Update,mps2,-1.33420388,1.93872799e-04,100
182,Hybrid,mixture2,-1.33445777,1.30868674e-04,100
183,Metropolis,metropolis,-1.33325107,4.36076955e-04,100
183,Row-Update,mps2,-1.33426257,1.79821522e-04,100
183,Hybrid,mixture2,-1.33442575,1.31392707e-04,100
184,Metropolis,metropolis,-1.33325356,4.37943330e-04,100
184,Row-Update,mps2,-1.33430988,1.73935236e-04,100
184,Hybrid,mixture2,-1.33451440,1.29783163e-04,100
185,Metropolis,metropolis,-1.33320289,4.30579162e-04,100
185,Row-Update,mps2,-1.33424170,1.68161993e-04,100
185,Hybrid,mixture2,-1.33446920,1.27081474e-04,100
186,Metropolis,metropolis,-1.33324504,4.30822667e-04,100
186,Row-Update,mps2,-1.33433896,1.49741183e-04,100
186,Hybrid,mixture2,-1.33448694,1.38765944e-04,100
187,Metropolis,metropolis,-1.33325948,4.36550440e-04,100
187,Row-Update,mps2,-1.33435055,1.44312121e-04,100
187,Hybrid,mixture2,-1.33451798,1.24866016e-04,100
188,Metropolis,metropolis,-1.33330572,4.35523318e-04,100
188,Row-Update,mps2,-1.33441256,1.40175839e-04,100
188,Hybrid,mixture2,-1.33453006,1.33747762e-04,100
189,Metropolis,metropolis,-1.33334894,4.31394684e-04,100
189,Row-Update,mps2,-1.33443031,1.30777966e-04,100
189,Hybrid,mixture2,-1.33459338,1.25263606e-04,100
190,Metropolis,metropolis,-1.33341467,4.35546132e-04,100
190,Row-Update,mps2,-1.33446165,1.32673842e-04,100
190,Hybrid,mixture2,-1.33463548,1.21149730e-04,100
191,Metropolis,metropolis,-1.33340006,4.33936068e-04,100
191,Row-Update,mps2,-1.33444836,1.28746064e-04,100
191,Hybrid,mixture2,-1.33466314,1.19400949e-04,100
192,Metropolis,metropolis,-1.33344718,4.27011347e-04,100
192,Row-Update,mps2,-1.33444347,1.32851499e-04,100
192,Hybrid,mixture2,-1.33464267,1.19405994e-04,100
193,Metropolis,metropolis,-1.33339667,4.26034650e-04,100
193,Row-Update,mps2,-1.33450178,1.28507238e-04,100
193,Hybrid,mixture2,-1.33466002,1.19090020e-04,100
194,Metropolis,metropolis,-1.33343732,4.28187125e-04,100
194,Row-Update,mps2,-1.33455359,1.23992597e-04,100
194,Hybrid,mixture2,-1.33468254,1.19735047e-04,100
195,Metropolis,metropolis,-1.33342041,4.27273940e-04,100
195,Row-Update,mps2,-1.33447303,1.27325144e-04,100
195,Hybrid,mixture2,-1.33465370,1.20638401e-04,100
196,Metropolis,metropolis,-1.33346634,4.21876756e-04,100
196,Row-Update,mps2,-1.33457837,1.23338140e-04,100
196,Hybrid,mixture2,-1.33471218,1.19035374e-04,100
197,Metropolis,metropolis,-1.33343988,4.24967460e-04,100
197,Row-Update,mps2,-1.33459542,1.23425052e-04,100
197,Hybrid,mixture2,-1.33472654,1.16278547e-04,100
198,Metropolis,metropolis,-1.33348186,4.24321235e-04,100
198,Row-Update,mps2,-1.33458353,1.20358130e-04,100
198,Hybrid,mixture2,-1.33473677,1.19307747e-04,100
199,Metropolis,metropolis,-1.33346129,4.26852887e-04,100
199,Row-Update,mps2,-1.33458028,1.15726488e-04,100
199,Hybrid,mixture2,-1.33477129,1.13157167e-04,100
200,Metropolis,metropolis,-1.33353890,4.20365322e-04,100
200,Row-Update,mps2,-1.33459805,1.16114998e-04,100
200,Hybrid,mixture2,-1.33474456,1.16122742e-04,100
201,Metropolis,metropolis,-1.33356663,4.19277400e-04,100
201,Row-Update,mps2,-1.33465679,1.15301492e-04,100
201,Hybrid,mixture2,-1.33469252,1.16200136e-04,100
202,Metropolis,metropolis,-1.33355827,4.23052875e-04,100
202,Row-Update,mps2,-1.33461475,1.25112906e-04,100
202,Hybrid,mixture2,-1.33475821,1.21108271e-04,100
203,Metropolis,metropolis,-1.33357576,4.24384869e-04,100
203,Row-Update,mps2,-1.33467056,1.17980077e-04,100
203,Hybrid,mixture2,-1.33478337,1.19705298e-04,100
204,Metropolis,metropolis,-1.33353795,4.29985309e-04,100
204,Row-Update,mps2,-1.33468066,1.15288436e-04,100
204,Hybrid,mixture2,-1.33478007,1.22468729e-04,100
205,Metropolis,metropolis,-1.33359244,4.25028205e-04,100
205,Row-Update,mps2,-1.33468264,1.17603074e-04,100
205,Hybrid,mixture2,-1.33481413,1.17385018e-04,100
206,Metropolis,metropolis,-1.33356674,4.26695810e-04,100
206,Row-Update,mps2,-1.33471976,1.19345224e-04,100
206,Hybrid,mixture2,-1.33479252,1.17619328e-04,100
207,Metropolis,metropolis,-1.33363291,4.25837202e-04,100
207,Row-Update,mps2,-1.33471424,1.15830047e-04,100
207,Hybrid,mixture2,-1.33483348,1.20898227e-04,100
208,Metropolis,metropolis,-1.33361724,4.16638860e-04,100
208,Row-Update,mps2,-1.33479458,1.10799572e-04,100
208,Hybrid,mixture2,-1.33481041,1.24568908e-04,100
209,Metropolis,metropolis,-1.33368063,4.21392192e-04,100
209,Row-Update,mps2,-1.33475320,1.19798577e-04,100
209,Hybrid,mixture2,-1.33476915,1.31431128e-04,100
210,Metropolis,metropolis,-1.33373611,4.20728604e-04,100
210,Row-Update,mps2,-1.33477067,1.11001514e-04,100
210,Hybrid,mixture2,-1.33485592,1.24007080e-04,100
211,Metropolis,metropolis,-1.33370489,4.22136279e-04,100
211,Row-Update,mps2,-1.33481073,1.16169973e-04,100
211,Hybrid,mixture2,-1.33486825,1.27309829e-04,100
212,Metropolis,metropolis,-1.33369801,4.22302445e-04,100
212,Row-Update,mps2,-1.33482513,1.16679245e-04,100
212,Hybrid,mixture2,-1.33487204,1.25538797e-04,100
213,Metropolis,metropolis,-1.33368127,4.21405041e-04,100
213,Row-Update,mps2,-1.33476914,1.17069093e-04,100
213,Hybrid,mixture2,-1.33489936,1.26022160e-04,100
214,Metropolis,metropolis,-1.33370560,4.22677676e-04,100
214,Row-Update,mps2,-1.33483643,1.11489140e-04,100
214,Hybrid,mixture2,-1.33491227,1.22578652e-04,100
215,Metropolis,metropolis,-1.33369133,4.21945665e-04,100
215,Row-Update,mps2,-1.33484669,1.14763813e-04,100
215,Hybrid,mixture2,-1.33493482,1.18259619e-04,100
216,Metropolis,metropolis,-1.33371523,4.20033735e-04,100
216,Row-Update,mps2,-1.33481668,1.16415021e-04,100
216,Hybrid,mixture2,-1.33491833,1.21818872e-04,100
217,Metropolis,metropolis,-1.33373833,4.24235819e-04,100
217,Row-Update,mps2,-1.33483371,1.15864925e-04,100
217,Hybrid,mixture2,-1.33487932,1.24007592e-04,100
218,Metropolis,metropolis,-1.33371920,4.20023936e-04,100
218,Row-Update,mps2,-1.33485377,1.14670906e-04,100
218,Hybrid,mixture2,-1.33492461,1.22804953e-04,100
219,Metropolis,metropolis,-1.33379279,4.16535349e-04,100
219,Row-Update,mps2,-1.33489194,1.11805698e-04,100
219,Hybrid,mixture2,-1.33500088,1.23775100e-04,100
220,Metropolis,metropolis,-1.33375124,4.20845299e-04,100
220,Row-Update,mps2,-1.33491437,1.10002190e-04,100
220,Hybrid,mixture2,-1.33495105,1.20100014e-04,100
221,Metropolis,metropolis,-1.33373766,4.20968995e-04,100
221,Row-Update,mps2,-1.33492858,1.15126417e-04,100
221,Hybrid,mixture2,-1.33495628,1.18876224e-04,100
222,Metropolis,metropolis,-1.33379358,4.19144489e-04,100
222,Row-Update,mps2,-1.33487491,1.14531755e-04,100
222,Hybrid,mixture2,-1.33496231,1.20399050e-04,100
223,Metropolis,metropolis,-1.33377261,4.24287182e-04,100
223,Row-Update,mps2,-1.33485647,1.19824264e-04,100
223,Hybrid,mixture2,-1.33498824,1.20674331e-04,100
224,Metropolis,metropolis,-1.33387979,4.19611579e-04,100
224,Row-Update,mps2,-1.33487140,1.17279878e-04,100
224,Hybrid,mixture2,-1.33495104,1.23824675e-04,100
225,Metropolis,metropolis,-1.33385771,4.20022774e-04,100
225,Row-Update,mps2,-1.33493889,1.19149341e-04,100
225,Hybrid,mixture2,-1.33500874,1.20197080e-04,100
226,Metropolis,metropolis,-1.33388337,4.21701615e-04,100
226,Row-Update,mps2,-1.33496578,1.13920927e-04,100
226,Hybrid,mixture2,-1.33502636,1.26199407e-04,100
227,Metropolis,metropolis,-1.33384654,4.23835173e-04,100
227,Row-Update,mps2,-1.33492749,1.17346567e-04,100
227,Hybrid,mixture2,-1.33506505,1.18793789e-04,100
228,Metropolis,metropolis,-1.33387543,4.18980439e-04,100
228,Row-Update,mps2,-1.33495137,1.15139801e-04,100
228,Hybrid,mixture2,-1.33506174,1.20848535e-04,100
229,Metropolis,metropolis,-1.33385254,4.17662699e-04,100
229,Row-Update,mps2,-1.33495157,1.15392583e-04,100
229,Hybrid,mixture2,-1.33506902,1.20976221e-04,100
230,Metropolis,metropolis,-1.33390349,4.17958040e-04,100
230,Row-Update,mps2,-1.33494757,1.16407616e-04,100
230,Hybrid,mixture2,-1.33503617,1.36956952e-04,100
231,Metropolis,metropolis,-1.33388214,4.20708753e-04,100
231,Row-Update,mps2,-1.33501555,1.13915566e-04,100
231,Hybrid,mixture2,-1.33506782,1.28074804e-04,100
232,Metropolis,metropolis,-1.33394693,4.20353763e-04,100
232,Row-Update,mps2,-1.33499157,1.15502019e-04,100
232,Hybrid,mixture2,-1.33509820,1.16057823e-04,100
233,Metropolis,metropolis,-1.33397774,4.19628821e-04,100
233,Row-Update,mps2,-1.33502711,1.17704253e-04,100
233,Hybrid,mixture2,-1.33509020,1.16267861e-04,100
234,Metropolis,metropolis,-1.33397598,4.16567158e-04,100
234,Row-Update,mps2,-1.33502284,1.22744224e-04,100
234,Hybrid,mixture2,-1.33507371,1.20592929e-04,100
235,Metropolis,metropolis,-1.33395886,4.22240156e-04,100
235,Row-Update,mps2,-1.33502629,1.18820041e-04,100
235,Hybrid,mixture2,-1.33508058,1.21655910e-04,100
236,Metropolis,metropolis,-1.33398808,4.17744984e-04,100
236,Row-Update,mps2,-1.33500866,1.18343080e-04,100
236,Hybrid,mixture2,-1.33514988,1.21337141e-04,100
237,Metropolis,metropolis,-1.33397664,4.16967879e-04,100
237,Row-Update,mps2,-1.33503827,1.21888515e-04,100
237,Hybrid,mixture2,-1.33518374,1.15084244e-04,100
238,Metropolis,metropolis,-1.33400234,4.15028906e-04,100
238,Row-Update,mps2,-1.33502678,1.22890415e-04,100
238,Hybrid,mixture2,-1.33517234,1.17600127e-04,100
239,Metropolis,metropolis,-1.33406424,4.16645946e-04,100
239,Row-Update,mps2,-1.33501636,1.34769675e-04,100
239,Hybrid,mixture2,-1.33518662,1.18375625e-04,100
240,Metropolis,metropolis,-1.33403315,4.15647101e-04,100
240,Row-Update,mps2,-1.33500757,1.28046789e-04,100
240,Hybrid,mixture2,-1.33516693,1.23926310e-04,100
241,Metropolis,metropolis,-1.33406965,4.16296177e-04,100
241,Row-Update,mps2,-1.33503720,1.23987407e-04,100
241,Hybrid,mixture2,-1.33519780,1.17291107e-04,100
242,Metropolis,metropolis,-1.33405766,4.17956044e-04,100
242,Row-Update,mps2,-1.33504547,1.22336590e-04,100
242,Hybrid,mixture2,-1.33521729,1.13135399e-04,100
243,Metropolis,metropolis,-1.33404082,4.17451635e-04,100
243,Row-Update,mps2,-1.33507229,1.25111686e-04,100
243,Hybrid,mixture2,-1.33518468,1.25255186e-04,100
244,Metropolis,metropolis,-1.33409201,4.15089698e-04,100
244,Row-Update,mps2,-1.33507151,1.24382119e-04,100
244,Hybrid,mixture2,-1.33521154,1.13666784e-04,100
245,Metropolis,metropolis,-1.33406527,4.14260067e-04,100
245,Row-Update,mps2,-1.33508801,1.26382305e-04,100
245,Hybrid,mixture2,-1.33521943,1.15905128e-04,100
246,Metropolis,metropolis,-1.33408482,4.12325324e-04,100
246,Row-Update,mps2,-1.33508942,1.26352480e-04,100
246,Hybrid,mixture2,-1.33522779,1.11823335e-04,100
247,Metropolis,metropolis,-1.33409722,4.17501683e-04,100
247,Row-Update,mps2,-1.33507165,1.28811454e-04,100
247,Hybrid,mixture2,-1.33518606,1.25346383e-04,100
248,Metropolis,metropolis,-1.33410675,4.13905364e-04,100
248,Row-Update,mps2,-1.33510363,1.23678140e-04,100
248,Hybrid,mixture2,-1.33520320,1.24335219e-04,100
249,Metropolis,metropolis,-1.33413540,4.11705638e-04,100
249,Row-Update,mps2,-1.33511388,1.20480718e-04,100
249,Hybrid,mixture2,-1.33521780,1.17606809e-04,100
250,Metropolis,metropolis,-1.33414453,4.17106248e-04,100
250,Row-Update,mps2,-1.33514444,1.24380855e-04,100
250,Hybrid,mixture2,-1.33526995,1.18005974e-04,100
251,Metropolis,metropolis,-1.33414490,4.13855044e-04,100
251,Row-Update,mps2,-1.33520192,1.14112223e-04,100
251,Hybrid,mixture2,-1.33527497,1.21772664e-04,100
252,Metropolis,metropolis,-1.33419212,4.12897186e-04,100
252,Row-Update,mps2,-1.33523820,1.11488708e-04,100
252,Hybrid,mixture2,-1.33530848,1.13404660e-04,100
253,Metropolis,metropolis,-1.33414122,4.11876892e-04,100
253,Row-Update,mps2,-1.33519047,1.15353949e-04,100
253,Hybrid,mixture2,-1.33529161,1.18452086e-04,100
254,Metropolis,metropolis,-1.33423723,4.13978241e-04,100
254,Row-Update,mps2,-1.33526705,1.12889986e-04,100
254,Hybrid,mixture2,-1.33528755,1.20495342e-04,100
255,Metropolis,metropolis,-1.33420649,4.14588806e-04,100
255,Row-Update,mps2,-1.33527471,1.15327938e-04,100
255,Hybrid,mixture2,-1.33527497,1.17602334e-04,100
256,Metropolis,metropolis,-1.33418007,4.11750654e-04,100
256,Row-Update,mps2,-1.33525670,1.09552872e-04,100
256,Hybrid,mixture2,-1.33528532,1.23081267e-04,100
257,Metropolis,metropolis,-1.33422059,4.11020656e-04,100
257,Row-Update,mps2,-1.33521016,1.21402702e-04,100
257,Hybrid,mixture2,-1.33527014,1.36071394e-04,100
258,Metropolis,metropolis,-1.33423560,4.13901115e-04,100
258,Row-Update,mps2,-1.33525412,1.12987934e-04,100
258,Hybrid,mixture2,-1.33529724,1.25892003e-04,100
259,Metropolis,metropolis,-1.33424527,4.08975172e-04,100
259,Row-Update,mps2,-1.33524805,1.13975751e-04,100
259,Hybrid,mixture2,-1.33533659,1.23333393e-04,100
260,Metropolis,metropolis,-1.33425004,4.09229778e-04,100
260,Row-Update,mps2,-1.33526242,1.11918060e-04,100
260,Hybrid,mixture2,-1.33528689,1.21713294e-04,100
261,Metropolis,metropolis,-1.33422806,4.10964415e-04,100
261,Row-Update,mps2,-1.33525160,1.12639670e-04,100
261,Hybrid,mixture2,-1.33537028,1.18424235e-04,100
262,Metropolis,metropolis,-1.33421881,4.09803999e-04,100
262,Row-Update,mps2,-1.33530863,1.10053951e-04,100
262,Hybrid,mixture2,-1.33536012,1.18558467e-04,100
263,Metropolis,metropolis,-1.33425345,4.08327204e-04,100
263,Row-Update,mps2,-1.33531844,1.12763404e-04,100
263,Hybrid,mixture2,-1.33535381,1.16330045e-04,100
264,Metropolis,metropolis,-1.33422681,4.09858539e-04,100
264,Row-Update,mps2,-1.33526973,1.14380878e-04,100
264,Hybrid,mixture2,-1.33538482,1.18923076e-04,100
265,Metropolis,metropolis,-1.33427965,4.11839842e-04,100
265,Row-Update,mps2,-1.33521600,1.15286021e-04,100
265,Hybrid,mixture2,-1.33541834,1.15287860e-04,100
266,Metropolis,metropolis,-1.33422835,4.12237742e-04,100
266,Row-Update,mps2,-1.33533282,1.13709116e-04,100
266,Hybrid,mixture2,-1.33541518,1.28550391e-04,100
267,Metropolis,metropolis,-1.33427645,4.09522775e-04,100
267,Row-Update,mps2,-1.33532941,1.09129346e-04,100
267,Hybrid,mixture2,-1.33536139,1.22546113e-04,100
268,Metropolis,metropolis,-1.33432424,4.09472768e-04,100
268,Row-Update,mps2,-1.33533953,1.08646730e-04,100
268,Hybrid,mixture2,-1.33534532,1.26771012e-04,100
269,Metropolis,metropolis,-1.33429945,4.09041934e-04,100
269,Row-Update,mps2,-1.33533038,1.13559015e-04,100
269,Hybrid,mixture2,-1.33535459,1.17631895e-04,100
270,Metropolis,metropolis,-1.33430127,4.08596683e-04,100
270,Row-Update,mps2,-1.33534098,1.12313285e-04,100
270,Hybrid,mixture2,-1.33539325,1.15117354e-04,100
271,Metropolis,metropolis,-1.33435479,4.06738410e-04,100
271,Row-Update,mps2,-1.33538348,1.04185490e-04,100
271,Hybrid,mixture2,-1.33539157,1.19053448e-04,100
272,Metropolis,metropolis,-1.33436518,4.06695846e-04,100
272,Row-Update,mps2,-1.33537055,1.05659192e-04,100
272,Hybrid,mixture2,-1.33537389,1.20199091e-04,100
273,Metropolis,metropolis,-1.33435542,4.08406079e-04,100
273,Row-Update,mps2,-1.33539202,1.09359365e-04,100
273,Hybrid,mixture2,-1.33539725,1.17698789e-04,100
274,Metropolis,metropolis,-1.33436833,4.09608863e-04,100
274,Row-Update,mps2,-1.33535105,1.05465220e-04,100
274,Hybrid,mixture2,-1.33541775,1.14728250e-04,100
275,Metropolis,metropolis,-1.33434174,4.06206182e-04,100
275,Row-Update,mps2,-1.33539954,1.07202423e-04,100
275,Hybrid,mixture2,-1.33541356,1.12979006e-04,100
276,Metropolis,metropolis,-1.33439916,4.04846485e-04,100
276,Row-Update,mps2,-1.33540650,1.07023395e-04,100
276,Hybrid,mixture2,-1.33545157,1.16292660e-04,100
277,Metropolis,metropolis,-1.33435936,4.06140399e-04,100
277,Row-Update,mps2,-1.33540664,1.05402249e-04,100
277,Hybrid,mixture2,-1.33544373,1.19766591e-04,100
278,Metropolis,metropolis,-1.33438802,4.06886946e-04,100
278,Row-Update,mps2,-1.33542719,1.01848698e-04,100
278,Hybrid,mixture2,-1.33546344,1.24260295e-04,100
279,Metropolis,metropolis,-1.33439745,4.08596376e-04,100
279,Row-Update,mps2,-1.33540309,1.11812795e-04,100
279,Hybrid,mixture2,-1.33547722,1.18522797e-04,100
280,Metropolis,metropolis,-1.33438992,4.07537437e-04,100
280,Row-Update,mps2,-1.33546205,1.07437992e-04,100
280,Hybrid,mixture2,-1.33544620,1.25349260e-04,100
281,Metropolis,metropolis,-1.33443990,4.04544511e-04,100
281,Row-Update,mps2,-1.33548038,1.08165884e-04,100
281,Hybrid,mixture2,-1.33545897,1.24998294e-04,100
282,Metropolis,metropolis,-1.33440311,4.05966851e-04,100
282,Row-Update,mps2,-1.33546272,1.03940135e-04,100
282,Hybrid,mixture2,-1.33545644,1.14901406e-04,100
283,Metropolis,metropolis,-1.33443941,4.07190454e-04,100
283,Row-Update,mps2,-1.33552270,1.04760910e-04,100
283,Hybrid,mixture2,-1.33550782,1.13886833e-04,100
284,Metropolis,metropolis,-1.33442952,4.07532634e-04,100
284,Row-Update,mps2,-1.33541228,1.13458151e-04,100
284,Hybrid,mixture2,-1.33551229,1.17640945e-04,100
285,Metropolis,metropolis,-1.33443606,4.08248693e-04,100
285,Row-Update,mps2,-1.33546546,1.06296755e-04,100
285,Hybrid,mixture2,-1.33554780,1.14047627e-04,100
286,Metropolis,metropolis,-1.33443220,4.06148964e-04,100
286,Row-Update,mps2,-1.33546717,1.08339150e-04,100
286,Hybrid,mixture2,-1.33551539,1.15702566e-04,100
287,Metropolis,metropolis,-1.33448386,4.04521204e-04,100
287,Row-Update,mps2,-1.33543797,1.12168701e-04,100
287,Hybrid,mixture2,-1.33550601,1.17574437e-04,100
288,Metropolis,metropolis,-1.33444252,4.05738123e-04,100
288,Row-Update,mps2,-1.33550616,1.06761350e-04,100
288,Hybrid,mixture2,-1.33552842,1.16281187e-04,100
289,Metropolis,metropolis,-1.33446155,4.04478266e-04,100
289,Row-Update,mps2,-1.33549183,1.11133742e-04,100
289,Hybrid,mixture2,-1.33549666,1.18571299e-04,100
290,Metropolis,metropolis,-1.33447058,4.06046342e-04,100
290,Row-Update,mps2,-1.33556319,1.03688321e-04,100
290,Hybrid,mixture2,-1.33557332,1.16812817e-04,100
291,Metropolis,metropolis,-1.33452465,4.03946438e-04,100
291,Row-Update,mps2,-1.33553801,1.02788095e-04,100
291,Hybrid,mixture2,-1.33558748,1.21842689e-04,100
292,Metropolis,metropolis,-1.33447092,4.05512741e-04,100
292,Row-Update,mps2,-1.33550625,1.22442380e-04,100
292,Hybrid,mixture2,-1.33552678,1.18525842e-04,100
293,Metropolis,metropolis,-1.33451244,4.04776360e-04,100
293,Row-Update,mps2,-1.33553111,1.10105605e-04,100
293,Hybrid,mixture2,-1.33556983,1.17792119e-04,100
294,Metropolis,metropolis,-1.33450394,4.02655716e-04,100
294,Row-Update,mps2,-1.33556806,1.07880532e-04,100
294,Hybrid,mixture2,-1.33556935,1.12088870e-04,100
295,Metropolis,metropolis,-1.33449986,4.05598782e-04,100
295,Row-Update,mps2,-1.33556110,1.05910102e-04,100
295,Hybrid,mixture2,-1.33559048,1.11411620e-04,100
296,Metropolis,metropolis,-1.33451212,4.02772883e-04,100
296,Row-Update,mps2,-1.33557930,1.02278098e-04,100
296,Hybrid,mixture2,-1.33558344,1.11568344e-04,100
297,Metropolis,metropolis,-1.33454643,4.03062396e-04,100
297,Row-Update,mps2,-1.33555019,1.05271954e-04,100
297,Hybrid,mixture2,-1.33562535,1.10162077e-04,100
298,Metropolis,metropolis,-1.33453574,4.08404315e-04,100
298,Row-Update,mps2,-1.33555928,1.10984911e-04,100
298,Hybrid,mixture2,-1.33564149,1.11394478e-04,100
299,Metropolis,metropolis,-1.33455015,4.06012866e-04,100
299,Row-Update,mps2,-1.33551788,1.19610875e-04,100
299,Hybrid,mixture2,-1.33558500,1.17457532e-04,100
300,Metropolis,metropolis,-1.33453583,4.05021082e-04,100
300,Row-Update,mps2,-1.33558938,1.05415894e-04,100
300,Hybrid,mixture2,-1.33554486,1.18397803e-04,100
301,Metropolis,metropolis,-1.33449483,4.07081425e-04,100
301,Row-Update,mps2,-1.33555734,1.13106947e-04,100
301,Hybrid,mixture2,-1.33561039,1.17009087e-04,100
302,Metropolis,metropolis,-1.33450471,4.05546106e-04,100
302,Row-Update,mps2,-1.33560547,1.02357643e-04,100
302,Hybrid,mixture2,-1.33564930,1.10734330e-04,100
303,Metropolis,metropolis,-1.33453853,4.03066050e-04,100
303,Row-Update,mps2,-1.33562029,1.03269687e-04,100
303,Hybrid,mixture2,-1.33559785,1.12217467e-04,100
304,Metropolis,metropolis,-1.33454411,4.05093987e-04,100
304,Row-Update,mps2,-1.33560643,1.05567638e-04,100
304,Hybrid,mixture2,-1.33565478,1.13285589e-04,100
305,Metropolis,metropolis,-1.33454575,4.01963859e-04,100
305,Row-Update,mps2,-1.33552783,1.07731720e-04,100
305,Hybrid,mixture2,-1.33560116,1.14353380e-04,100
306,Metropolis,metropolis,-1.33456703,4.06059950e-04,100
306,Row-Update,mps2,-1.33557999,1.10362424e-04,100
306,Hybrid,mixture2,-1.33565722,1.11090897e-04,100
307,Metropolis,metropolis,-1.33460278,4.03541371e-04,100
307,Row-Update,mps2,-1.33560405,1.09246801e-04,100
307,Hybrid,mixture2,-1.33565023,1.12978565e-04,100
308,Metropolis,metropolis,-1.33461887,4.03978917e-04,100
308,Row-Update,mps2,-1.33565462,1.09108309e-04,100
308,Hybrid,mixture2,-1.33567346,1.11456430e-04,100
309,Metropolis,metropolis,-1.33460586,4.01557657e-04,100
309,Row-Update,mps2,-1.33564568,1.03877503e-04,100
309,Hybrid,mixture2,-1.33563777,1.12385989e-04,100
310,Metropolis,metropolis,-1.33459790,4.02632493e-04,100
310,Row-Update,mps2,-1.33565742,1.04486537e-04,100
310,Hybrid,mixture2,-1.33563473,1.15300552e-04,100
311,Metropolis,metropolis,-1.33462488,4.04844135e-04,100
311,Row-Update,mps2,-1.33565362,1.11872634e-04,100
311,Hybrid,mixture2,-1.33563501,1.12885342e-04,100
312,Metropolis,metropolis,-1.33465565,4.02581173e-04,100
312,Row-Update,mps2,-1.33566857,9.99450719e-05,100
312,Hybrid,mixture2,-1.33560309,1.18576775e-04,100
313,Metropolis,metropolis,-1.33467364,3.99437483e-04,100
313,Row-Update,mps2,-1.33565898,1.03650720e-04,100
313,Hybrid,mixture2,-1.33564457,1.10017148e-04,100
314,Metropolis,metropolis,-1.33463767,4.02032704e-04,100
314,Row-Update,mps2,-1.33569042,1.11805768e-04,100
314,Hybrid,mixture2,-1.33567099,1.13082092e-04,100
315,Metropolis,metropolis,-1.33461202,4.02763798e-04,100
315,Row-Update,mps2,-1.33571858,1.10287391e-04,100
315,Hybrid,mixture2,-1.33567080,1.14704970e-04,100
316,Metropolis,metropolis,-1.33466378,4.03115595e-04,100
316,Row-Update,mps2,-1.33570551,1.08017155e-04,100
316,Hybrid,mixture2,-1.33567152,1.10941608e-04,100
317,Metropolis,metropolis,-1.33464644,4.03647401e-04,100
317,Row-Update,mps2,-1.33568323,1.04062366e-04,100
317,Hybrid,mixture2,-1.33559893,1.34735710e-04,100
318,Metropolis,metropolis,-1.33466572,4.02609798e-04,100
318,Row-Update,mps2,-1.33570302,1.04702618e-04,100
318,Hybrid,mixture2,-1.33569140,1.20345891e-04,100
319,Metropolis,metropolis,-1.33464814,4.01315293e-04,100
319,Row-Update,mps2,-1.33566195,1.04965478e-04,100
319,Hybrid,mixture2,-1.33564550,1.18546690e-04,100
320,Metropolis,metropolis,-1.33463329,4.03284679e-04,100
320,Row-Update,mps2,-1.33568723,1.06337030e-04,100
320,Hybrid,mixture2,-1.33567226,1.15582326e-04,100
321,Metropolis,metropolis,-1.33466496,4.03110021e-04,100
321,Row-Update,mps2,-1.33570245,1.06045131e-04,100
321,Hybrid,mixture2,-1.33569808,1.15327572e-04,100
322,Metropolis,metropolis,-1.33467598,4.06138986e-04,100
322,Row-Update,mps2,-1.33576563,1.02004561e-04,100
322,Hybrid,mixture2,-1.33567211,1.13148035e-04,100
323,Metropolis,metropolis,-1.33468175,4.01424562e-04,100
323,Row-Update,mps2,-1.33572496,1.07422205e-04,100
323,Hybrid,mixture2,-1.33570059,1.11254545e-04,100
324,Metropolis,metropolis,-1.33469325,4.02417363e-04,100
324,Row-Update,mps2,-1.33576209,9.92215474e-05,100
324,Hybrid,mixture2,-1.33572832,1.10209814e-04,100
325,Metropolis,metropolis,-1.33475299,3.99927089e-04,100
325,Row-Update,mps2,-1.33573961,1.01875622e-04,100
325,Hybrid,mixture2,-1.33569699,1.17757047e-04,100
326,Metropolis,metropolis,-1.33474845,4.02168800e-04,100
326,Row-Update,mps2,-1.33578648,1.06433423e-04,100
326,Hybrid,mixture2,-1.33573972,1.12151840e-04,100
327,Metropolis,metropolis,-1.33471231,4.05012774e-04,100
327,Row-Update,mps2,-1.33575995,1.08579863e-04,100
327,Hybrid,mixture2,-1.33574475,1.09371129e-04,100
328,Metropolis,metropolis,-1.33471138,4.01038555e-04,100
328,Row-Update,mps2,-1.33571359,1.09152181e-04,100
328,Hybrid,mixture2,-1.33571738,1.11671714e-04,100
329,Metropolis,metropolis,-1.33473322,4.00355595e-04,100
329,Row-Update,mps2,-1.33570426,1.10127128e-04,100
329,Hybrid,mixture2,-1.33576513,1.09618737e-04,100
330,Metropolis,metropolis,-1.33471152,3.99669015e-04,100
330,Row-Update,mps2,-1.33570834,1.19904117e-04,100
330,Hybrid,mixture2,-1.33576378,1.09504872e-04,100
331,Metropolis,metropolis,-1.33475930,4.01201383e-04,100
331,Row-Update,mps2,-1.33569952,1.15860571e-04,100
331,Hybrid,mixture2,-1.33581154,1.09585396e-04,100
332,Metropolis,metropolis,-1.33472303,4.03044732e-04,100
332,Row-Update,mps2,-1.33576209,1.13638112e-04,100
332,Hybrid,mixture2,-1.33579111,1.09532485e-04,100
333,Metropolis,metropolis,-1.33477102,4.01524990e-04,100
333,Row-Update,mps2,-1.33575940,1.15664241e-04,100
333,Hybrid,mixture2,-1.33576947,1.07193578e-04,100
334,Metropolis,metropolis,-1.33480861,4.06261385e-04,100
334,Row-Update,mps2,-1.33578223,1.10725846e-04,100
334,Hybrid,mixture2,-1.33577992,1.08443443e-04,100
335,Metropolis,metropolis,-1.33474860,4.03305466e-04,100
335,Row-Update,mps2,-1.33575033,1.08681966e-04,100
335,Hybrid,mixture2,-1.33576442,1.09407555e-04,100
336,Metropolis,metropolis,-1.33476147,4.00913443e-04,100
336,Row-Update,mps2,-1.33577688,1.11476384e-04,100
336,Hybrid,mixture2,-1.33577735,1.07619356e-04,100
337,Metropolis,metropolis,-1.33479048,4.01953974e-04,100
337,Row-Update,mps2,-1.33580899,1.03176926e-04,100
337,Hybrid,mixture2,-1.33579010,1.09270776e-04,100
338,Metropolis,metropolis,-1.33476462,4.05906981e-04,100
338,Row-Update,mps2,-1.33579229,1.06673164e-04,100
338,Hybrid,mixture2,-1.33579937,1.06416483e-04,100
339,Metropolis,metropolis,-1.33480655,4.00901983e-04,100
339,Row-Update,mps2,-1.33579096,1.13746168e-04,100
339,Hybrid,mixture2,-1.33583095,1.05750683e-04,100
340,Metropolis,metropolis,-1.33476986,4.03632602e-04,100
340,Row-Update,mps2,-1.33583158,1.04711832e-04,100
340,Hybrid,mixture2,-1.33584766,1.03596727e-04,100
341,Metropolis,metropolis,-1.33480537,4.01115571e-04,100
341,Row-Update,mps2,-1.33582891,1.06008992e-04,100
341,Hybrid,mixture2,-1.33583629,1.04254824e-04,100
342,Metropolis,metropolis,-1.33478577,4.00542674e-04,100
342,Row-Update,mps2,-1.33583738,1.00951871e-04,100
342,Hybrid,mixture2,-1.33582633,1.05407798e-04,100
343,Metropolis,metropolis,-1.33480426,4.00498996e-04,100
343,Row-Update,mps2,-1.33585666,1.03600223e-04,100
343,Hybrid,mixture2,-1.33587373,1.01065811e-04,100
344,Metropolis,metropolis,-1.33476271,4.04098912e-04,100
344,Row-Update,mps2,-1.33584034,9.91088355e-05,100
344,Hybrid,mixture2,-1.33580795,1.08308356e-04,100
345,Metropolis,metropolis,-1.33477822,4.08729393e-04,100
345,Row-Update,mps2,-1.33584914,9.80284956e-05,100
345,Hybrid,mixture2,-1.33585903,1.07376532e-04,100
346,Metropolis,metropolis,-1.33476040,4.08714500e-04,100
346,Row-Update,mps2,-1.33587379,9.90853621e-05,100
346,Hybrid,mixture2,-1.33583018,1.08498153e-04,100
347,Metropolis,metropolis,-1.33480294,4.05456981e-04,100
347,Row-Update,mps2,-1.33589304,9.91048918e-05,100
347,Hybrid,mixture2,-1.33588248,1.04742242e-04,100
348,Metropolis,metropolis,-1.33480272,4.03497939e-04,100
348,Row-Update,mps2,-1.33589263,1.02230209e-04,100
348,Hybrid,mixture2,-1.33588832,1.05461085e-04,100
349,Metropolis,metropolis,-1.33479089,4.09507769e-04,100
349,Row-Update,mps2,-1.33587707,1.01733166e-04,100
349,Hybrid,mixture2,-1.33583718,1.07990650e-04,100
350,Metropolis,metropolis,-1.33481247,4.01906704e-04,100
350,Row-Update,mps2,-1.33592498,9.78362012e-05,100
350,Hybrid,mixture2,-1.33585847,1.10736312e-04,100
351,Metropolis,metropolis,-1.33485697,4.03288010e-04,100
351,Row-Update,mps2,-1.33592993,9.78041433e-05,100
351,Hybrid,mixture2,-1.33589405,1.07043260e-04,100
352,Metropolis,metropolis,-1.33483978,4.03827690e-04,100
352,Row-Update,mps2,-1.33589514,1.04819552e-04,100
352,Hybrid,mixture2,-1.33589306,1.09672220e-04,100
353,Metropolis,metropolis,-1.33483200,4.02193175e-04,100
353,Row-Update,mps2,-1.33593546,9.88424764e-05,100
353,Hybrid,mixture2,-1.33589673,1.05712317e-04,100
354,Metropolis,metropolis,-1.33485368,4.03379300e-04,100
354,Row-Update,mps2,-1.33589303,9.66461850e-05,100
354,Hybrid,mixture2,-1.33590869,1.06917871e-04,100
355,Metropolis,metropolis,-1.33485542,4.02466832e-04,100
355,Row-Update,mps2,-1.33592116,9.73932780e-05,100
355,Hybrid,mixture2,-1.33594697,1.06767456e-04,100
356,Metropolis,metropolis,-1.33485980,4.02541263e-04,100
356,Row-Update,mps2,-1.33588997,9.87912411e-05,100
356,Hybrid,mixture2,-1.33591684,1.04197430e-04,100
357,Metropolis,metropolis,-1.33486101,4.03123696e-04,100
357,Row-Update,mps2,-1.33592988,9.69028834e-05,100
357,Hybrid,mixture2,-1.33590453,1.06164005e-04,100
358,Metropolis,metropolis,-1.33487136,4.02383819e-04,100
358,Row-Update,mps2,-1.33594460,9.83718113e-05,100
358,Hybrid,mixture2,-1.33590797,1.10859485e-04,100
359,Metropolis,metropolis,-1.33484684,4.03863156e-04,100
359,Row-Update,mps2,-1.33591770,1.15748303e-04,100
359,Hybrid,mixture2,-1.33592103,1.13992534e-04,100
360,Metropolis,metropolis,-1.33485786,4.03442560e-04,100
360,Row-Update,mps2,-1.33594727,1.02554622e-04,100
360,Hybrid,mixture2,-1.33596603,1.08520493e-04,100
361,Metropolis,metropolis,-1.33486929,4.02949785e-04,100
361,Row-Update,mps2,-1.33597373,9.93745216e-05,100
361,Hybrid,mixture2,-1.33593606,1.06748138e-04,100
362,Metropolis,metropolis,-1.33486285,4.05463260e-04,100
362,Row-Update,mps2,-1.33598601,9.55745137e-05,100
362,Hybrid,mixture2,-1.33594820,1.07219301e-04,100
363,Metropolis,metropolis,-1.33486891,4.02187435e-04,100
363,Row-Update,mps2,-1.33593747,1.14811765e-04,100
363,Hybrid,mixture2,-1.33594276,1.07727268e-04,100
364,Metropolis,metropolis,-1.33481862,4.02342560e-04,100
364,Row-Update,mps2,-1.33596277,1.05136289e-04,100
364,Hybrid,mixture2,-1.33595616,1.09766892e-04,100
365,Metropolis,metropolis,-1.33480902,4.04580065e-04,100
365,Row-Update,mps2,-1.33600184,1.02772472e-04,100
365,Hybrid,mixture2,-1.33597416,1.06490176e-04,100
366,Metropolis,metropolis,-1.33485419,4.00257380e-04,100
366,Row-Update,mps2,-1.33598871,9.90758372e-05,100
366,Hybrid,mixture2,-1.33594649,1.08121291e-04,100
367,Metropolis,metropolis,-1.33487873,3.99997316e-04,100
367,Row-Update,mps2,-1.33596920,1.03167772e-04,100
367,Hybrid,mixture2,-1.33596432,1.10280364e-04,100
368,Metropolis,metropolis,-1.33490302,3.97370761e-04,100
368,Row-Update,mps2,-1.33598263,9.79434098e-05,100
368,Hybrid,mixture2,-1.33598781,1.06555724e-04,100
369,Metropolis,metropolis,-1.33489000,4.03116817e-04,100
369,Row-Update,mps2,-1.33598874,9.98221862e-05,100
369,Hybrid,mixture2,-1.33593909,1.07641855e-04,100
370,Metropolis,metropolis,-1.33490584,4.03996127e-04,100
370,Row-Update,mps2,-1.33600596,9.80905856e-05,100
370,Hybrid,mixture2,-1.33594443,1.08223690e-04,100
371,Metropolis,metropolis,-1.33494037,4.02253366e-04,100
371,Row-Update,mps2,-1.33598817,1.03274326e-04,100
371,Hybrid,mixture2,-1.33596818,1.07768642e-04,100
372,Metropolis,metropolis,-1.33493266,4.04051420e-04,100
372,Row-Update,mps2,-1.33599502,9.70537794e-05,100
372,Hybrid,mixture2,-1.33597274,1.07991875e-04,100
373,Metropolis,metropolis,-1.33492003,3.99310520e-04,100
373,Row-Update,mps2,-1.33601713,9.81526190e-05,100
373,Hybrid,mixture2,-1.33598551,1.08770458e-04,100
374,Metropolis,metropolis,-1.33492169,4.01264139e-04,100
374,Row-Update,mps2,-1.33600661,9.47430925e-05,100
374,Hybrid,mixture2,-1.33600271,1.09352482e-04,100
375,Metropolis,metropolis,-1.33492570,4.02752199e-04,100
375,Row-Update,mps2,-1.33603356,9.91931670e-05,100
375,Hybrid,mixture2,-1.33597596,1.09726657e-04,100
376,Metropolis,metropolis,-1.33490671,4.03796264e-04,100
376,Row-Update,mps2,-1.33603766,9.47120661e-05,100
376,Hybrid,mixture2,-1.33596719,1.06795459e-04,100
377,Metropolis,metropolis,-1.33497745,4.05269685e-04,100
377,Row-Update,mps2,-1.33603017,9.51302899e-05,100
377,Hybrid,mixture2,-1.33602024,1.08162026e-04,100
378,Metropolis,metropolis,-1.33496194,3.98766828e-04,100
378,Row-Update,mps2,-1.33599838,1.00818950e-04,100
378,Hybrid,mixture2,-1.33601534,1.08029286e-04,100
379,Metropolis,metropolis,-1.33494101,4.04180576e-04,100
379,Row-Update,mps2,-1.33598155,9.58648153e-05,100
379,Hybrid,mixture2,-1.33599649,1.08046852e-04,100
380,Metropolis,metropolis,-1.33494776,4.01285824e-04,100
380,Row-Update,mps2,-1.33602776,1.00127027e-04,100
380,Hybrid,mixture2,-1.33602414,1.04860761e-04,100
381,Metropolis,metropolis,-1.33497012,4.01313786e-04,100
381,Row-Update,mps2,-1.33600172,9.79473770e-05,100
381,Hybrid,mixture2,-1.33603152,1.03796017e-04,100
382,Metropolis,metropolis,-1.33495473,4.02808656e-04,100
382,Row-Update,mps2,-1.33604074,9.78992456e-05,100
382,Hybrid,mixture2,-1.33602999,1.11604437e-04,100
383,Metropolis,metropolis,-1.33496030,4.00589100e-04,100
383,Row-Update,mps2,-1.33603781,9.65690524e-05,100
383,Hybrid,mixture2,-1.33604299,1.08883017e-04,100
384,Metropolis,metropolis,-1.33498408,4.00593760e-04,100
384,Row-Update,mps2,-1.33608027,9.26688724e-05,100
384,Hybrid,mixture2,-1.33604953,1.08590839e-04,100
385,Metropolis,metropolis,-1.33500598,4.00130102e-04,100
385,Row-Update,mps2,-1.33605405,9.77871182e-05,100
385,Hybrid,mixture2,-1.33603867,1.07011611e-04,100
386,Metropolis,metropolis,-1.33502402,3.98401586e-04,100
386,Row-Update,mps2,-1.33606650,9.60116024e-05,100
386,Hybrid,mixture2,-1.33601851,1.04712876e-04,100
387,Metropolis,metropolis,-1.33499776,4.03036630e-04,100
387,Row-Update,mps2,-1.33605966,9.30068234e-05,100
387,Hybrid,mixture2,-1.33603022,1.05922376e-04,100
388,Metropolis,metropolis,-1.33496523,4.00498863e-04,100
388,Row-Update,mps2,-1.33603147,1.19939285e-04,100
388,Hybrid,mixture2,-1.33605302,1.06371320e-04,100
389,Metropolis,metropolis,-1.33504011,3.99656316e-04,100
389,Row-Update,mps2,-1.33604136,1.02612094e-04,100
389,Hybrid,mixture2,-1.33603261,1.08114265e-04,100
390,Metropolis,metropolis,-1.33499968,4.01237786e-04,100
390,Row-Update,mps2,-1.33604429,9.82120944e-05,100
390,Hybrid,mixture2,-1.33604749,1.03503109e-04,100
391,Metropolis,metropolis,-1.33497929,4.04952373e-04,100
391,Row-Update,mps2,-1.33607661,9.58605499e-05,100
391,Hybrid,mixture2,-1.33605408,1.06042081e-04,100
392,Metropolis,metropolis,-1.33498667,4.02837560e-04,100
392,Row-Update,mps2,-1.33608578,9.36605752e-05,100
392,Hybrid,mixture2,-1.33605565,1.03448427e-04,100
393,Metropolis,metropolis,-1.33499844,4.01907445e-04,100
393,Row-Update,mps2,-1.33608379,1.00551179e-04,100
393,Hybrid,mixture2,-1.33604761,1.05411416e-04,100
394,Metropolis,metropolis,-1.33499527,4.01221519e-04,100
394,Row-Update,mps2,-1.33604967,1.01465334e-04,100
394,Hybrid,mixture2,-1.33608110,1.03695691e-04,100
395,Metropolis,metropolis,-1.33502930,4.03449203e-04,100
395,Row-Update,mps2,-1.33604294,1.22650947e-04,100
395,Hybrid,mixture2,-1.33605337,1.03273114e-04,100
396,Metropolis,metropolis,-1.33502262,4.13332992e-04,100
396,Row-Update,mps2,-1.33607024,1.17391355e-04,100
396,Hybrid,mixture2,-1.33611782,1.04344849e-04,100
397,Metropolis,metropolis,-1.33501839,3.98312131e-04,100
397,Row-Update,mps2,-1.33605062,1.07414002e-04,100
397,Hybrid,mixture2,-1.33609506,1.03176465e-04,100
398,Metropolis,metropolis,-1.33508255,4.00824938e-04,100
398,Row-Update,mps2,-1.33606589,1.01777941e-04,100
398,Hybrid,mixture2,-1.33607057,1.03921138e-04,100
399,Metropolis,metropolis,-1.33504022,3.97335278e-04,100
399,Row-Update,mps2,-1.33610903,9.44601974e-05,100
399,Hybrid,mixture2,-1.33607715,1.07657138e-04,100
400,Metropolis,metropolis,-1.33502804,4.04286773e-04,100
400,Row-Update,mps2,-1.33609644,9.71164393e-05,100
400,Hybrid,mixture2,-1.33608663,1.06411390e-04,100
401,Metropolis,metropolis,-1.33504944,3.96037957e-04,100
401,Row-Update,mps2,-1.33608692,9.76446923e-05,100
401,Hybrid,mixture2,-1.33609972,1.02002323e-04,100
402,Metropolis,metropolis,-1.33507064,3.95558121e-04,100
402,Row-Update,mps2,-1.33612074,9.35221102e-05,100
402,Hybrid,mixture2,-1.33605470,1.03760889e-04,100
403,Metropolis,metropolis,-1.33506589,3.94650104e-04,100
403,Row-Update,mps2,-1.33613326,9.10887680e-05,100
403,Hybrid,mixture2,-1.33606404,1.04797826e-04,100
404,Metropolis,metropolis,-1.33507586,3.98382421e-04,100
404,Row-Update,mps2,-1.33607493,9.47779232e-05,100
404,Hybrid,mixture2,-1.33609759,1.03791974e-04,100
405,Metropolis,metropolis,-1.33507640,3.96494643e-04,100
405,Row-Update,mps2,-1.33607673,9.96818659e-05,100
405,Hybrid,mixture2,-1.33611154,1.06493649e-04,100
406,Metropolis,metropolis,-1.33508910,3.96158149e-04,100
406,Row-Update,mps2,-1.33614523,9.40544293e-05,100
406,Hybrid,mixture2,-1.33614040,1.04129169e-04,100
407,Metropolis,metropolis,-1.33508967,3.95462321e-04,100
407,Row-Update,mps2,-1.33610593,9.65132024e-05,100
407,Hybrid,mixture2,-1.33611347,1.03170058e-04,100
408,Metropolis,metropolis,-1.33508004,3.95442684e-04,100
408,Row-Update,mps2,-1.33616612,9.34747927e-05,100
408,Hybrid,mixture2,-1.33612872,1.03082529e-04,100
409,Metropolis,metropolis,-1.33507226,3.98516440e-04,100
409,Row-Update,mps2,-1.33614339,9.36723977e-05,100
409,Hybrid,mixture2,-1.33611405,1.02893061e-04,100
410,Metropolis,metropolis,-1.33505684,3.92707422e-04,100
410,Row-Update,mps2,-1.33613800,9.31153533e-05,100
410,Hybrid,mixture2,-1.33611307,1.03124103e-04,100
411,Metropolis,metropolis,-1.33507198,3.94524702e-04,100
411,Row-Update,mps2,-1.33611568,1.04480120e-04,100
411,Hybrid,mixture2,-1.33613933,1.02817545e-04,100
412,Metropolis,metropolis,-1.33507484,4.03513854e-04,100
412,Row-Update,mps2,-1.33612271,1.03948431e-04,100
412,Hybrid,mixture2,-1.33612773,1.04867175e-04,100
413,Metropolis,metropolis,-1.33511477,3.88561595e-04,100
413,Row-Update,mps2,-1.33613494,9.48578844e-05,100
413,Hybrid,mixture2,-1.33609870,1.08464035e-04,100
414,Metropolis,metropolis,-1.33511194,3.83826986e-04,100
414,Row-Update,mps2,-1.33614560,9.39177350e-05,100
414,Hybrid,mixture2,-1.33609658,1.06053739e-04,100
415,Metropolis,metropolis,-1.33508915,3.80805340e-04,100
415,Row-Update,mps2,-1.33612664,9.24109752e-05,100
415,Hybrid,mixture2,-1.33611782,1.09145580e-04,100
416,Metropolis,metropolis,-1.33513908,3.80569540e-04,100
416,Row-Update,mps2,-1.33615109,9.04488292e-05,100
416,Hybrid,mixture2,-1.33614010,1.06135514e-04,100
417,Metropolis,metropolis,-1.33513125,3.80271948e-04,100
417,Row-Update,mps2,-1.33615137,9.33111798e-05,100
417,Hybrid,mixture2,-1.33613892,1.05449045e-04,100
418,Metropolis,metropolis,-1.33511549,3.81596264e-04,100
418,Row-Update,mps2,-1.33617866,9.08213339e-05,100
418,Hybrid,mixture2,-1.33613354,1.05197974e-04,100
419,Metropolis,metropolis,-1.33515640,3.77045322e-04,100
419,Row-Update,mps2,-1.33618287,9.11700817e-05,100
419,Hybrid,mixture2,-1.33615973,1.02474360e-04,100
420,Metropolis,metropolis,-1.33515348,3.76178271e-04,100
420,Row-Update,mps2,-1.33614027,1.08730406e-04,100
420,Hybrid,mixture2,-1.33616713,1.04612955e-04,100
421,Metropolis,metropolis,-1.33514499,3.77912940e-04,100
421,Row-Update,mps2,-1.33614357,1.03992835e-04,100
421,Hybrid,mixture2,-1.33615766,1.02223789e-04,100
422,Metropolis,metropolis,-1.33516882,3.80045793e-04,100
422,Row-Update,mps2,-1.33616669,9.68846494e-05,100
422,Hybrid,mixture2,-1.33614657,1.03419108e-04,100
423,Metropolis,metropolis,-1.33514417,3.80851989e-04,100
423,Row-Update,mps2,-1.33618284,9.13546972e-05,100
423,Hybrid,mixture2,-1.33615208,1.07601078e-04,100
424,Metropolis,metropolis,-1.33511850,3.80876667e-04,100
424,Row-Update,mps2,-1.33621555,9.10419378e-05,100
424,Hybrid,mixture2,-1.33613961,1.04169519e-04,100
425,Metropolis,metropolis,-1.33515711,3.74266124e-04,100
425,Row-Update,mps2,-1.33619828,9.07174615e-05,100
425,Hybrid,mixture2,-1.33611516,1.09412398e-04,100
426,Metropolis,metropolis,-1.33514298,3.78472487e-04,100
426,Row-Update,mps2,-1.33624848,8.84412397e-05,100
426,Hybrid,mixture2,-1.33617806,1.08028546e-04,100
427,Metropolis,metropolis,-1.33515917,3.81397184e-04,100
427,Row-Update,mps2,-1.33621232,9.29015050e-05,100
427,Hybrid,mixture2,-1.33614246,1.06512429e-04,100
428,Metropolis,metropolis,-1.33510299,3.75021319e-04,100
428,Row-Update,mps2,-1.33620376,9.36861287e-05,100
428,Hybrid,mixture2,-1.33616535,1.02331642e-04,100
429,Metropolis,metropolis,-1.33516026,3.62123330e-04,100
429,Row-Update,mps2,-1.33615790,9.84805000e-05,100
429,Hybrid,mixture2,-1.33617133,1.02689850e-04,100
430,Metropolis,metropolis,-1.33512374,3.74999131e-04,100
430,Row-Update,mps2,-1.33615724,9.80740607e-05,100
430,Hybrid,mixture2,-1.33619318,9.93454938e-05,100
431,Metropolis,metropolis,-1.33515724,3.74958528e-04,100
431,Row-Update,mps2,-1.33617940,9.41009226e-05,100
431,Hybrid,mixture2,-1.33618841,1.03330137e-04,100
432,Metropolis,metropolis,-1.33515691,3.76732413e-04,100
432,Row-Update,mps2,-1.33619334,9.14718902e-05,100
432,Hybrid,mixture2,-1.33620254,1.03250849e-04,100
433,Metropolis,metropolis,-1.33512662,3.76157971e-04,100
433,Row-Update,mps2,-1.33618236,9.26727108e-05,100
433,Hybrid,mixture2,-1.33620108,9.98836469e-05,100
434,Metropolis,metropolis,-1.33516017,3.75711692e-04,100
434,Row-Update,mps2,-1.33619361,9.36922576e-05,100
434,Hybrid,mixture2,-1.33619953,1.04043691e-04,100
435,Metropolis,metropolis,-1.33517869,3.73828837e-04,100
435,Row-Update,mps2,-1.33618299,9.41030830e-05,100
435,Hybrid,mixture2,-1.33618653,1.03542276e-04,100
436,Metropolis,metropolis,-1.33518539,3.76110176e-04,100
436,Row-Update,mps2,-1.33619002,9.24757766e-05,100
436,Hybrid,mixture2,-1.33615328,1.01418637e-04,100
437,Metropolis,metropolis,-1.33514951,3.75194602e-04,100
437,Row-Update,mps2,-1.33622293,8.99312857e-05,100
437,Hybrid,mixture2,-1.33619015,1.04581344e-04,100
438,Metropolis,metropolis,-1.33519609,3.75146477e-04,100
438,Row-Update,mps2,-1.33626973,9.00949831e-05,100
438,Hybrid,mixture2,-1.33616838,9.99500818e-05,100
439,Metropolis,metropolis,-1.33519024,3.71227574e-04,100
439,Row-Update,mps2,-1.33621978,9.36746913e-05,100
439,Hybrid,mixture2,-1.33619158,1.00732104e-04,100
440,Metropolis,metropolis,-1.33519144,3.74323711e-04,100
440,Row-Update,mps2,-1.33620971,9.18890035e-05,100
440,Hybrid,mixture2,-1.33619501,1.02158149e-04,100
441,Metropolis,metropolis,-1.33526410,3.72749184e-04,100
441,Row-Update,mps2,-1.33620040,9.23395366e-05,100
441,Hybrid,mixture2,-1.33619641,1.00235080e-04,100
442,Metropolis,metropolis,-1.33521170,3.73788243e-04,100
442,Row-Update,mps2,-1.33622202,9.26426816e-05,100
442,Hybrid,mixture2,-1.33619196,1.03988583e-04,100
443,Metropolis,metropolis,-1.33519012,3.74113259e-04,100
443,Row-Update,mps2,-1.33617170,1.13904586e-04,100
443,Hybrid,mixture2,-1.33620308,1.00229757e-04,100
444,Metropolis,metropolis,-1.33520512,3.76368258e-04,100
444,Row-Update,mps2,-1.33617987,1.10429574e-04,100
444,Hybrid,mixture2,-1.33620420,1.04872569e-04,100
445,Metropolis,metropolis,-1.33517489,3.75914450e-04,100
445,Row-Update,mps2,-1.33620360,1.06161975e-04,100
445,Hybrid,mixture2,-1.33619858,1.05287538e-04,100
446,Metropolis,metropolis,-1.33519384,3.76830732e-04,100
446,Row-Update,mps2,-1.33621838,9.75412879e-05,100
446,Hybrid,mixture2,-1.33617710,1.05778846e-04,100
447,Metropolis,metropolis,-1.33518266,3.73269403e-04,100
447,Row-Update,mps2,-1.33628816,9.09459186e-05,100
447,Hybrid,mixture2,-1.33623505,1.00882027e-04,100
448,Metropolis,metropolis,-1.33520792,3.72255725e-04,100
448,Row-Update,mps2,-1.33629715,8.69036238e-05,100
448,Hybrid,mixture2,-1.33623107,1.03560584e-04,100
449,Metropolis,metropolis,-1.33525544,3.73088216e-04,100
449,Row-Update,mps2,-1.33628834,8.93997647e-05,100
449,Hybrid,mixture2,-1.33620947,1.03134288e-04,100
450,Metropolis,metropolis,-1.33521502,3.72630752e-04,100
450,Row-Update,mps2,-1.33627394,9.11042933e-05,100
450,Hybrid,mixture2,-1.33625574,1.05302736e-04,100
451,Metropolis,metropolis,-1.33525731,3.72935051e-04,100
451,Row-Update,mps2,-1.33629443,9.00990092e-05,100
451,Hybrid,mixture2,-1.33619621,1.04014294e-04,100
452,Metropolis,metropolis,-1.33521970,3.69503789e-04,100
452,Row-Update,mps2,-1.33629144,9.33167836e-05,100
452,Hybrid,mixture2,-1.33623390,1.04138797e-04,100
453,Metropolis,metropolis,-1.33522550,3.70256899e-04,100
453,Row-Update,mps2,-1.33629382,9.18978695e-05,100
453,Hybrid,mixture2,-1.33626585,1.00187022e-04,100
454,Metropolis,metropolis,-1.33520794,3.70753356e-04,100
454,Row-Update,mps2,-1.33629375,8.86371876e-05,100
454,Hybrid,mixture2,-1.33626385,1.00625246e-04,100
455,Metropolis,metropolis,-1.33523214,3.72143846e-04,100
455,Row-Update,mps2,-1.33628412,9.24522437e-05,100
455,Hybrid,mixture2,-1.33628576,9.81875388e-05,100
456,Metropolis,metropolis,-1.33522082,3.69065119e-04,100
456,Row-Update,mps2,-1.33628939,9.07777127e-05,100
456,Hybrid,mixture2,-1.33627327,1.00272008e-04,100
457,Metropolis,metropolis,-1.33519690,3.68925600e-04,100
457,Row-Update,mps2,-1.33629336,9.31263933e-05,100
457,Hybrid,mixture2,-1.33623510,1.01796579e-04,100
458,Metropolis,metropolis,-1.33522308,3.73272428e-04,100
458,Row-Update,mps2,-1.33630662,9.29037768e-05,100
458,Hybrid,mixture2,-1.33622629,9.74615554e-05,100
459,Metropolis,metropolis,-1.33524963,3.71848451e-04,100
459,Row-Update,mps2,-1.33629361,9.14974598e-05,100
459,Hybrid,mixture2,-1.33625051,1.00050305e-04,100
460,Metropolis,metropolis,-1.33523679,3.71341157e-04,100
460,Row-Update,mps2,-1.33631926,9.24217181e-05,100
460,Hybrid,mixture2,-1.33623490,1.02382178e-04,100
461,Metropolis,metropolis,-1.33522049,3.73948831e-04,100
461,Row-Update,mps2,-1.33631951,9.10633854e-05,100
461,Hybrid,mixture2,-1.33625396,9.84863854e-05,100
462,Metropolis,metropolis,-1.33528333,3.73148526e-04,100
462,Row-Update,mps2,-1.33630373,9.16339422e-05,100
462,Hybrid,mixture2,-1.33624628,1.00923680e-04,100
463,Metropolis,metropolis,-1.33530171,3.69319631e-04,100
463,Row-Update,mps2,-1.33630517,8.91562047e-05,100
463,Hybrid,mixture2,-1.33624779,1.00462766e-04,100
464,Metropolis,metropolis,-1.33526970,3.72176843e-04,100
464,Row-Update,mps2,-1.33633164,8.96093502e-05,100
464,Hybrid,mixture2,-1.33624722,1.05884638e-04,100
465,Metropolis,metropolis,-1.33528831,3.72826054e-04,100
465,Row-Update,mps2,-1.33629254,9.41302199e-05,100
465,Hybrid,mixture2,-1.33625581,1.02636168e-04,100
466,Metropolis,metropolis,-1.33529851,3.70873261e-04,100
466,Row-Update,mps2,-1.33629515,9.84015697e-05,100
466,Hybrid,mixture2,-1.33626567,1.01153294e-04,100
467,Metropolis,metropolis,-1.33528642,3.72203270e-04,100
467,Row-Update,mps2,-1.33631981,9.52428541e-05,100
467,Hybrid,mixture2,-1.33625529,9.83004250e-05,100
468,Metropolis,metropolis,-1.33533401,3.69670232e-04,100
468,Row-Update,mps2,-1.33630413,9.84683937e-05,100
468,Hybrid,mixture2,-1.33627277,1.00127078e-04,100
469,Metropolis,metropolis,-1.33534004,3.74473821e-04,100
469,Row-Update,mps2,-1.33631756,9.62579043e-05,100
469,Hybrid,mixture2,-1.33629259,1.00795255e-04,100
470,Metropolis,metropolis,-1.33532087,3.67678047e-04,100
470,Row-Update,mps2,-1.33633383,9.45602037e-05,100
470,Hybrid,mixture2,-1.33625993,1.01028780e-04,100
471,Metropolis,metropolis,-1.33528608,3.69132300e-04,100
471,Row-Update,mps2,-1.33635075,9.50398004e-05,100
471,Hybrid,mixture2,-1.33628044,9.93084393e-05,100
472,Metropolis,metropolis,-1.33530640,3.66852163e-04,100
472,Row-Update,mps2,-1.33633760,8.61372895e-05,100
472,Hybrid,mixture2,-1.33623820,1.11010921e-04,100
473,Metropolis,metropolis,-1.33533157,3.67857437e-04,100
473,Row-Update,mps2,-1.33633254,8.94607948e-05,100
473,Hybrid,mixture2,-1.33627639,1.03737167e-04,100
474,Metropolis,metropolis,-1.33531199,3.67120992e-04,100
474,Row-Update,mps2,-1.33631381,9.49175531e-05,100
474,Hybrid,mixture2,-1.33625930,1.04333418e-04,100
475,Metropolis,metropolis,-1.33531239,3.67624675e-04,100
475,Row-Update,mps2,-1.33629912,9.35099358e-05,100
475,Hybrid,mixture2,-1.33627128,1.01151616e-04,100
476,Metropolis,metropolis,-1.33533671,3.68516397e-04,100
476,Row-Update,mps2,-1.33633461,9.04278642e-05,100
476,Hybrid,mixture2,-1.33628014,1.02461504e-04,100
477,Metropolis,metropolis,-1.33533298,3.68823879e-04,100
477,Row-Update,mps2,-1.33636200,8.93199845e-05,100
477,Hybrid,mixture2,-1.33626307,1.01284026e-04,100
478,Metropolis,metropolis,-1.33532178,3.67851799e-04,100
478,Row-Update,mps2,-1.33634176,9.38067255e-05,100
478,Hybrid,mixture2,-1.33628090,1.00895688e-04,100
479,Metropolis,metropolis,-1.33531642,3.69562006e-04,100
479,Row-Update,mps2,-1.33637204,8.88321889e-05,100
479,Hybrid,mixture2,-1.33627930,1.01995171e-04,100
480,Metropolis,metropolis,-1.33531866,3.68113852e-04,100
480,Row-Update,mps2,-1.33634716,9.25232646e-05,100
480,Hybrid,mixture2,-1.33631049,1.00613776e-04,100
481,Metropolis,metropolis,-1.33534247,3.70922780e-04,100
481,Row-Update,mps2,-1.33638299,8.93683514e-05,100
481,Hybrid,mixture2,-1.33630213,9.94458570e-05,100
482,Metropolis,metropolis,-1.33531205,3.70449694e-04,100
482,Row-Update,mps2,-1.33641730,8.90280651e-05,100
482,Hybrid,mixture2,-1.33628470,9.93810278e-05,100
483,Metropolis,metropolis,-1.33530627,3.69104393e-04,100
483,Row-Update,mps2,-1.33640800,8.74875415e-05,100
483,Hybrid,mixture2,-1.33633326,9.86873496e-05,100
484,Metropolis,metropolis,-1.33532913,3.67854568e-04,100
484,Row-Update,mps2,-1.33641097,8.56347958e-05,100
484,Hybrid,mixture2,-1.33630625,1.02609009e-04,100
485,Metropolis,metropolis,-1.33532849,3.69847172e-04,100
485,Row-Update,mps2,-1.33637404,8.85705853e-05,100
485,Hybrid,mixture2,-1.33632437,1.00237213e-04,100
486,Metropolis,metropolis,-1.33536260,3.67393169e-04,100
486,Row-Update,mps2,-1.33641869,8.89376185e-05,100
486,Hybrid,mixture2,-1.33630519,1.04563357e-04,100
487,Metropolis,metropolis,-1.33534726,3.68821825e-04,100
487,Row-Update,mps2,-1.33641863,9.03887649e-05,100
487,Hybrid,mixture2,-1.33630878,1.02172031e-04,100
488,Metropolis,metropolis,-1.33532817,3.66971871e-04,100
488,Row-Update,mps2,-1.33640641,9.21048950e-05,100
488,Hybrid,mixture2,-1.33633181,1.06371088e-04,100
489,Metropolis,metropolis,-1.33536647,3.67809713e-04,100
489,Row-Update,mps2,-1.33639715,8.97317525e-05,100
489,Hybrid,mixture2,-1.33630381,1.00561116e-04,100
490,Metropolis,metropolis,-1.33534790,3.68376921e-04,100
490,Row-Update,mps2,-1.33640459,9.08723390e-05,100
490,Hybrid,mixture2,-1.33631858,9.95630347e-05,100
491,Metropolis,metropolis,-1.33533768,3.68672756e-04,100
491,Row-Update,mps2,-1.33638768,9.03951983e-05,100
491,Hybrid,mixture2,-1.33632971,9.91283470e-05,100
492,Metropolis,metropolis,-1.33534725,3.68805253e-04,100
492,Row-Update,mps2,-1.33643744,8.99199105e-05,100
492,Hybrid,mixture2,-1.33632468,1.01360435e-04,100
493,Metropolis,metropolis,-1.33535961,3.67084188e-04,100
493,Row-Update,mps2,-1.33643750,9.22097673e-05,100
493,Hybrid,mixture2,-1.33629816,1.04989784e-04,100
494,Metropolis,metropolis,-1.33534841,3.69426462e-04,100
494,Row-Update,mps2,-1.33644022,8.87479123e-05,100
494,Hybrid,mixture2,-1.33632162,1.00401596e-04,100
495,Metropolis,metropolis,-1.33534047,3.68390491e-04,100
495,Row-Update,mps2,-1.33643256,8.96786317e-05,100
495,Hybrid,mixture2,-1.33634248,9.33747715e-05,100
496,Metropolis,metropolis,-1.33535610,3.68142831e-04,100
496,Row-Update,mps2,-1.33645265,9.03563304e-05,100
496,Hybrid,mixture2,-1.33633815,9.65835459e-05,100
497,Metropolis,metropolis,-1.33533866,3.67729484e-04,100
497,Row-Update,mps2,-1.33645528,9.10861305e-05,100
497,Hybrid,mixture2,-1.33637732,9.97636523e-05,100
498,Metropolis,metropolis,-1.33537048,3.68299391e-04,100
498,Row-Update,mps2,-1.33645926,8.93687739e-05,100
498,Hybrid,mixture2,-1.33640409,9.43756275e-05,100
499,Metropolis,metropolis,-1.33534145,3.68400038e-04,100
499,Row-Update,mps2,-1.33647077,8.80352689e-05,100
499,Hybrid,mixture2,-1.33638283,9.57624569e-05,100
500,Metropolis,metropolis,-1.33533564,3.67671645e-04,100
500,Row-Update,mps2,-1.33647796,8.65246119e-05,100
500,Hybrid,mixture2,-1.33637107,9.30607607e-05,100
501,Metropolis,metropolis,-1.33530136,3.71625729e-04,100
501,Row-Update,mps2,-1.33646250,9.16401321e-05,100
501,Hybrid,mixture2,-1.33636593,9.42371489e-05,100
502,Metropolis,metropolis,-1.33538542,3.67503877e-04,100
502,Row-Update,mps2,-1.33645619,8.62853157e-05,100
502,Hybrid,mixture2,-1.33636839,9.28881778e-05,100
503,Metropolis,metropolis,-1.33534632,3.67451563e-04,100
503,Row-Update,mps2,-1.33647612,8.87217798e-05,100
503,Hybrid,mixture2,-1.33636418,9.64553604e-05,100
504,Metropolis,metropolis,-1.33533596,3.67403782e-04,100
504,Row-Update,mps2,-1.33646477,9.22655510e-05,100
504,Hybrid,mixture2,-1.33636379,9.70181906e-05,100
505,Metropolis,metropolis,-1.33537471,3.69553081e-04,100
505,Row-Update,mps2,-1.33645069,9.21175492e-05,100
505,Hybrid,mixture2,-1.33638340,9.88097249e-05,100
506,Metropolis,metropolis,-1.33534164,3.71419282e-04,100
506,Row-Update,mps2,-1.33644850,8.96176430e-05,100
506,Hybrid,mixture2,-1.33639801,1.00208209e-04,100
507,Metropolis,metropolis,-1.33534683,3.71320148e-04,100
507,Row-Update,mps2,-1.33646351,8.93413824e-05,100
507,Hybrid,mixture2,-1.33634542,9.75631763e-05,100
508,Metropolis,metropolis,-1.33536977,3.69763369e-04,100
508,Row-Update,mps2,-1.33642628,9.18594909e-05,100
508,Hybrid,mixture2,-1.33638266,9.69336072e-05,100
509,Metropolis,metropolis,-1.33534156,3.70635455e-04,100
509,Row-Update,mps2,-1.33644064,8.82268396e-05,100
509,Hybrid,mixture2,-1.33641935,9.73773702e-05,100
510,Metropolis,metropolis,-1.33538187,3.70442494e-04,100
510,Row-Update,mps2,-1.33647360,9.30996089e-05,100
510,Hybrid,mixture2,-1.33638925,9.26555729e-05,100
511,Metropolis,metropolis,-1.33538105,3.70117572e-04,100
511,Row-Update,mps2,-1.33647347,9.06976481e-05,100
511,Hybrid,mixture2,-1.33639711,9.43019674e-05,100
512,Metropolis,metropolis,-1.33539642,3.70828116e-04,100
512,Row-Update,mps2,-1.33645739,9.03165955e-05,100
512,Hybrid,mixture2,-1.33638181,9.57842786e-05,100
513,Metropolis,metropolis,-1.33541079,3.69186289e-04,100
513,Row-Update,mps2,-1.33644427,9.28494008e-05,100
513,Hybrid,mixture2,-1.33639543,9.55766951e-05,100
514,Metropolis,metropolis,-1.33538819,3.70404734e-04,100
514,Row-Update,mps2,-1.33647026,9.08776138e-05,100
514,Hybrid,mixture2,-1.33642849,9.61301637e-05,100
515,Metropolis,metropolis,-1.33539236,3.69424765e-04,100
515,Row-Update,mps2,-1.33645166,9.25122428e-05,100
515,Hybrid,mixture2,-1.33642979,9.30629153e-05,100
516,Metropolis,metropolis,-1.33534059,3.79886904e-04,100
516,Row-Update,mps2,-1.33649984,9.33835166e-05,100
516,Hybrid,mixture2,-1.33643617,9.54012371e-05,100
517,Metropolis,metropolis,-1.33533231,3.71942151e-04,100
517,Row-Update,mps2,-1.33649277,9.34658615e-05,100
517,Hybrid,mixture2,-1.33640348,9.41360259e-05,100
518,Metropolis,metropolis,-1.33538315,3.69549224e-04,100
518,Row-Update,mps2,-1.33650880,9.16158496e-05,100
518,Hybrid,mixture2,-1.33643461,9.43604761e-05,100
519,Metropolis,metropolis,-1.33539267,3.73352192e-04,100
519,Row-Update,mps2,-1.33644978,1.04063283e-04,100
519,Hybrid,mixture2,-1.33642883,9.64130091e-05,100
520,Metropolis,metropolis,-1.33533713,3.72846385e-04,100
520,Row-Update,mps2,-1.33649603,9.56167554e-05,100
520,Hybrid,mixture2,-1.33642097,9.64769513e-05,100
521,Metropolis,metropolis,-1.33538008,3.70704821e-04,100
521,Row-Update,mps2,-1.33648669,9.80693536e-05,100
521,Hybrid,mixture2,-1.33643869,9.71818489e-05,100
522,Metropolis,metropolis,-1.33541177,3.68996630e-04,100
522,Row-Update,mps2,-1.33649890,9.71347681e-05,100
522,Hybrid,mixture2,-1.33646482,9.33243653e-05,100
523,Metropolis,metropolis,-1.33540171,3.67023361e-04,100
523,Row-Update,mps2,-1.33655139,9.09847952e-05,100
523,Hybrid,mixture2,-1.33640281,1.05058507e-04,100
524,Metropolis,metropolis,-1.33542384,3.68890327e-04,100
524,Row-Update,mps2,-1.33650923,9.07254244e-05,100
524,Hybrid,mixture2,-1.33642713,9.79784829e-05,100
525,Metropolis,metropolis,-1.33537432,3.72954980e-04,100
525,Row-Update,mps2,-1.33651827,9.10610903e-05,100
525,Hybrid,mixture2,-1.33641175,9.21218498e-05,100
526,Metropolis,metropolis,-1.33536939,3.73485599e-04,100
526,Row-Update,mps2,-1.33647339,9.79078400e-05,100
526,Hybrid,mixture2,-1.33640978,9.51321255e-05,100
527,Metropolis,metropolis,-1.33538771,3.69479128e-04,100
527,Row-Update,mps2,-1.33650306,9.41803844e-05,100
527,Hybrid,mixture2,-1.33641534,9.70147851e-05,100
528,Metropolis,metropolis,-1.33536698,3.76783808e-04,100
528,Row-Update,mps2,-1.33649273,9.58762365e-05,100
528,Hybrid,mixture2,-1.33642682,9.67715773e-05,100
529,Metropolis,metropolis,-1.33536731,3.75321100e-04,100
529,Row-Update,mps2,-1.33649193,9.34978897e-05,100
529,Hybrid,mixture2,-1.33645705,9.59944923e-05,100
530,Metropolis,metropolis,-1.33539651,3.70454782e-04,100
530,Row-Update,mps2,-1.33650837,9.49460162e-05,100
530,Hybrid,mixture2,-1.33643182,9.57439283e-05,100
531,Metropolis,metropolis,-1.33540048,3.69039016e-04,100
531,Row-Update,mps2,-1.33652851,9.43724615e-05,100
531,Hybrid,mixture2,-1.33644100,9.63188423e-05,100
532,Metropolis,metropolis,-1.33541662,3.70301095e-04,100
532,Row-Update,mps2,-1.33649738,9.50697504e-05,100
532,Hybrid,mixture2,-1.33642813,9.76934276e-05,100
533,Metropolis,metropolis,-1.33542560,3.68417262e-04,100
533,Row-Update,mps2,-1.33650826,9.36590654e-05,100
533,Hybrid,mixture2,-1.33642579,9.50722397e-05,100
534,Metropolis,metropolis,-1.33544577,3.70575838e-04,100
534,Row-Update,mps2,-1.33651122,9.39276590e-05,100
534,Hybrid,mixture2,-1.33639295,9.96679870e-05,100
535,Metropolis,metropolis,-1.33542947,3.68941578e-04,100
535,Row-Update,mps2,-1.33651823,9.92165032e-05,100
535,Hybrid,mixture2,-1.33643359,9.55527395e-05,100
536,Metropolis,metropolis,-1.33541807,3.69533047e-04,100
536,Row-Update,mps2,-1.33651989,9.61732110e-05,100
536,Hybrid,mixture2,-1.33643328,9.42237165e-05,100
537,Metropolis,metropolis,-1.33541921,3.68606616e-04,100
537,Row-Update,mps2,-1.33652566,9.33722069e-05,100
537,Hybrid,mixture2,-1.33646060,9.36211243e-05,100
538,Metropolis,metropolis,-1.33542830,3.68228916e-04,100
538,Row-Update,mps2,-1.33651811,9.67096334e-05,100
538,Hybrid,mixture2,-1.33645955,9.38218008e-05,100
539,Metropolis,metropolis,-1.33541778,3.70126241e-04,100
539,Row-Update,mps2,-1.33651958,9.80468903e-05,100
539,Hybrid,mixture2,-1.33645044,9.32123170e-05,100
540,Metropolis,metropolis,-1.33545772,3.67950591e-04,100
540,Row-Update,mps2,-1.33652045,9.75146267e-05,100
540,Hybrid,mixture2,-1.33644874,9.27253936e-05,100
541,Metropolis,metropolis,-1.33543979,3.69446641e-04,100
541,Row-Update,mps2,-1.33654528,9.62329881e-05,100
541,Hybrid,mixture2,-1.33644616,9.62463629e-05,100
542,Metropolis,metropolis,-1.33543900,3.69227962e-04,100
542,Row-Update,mps2,-1.33656375,9.36978615e-05,100
542,Hybrid,mixture2,-1.33647586,9.29677582e-05,100
543,Metropolis,metropolis,-1.33543734,3.67980954e-04,100
543,Row-Update,mps2,-1.33653888,9.76593911e-05,100
543,Hybrid,mixture2,-1.33647390,9.33415803e-05,100
544,Metropolis,metropolis,-1.33545949,3.69786932e-04,100
544,Row-Update,mps2,-1.33652873,9.95655869e-05,100
544,Hybrid,mixture2,-1.33644415,9.42085942e-05,100
545,Metropolis,metropolis,-1.33546744,3.67158121e-04,100
545,Row-Update,mps2,-1.33657611,1.02234884e-04,100
545,Hybrid,mixture2,-1.33644405,9.48746372e-05,100
546,Metropolis,metropolis,-1.33543539,3.68114743e-04,100
546,Row-Update,mps2,-1.33655651,9.83268373e-05,100
546,Hybrid,mixture2,-1.33645322,9.79796478e-05,100
547,Metropolis,metropolis,-1.33541816,3.69503520e-04,100
547,Row-Update,mps2,-1.33653142,9.56083854e-05,100
547,Hybrid,mixture2,-1.33648102,9.68742947e-05,100
548,Metropolis,metropolis,-1.33541978,3.68887201e-04,100
548,Row-Update,mps2,-1.33655694,9.64586349e-05,100
548,Hybrid,mixture2,-1.33646770,9.52877978e-05,100
549,Metropolis,metropolis,-1.33545930,3.70654913e-04,100
549,Row-Update,mps2,-1.33657139,9.57953291e-05,100
549,Hybrid,mixture2,-1.33647305,9.53662502e-05,100
550,Metropolis,metropolis,-1.33545191,3.69504494e-04,100
550,Row-Update,mps2,-1.33655475,9.57257570e-05,100
550,Hybrid,mixture2,-1.33648689,9.45610639e-05,100
551,Metropolis,metropolis,-1.33544452,3.68221993e-04,100
551,Row-Update,mps2,-1.33655754,9.86247719e-05,100
551,Hybrid,mixture2,-1.33651356,9.60349860e-05,100
552,Metropolis,metropolis,-1.33543923,3.68715093e-04,100
552,Row-Update,mps2,-1.33658104,9.48336592e-05,100
552,Hybrid,mixture2,-1.33646654,9.38781165e-05,100
553,Metropolis,metropolis,-1.33545628,3.68772517e-04,100
553,Row-Update,mps2,-1.33652995,1.02340802e-04,100
553,Hybrid,mixture2,-1.33648139,9.50762863e-05,100
554,Metropolis,metropolis,-1.33545421,3.69849065e-04,100
554,Row-Update,mps2,-1.33656052,1.06646865e-04,100
554,Hybrid,mixture2,-1.33646550,9.39084094e-05,100
555,Metropolis,metropolis,-1.33544916,3.69552380e-04,100
555,Row-Update,mps2,-1.33651534,1.05057250e-04,100
555,Hybrid,mixture2,-1.33645425,9.78872831e-05,100
556,Metropolis,metropolis,-1.33547387,3.68547172e-04,100
556,Row-Update,mps2,-1.33656681,1.04997126e-04,100
556,Hybrid,mixture2,-1.33644961,9.65366594e-05,100
557,Metropolis,metropolis,-1.33546685,3.69962792e-04,100
557,Row-Update,mps2,-1.33655373,1.06441172e-04,100
557,Hybrid,mixture2,-1.33645932,9.46091369e-05,100
558,Metropolis,metropolis,-1.33545949,3.68822777e-04,100
558,Row-Update,mps2,-1.33655588,1.02815355e-04,100
558,Hybrid,mixture2,-1.33646131,9.86776794e-05,100
559,Metropolis,metropolis,-1.33546437,3.69548842e-04,100
559,Row-Update,mps2,-1.33652562,1.14040703e-04,100
559,Hybrid,mixture2,-1.33648327,9.51310435e-05,100
560,Metropolis,metropolis,-1.33548742,3.69498565e-04,100
560,Row-Update,mps2,-1.33654676,1.10826601e-04,100
560,Hybrid,mixture2,-1.33646610,9.68430850e-05,100
561,Metropolis,metropolis,-1.33548277,3.69867399e-04,100
561,Row-Update,mps2,-1.33654233,1.08923114e-04,100
561,Hybrid,mixture2,-1.33646195,9.58517082e-05,100
562,Metropolis,metropolis,-1.33547505,3.70610206e-04,100
562,Row-Update,mps2,-1.33654140,1.08888705e-04,100
562,Hybrid,mixture2,-1.33650285,9.82562052e-05,100
563,Metropolis,metropolis,-1.33546013,3.68705063e-04,100
563,Row-Update,mps2,-1.33651679,1.12595175e-04,100
563,Hybrid,mixture2,-1.33643344,1.00565821e-04,100
564,Metropolis,metropolis,-1.33550432,3.70850051e-04,100
564,Row-Update,mps2,-1.33654284,1.07483019e-04,100
564,Hybrid,mixture2,-1.33645336,1.00587395e-04,100
565,Metropolis,metropolis,-1.33550932,3.67692906e-04,100
565,Row-Update,mps2,-1.33655085,1.07290036e-04,100
565,Hybrid,mixture2,-1.33646636,1.01185297e-04,100
566,Metropolis,metropolis,-1.33546816,3.69560118e-04,100
566,Row-Update,mps2,-1.33653542,1.16633173e-04,100
566,Hybrid,mixture2,-1.33646456,9.90630080e-05,100
567,Metropolis,metropolis,-1.33546848,3.67924266e-04,100
567,Row-Update,mps2,-1.33655248,1.09226188e-04,100
567,Hybrid,mixture2,-1.33647700,1.00289403e-04,100
568,Metropolis,metropolis,-1.33544115,3.70745624e-04,100
568,Row-Update,mps2,-1.33656422,1.06366053e-04,100
568,Hybrid,mixture2,-1.33649513,9.93142779e-05,100
569,Metropolis,metropolis,-1.33547264,3.70216974e-04,100
569,Row-Update,mps2,-1.33654218,1.08125091e-04,100
569,Hybrid,mixture2,-1.33647512,9.67601466e-05,100
570,Metropolis,metropolis,-1.33545880,3.70856342e-04,100
570,Row-Update,mps2,-1.33659748,9.74962447e-05,100
570,Hybrid,mixture2,-1.33647895,9.89475723e-05,100
571,Metropolis,metropolis,-1.33541948,3.72573605e-04,100
571,Row-Update,mps2,-1.33657188,1.03206478e-04,100
571,Hybrid,mixture2,-1.33647446,9.63493330e-05,100
572,Metropolis,metropolis,-1.33545296,3.70551213e-04,100
572,Row-Update,mps2,-1.33659219,9.69080628e-05,100
572,Hybrid,mixture2,-1.33646531,1.08496245e-04,100
573,Metropolis,metropolis,-1.33547337,3.70097740e-04,100
573,Row-Update,mps2,-1.33660438,9.91511011e-05,100
573,Hybrid,mixture2,-1.33648803,1.02515835e-04,100
574,Metropolis,metropolis,-1.33552744,3.69167277e-04,100
574,Row-Update,mps2,-1.33657956,9.99182977e-05,100
574,Hybrid,mixture2,-1.33649337,9.84949131e-05,100
575,Metropolis,metropolis,-1.33549851,3.70823958e-04,100
575,Row-Update,mps2,-1.33659714,1.00384430e-04,100
575,Hybrid,mixture2,-1.33645799,1.02252900e-04,100
576,Metropolis,metropolis,-1.33547391,3.70138980e-04,100
576,Row-Update,mps2,-1.33654855,1.04451720e-04,100
576,Hybrid,mixture2,-1.33649112,9.49118244e-05,100
577,Metropolis,metropolis,-1.33541490,3.77254151e-04,100
577,Row-Update,mps2,-1.33658648,1.01377328e-04,100
577,Hybrid,mixture2,-1.33652204,9.78858411e-05,100
578,Metropolis,metropolis,-1.33546943,3.71032257e-04,100
578,Row-Update,mps2,-1.33659803,1.01596110e-04,100
578,Hybrid,mixture2,-1.33650506,9.53532925e-05,100
579,Metropolis,metropolis,-1.33550847,3.71538773e-04,100
579,Row-Update,mps2,-1.33661143,9.83502042e-05,100
579,Hybrid,mixture2,-1.33648784,1.03242928e-04,100
580,Metropolis,metropolis,-1.33552156,3.71055498e-04,100
580,Row-Update,mps2,-1.33663570,9.56576643e-05,100
580,Hybrid,mixture2,-1.33643188,1.26165733e-04,100
581,Metropolis,metropolis,-1.33551578,3.69938331e-04,100
581,Row-Update,mps2,-1.33662747,9.69146154e-05,100
581,Hybrid,mixture2,-1.33644919,1.24844656e-04,100
582,Metropolis,metropolis,-1.33549868,3.69636690e-04,100
582,Row-Update,mps2,-1.33663604,9.93387984e-05,100
582,Hybrid,mixture2,-1.33649622,1.02737506e-04,100
583,Metropolis,metropolis,-1.33552935,3.69266393e-04,100
583,Row-Update,mps2,-1.33661624,9.84624273e-05,100
583,Hybrid,mixture2,-1.33649941,9.87552499e-05,100
584,Metropolis,metropolis,-1.33552895,3.69816961e-04,100
584,Row-Update,mps2,-1.33661390,9.78392379e-05,100
584,Hybrid,mixture2,-1.33647450,1.13570917e-04,100
585,Metropolis,metropolis,-1.33551264,3.69328138e-04,100
585,Row-Update,mps2,-1.33659708,9.89906292e-05,100
585,Hybrid,mixture2,-1.33650019,1.09537861e-04,100
586,Metropolis,metropolis,-1.33548437,3.70829670e-04,100
586,Row-Update,mps2,-1.33660926,9.80304509e-05,100
586,Hybrid,mixture2,-1.33649999,1.07562799e-04,100
587,Metropolis,metropolis,-1.33546021,3.72003682e-04,100
587,Row-Update,mps2,-1.33658078,9.98333326e-05,100
587,Hybrid,mixture2,-1.33652450,9.95511251e-05,100
588,Metropolis,metropolis,-1.33550790,3.68291684e-04,100
588,Row-Update,mps2,-1.33662265,9.62297730e-05,100
588,Hybrid,mixture2,-1.33653471,9.31652265e-05,100
589,Metropolis,metropolis,-1.33549384,3.69235327e-04,100
589,Row-Update,mps2,-1.33661936,9.68360963e-05,100
589,Hybrid,mixture2,-1.33655019,9.32056432e-05,100
590,Metropolis,metropolis,-1.33547236,3.70575724e-04,100
590,Row-Update,mps2,-1.33663179,9.32302503e-05,100
590,Hybrid,mixture2,-1.33654747,9.46501610e-05,100
591,Metropolis,metropolis,-1.33549130,3.69916555e-04,100
591,Row-Update,mps2,-1.33662499,9.15433643e-05,100
591,Hybrid,mixture2,-1.33650269,1.01096241e-04,100
592,Metropolis,metropolis,-1.33551120,3.67688411e-04,100
592,Row-Update,mps2,-1.33663886,9.41994496e-05,100
592,Hybrid,mixture2,-1.33652983,9.80086393e-05,100
593,Metropolis,metropolis,-1.33551672,3.69345220e-04,100
593,Row-Update,mps2,-1.33664208,9.34868241e-05,100
593,Hybrid,mixture2,-1.33656731,9.61381343e-05,100
594,Metropolis,metropolis,-1.33551488,3.70430402e-04,100
594,Row-Update,mps2,-1.33664527,9.24452929e-05,100
594,Hybrid,mixture2,-1.33653698,9.52094617e-05,100
595,Metropolis,metropolis,-1.33551362,3.71849776e-04,100
595,Row-Update,mps2,-1.33661834,9.30573447e-05,100
595,Hybrid,mixture2,-1.33652965,9.84601286e-05,100
596,Metropolis,metropolis,-1.33547260,3.71144610e-04,100
596,Row-Update,mps2,-1.33664417,9.32127979e-05,100
596,Hybrid,mixture2,-1.33658272,9.50527354e-05,100
597,Metropolis,metropolis,-1.33546458,3.71335841e-04,100
597,Row-Update,mps2,-1.33663360,9.34802955e-05,100
597,Hybrid,mixture2,-1.33655535,9.24444364e-05,100
598,Metropolis,metropolis,-1.33551952,3.69318080e-04,100
598,Row-Update,mps2,-1.33668041,8.95430049e-05,100
598,Hybrid,mixture2,-1.33657425,9.47172433e-05,100
599,Metropolis,metropolis,-1.33550459,3.71550344e-04,100
599,Row-Update,mps2,-1.33667664,9.12853204e-05,100
599,Hybrid,mixture2,-1.33656237,9.53914787e-05,100
600,Metropolis,metropolis,-1.33548719,3.71486970e-04,100
600,Row-Update,mps2,-1.33665035,9.06564599e-05,100
600,Hybrid,mixture2,-1.33657103,9.63878674e-05,100
601,Metropolis,metropolis,-1.33550726,3.73876476e-04,100
601,Row-Update,mps2,-1.33666126,9.43596991e-05,100
601,Hybrid,mixture2,-1.33656475,9.48349814e-05,100
602,Metropolis,metropolis,-1.33543398,3.78659906e-04,100
602,Row-Update,mps2,-1.33663434,9.44908125e-05,100
602,Hybrid,mixture2,-1.33655701,9.23294016e-05,100
603,Metropolis,metropolis,-1.33545842,3.76899542e-04,100
603,Row-Update,mps2,-1.33666643,9.30092331e-05,100
603,Hybrid,mixture2,-1.33654797,9.52477875e-05,100
604,Metropolis,metropolis,-1.33547722,3.73621106e-04,100
604,Row-Update,mps2,-1.33667509,9.24084685e-05,100
604,Hybrid,mixture2,-1.33655593,9.64536681e-05,100
605,Metropolis,metropolis,-1.33548022,3.71630361e-04,100
605,Row-Update,mps2,-1.33667376,9.22888043e-05,100
605,Hybrid,mixture2,-1.33657981,9.32432636e-05,100
606,Metropolis,metropolis,-1.33546878,3.75070577e-04,100
606,Row-Update,mps2,-1.33667028,9.16390948e-05,100
606,Hybrid,mixture2,-1.33658674,9.29607998e-05,100
607,Metropolis,metropolis,-1.33546914,3.74092374e-04,100
607,Row-Update,mps2,-1.33666617,9.25449012e-05,100
607,Hybrid,mixture2,-1.33657730,9.25821460e-05,100
608,Metropolis,metropolis,-1.33549250,3.76135335e-04,100
608,Row-Update,mps2,-1.33667647,8.94533852e-05,100
608,Hybrid,mixture2,-1.33659629,9.24148336e-05,100
609,Metropolis,metropolis,-1.33551115,3.75617670e-04,100
609,Row-Update,mps2,-1.33666855,8.92784884e-05,100
609,Hybrid,mixture2,-1.33664059,9.21520744e-05,100
610,Metropolis,metropolis,-1.33544978,3.78097169e-04,100
610,Row-Update,mps2,-1.33667303,9.18137357e-05,100
610,Hybrid,mixture2,-1.33661269,9.08176191e-05,100
611,Metropolis,metropolis,-1.33552807,3.71563235e-04,100
611,Row-Update,mps2,-1.33664888,8.89784398e-05,100
611,Hybrid,mixture2,-1.33661692,8.93172729e-05,100
612,Metropolis,metropolis,-1.33548367,3.76483459e-04,100
612,Row-Update,mps2,-1.33668122,9.04748179e-05,100
612,Hybrid,mixture2,-1.33663348,8.90646641e-05,100
613,Metropolis,metropolis,-1.33549064,3.77781486e-04,100
613,Row-Update,mps2,-1.33664888,8.98337044e-05,100
613,Hybrid,mixture2,-1.33662256,9.06001000e-05,100
614,Metropolis,metropolis,-1.33549358,3.76063998e-04,100
614,Row-Update,mps2,-1.33666979,9.15022554e-05,100
614,Hybrid,mixture2,-1.33661435,9.08395866e-05,100
615,Metropolis,metropolis,-1.33550277,3.75492963e-04,100
615,Row-Update,mps2,-1.33662396,9.26014959e-05,100
615,Hybrid,mixture2,-1.33661115,9.10864737e-05,100
616,Metropolis,metropolis,-1.33549368,3.76969956e-04,100
616,Row-Update,mps2,-1.33666894,8.96078919e-05,100
616,Hybrid,mixture2,-1.33663163,8.96518086e-05,100
617,Metropolis,metropolis,-1.33554265,3.73715318e-04,100
617,Row-Update,mps2,-1.33661820,9.14116807e-05,100
617,Hybrid,mixture2,-1.33664678,8.97680253e-05,100
618,Metropolis,metropolis,-1.33554412,3.72095442e-04,100
618,Row-Update,mps2,-1.33664035,9.43652631e-05,100
618,Hybrid,mixture2,-1.33664542,8.88890143e-05,100
619,Metropolis,metropolis,-1.33556013,3.72628812e-04,100
619,Row-Update,mps2,-1.33666362,9.17259267e-05,100
619,Hybrid,mixture2,-1.33664995,8.95093304e-05,100
620,Metropolis,metropolis,-1.33555119,3.75985613e-04,100
620,Row-Update,mps2,-1.33667052,9.22613137e-05,100
620,Hybrid,mixture2,-1.33663797,9.03768026e-05,100
621,Metropolis,metropolis,-1.33554554,3.74172953e-04,100
621,Row-Update,mps2,-1.33667677,8.97991506e-05,100
621,Hybrid,mixture2,-1.33661123,9.03088928e-05,100
622,Metropolis,metropolis,-1.33559695,3.71194336e-04,100
622,Row-Update,mps2,-1.33668260,9.29841048e-05,100
622,Hybrid,mixture2,-1.33665732,8.84933986e-05,100
623,Metropolis,metropolis,-1.33558000,3.72853880e-04,100
623,Row-Update,mps2,-1.33664582,9.60410208e-05,100
623,Hybrid,mixture2,-1.33658256,1.04319769e-04,100
624,Metropolis,metropolis,-1.33557761,3.72021439e-04,100
624,Row-Update,mps2,-1.33667226,9.25962741e-05,100
624,Hybrid,mixture2,-1.33663751,9.00387989e-05,100
625,Metropolis,metropolis,-1.33556571,3.73631231e-04,100
625,Row-Update,mps2,-1.33665939,9.46735072e-05,100
625,Hybrid,mixture2,-1.33658117,1.11908250e-04,100
626,Metropolis,metropolis,-1.33560542,3.73427770e-04,100
626,Row-Update,mps2,-1.33667881,9.23906391e-05,100
626,Hybrid,mixture2,-1.33659537,1.09599221e-04,100
627,Metropolis,metropolis,-1.33561102,3.70044031e-04,100
627,Row-Update,mps2,-1.33668772,9.02254226e-05,100
627,Hybrid,mixture2,-1.33659248,1.05182801e-04,100
628,Metropolis,metropolis,-1.33562560,3.73230007e-04,100
628,Row-Update,mps2,-1.33667190,9.17922486e-05,100
628,Hybrid,mixture2,-1.33661052,9.94694883e-05,100
629,Metropolis,metropolis,-1.33561182,3.70530338e-04,100
629,Row-Update,mps2,-1.33668301,9.16488318e-05,100
629,Hybrid,mixture2,-1.33659936,9.50136096e-05,100
630,Metropolis,metropolis,-1.33554506,3.71210476e-04,100
630,Row-Update,mps2,-1.33669168,9.28665536e-05,100
630,Hybrid,mixture2,-1.33658064,9.67950433e-05,100
631,Metropolis,metropolis,-1.33556274,3.75346228e-04,100
631,Row-Update,mps2,-1.33665477,9.40195024e-05,100
631,Hybrid,mixture2,-1.33658644,1.08325140e-04,100
632,Metropolis,metropolis,-1.33558074,3.70743018e-04,100
632,Row-Update,mps2,-1.33666657,9.32173547e-05,100
632,Hybrid,mixture2,-1.33660121,1.06411352e-04,100
633,Metropolis,metropolis,-1.33560729,3.72805108e-04,100
633,Row-Update,mps2,-1.33666872,9.57806513e-05,100
633,Hybrid,mixture2,-1.33660195,1.09014151e-04,100
634,Metropolis,metropolis,-1.33564023,3.72681447e-04,100
634,Row-Update,mps2,-1.33669812,9.10584345e-05,100
634,Hybrid,mixture2,-1.33664065,9.08937396e-05,100
635,Metropolis,metropolis,-1.33563372,3.73713581e-04,100
635,Row-Update,mps2,-1.33668953,9.15384049e-05,100
635,Hybrid,mixture2,-1.33663957,9.03102762e-05,100
636,Metropolis,metropolis,-1.33562914,3.72437642e-04,100
636,Row-Update,mps2,-1.33669350,8.94726135e-05,100
636,Hybrid,mixture2,-1.33667211,8.83730037e-05,100
637,Metropolis,metropolis,-1.33565875,3.71189284e-04,100
637,Row-Update,mps2,-1.33669850,9.22565509e-05,100
637,Hybrid,mixture2,-1.33664383,9.25346663e-05,100
638,Metropolis,metropolis,-1.33565542,3.70657826e-04,100
638,Row-Update,mps2,-1.33671446,9.00850973e-05,100
638,Hybrid,mixture2,-1.33666835,8.64728372e-05,100
639,Metropolis,metropolis,-1.33563083,3.74166444e-04,100
639,Row-Update,mps2,-1.33671547,9.03645186e-05,100
639,Hybrid,mixture2,-1.33665511,9.12170944e-05,100
640,Metropolis,metropolis,-1.33563882,3.75102716e-04,100
640,Row-Update,mps2,-1.33671389,8.99932762e-05,100
640,Hybrid,mixture2,-1.33664971,9.09537414e-05,100
641,Metropolis,metropolis,-1.33561822,3.73152682e-04,100
641,Row-Update,mps2,-1.33670543,9.02029089e-05,100
641,Hybrid,mixture2,-1.33665985,9.14642484e-05,100
642,Metropolis,metropolis,-1.33564872,3.72803807e-04,100
642,Row-Update,mps2,-1.33670980,8.83313935e-05,100
642,Hybrid,mixture2,-1.33667049,8.79710722e-05,100
643,Metropolis,metropolis,-1.33564305,3.71132908e-04,100
643,Row-Update,mps2,-1.33669568,9.19746629e-05,100
643,Hybrid,mixture2,-1.33667878,8.95549332e-05,100
644,Metropolis,metropolis,-1.33564678,3.72711075e-04,100
644,Row-Update,mps2,-1.33671287,8.95782861e-05,100
644,Hybrid,mixture2,-1.33665782,8.99025040e-05,100
645,Metropolis,metropolis,-1.33564465,3.72442603e-04,100
645,Row-Update,mps2,-1.33670396,9.11440091e-05,100
645,Hybrid,mixture2,-1.33663757,9.16251959e-05,100
646,Metropolis,metropolis,-1.33565009,3.72238231e-04,100
646,Row-Update,mps2,-1.33668654,9.11388213e-05,100
646,Hybrid,mixture2,-1.33664054,9.16403987e-05,100
647,Metropolis,metropolis,-1.33563025,3.72938681e-04,100
647,Row-Update,mps2,-1.33669821,8.98144619e-05,100
647,Hybrid,mixture2,-1.33666233,8.97737031e-05,100
648,Metropolis,metropolis,-1.33562532,3.71769493e-04,100
648,Row-Update,mps2,-1.33671403,8.86338714e-05,100
648,Hybrid,mixture2,-1.33665406,9.26072566e-05,100
649,Metropolis,metropolis,-1.33563082,3.74378320e-04,100
649,Row-Update,mps2,-1.33672377,8.96542673e-05,100
649,Hybrid,mixture2,-1.33668161,9.16827151e-05,100
650,Metropolis,metropolis,-1.33562680,3.73113208e-04,100
650,Row-Update,mps2,-1.33671040,9.20665931e-05,100
650,Hybrid,mixture2,-1.33667913,8.86571590e-05,100
651,Metropolis,metropolis,-1.33562668,3.73670832e-04,100
651,Row-Update,mps2,-1.33669025,9.07304246e-05,100
651,Hybrid,mixture2,-1.33670242,8.86622931e-05,100
652,Metropolis,metropolis,-1.33565002,3.73411829e-04,100
652,Row-Update,mps2,-1.33671942,8.99641565e-05,100
652,Hybrid,mixture2,-1.33667571,9.43096615e-05,100
653,Metropolis,metropolis,-1.33563706,3.72471932e-04,100
653,Row-Update,mps2,-1.33670968,9.15242913e-05,100
653,Hybrid,mixture2,-1.33668214,8.93511500e-05,100
654,Metropolis,metropolis,-1.33565939,3.72433290e-04,100
654,Row-Update,mps2,-1.33671828,9.16096635e-05,100
654,Hybrid,mixture2,-1.33667043,9.02400748e-05,100
655,Metropolis,metropolis,-1.33566717,3.72232778e-04,100
655,Row-Update,mps2,-1.33672961,8.94102669e-05,100
655,Hybrid,mixture2,-1.33666493,9.01367819e-05,100
656,Metropolis,metropolis,-1.33562761,3.74441704e-04,100
656,Row-Update,mps2,-1.33673736,8.97723691e-05,100
656,Hybrid,mixture2,-1.33667930,9.13961914e-05,100
657,Metropolis,metropolis,-1.33566495,3.73437020e-04,100
657,Row-Update,mps2,-1.33671395,9.01924619e-05,100
657,Hybrid,mixture2,-1.33668340,8.96536263e-05,100
658,Metropolis,metropolis,-1.33565033,3.71398843e-04,100
658,Row-Update,mps2,-1.33672898,9.07601064e-05,100
658,Hybrid,mixture2,-1.33665429,9.04584765e-05,100
659,Metropolis,metropolis,-1.33570094,3.73298235e-04,100
659,Row-Update,mps2,-1.33672359,9.30327370e-05,100
659,Hybrid,mixture2,-1.33666686,9.06867021e-05,100
660,Metropolis,metropolis,-1.33566597,3.72873347e-04,100
660,Row-Update,mps2,-1.33671980,9.08439233e-05,100
660,Hybrid,mixture2,-1.33668207,9.31915625e-05,100
661,Metropolis,metropolis,-1.33568285,3.73941072e-04,100
661,Row-Update,mps2,-1.33676518,9.03791932e-05,100
661,Hybrid,mixture2,-1.33669028,9.26313664e-05,100
662,Metropolis,metropolis,-1.33569210,3.73281018e-04,100
662,Row-Update,mps2,-1.33671410,8.89820919e-05,100
662,Hybrid,mixture2,-1.33668231,8.95501463e-05,100
663,Metropolis,metropolis,-1.33565462,3.72989612e-04,100
663,Row-Update,mps2,-1.33674088,8.87839753e-05,100
663,Hybrid,mixture2,-1.33667639,9.08007958e-05,100
664,Metropolis,metropolis,-1.33567988,3.73726132e-04,100
664,Row-Update,mps2,-1.33671025,9.06019642e-05,100
664,Hybrid,mixture2,-1.33665089,9.63548686e-05,100
665,Metropolis,metropolis,-1.33567286,3.71585506e-04,100
665,Row-Update,mps2,-1.33671973,8.89041005e-05,100
665,Hybrid,mixture2,-1.33669389,9.10006652e-05,100
666,Metropolis,metropolis,-1.33568870,3.74433228e-04,100
666,Row-Update,mps2,-1.33672340,8.95830997e-05,100
666,Hybrid,mixture2,-1.33668038,9.33710152e-05,100
667,Metropolis,metropolis,-1.33567643,3.72662258e-04,100
667,Row-Update,mps2,-1.33673731,8.97915300e-05,100
667,Hybrid,mixture2,-1.33668250,9.28752993e-05,100
668,Metropolis,metropolis,-1.33569542,3.73845493e-04,100
668,Row-Update,mps2,-1.33672135,9.24544734e-05,100
668,Hybrid,mixture2,-1.33663849,1.08837817e-04,100
669,Metropolis,metropolis,-1.33570463,3.71929881e-04,100
669,Row-Update,mps2,-1.33671110,9.10574342e-05,100
669,Hybrid,mixture2,-1.33668177,9.58552900e-05,100
670,Metropolis,metropolis,-1.33570078,3.72981752e-04,100
670,Row-Update,mps2,-1.33670628,8.96261288e-05,100
670,Hybrid,mixture2,-1.33669314,9.22452025e-05,100
671,Metropolis,metropolis,-1.33570814,3.72193018e-04,100
671,Row-Update,mps2,-1.33671843,9.26366649e-05,100
671,Hybrid,mixture2,-1.33666272,9.40026917e-05,100
672,Metropolis,metropolis,-1.33573304,3.71117732e-04,100
672,Row-Update,mps2,-1.33670376,9.53717690e-05,100
672,Hybrid,mixture2,-1.33668617,9.07071036e-05,100
673,Metropolis,metropolis,-1.33571831,3.71975054e-04,100
673,Row-Update,mps2,-1.33670647,9.08893859e-05,100
673,Hybrid,mixture2,-1.33662603,1.08853692e-04,100
674,Metropolis,metropolis,-1.33573019,3.71015548e-04,100
674,Row-Update,mps2,-1.33675929,8.99520485e-05,100
674,Hybrid,mixture2,-1.33663870,9.91760420e-05,100
675,Metropolis,metropolis,-1.33572819,3.71613730e-04,100
675,Row-Update,mps2,-1.33671845,8.90044521e-05,100
675,Hybrid,mixture2,-1.33669067,9.21604098e-05,100
676,Metropolis,metropolis,-1.33574228,3.71705642e-04,100
676,Row-Update,mps2,-1.33671849,8.93057789e-05,100
676,Hybrid,mixture2,-1.33666482,9.21876104e-05,100
677,Metropolis,metropolis,-1.33573374,3.72164815e-04,100
677,Row-Update,mps2,-1.33675208,9.13871475e-05,100
677,Hybrid,mixture2,-1.33669643,8.91813915e-05,100
678,Metropolis,metropolis,-1.33575153,3.71867722e-04,100
678,Row-Update,mps2,-1.33674536,8.97839457e-05,100
678,Hybrid,mixture2,-1.33669740,8.87047339e-05,100
679,Metropolis,metropolis,-1.33570618,3.71646999e-04,100
679,Row-Update,mps2,-1.33675389,9.37943793e-05,100
679,Hybrid,mixture2,-1.33670609,8.76655152e-05,100
680,Metropolis,metropolis,-1.33574506,3.71731228e-04,100
680,Row-Update,mps2,-1.33674357,8.87297094e-05,100
680,Hybrid,mixture2,-1.33669325,8.97686786e-05,100
681,Metropolis,metropolis,-1.33571813,3.72072996e-04,100
681,Row-Update,mps2,-1.33675871,8.78906349e-05,100
681,Hybrid,mixture2,-1.33671370,8.93798082e-05,100
682,Metropolis,metropolis,-1.33573203,3.72876818e-04,100
682,Row-Update,mps2,-1.33675536,9.00875917e-05,100
682,Hybrid,mixture2,-1.33669276,9.11553712e-05,100
683,Metropolis,metropolis,-1.33571990,3.72060401e-04,100
683,Row-Update,mps2,-1.33673601,9.38209271e-05,100
683,Hybrid,mixture2,-1.33664863,9.12626015e-05,100
684,Metropolis,metropolis,-1.33573800,3.72679969e-04,100
684,Row-Update,mps2,-1.33669800,9.57561412e-05,100
684,Hybrid,mixture2,-1.33665222,9.75405137e-05,100
685,Metropolis,metropolis,-1.33573863,3.74797618e-04,100
685,Row-Update,mps2,-1.33673771,9.15900089e-05,100
685,Hybrid,mixture2,-1.33667794,8.97363528e-05,100
686,Metropolis,metropolis,-1.33572792,3.71747791e-04,100
686,Row-Update,mps2,-1.33675969,8.77446967e-05,100
686,Hybrid,mixture2,-1.33667282,9.10175921e-05,100
687,Metropolis,metropolis,-1.33571748,3.73620499e-04,100
687,Row-Update,mps2,-1.33675514,8.93823022e-05,100
687,Hybrid,mixture2,-1.33669056,9.12725729e-05,100
688,Metropolis,metropolis,-1.33574785,3.72729646e-04,100
688,Row-Update,mps2,-1.33675172,9.06249995e-05,100
688,Hybrid,mixture2,-1.33670542,9.06240961e-05,100
689,Metropolis,metropolis,-1.33575224,3.70934602e-04,100
689,Row-Update,mps2,-1.33671897,9.15981221e-05,100
689,Hybrid,mixture2,-1.33672845,8.86091176e-05,100
690,Metropolis,metropolis,-1.33574373,3.72964492e-04,100
690,Row-Update,mps2,-1.33671226,1.01749762e-04,100
690,Hybrid,mixture2,-1.33671187,8.88337143e-05,100
691,Metropolis,metropolis,-1.33572952,3.72140268e-04,100
691,Row-Update,mps2,-1.33669604,1.01335429e-04,100
691,Hybrid,mixture2,-1.33670669,8.92376758e-05,100
692,Metropolis,metropolis,-1.33575263,3.70221716e-04,100
692,Row-Update,mps2,-1.33674226,9.66983828e-05,100
692,Hybrid,mixture2,-1.33671778,9.10296088e-05,100
693,Metropolis,metropolis,-1.33577582,3.72133243e-04,100
693,Row-Update,mps2,-1.33675502,9.38146898e-05,100
693,Hybrid,mixture2,-1.33674269,8.94003790e-05,100
694,Metropolis,metropolis,-1.33577861,3.71618335e-04,100
694,Row-Update,mps2,-1.33671007,9.64321574e-05,100
694,Hybrid,mixture2,-1.33674984,8.81502890e-05,100
695,Metropolis,metropolis,-1.33575021,3.72095659e-04,100
695,Row-Update,mps2,-1.33673159,9.23892206e-05,100
695,Hybrid,mixture2,-1.33676604,8.87412912e-05,100
696,Metropolis,metropolis,-1.33573894,3.70611215e-04,100
696,Row-Update,mps2,-1.33674766,9.07040659e-05,100
696,Hybrid,mixture2,-1.33673034,9.09663988e-05,100
697,Metropolis,metropolis,-1.33575166,3.70344090e-04,100
697,Row-Update,mps2,-1.33669556,1.00468921e-04,100
697,Hybrid,mixture2,-1.33676926,8.86120293e-05,100
698,Metropolis,metropolis,-1.33577990,3.71251786e-04,100
698,Row-Update,mps2,-1.33671855,9.88351967e-05,100
698,Hybrid,mixture2,-1.33671887,8.81660179e-05,100
699,Metropolis,metropolis,-1.33577305,3.71849674e-04,100
699,Row-Update,mps2,-1.33665485,1.33162898e-04,100
699,Hybrid,mixture2,-1.33672364,8.80829271e-05,100
700,Metropolis,metropolis,-1.33576309,3.72019180e-04,100
700,Row-Update,mps2,-1.33665720,1.17492447e-04,100
700,Hybrid,mixture2,-1.33672405,8.91239381e-05,100
701,Metropolis,metropolis,-1.33575701,3.70790620e-04,100
701,Row-Update,mps2,-1.33671773,1.09188288e-04,100
701,Hybrid,mixture2,-1.33673065,8.89470343e-05,100
702,Metropolis,metropolis,-1.33576896,3.72381706e-04,100
702,Row-Update,mps2,-1.33673317,1.03947382e-04,100
702,Hybrid,mixture2,-1.33673198,9.21108542e-05,100
703,Metropolis,metropolis,-1.33578712,3.71092907e-04,100
703,Row-Update,mps2,-1.33674471,1.00400315e-04,100
703,Hybrid,mixture2,-1.33671861,9.31653743e-05,100
704,Metropolis,metropolis,-1.33576893,3.72621158e-04,100
704,Row-Update,mps2,-1.33675074,9.49225466e-05,100
704,Hybrid,mixture2,-1.33671932,8.88292312e-05,100
705,Metropolis,metropolis,-1.33577247,3.72783435e-04,100
705,Row-Update,mps2,-1.33672400,1.02536576e-04,100
705,Hybrid,mixture2,-1.33667115,1.07267535e-04,100
706,Metropolis,metropolis,-1.33580386,3.71822412e-04,100
706,Row-Update,mps2,-1.33673711,9.96886276e-05,100
706,Hybrid,mixture2,-1.33673545,9.42206465e-05,100
707,Metropolis,metropolis,-1.33579809,3.72748998e-04,100
707,Row-Update,mps2,-1.33674707,9.50163303e-05,100
707,Hybrid,mixture2,-1.33670072,8.99705446e-05,100
708,Metropolis,metropolis,-1.33580599,3.71137004e-04,100
708,Row-Update,mps2,-1.33676744,9.44393565e-05,100
708,Hybrid,mixture2,-1.33673518,8.89338264e-05,100
709,Metropolis,metropolis,-1.33579167,3.72553712e-04,100
709,Row-Update,mps2,-1.33675344,9.29611363e-05,100
709,Hybrid,mixture2,-1.33670153,9.18080698e-05,100
710,Metropolis,metropolis,-1.33577448,3.71475642e-04,100
710,Row-Update,mps2,-1.33674396,9.74327270e-05,100
710,Hybrid,mixture2,-1.33671050,8.78290722e-05,100
711,Metropolis,metropolis,-1.33577948,3.72391875e-04,100
711,Row-Update,mps2,-1.33677097,9.27151709e-05,100
711,Hybrid,mixture2,-1.33666824,9.15714051e-05,100
712,Metropolis,metropolis,-1.33580439,3.71861347e-04,100
712,Row-Update,mps2,-1.33676616,8.94017286e-05,100
712,Hybrid,mixture2,-1.33672778,8.75705335e-05,100
713,Metropolis,metropolis,-1.33580887,3.71938974e-04,100
713,Row-Update,mps2,-1.33674589,9.30908678e-05,100
713,Hybrid,mixture2,-1.33671495,9.01967398e-05,100
714,Metropolis,metropolis,-1.33582598,3.71902087e-04,100
714,Row-Update,mps2,-1.33677385,9.07567201e-05,100
714,Hybrid,mixture2,-1.33673941,8.89843295e-05,100
715,Metropolis,metropolis,-1.33577783,3.71901935e-04,100
715,Row-Update,mps2,-1.33681063,9.01637629e-05,100
715,Hybrid,mixture2,-1.33673457,9.00980941e-05,100
716,Metropolis,metropolis,-1.33580362,3.71360887e-04,100
716,Row-Update,mps2,-1.33677155,8.87956744e-05,100
716,Hybrid,mixture2,-1.33672146,9.03010742e-05,100
717,Metropolis,metropolis,-1.33580219,3.71789453e-04,100
717,Row-Update,mps2,-1.33677978,9.04560606e-05,100
717,Hybrid,mixture2,-1.33672545,9.33916792e-05,100
718,Metropolis,metropolis,-1.33581305,3.73874033e-04,100
718,Row-Update,mps2,-1.33678564,8.99875989e-05,100
718,Hybrid,mixture2,-1.33672130,9.10939450e-05,100
719,Metropolis,metropolis,-1.33582899,3.72569945e-04,100
719,Row-Update,mps2,-1.33677137,8.97491839e-05,100
719,Hybrid,mixture2,-1.33673079,9.07917209e-05,100
720,Metropolis,metropolis,-1.33583747,3.71956166e-04,100
720,Row-Update,mps2,-1.33677280,9.15223814e-05,100
720,Hybrid,mixture2,-1.33670174,1.05011409e-04,100
721,Metropolis,metropolis,-1.33583851,3.71807307e-04,100
721,Row-Update,mps2,-1.33679423,9.06454662e-05,100
721,Hybrid,mixture2,-1.33674312,9.29134968e-05,100
722,Metropolis,metropolis,-1.33582399,3.71599418e-04,100
722,Row-Update,mps2,-1.33677997,9.16642260e-05,100
722,Hybrid,mixture2,-1.33672906,9.84246765e-05,100
723,Metropolis,metropolis,-1.33584812,3.72493734e-04,100
723,Row-Update,mps2,-1.33678856,8.83308627e-05,100
723,Hybrid,mixture2,-1.33669856,1.05565400e-04,100
724,Metropolis,metropolis,-1.33582279,3.72967372e-04,100
724,Row-Update,mps2,-1.33678787,8.89647513e-05,100
724,Hybrid,mixture2,-1.33673275,9.58295524e-05,100
725,Metropolis,metropolis,-1.33582741,3.71624513e-04,100
725,Row-Update,mps2,-1.33677527,9.20438707e-05,100
725,Hybrid,mixture2,-1.33675207,8.90111306e-05,100
726,Metropolis,metropolis,-1.33582280,3.71988269e-04,100
726,Row-Update,mps2,-1.33678589,9.23468213e-05,100
726,Hybrid,mixture2,-1.33675765,9.11996731e-05,100
727,Metropolis,metropolis,-1.33582665,3.71648622e-04,100
727,Row-Update,mps2,-1.33680156,9.08538004e-05,100
727,Hybrid,mixture2,-1.33673931,8.90313503e-05,100
728,Metropolis,metropolis,-1.33582792,3.71859161e-04,100
728,Row-Update,mps2,-1.33679339,9.07462453e-05,100
728,Hybrid,mixture2,-1.33677892,9.00116104e-05,100
729,Metropolis,metropolis,-1.33582151,3.71983384e-04,100
729,Row-Update,mps2,-1.33678252,9.13270660e-05,100
729,Hybrid,mixture2,-1.33674214,9.07578147e-05,100
730,Metropolis,metropolis,-1.33583537,3.71676125e-04,100
730,Row-Update,mps2,-1.33679614,9.00758318e-05,100
730,Hybrid,mixture2,-1.33674000,8.81944452e-05,100
731,Metropolis,metropolis,-1.33583060,3.72056511e-04,100
731,Row-Update,mps2,-1.33681535,8.95300401e-05,100
731,Hybrid,mixture2,-1.33676128,8.86530616e-05,100
732,Metropolis,metropolis,-1.33582345,3.71592434e-04,100
732,Row-Update,mps2,-1.33680935,8.83885242e-05,100
732,Hybrid,mixture2,-1.33676171,9.28216353e-05,100
733,Metropolis,metropolis,-1.33583497,3.70821162e-04,100
733,Row-Update,mps2,-1.33679462,9.31478499e-05,100
733,Hybrid,mixture2,-1.33677038,8.94411914e-05,100
734,Metropolis,metropolis,-1.33583321,3.72105231e-04,100
734,Row-Update,mps2,-1.33681653,8.86336689e-05,100
734,Hybrid,mixture2,-1.33675245,9.54740223e-05,100
735,Metropolis,metropolis,-1.33584576,3.71870195e-04,100
735,Row-Update,mps2,-1.33682122,9.01444001e-05,100
735,Hybrid,mixture2,-1.33674695,9.50942728e-05,100
736,Metropolis,metropolis,-1.33585173,3.72325169e-04,100
736,Row-Update,mps2,-1.33682040,8.89146773e-05,100
736,Hybrid,mixture2,-1.33674533,9.40289294e-05,100
737,Metropolis,metropolis,-1.33584916,3.72938994e-04,100
737,Row-Update,mps2,-1.33683572,8.97472663e-05,100
737,Hybrid,mixture2,-1.33675581,9.05110614e-05,100
738,Metropolis,metropolis,-1.33585017,3.73436894e-04,100
738,Row-Update,mps2,-1.33680498,8.97751584e-05,100
738,Hybrid,mixture2,-1.33676433,9.09611875e-05,100
739,Metropolis,metropolis,-1.33584738,3.72398516e-04,100
739,Row-Update,mps2,-1.33683204,8.99806571e-05,100
739,Hybrid,mixture2,-1.33670149,1.12381421e-04,100
740,Metropolis,metropolis,-1.33583496,3.73556842e-04,100
740,Row-Update,mps2,-1.33684343,8.90872876e-05,100
740,Hybrid,mixture2,-1.33670864,9.98681230e-05,100
741,Metropolis,metropolis,-1.33585547,3.72783173e-04,100
741,Row-Update,mps2,-1.33682324,8.76724337e-05,100
741,Hybrid,mixture2,-1.33671301,1.08331608e-04,100
742,Metropolis,metropolis,-1.33586467,3.73614909e-04,100
742,Row-Update,mps2,-1.33684849,8.95927357e-05,100
742,Hybrid,mixture2,-1.33672260,9.57908383e-05,100
743,Metropolis,metropolis,-1.33584103,3.72665156e-04,100
743,Row-Update,mps2,-1.33682138,9.02935667e-05,100
743,Hybrid,mixture2,-1.33675868,9.11219379e-05,100
744,Metropolis,metropolis,-1.33585684,3.72724141e-04,100
744,Row-Update,mps2,-1.33679316,8.86635595e-05,100
744,Hybrid,mixture2,-1.33674682,9.04852605e-05,100
745,Metropolis,metropolis,-1.33584942,3.72039097e-04,100
745,Row-Update,mps2,-1.33680412,8.98132777e-05,100
745,Hybrid,mixture2,-1.33677489,8.96633505e-05,100
746,Metropolis,metropolis,-1.33585875,3.73586832e-04,100
746,Row-Update,mps2,-1.33680219,9.12239266e-05,100
746,Hybrid,mixture2,-1.33676381,9.10877499e-05,100
747,Metropolis,metropolis,-1.33587399,3.73115354e-04,100
747,Row-Update,mps2,-1.33681096,8.95157711e-05,100
747,Hybrid,mixture2,-1.33677186,8.98286732e-05,100
748,Metropolis,metropolis,-1.33585712,3.73081335e-04,100
748,Row-Update,mps2,-1.33683512,8.98949794e-05,100
748,Hybrid,mixture2,-1.33675481,9.09653967e-05,100
749,Metropolis,metropolis,-1.33583304,3.73008370e-04,100
749,Row-Update,mps2,-1.33682000,8.94203349e-05,100
749,Hybrid,mixture2,-1.33675970,9.14566932e-05,100
750,Metropolis,metropolis,-1.33585094,3.73179184e-04,100
750,Row-Update,mps2,-1.33681338,9.11105957e-05,100
750,Hybrid,mixture2,-1.33676036,9.09829279e-05,100
751,Metropolis,metropolis,-1.33584592,3.72931932e-04,100
751,Row-Update,mps2,-1.33680940,9.11482135e-05,100
751,Hybrid,mixture2,-1.33677060,8.99964688e-05,100
752,Metropolis,metropolis,-1.33583218,3.72885682e-04,100
752,Row-Update,mps2,-1.33682805,9.15671725e-05,100
752,Hybrid,mixture2,-1.33677446,9.22722993e-05,100
753,Metropolis,metropolis,-1.33581871,3.73778712e-04,100
753,Row-Update,mps2,-1.33685360,8.81282236e-05,100
753,Hybrid,mixture2,-1.33681038,9.40676866e-05,100
754,Metropolis,metropolis,-1.33587295,3.74219057e-04,100
754,Row-Update,mps2,-1.33681484,8.84290973e-05,100
754,Hybrid,mixture2,-1.33677833,9.55083859e-05,100
755,Metropolis,metropolis,-1.33584922,3.73286652e-04,100
755,Row-Update,mps2,-1.33682437,9.34167931e-05,100
755,Hybrid,mixture2,-1.33677128,9.09191029e-05,100
756,Metropolis,metropolis,-1.33584677,3.73133045e-04,100
756,Row-Update,mps2,-1.33683251,9.14490586e-05,100
756,Hybrid,mixture2,-1.33673596,1.09583553e-04,100
757,Metropolis,metropolis,-1.33581690,3.76325741e-04,100
757,Row-Update,mps2,-1.33684492,9.33118077e-05,100
757,Hybrid,mixture2,-1.33676070,9.87267088e-05,100
758,Metropolis,metropolis,-1.33583706,3.73732959e-04,100
758,Row-Update,mps2,-1.33681439,9.43959960e-05,100
758,Hybrid,mixture2,-1.33676729,9.20917993e-05,100
759,Metropolis,metropolis,-1.33584506,3.73211730e-04,100
759,Row-Update,mps2,-1.33683504,9.14762329e-05,100
759,Hybrid,mixture2,-1.33674258,1.01886505e-04,100
760,Metropolis,metropolis,-1.33582280,3.71504831e-04,100
760,Row-Update,mps2,-1.33684474,9.13417705e-05,100
760,Hybrid,mixture2,-1.33674397,9.93982723e-05,100
761,Metropolis,metropolis,-1.33584180,3.73167965e-04,100
761,Row-Update,mps2,-1.33681113,9.46111900e-05,100
761,Hybrid,mixture2,-1.33681590,9.01111911e-05,100
762,Metropolis,metropolis,-1.33585508,3.73170863e-04,100
762,Row-Update,mps2,-1.33681174,9.27298543e-05,100
762,Hybrid,mixture2,-1.33680861,8.86094544e-05,100
763,Metropolis,metropolis,-1.33584451,3.73592546e-04,100
763,Row-Update,mps2,-1.33683299,9.61532500e-05,100
763,Hybrid,mixture2,-1.33678737,8.92922667e-05,100
764,Metropolis,metropolis,-1.33584117,3.71793221e-04,100
764,Row-Update,mps2,-1.33686030,9.23450352e-05,100
764,Hybrid,mixture2,-1.33680901,9.03497842e-05,100
765,Metropolis,metropolis,-1.33584687,3.73894755e-04,100
765,Row-Update,mps2,-1.33684461,9.30216922e-05,100
765,Hybrid,mixture2,-1.33681251,8.85702612e-05,100
766,Metropolis,metropolis,-1.33585374,3.73391046e-04,100
766,Row-Update,mps2,-1.33684967,8.89119708e-05,100
766,Hybrid,mixture2,-1.33681364,9.06307862e-05,100
767,Metropolis,metropolis,-1.33584412,3.72545244e-04,100
767,Row-Update,mps2,-1.33683838,9.37778958e-05,100
767,Hybrid,mixture2,-1.33675897,9.43045039e-05,100
768,Metropolis,metropolis,-1.33582191,3.71934457e-04,100
768,Row-Update,mps2,-1.33681585,9.44971067e-05,100
768,Hybrid,mixture2,-1.33674678,9.39834889e-05,100
769,Metropolis,metropolis,-1.33584124,3.72396289e-04,100
769,Row-Update,mps2,-1.33684186,8.89188608e-05,100
769,Hybrid,mixture2,-1.33673357,1.08318731e-04,100
770,Metropolis,metropolis,-1.33583279,3.73626161e-04,100
770,Row-Update,mps2,-1.33684671,9.13631666e-05,100
770,Hybrid,mixture2,-1.33678182,9.38978179e-05,100
771,Metropolis,metropolis,-1.33585440,3.72148919e-04,100
771,Row-Update,mps2,-1.33682465,9.25260010e-05,100
771,Hybrid,mixture2,-1.33677206,9.00911535e-05,100
772,Metropolis,metropolis,-1.33582425,3.70454058e-04,100
772,Row-Update,mps2,-1.33682092,9.53144298e-05,100
772,Hybrid,mixture2,-1.33680438,9.02663029e-05,100
773,Metropolis,metropolis,-1.33583412,3.72215300e-04,100
773,Row-Update,mps2,-1.33682158,9.65171712e-05,100
773,Hybrid,mixture2,-1.33678696,9.07647054e-05,100
774,Metropolis,metropolis,-1.33586780,3.73121479e-04,100
774,Row-Update,mps2,-1.33682079,9.50896434e-05,100
774,Hybrid,mixture2,-1.33676471,9.60418370e-05,100
775,Metropolis,metropolis,-1.33586098,3.74037323e-04,100
775,Row-Update,mps2,-1.33683096,9.43045270e-05,100
775,Hybrid,mixture2,-1.33678366,9.27119935e-05,100
776,Metropolis,metropolis,-1.33583731,3.73626222e-04,100
776,Row-Update,mps2,-1.33683773,9.33903758e-05,100
776,Hybrid,mixture2,-1.33678922,9.00933409e-05,100
777,Metropolis,metropolis,-1.33583973,3.73790166e-04,100
777,Row-Update,mps2,-1.33684938,9.50976501e-05,100
777,Hybrid,mixture2,-1.33680427,9.03776235e-05,100
778,Metropolis,metropolis,-1.33583849,3.73085446e-04,100
778,Row-Update,mps2,-1.33681452,9.13785013e-05,100
778,Hybrid,mixture2,-1.33678054,8.91932042e-05,100
779,Metropolis,metropolis,-1.33584182,3.72639724e-04,100
779,Row-Update,mps2,-1.33680871,9.28940243e-05,100
779,Hybrid,mixture2,-1.33679959,9.07469690e-05,100
780,Metropolis,metropolis,-1.33586225,3.74312062e-04,100
780,Row-Update,mps2,-1.33684193,9.19130975e-05,100
780,Hybrid,mixture2,-1.33678742,8.95625468e-05,100
781,Metropolis,metropolis,-1.33583222,3.72742311e-04,100
781,Row-Update,mps2,-1.33683280,9.35471990e-05,100
781,Hybrid,mixture2,-1.33680356,8.81574812e-05,100
782,Metropolis,metropolis,-1.33584998,3.74209701e-04,100
782,Row-Update,mps2,-1.33682942,9.11342454e-05,100
782,Hybrid,mixture2,-1.33681409,8.92317049e-05,100
783,Metropolis,metropolis,-1.33582405,3.72376098e-04,100
783,Row-Update,mps2,-1.33681413,9.42028423e-05,100
783,Hybrid,mixture2,-1.33681032,9.00567215e-05,100
784,Metropolis,metropolis,-1.33585979,3.74927629e-04,100
784,Row-Update,mps2,-1.33680883,9.34046693e-05,100
784,Hybrid,mixture2,-1.33680097,8.84032384e-05,100
785,Metropolis,metropolis,-1.33585262,3.73747152e-04,100
785,Row-Update,mps2,-1.33681749,9.39258314e-05,100
785,Hybrid,mixture2,-1.33679805,8.93030845e-05,100
786,Metropolis,metropolis,-1.33586083,3.74118733e-04,100
786,Row-Update,mps2,-1.33684839,9.57698607e-05,100
786,Hybrid,mixture2,-1.33678766,8.80319514e-05,100
787,Metropolis,metropolis,-1.33584889,3.73628546e-04,100
787,Row-Update,mps2,-1.33681473,9.39952061e-05,100
787,Hybrid,mixture2,-1.33679184,8.89443986e-05,100
788,Metropolis,metropolis,-1.33586477,3.73718597e-04,100
788,Row-Update,mps2,-1.33683693,9.25848547e-05,100
788,Hybrid,mixture2,-1.33680818,8.96375613e-05,100
789,Metropolis,metropolis,-1.33588178,3.72506480e-04,100
789,Row-Update,mps2,-1.33681715,9.68667132e-05,100
789,Hybrid,mixture2,-1.33681677,9.06258564e-05,100
790,Metropolis,metropolis,-1.33587582,3.71680663e-04,100
790,Row-Update,mps2,-1.33682339,9.34170813e-05,100
790,Hybrid,mixture2,-1.33680118,9.17856192e-05,100
791,Metropolis,metropolis,-1.33586450,3.73644472e-04,100
791,Row-Update,mps2,-1.33684349,9.17079735e-05,100
791,Hybrid,mixture2,-1.33679350,9.04664808e-05,100
792,Metropolis,metropolis,-1.33587426,3.73516390e-04,100
792,Row-Update,mps2,-1.33681584,9.41482216e-05,100
792,Hybrid,mixture2,-1.33677726,9.57904021e-05,100
793,Metropolis,metropolis,-1.33586214,3.73403795e-04,100
793,Row-Update,mps2,-1.33684664,9.15860968e-05,100
793,Hybrid,mixture2,-1.33677433,1.01618096e-04,100
794,Metropolis,metropolis,-1.33584968,3.73619538e-04,100
794,Row-Update,mps2,-1.33684945,9.19035220e-05,100
794,Hybrid,mixture2,-1.33676879,1.01975175e-04,100
795,Metropolis,metropolis,-1.33585941,3.74114845e-04,100
795,Row-Update,mps2,-1.33686558,8.98236475e-05,100
795,Hybrid,mixture2,-1.33678782,9.27660369e-05,100
796,Metropolis,metropolis,-1.33585408,3.74172232e-04,100
796,Row-Update,mps2,-1.33680202,9.59416500e-05,100
796,Hybrid,mixture2,-1.33681672,8.94333641e-05,100
797,Metropolis,metropolis,-1.33584135,3.74963812e-04,100
797,Row-Update,mps2,-1.33683029,9.40544777e-05,100
797,Hybrid,mixture2,-1.33679364,9.00863916e-05,100
798,Metropolis,metropolis,-1.33585386,3.74255500e-04,100
798,Row-Update,mps2,-1.33684398,9.29360307e-05,100
798,Hybrid,mixture2,-1.33678167,9.65030898e-05,100
799,Metropolis,metropolis,-1.33587461,3.73865156e-04,100
799,Row-Update,mps2,-1.33684568,9.13068356e-05,100
799,Hybrid,mixture2,-1.33677153,9.60475373e-05,100
800,Metropolis,metropolis,-1.33585856,3.74722913e-04,100
800,Row-Update,mps2,-1.33686900,9.10356745e-05,100
800,Hybrid,mixture2,-1.33680394,9.12297790e-05,100
801,Metropolis,metropolis,-1.33585888,3.73777857e-04,100
801,Row-Update,mps2,-1.33686840,9.27185977e-05,100
801,Hybrid,mixture2,-1.33681225,8.86787856e-05,100
802,Metropolis,metropolis,-1.33585016,3.73957257e-04,100
802,Row-Update,mps2,-1.33683348,9.40684666e-05,100
802,Hybrid,mixture2,-1.33680641,9.13654477e-05,100
803,Metropolis,metropolis,-1.33585912,3.74202290e-04,100
803,Row-Update,mps2,-1.33685684,9.67618028e-05,100
803,Hybrid,mixture2,-1.33680247,9.33594195e-05,100
804,Metropolis,metropolis,-1.33583858,3.73188751e-04,100
804,Row-Update,mps2,-1.33683267,9.56765739e-05,100
804,Hybrid,mixture2,-1.33676004,9.46445487e-05,100
805,Metropolis,metropolis,-1.33585988,3.73426396e-04,100
805,Row-Update,mps2,-1.33685370,9.51936343e-05,100
805,Hybrid,mixture2,-1.33676788,1.02466024e-04,100
806,Metropolis,metropolis,-1.33583144,3.73302740e-04,100
806,Row-Update,mps2,-1.33685146,9.84428950e-05,100
806,Hybrid,mixture2,-1.33681321,9.01222135e-05,100
807,Metropolis,metropolis,-1.33585672,3.74131176e-04,100
807,Row-Update,mps2,-1.33681446,9.54381780e-05,100
807,Hybrid,mixture2,-1.33682945,8.84667840e-05,100
808,Metropolis,metropolis,-1.33585639,3.75328714e-04,100
808,Row-Update,mps2,-1.33685408,9.66863959e-05,100
808,Hybrid,mixture2,-1.33682724,8.88994892e-05,100
809,Metropolis,metropolis,-1.33587898,3.74075851e-04,100
809,Row-Update,mps2,-1.33684595,9.66266540e-05,100
809,Hybrid,mixture2,-1.33683047,9.24811721e-05,100
810,Metropolis,metropolis,-1.33586348,3.74796834e-04,100
810,Row-Update,mps2,-1.33684703,9.76055176e-05,100
810,Hybrid,mixture2,-1.33681724,9.21100107e-05,100
811,Metropolis,metropolis,-1.33588122,3.74457305e-04,100
811,Row-Update,mps2,-1.33683008,9.95179309e-05,100
811,Hybrid,mixture2,-1.33681514,9.52515360e-05,100
812,Metropolis,metropolis,-1.33588321,3.74513984e-04,100
812,Row-Update,mps2,-1.33685847,9.45254452e-05,100
812,Hybrid,mixture2,-1.33683494,9.00474763e-05,100
813,Metropolis,metropolis,-1.33588020,3.73681420e-04,100
813,Row-Update,mps2,-1.33685067,9.13203701e-05,100
813,Hybrid,mixture2,-1.33683010,9.05926036e-05,100
814,Metropolis,metropolis,-1.33586765,3.74839608e-04,100
814,Row-Update,mps2,-1.33683267,9.25888065e-05,100
814,Hybrid,mixture2,-1.33684089,8.70805628e-05,100
815,Metropolis,metropolis,-1.33588691,3.74301483e-04,100
815,Row-Update,mps2,-1.33683507,9.83998076e-05,100
815,Hybrid,mixture2,-1.33683843,8.96749565e-05,100
816,Metropolis,metropolis,-1.33585273,3.73654282e-04,100
816,Row-Update,mps2,-1.33682881,9.82761833e-05,100
816,Hybrid,mixture2,-1.33683201,8.87857227e-05,100
817,Metropolis,metropolis,-1.33587291,3.72868161e-04,100
817,Row-Update,mps2,-1.33682239,1.06250374e-04,100
817,Hybrid,mixture2,-1.33684311,8.82709898e-05,100
818,Metropolis,metropolis,-1.33584084,3.75853662e-04,100
818,Row-Update,mps2,-1.33682926,1.00961109e-04,100
818,Hybrid,mixture2,-1.33684748,8.99429953e-05,100
819,Metropolis,metropolis,-1.33585062,3.73984817e-04,100
819,Row-Update,mps2,-1.33682778,9.75407352e-05,100
819,Hybrid,mixture2,-1.33684258,9.07832399e-05,100
820,Metropolis,metropolis,-1.33587737,3.74483890e-04,100
820,Row-Update,mps2,-1.33683341,9.96458919e-05,100
820,Hybrid,mixture2,-1.33684017,8.92000290e-05,100
821,Metropolis,metropolis,-1.33590729,3.77068222e-04,100
821,Row-Update,mps2,-1.33685001,9.83776833e-05,100
821,Hybrid,mixture2,-1.33679379,1.02464841e-04,100
822,Metropolis,metropolis,-1.33586219,3.74774042e-04,100
822,Row-Update,mps2,-1.33687059,9.39878502e-05,100
822,Hybrid,mixture2,-1.33682982,9.17237182e-05,100
823,Metropolis,metropolis,-1.33588303,3.74037864e-04,100
823,Row-Update,mps2,-1.33684024,9.94864049e-05,100
823,Hybrid,mixture2,-1.33682722,9.06080283e-05,100
824,Metropolis,metropolis,-1.33588396,3.74505333e-04,100
824,Row-Update,mps2,-1.33685142,1.02206850e-04,100
824,Hybrid,mixture2,-1.33683622,9.04712927e-05,100
825,Metropolis,metropolis,-1.33585826,3.74927570e-04,100
825,Row-Update,mps2,-1.33684687,9.84633197e-05,100
825,Hybrid,mixture2,-1.33685470,8.98234022e-05,100
826,Metropolis,metropolis,-1.33588291,3.75615568e-04,100
826,Row-Update,mps2,-1.33683352,1.01938543e-04,100
826,Hybrid,mixture2,-1.33683537,8.94295202e-05,100
827,Metropolis,metropolis,-1.33588366,3.73840401e-04,100
827,Row-Update,mps2,-1.33683876,9.75001868e-05,100
827,Hybrid,mixture2,-1.33683944,9.00479590e-05,100
828,Metropolis,metropolis,-1.33586249,3.74774210e-04,100
828,Row-Update,mps2,-1.33683447,9.84711985e-05,100
828,Hybrid,mixture2,-1.33683058,9.12199239e-05,100
829,Metropolis,metropolis,-1.33586803,3.74093806e-04,100
829,Row-Update,mps2,-1.33684226,9.79998667e-05,100
829,Hybrid,mixture2,-1.33684910,8.73162340e-05,100
830,Metropolis,metropolis,-1.33587104,3.74242361e-04,100
830,Row-Update,mps2,-1.33685962,9.59665517e-05,100
830,Hybrid,mixture2,-1.33682955,9.02732717e-05,100
831,Metropolis,metropolis,-1.33588132,3.74473215e-04,100
831,Row-Update,mps2,-1.33685390,9.61312626e-05,100
831,Hybrid,mixture2,-1.33683168,8.93890944e-05,100
832,Metropolis,metropolis,-1.33587265,3.74230459e-04,100
832,Row-Update,mps2,-1.33684680,9.65015987e-05,100
832,Hybrid,mixture2,-1.33681502,9.37639368e-05,100
833,Metropolis,metropolis,-1.33589094,3.72616353e-04,100
833,Row-Update,mps2,-1.33685767,9.11472359e-05,100
833,Hybrid,mixture2,-1.33683132,9.00628486e-05,100
834,Metropolis,metropolis,-1.33585980,3.73554908e-04,100
834,Row-Update,mps2,-1.33685209,9.32128126e-05,100
834,Hybrid,mixture2,-1.33683764,9.17084174e-05,100
835,Metropolis,metropolis,-1.33587084,3.74798553e-04,100
835,Row-Update,mps2,-1.33687455,9.43086113e-05,100
835,Hybrid,mixture2,-1.33682563,9.32300976e-05,100
836,Metropolis,metropolis,-1.33589273,3.74698276e-04,100
836,Row-Update,mps2,-1.33684384,9.21740340e-05,100
836,Hybrid,mixture2,-1.33681274,9.34436382e-05,100
837,Metropolis,metropolis,-1.33589680,3.74266309e-04,100
837,Row-Update,mps2,-1.33685652,9.07725945e-05,100
837,Hybrid,mixture2,-1.33682796,9.04288888e-05,100
838,Metropolis,metropolis,-1.33589085,3.75265804e-04,100
838,Row-Update,mps2,-1.33688977,9.00764896e-05,100
838,Hybrid,mixture2,-1.33682909,9.07850723e-05,100
839,Metropolis,metropolis,-1.33588680,3.74135899e-04,100
839,Row-Update,mps2,-1.33686079,9.04187606e-05,100
839,Hybrid,mixture2,-1.33682148,8.98392772e-05,100
840,Metropolis,metropolis,-1.33588916,3.73271181e-04,100
840,Row-Update,mps2,-1.33687645,8.94791172e-05,100
840,Hybrid,mixture2,-1.33684280,9.29426639e-05,100
841,Metropolis,metropolis,-1.33590859,3.74479128e-04,100
841,Row-Update,mps2,-1.33687224,9.04480359e-05,100
841,Hybrid,mixture2,-1.33680238,1.11671855e-04,100
842,Metropolis,metropolis,-1.33589739,3.74449335e-04,100
842,Row-Update,mps2,-1.33685970,9.24703665e-05,100
842,Hybrid,mixture2,-1.33679565,9.67398559e-05,100
843,Metropolis,metropolis,-1.33590928,3.74098721e-04,100
843,Row-Update,mps2,-1.33686782,9.18464366e-05,100
843,Hybrid,mixture2,-1.33682781,9.24709965e-05,100
844,Metropolis,metropolis,-1.33588677,3.74091027e-04,100
844,Row-Update,mps2,-1.33686774,9.17716769e-05,100
844,Hybrid,mixture2,-1.33682968,8.87355108e-05,100
845,Metropolis,metropolis,-1.33589320,3.72611801e-04,100
845,Row-Update,mps2,-1.33685770,9.17882143e-05,100
845,Hybrid,mixture2,-1.33682598,8.98899119e-05,100
846,Metropolis,metropolis,-1.33591491,3.74984622e-04,100
846,Row-Update,mps2,-1.33686259,9.16518019e-05,100
846,Hybrid,mixture2,-1.33684402,8.95534383e-05,100
847,Metropolis,metropolis,-1.33590136,3.73353885e-04,100
847,Row-Update,mps2,-1.33687209,9.09206264e-05,100
847,Hybrid,mixture2,-1.33683397,9.00217416e-05,100
848,Metropolis,metropolis,-1.33591169,3.74617548e-04,100
848,Row-Update,mps2,-1.33687670,9.05381740e-05,100
848,Hybrid,mixture2,-1.33683350,9.15643398e-05,100
849,Metropolis,metropolis,-1.33590576,3.75369826e-04,100
849,Row-Update,mps2,-1.33686047,9.02757681e-05,100
849,Hybrid,mixture2,-1.33683726,9.03904669e-05,100
850,Metropolis,metropolis,-1.33591073,3.70840143e-04,100
850,Row-Update,mps2,-1.33687412,9.31741299e-05,100
850,Hybrid,mixture2,-1.33683549,8.84689356e-05,100
851,Metropolis,metropolis,-1.33590558,3.74322445e-04,100
851,Row-Update,mps2,-1.33686479,9.40579870e-05,100
851,Hybrid,mixture2,-1.33685215,8.83077734e-05,100
852,Metropolis,metropolis,-1.33589277,3.74691713e-04,100
852,Row-Update,mps2,-1.33684132,9.92636452e-05,100
852,Hybrid,mixture2,-1.33684263,8.87073535e-05,100
853,Metropolis,metropolis,-1.33589139,3.74776429e-04,100
853,Row-Update,mps2,-1.33683986,9.36629590e-05,100
853,Hybrid,mixture2,-1.33683051,8.83915326e-05,100
854,Metropolis,metropolis,-1.33589501,3.75100946e-04,100
854,Row-Update,mps2,-1.33686086,9.72838590e-05,100
854,Hybrid,mixture2,-1.33685675,8.85498969e-05,100
855,Metropolis,metropolis,-1.33590173,3.74748311e-04,100
855,Row-Update,mps2,-1.33688272,9.06022859e-05,100
855,Hybrid,mixture2,-1.33686029,8.84068263e-05,100
856,Metropolis,metropolis,-1.33591466,3.74442428e-04,100
856,Row-Update,mps2,-1.33688052,9.11470235e-05,100
856,Hybrid,mixture2,-1.33683404,9.10339293e-05,100
857,Metropolis,metropolis,-1.33589975,3.74559402e-04,100
857,Row-Update,mps2,-1.33687073,9.25891585e-05,100
857,Hybrid,mixture2,-1.33686888,8.94558095e-05,100
858,Metropolis,metropolis,-1.33592366,3.73885368e-04,100
858,Row-Update,mps2,-1.33688177,9.14140727e-05,100
858,Hybrid,mixture2,-1.33682796,8.99090257e-05,100
859,Metropolis,metropolis,-1.33591335,3.74263257e-04,100
859,Row-Update,mps2,-1.33685065,9.16431838e-05,100
859,Hybrid,mixture2,-1.33686131,8.92052455e-05,100
860,Metropolis,metropolis,-1.33592068,3.75070413e-04,100
860,Row-Update,mps2,-1.33688619,9.08534462e-05,100
860,Hybrid,mixture2,-1.33682328,9.80978624e-05,100
861,Metropolis,metropolis,-1.33588567,3.73962665e-04,100
861,Row-Update,mps2,-1.33685789,9.01809080e-05,100
861,Hybrid,mixture2,-1.33687219,8.81220866e-05,100
862,Metropolis,metropolis,-1.33590852,3.73911797e-04,100
862,Row-Update,mps2,-1.33687457,9.34160917e-05,100
862,Hybrid,mixture2,-1.33685303,9.05941889e-05,100
863,Metropolis,metropolis,-1.33589667,3.73386987e-04,100
863,Row-Update,mps2,-1.33685955,9.18177751e-05,100
863,Hybrid,mixture2,-1.33687303,8.82895641e-05,100
864,Metropolis,metropolis,-1.33589860,3.74575760e-04,100
864,Row-Update,mps2,-1.33686740,9.37803161e-05,100
864,Hybrid,mixture2,-1.33685898,8.84052167e-05,100
865,Metropolis,metropolis,-1.33591292,3.72857400e-04,100
865,Row-Update,mps2,-1.33684985,9.22760499e-05,100
865,Hybrid,mixture2,-1.33683867,9.08796148e-05,100
866,Metropolis,metropolis,-1.33590041,3.73871420e-04,100
866,Row-Update,mps2,-1.33684353,9.49269378e-05,100
866,Hybrid,mixture2,-1.33684720,8.96102225e-05,100
867,Metropolis,metropolis,-1.33590379,3.73498305e-04,100
867,Row-Update,mps2,-1.33686751,9.36416288e-05,100
867,Hybrid,mixture2,-1.33683826,8.82664366e-05,100
868,Metropolis,metropolis,-1.33589595,3.75187488e-04,100
868,Row-Update,mps2,-1.33684648,1.02231721e-04,100
868,Hybrid,mixture2,-1.33683641,9.08895246e-05,100
869,Metropolis,metropolis,-1.33589012,3.74108267e-04,100
869,Row-Update,mps2,-1.33687750,9.00024865e-05,100
869,Hybrid,mixture2,-1.33682186,9.48274965e-05,100
870,Metropolis,metropolis,-1.33589208,3.74503072e-04,100
870,Row-Update,mps2,-1.33687516,9.29163409e-05,100
870,Hybrid,mixture2,-1.33684653,9.02414898e-05,100
871,Metropolis,metropolis,-1.33592135,3.74334694e-04,100
871,Row-Update,mps2,-1.33686368,8.97425281e-05,100
871,Hybrid,mixture2,-1.33685236,9.08305359e-05,100
872,Metropolis,metropolis,-1.33590002,3.75019706e-04,100
872,Row-Update,mps2,-1.33685131,9.15616734e-05,100
872,Hybrid,mixture2,-1.33684628,8.99433336e-05,100
873,Metropolis,metropolis,-1.33590568,3.75210919e-04,100
873,Row-Update,mps2,-1.33686255,9.26253574e-05,100
873,Hybrid,mixture2,-1.33684632,8.99105607e-05,100
874,Metropolis,metropolis,-1.33588687,3.74980722e-04,100
874,Row-Update,mps2,-1.33685419,9.63791496e-05,100
874,Hybrid,mixture2,-1.33687939,8.91119975e-05,100
875,Metropolis,metropolis,-1.33590770,3.74841525e-04,100
875,Row-Update,mps2,-1.33685163,9.42183477e-05,100
875,Hybrid,mixture2,-1.33685010,8.99774288e-05,100
876,Metropolis,metropolis,-1.33590904,3.73025888e-04,100
876,Row-Update,mps2,-1.33689937,9.04569203e-05,100
876,Hybrid,mixture2,-1.33687596,9.02139416e-05,100
877,Metropolis,metropolis,-1.33592313,3.74423185e-04,100
877,Row-Update,mps2,-1.33686292,9.00796940e-05,100
877,Hybrid,mixture2,-1.33685433,9.16189413e-05,100
878,Metropolis,metropolis,-1.33589802,3.75294981e-04,100
878,Row-Update,mps2,-1.33685679,9.41871937e-05,100
878,Hybrid,mixture2,-1.33684887,9.07252902e-05,100
879,Metropolis,metropolis,-1.33592444,3.73172300e-04,100
879,Row-Update,mps2,-1.33686214,9.25620492e-05,100
879,Hybrid,mixture2,-1.33682927,9.49280389e-05,100
880,Metropolis,metropolis,-1.33591801,3.74868021e-04,100
880,Row-Update,mps2,-1.33688063,8.98242056e-05,100
880,Hybrid,mixture2,-1.33685742,9.16460593e-05,100
881,Metropolis,metropolis,-1.33590713,3.74176426e-04,100
881,Row-Update,mps2,-1.33689507,8.95822030e-05,100
881,Hybrid,mixture2,-1.33685116,8.92038958e-05,100
882,Metropolis,metropolis,-1.33589658,3.74069046e-04,100
882,Row-Update,mps2,-1.33689451,8.89336673e-05,100
882,Hybrid,mixture2,-1.33685168,8.79055004e-05,100
883,Metropolis,metropolis,-1.33590213,3.76596905e-04,100
883,Row-Update,mps2,-1.33690195,8.95685795e-05,100
883,Hybrid,mixture2,-1.33687018,8.81554347e-05,100
884,Metropolis,metropolis,-1.33590743,3.74390945e-04,100
884,Row-Update,mps2,-1.33690766,8.82089878e-05,100
884,Hybrid,mixture2,-1.33685999,8.77132352e-05,100
885,Metropolis,metropolis,-1.33589953,3.74364402e-04,100
885,Row-Update,mps2,-1.33690047,8.78211552e-05,100
885,Hybrid,mixture2,-1.33687057,8.61553296e-05,100
886,Metropolis,metropolis,-1.33587125,3.75899493e-04,100
886,Row-Update,mps2,-1.33690109,9.02421897e-05,100
886,Hybrid,mixture2,-1.33686246,8.74189764e-05,100
887,Metropolis,metropolis,-1.33591837,3.74877651e-04,100
887,Row-Update,mps2,-1.33690818,9.04175773e-05,100
887,Hybrid,mixture2,-1.33685612,8.88431809e-05,100
888,Metropolis,metropolis,-1.33591904,3.74956138e-04,100
888,Row-Update,mps2,-1.33692238,9.13399505e-05,100
888,Hybrid,mixture2,-1.33686277,8.58344235e-05,100
889,Metropolis,metropolis,-1.33591144,3.74443242e-04,100
889,Row-Update,mps2,-1.33691363,8.89705432e-05,100
889,Hybrid,mixture2,-1.33684325,8.77407168e-05,100
890,Metropolis,metropolis,-1.33592781,3.74451560e-04,100
890,Row-Update,mps2,-1.33689862,9.13003128e-05,100
890,Hybrid,mixture2,-1.33683608,8.98488920e-05,100
891,Metropolis,metropolis,-1.33592926,3.75169182e-04,100
891,Row-Update,mps2,-1.33692109,9.12119916e-05,100
891,Hybrid,mixture2,-1.33685219,8.75063918e-05,100
892,Metropolis,metropolis,-1.33592605,3.73535003e-04,100
892,Row-Update,mps2,-1.33691619,9.21575398e-05,100
892,Hybrid,mixture2,-1.33685261,8.56922673e-05,100
893,Metropolis,metropolis,-1.33594168,3.74402966e-04,100
893,Row-Update,mps2,-1.33690542,9.44345110e-05,100
893,Hybrid,mixture2,-1.33685540,8.82228395e-05,100
894,Metropolis,metropolis,-1.33593185,3.73609405e-04,100
894,Row-Update,mps2,-1.33690318,9.13629580e-05,100
894,Hybrid,mixture2,-1.33683605,9.17594721e-05,100
895,Metropolis,metropolis,-1.33594007,3.74356335e-04,100
895,Row-Update,mps2,-1.33691984,9.13304842e-05,100
895,Hybrid,mixture2,-1.33686245,8.92525365e-05,100
896,Metropolis,metropolis,-1.33590838,3.75129908e-04,100
896,Row-Update,mps2,-1.33690107,9.21576458e-05,100
896,Hybrid,mixture2,-1.33683841,9.04624668e-05,100
897,Metropolis,metropolis,-1.33594012,3.75090112e-04,100
897,Row-Update,mps2,-1.33687943,9.60323662e-05,100
897,Hybrid,mixture2,-1.33683359,9.92572199e-05,100
898,Metropolis,metropolis,-1.33591215,3.75260549e-04,100
898,Row-Update,mps2,-1.33690095,9.11817479e-05,100
898,Hybrid,mixture2,-1.33681575,1.00185446e-04,100
899,Metropolis,metropolis,-1.33591926,3.74079186e-04,100
899,Row-Update,mps2,-1.33690011,9.40156515e-05,100
899,Hybrid,mixture2,-1.33687024,8.72364942e-05,100
900,Metropolis,metropolis,-1.33591940,3.74315115e-04,100
900,Row-Update,mps2,-1.33691252,8.81827495e-05,100
900,Hybrid,mixture2,-1.33688115,8.76186252e-05,100
901,Metropolis,metropolis,-1.33593604,3.74876105e-04,100
901,Row-Update,mps2,-1.33690842,9.10609788e-05,100
901,Hybrid,mixture2,-1.33687513,9.28598880e-05,100
902,Metropolis,metropolis,-1.33593277,3.74547815e-04,100
902,Row-Update,mps2,-1.33690627,9.09608542e-05,100
902,Hybrid,mixture2,-1.33686452,9.06742056e-05,100
903,Metropolis,metropolis,-1.33591827,3.75735024e-04,100
903,Row-Update,mps2,-1.33690827,9.24811668e-05,100
903,Hybrid,mixture2,-1.33687106,9.07666412e-05,100
904,Metropolis,metropolis,-1.33590683,3.74072935e-04,100
904,Row-Update,mps2,-1.33690846,9.03945248e-05,100
904,Hybrid,mixture2,-1.33689166,9.03807863e-05,100
905,Metropolis,metropolis,-1.33593512,3.75363387e-04,100
905,Row-Update,mps2,-1.33692253,8.98116850e-05,100
905,Hybrid,mixture2,-1.33689089,8.82493472e-05,100
906,Metropolis,metropolis,-1.33593491,3.75621084e-04,100
906,Row-Update,mps2,-1.33692206,9.04432574e-05,100
906,Hybrid,mixture2,-1.33687527,9.51365150e-05,100
907,Metropolis,metropolis,-1.33595569,3.74597571e-04,100
907,Row-Update,mps2,-1.33694679,8.87123676e-05,100
907,Hybrid,mixture2,-1.33684763,9.50822084e-05,100
908,Metropolis,metropolis,-1.33594027,3.75928448e-04,100
908,Row-Update,mps2,-1.33689836,9.11853024e-05,100
908,Hybrid,mixture2,-1.33684732,9.14572685e-05,100
909,Metropolis,metropolis,-1.33593338,3.74057742e-04,100
909,Row-Update,mps2,-1.33692298,9.09405638e-05,100
909,Hybrid,mixture2,-1.33687811,9.14775031e-05,100
910,Metropolis,metropolis,-1.33592611,3.73971476e-04,100
910,Row-Update,mps2,-1.33690450,9.32551028e-05,100
910,Hybrid,mixture2,-1.33686913,9.06040869e-05,100
911,Metropolis,metropolis,-1.33594283,3.74719652e-04,100
911,Row-Update,mps2,-1.33693180,9.32273863e-05,100
911,Hybrid,mixture2,-1.33687877,9.45662042e-05,100
912,Metropolis,metropolis,-1.33594737,3.74919406e-04,100
912,Row-Update,mps2,-1.33692596,8.74659320e-05,100
912,Hybrid,mixture2,-1.33686459,9.22342357e-05,100
913,Metropolis,metropolis,-1.33592194,3.75580491e-04,100
913,Row-Update,mps2,-1.33691198,9.03994265e-05,100
913,Hybrid,mixture2,-1.33688945,9.34885941e-05,100
914,Metropolis,metropolis,-1.33592382,3.75772474e-04,100
914,Row-Update,mps2,-1.33695206,8.86641679e-05,100
914,Hybrid,mixture2,-1.33688629,9.02246880e-05,100
915,Metropolis,metropolis,-1.33591017,3.75278112e-04,100
915,Row-Update,mps2,-1.33693761,8.96505082e-05,100
915,Hybrid,mixture2,-1.33688091,9.33596024e-05,100
916,Metropolis,metropolis,-1.33591532,3.75016073e-04,100
916,Row-Update,mps2,-1.33690530,8.91563979e-05,100
916,Hybrid,mixture2,-1.33687929,8.81337767e-05,100
917,Metropolis,metropolis,-1.33594239,3.74339432e-04,100
917,Row-Update,mps2,-1.33693254,8.68453979e-05,100
917,Hybrid,mixture2,-1.33689061,8.78676238e-05,100
918,Metropolis,metropolis,-1.33593622,3.74689096e-04,100
918,Row-Update,mps2,-1.33693306,9.15534492e-05,100
918,Hybrid,mixture2,-1.33690845,8.74844520e-05,100
919,Metropolis,metropolis,-1.33590810,3.82562457e-04,100
919,Row-Update,mps2,-1.33693892,8.80982027e-05,100
919,Hybrid,mixture2,-1.33686530,9.23890641e-05,100
920,Metropolis,metropolis,-1.33594640,3.74979795e-04,100
920,Row-Update,mps2,-1.33693373,8.86550657e-05,100
920,Hybrid,mixture2,-1.33686554,9.05472484e-05,100
921,Metropolis,metropolis,-1.33592711,3.75186702e-04,100
921,Row-Update,mps2,-1.33692847,8.73607844e-05,100
921,Hybrid,mixture2,-1.33689786,9.14344391e-05,100
922,Metropolis,metropolis,-1.33593756,3.74238903e-04,100
922,Row-Update,mps2,-1.33695421,8.78919465e-05,100
922,Hybrid,mixture2,-1.33687650,9.00235323e-05,100
923,Metropolis,metropolis,-1.33593840,3.76211919e-04,100
923,Row-Update,mps2,-1.33695767,8.80612672e-05,100
923,Hybrid,mixture2,-1.33688155,9.26368191e-05,100
924,Metropolis,metropolis,-1.33595229,3.75510484e-04,100
924,Row-Update,mps2,-1.33696239,8.82732737e-05,100
924,Hybrid,mixture2,-1.33688168,8.92963505e-05,100
925,Metropolis,metropolis,-1.33596065,3.74518060e-04,100
925,Row-Update,mps2,-1.33694672,8.87370932e-05,100
925,Hybrid,mixture2,-1.33688013,8.96612950e-05,100
926,Metropolis,metropolis,-1.33594967,3.74292207e-04,100
926,Row-Update,mps2,-1.33693696,8.78250215e-05,100
926,Hybrid,mixture2,-1.33686140,8.97797503e-05,100
927,Metropolis,metropolis,-1.33596317,3.74444504e-04,100
927,Row-Update,mps2,-1.33692908,9.23974972e-05,100
927,Hybrid,mixture2,-1.33688719,9.02211034e-05,100
928,Metropolis,metropolis,-1.33594254,3.75044913e-04,100
928,Row-Update,mps2,-1.33692313,8.99942051e-05,100
928,Hybrid,mixture2,-1.33689483,9.02490576e-05,100
929,Metropolis,metropolis,-1.33595448,3.74389431e-04,100
929,Row-Update,mps2,-1.33693979,8.94592098e-05,100
929,Hybrid,mixture2,-1.33690599,8.89912500e-05,100
930,Metropolis,metropolis,-1.33595754,3.74949210e-04,100
930,Row-Update,mps2,-1.33695016,9.08436133e-05,100
930,Hybrid,mixture2,-1.33690167,9.10403961e-05,100
931,Metropolis,metropolis,-1.33595318,3.75432861e-04,100
931,Row-Update,mps2,-1.33693871,8.99106642e-05,100
931,Hybrid,mixture2,-1.33690557,9.02359453e-05,100
932,Metropolis,metropolis,-1.33597535,3.75308840e-04,100
932,Row-Update,mps2,-1.33693016,9.10438737e-05,100
932,Hybrid,mixture2,-1.33689131,8.94529781e-05,100
933,Metropolis,metropolis,-1.33596973,3.75383190e-04,100
933,Row-Update,mps2,-1.33692924,8.91383380e-05,100
933,Hybrid,mixture2,-1.33685318,9.04637694e-05,100
934,Metropolis,metropolis,-1.33595853,3.76177038e-04,100
934,Row-Update,mps2,-1.33693331,8.75217316e-05,100
934,Hybrid,mixture2,-1.33690284,9.08159622e-05,100
935,Metropolis,metropolis,-1.33593587,3.75549997e-04,100
935,Row-Update,mps2,-1.33694895,9.12310636e-05,100
935,Hybrid,mixture2,-1.33684485,9.38735051e-05,100
936,Metropolis,metropolis,-1.33593524,3.75075140e-04,100
936,Row-Update,mps2,-1.33696380,8.79529679e-05,100
936,Hybrid,mixture2,-1.33686716,9.21701148e-05,100
937,Metropolis,metropolis,-1.33595829,3.74323722e-04,100
937,Row-Update,mps2,-1.33692434,9.02189673e-05,100
937,Hybrid,mixture2,-1.33687845,9.06008674e-05,100
938,Metropolis,metropolis,-1.33594202,3.74762887e-04,100
938,Row-Update,mps2,-1.33692184,9.28952705e-05,100
938,Hybrid,mixture2,-1.33687980,9.08995941e-05,100
939,Metropolis,metropolis,-1.33591678,3.75110583e-04,100
939,Row-Update,mps2,-1.33693281,9.12958202e-05,100
939,Hybrid,mixture2,-1.33689033,9.06843496e-05,100
940,Metropolis,metropolis,-1.33594469,3.74385327e-04,100
940,Row-Update,mps2,-1.33692276,9.53047162e-05,100
940,Hybrid,mixture2,-1.33688133,9.14437403e-05,100
941,Metropolis,metropolis,-1.33595503,3.73557584e-04,100
941,Row-Update,mps2,-1.33697853,9.08632709e-05,100
941,Hybrid,mixture2,-1.33685514,9.40432323e-05,100
942,Metropolis,metropolis,-1.33597744,3.74178822e-04,100
942,Row-Update,mps2,-1.33696055,8.67232035e-05,100
942,Hybrid,mixture2,-1.33687744,9.19786775e-05,100
943,Metropolis,metropolis,-1.33595997,3.74356211e-04,100
943,Row-Update,mps2,-1.33695356,8.73775158e-05,100
943,Hybrid,mixture2,-1.33691687,8.95693001e-05,100
944,Metropolis,metropolis,-1.33595446,3.73686253e-04,100
944,Row-Update,mps2,-1.33696540,8.64174024e-05,100
944,Hybrid,mixture2,-1.33688044,9.29710268e-05,100
945,Metropolis,metropolis,-1.33596099,3.73989648e-04,100
945,Row-Update,mps2,-1.33694107,8.54959250e-05,100
945,Hybrid,mixture2,-1.33687248,9.21550230e-05,100
946,Metropolis,metropolis,-1.33598545,3.75144083e-04,100
946,Row-Update,mps2,-1.33694554,8.80286007e-05,100
946,Hybrid,mixture2,-1.33686442,9.25232348e-05,100
947,Metropolis,metropolis,-1.33598302,3.74363949e-04,100
947,Row-Update,mps2,-1.33696295,8.72120489e-05,100
947,Hybrid,mixture2,-1.33687885,9.19598898e-05,100
948,Metropolis,metropolis,-1.33596866,3.74793213e-04,100
948,Row-Update,mps2,-1.33694445,9.05078762e-05,100
948,Hybrid,mixture2,-1.33688690,8.89444228e-05,100
949,Metropolis,metropolis,-1.33594988,3.76895569e-04,100
949,Row-Update,mps2,-1.33693893,8.82984462e-05,100
949,Hybrid,mixture2,-1.33688445,9.18378295e-05,100
950,Metropolis,metropolis,-1.33595715,3.75221150e-04,100
950,Row-Update,mps2,-1.33693365,8.91462154e-05,100
950,Hybrid,mixture2,-1.33686004,9.05177054e-05,100
951,Metropolis,metropolis,-1.33596781,3.75371656e-04,100
951,Row-Update,mps2,-1.33694376,8.90141773e-05,100
951,Hybrid,mixture2,-1.33687826,9.61481646e-05,100
952,Metropolis,metropolis,-1.33596630,3.75611497e-04,100
952,Row-Update,mps2,-1.33694379,8.98893071e-05,100
952,Hybrid,mixture2,-1.33687678,9.28631295e-05,100
953,Metropolis,metropolis,-1.33596417,3.75520145e-04,100
953,Row-Update,mps2,-1.33693399,8.95688052e-05,100
953,Hybrid,mixture2,-1.33688005,8.90657792e-05,100
954,Metropolis,metropolis,-1.33598645,3.77233100e-04,100
954,Row-Update,mps2,-1.33692237,9.08856995e-05,100
954,Hybrid,mixture2,-1.33684554,8.98403967e-05,100
955,Metropolis,metropolis,-1.33599347,3.75073284e-04,100
955,Row-Update,mps2,-1.33694363,9.14590855e-05,100
955,Hybrid,mixture2,-1.33685833,9.05756423e-05,100
956,Metropolis,metropolis,-1.33598630,3.74887784e-04,100
956,Row-Update,mps2,-1.33693478,9.10594003e-05,100
956,Hybrid,mixture2,-1.33688842,8.82394038e-05,100
957,Metropolis,metropolis,-1.33597839,3.75686986e-04,100
957,Row-Update,mps2,-1.33694098,8.96303221e-05,100
957,Hybrid,mixture2,-1.33688718,9.05009962e-05,100
958,Metropolis,metropolis,-1.33598167,3.75342922e-04,100
958,Row-Update,mps2,-1.33693303,9.04467165e-05,100
958,Hybrid,mixture2,-1.33690748,8.93627428e-05,100
959,Metropolis,metropolis,-1.33595516,3.76079367e-04,100
959,Row-Update,mps2,-1.33692703,9.06319812e-05,100
959,Hybrid,mixture2,-1.33689712,8.81157042e-05,100
960,Metropolis,metropolis,-1.33594188,3.74546364e-04,100
960,Row-Update,mps2,-1.33694431,9.13027560e-05,100
960,Hybrid,mixture2,-1.33691158,9.06625597e-05,100
961,Metropolis,metropolis,-1.33595816,3.75663669e-04,100
961,Row-Update,mps2,-1.33691226,9.74754545e-05,100
961,Hybrid,mixture2,-1.33690620,8.75685257e-05,100
962,Metropolis,metropolis,-1.33600405,3.75171022e-04,100
962,Row-Update,mps2,-1.33691926,9.58917076e-05,100
962,Hybrid,mixture2,-1.33688354,8.74152344e-05,100
963,Metropolis,metropolis,-1.33598223,3.74969453e-04,100
963,Row-Update,mps2,-1.33692418,9.43025104e-05,100
963,Hybrid,mixture2,-1.33687896,8.81325864e-05,100
964,Metropolis,metropolis,-1.33598074,3.74819282e-04,100
964,Row-Update,mps2,-1.33694299,9.47667991e-05,100
964,Hybrid,mixture2,-1.33689183,8.85403627e-05,100
965,Metropolis,metropolis,-1.33596861,3.74289930e-04,100
965,Row-Update,mps2,-1.33693457,9.47818425e-05,100
965,Hybrid,mixture2,-1.33688197,8.74925354e-05,100
966,Metropolis,metropolis,-1.33598815,3.74676400e-04,100
966,Row-Update,mps2,-1.33692759,9.34841666e-05,100
966,Hybrid,mixture2,-1.33687825,8.77335647e-05,100
967,Metropolis,metropolis,-1.33597823,3.74926162e-04,100
967,Row-Update,mps2,-1.33693055,9.71693082e-05,100
967,Hybrid,mixture2,-1.33691113,8.66456936e-05,100
968,Metropolis,metropolis,-1.33599899,3.75011373e-04,100
968,Row-Update,mps2,-1.33692080,9.88530700e-05,100
968,Hybrid,mixture2,-1.33690400,8.71404584e-05,100
969,Metropolis,metropolis,-1.33598414,3.74536176e-04,100
969,Row-Update,mps2,-1.33693261,9.31862081e-05,100
969,Hybrid,mixture2,-1.33691638,8.63085154e-05,100
970,Metropolis,metropolis,-1.33598822,3.77871104e-04,100
970,Row-Update,mps2,-1.33695105,8.90134105e-05,100
970,Hybrid,mixture2,-1.33690815,8.59299955e-05,100
971,Metropolis,metropolis,-1.33601620,3.75462710e-04,100
971,Row-Update,mps2,-1.33694478,8.93561477e-05,100
971,Hybrid,mixture2,-1.33691711,8.54111141e-05,100
972,Metropolis,metropolis,-1.33598538,3.75395184e-04,100
972,Row-Update,mps2,-1.33692458,9.25053815e-05,100
972,Hybrid,mixture2,-1.33688836,9.33025865e-05,100
973,Metropolis,metropolis,-1.33597665,3.74643882e-04,100
973,Row-Update,mps2,-1.33694000,9.23405005e-05,100
973,Hybrid,mixture2,-1.33691612,8.89863149e-05,100
974,Metropolis,metropolis,-1.33598563,3.74052894e-04,100
974,Row-Update,mps2,-1.33695192,9.05190012e-05,100
974,Hybrid,mixture2,-1.33689384,8.73834647e-05,100
975,Metropolis,metropolis,-1.33594920,3.75505122e-04,100
975,Row-Update,mps2,-1.33694273,9.07424963e-05,100
975,Hybrid,mixture2,-1.33691003,8.49946286e-05,100
976,Metropolis,metropolis,-1.33596603,3.74528112e-04,100
976,Row-Update,mps2,-1.33693955,9.04993825e-05,100
976,Hybrid,mixture2,-1.33691219,8.71641001e-05,100
977,Metropolis,metropolis,-1.33599943,3.74955892e-04,100
977,Row-Update,mps2,-1.33696136,8.95756760e-05,100
977,Hybrid,mixture2,-1.33693351,8.65705551e-05,100
978,Metropolis,metropolis,-1.33596322,3.74716097e-04,100
978,Row-Update,mps2,-1.33696609,8.79610569e-05,100
978,Hybrid,mixture2,-1.33690444,8.74503037e-05,100
979,Metropolis,metropolis,-1.33598220,3.74474217e-04,100
979,Row-Update,mps2,-1.33695489,8.83125252e-05,100
979,Hybrid,mixture2,-1.33692394,8.67433475e-05,100
980,Metropolis,metropolis,-1.33598888,3.74823543e-04,100
980,Row-Update,mps2,-1.33694603,8.87814873e-05,100
980,Hybrid,mixture2,-1.33691357,8.77514323e-05,100
981,Metropolis,metropolis,-1.33599170,3.74828841e-04,100
981,Row-Update,mps2,-1.33695597,8.87431986e-05,100
981,Hybrid,mixture2,-1.33692747,8.73726077e-05,100
982,Metropolis,metropolis,-1.33598909,3.75022611e-04,100
982,Row-Update,mps2,-1.33692275,9.16650443e-05,100
982,Hybrid,mixture2,-1.33691844,8.61610626e-05,100
983,Metropolis,metropolis,-1.33594865,3.74893819e-04,100
983,Row-Update,mps2,-1.33692303,9.63516537e-05,100
983,Hybrid,mixture2,-1.33690908,8.55301721e-05,100
984,Metropolis,metropolis,-1.33597166,3.74920900e-04,100
984,Row-Update,mps2,-1.33692118,9.62177864e-05,100
984,Hybrid,mixture2,-1.33691415,8.87298868e-05,100
985,Metropolis,metropolis,-1.33594990,3.79492065e-04,100
985,Row-Update,mps2,-1.33693536,9.63793204e-05,100
985,Hybrid,mixture2,-1.33690515,9.04973840e-05,100
986,Metropolis,metropolis,-1.33597402,3.76273806e-04,100
986,Row-Update,mps2,-1.33693582,9.59224638e-05,100
986,Hybrid,mixture2,-1.33691254,8.53856079e-05,100
987,Metropolis,metropolis,-1.33596918,3.79037724e-04,100
987,Row-Update,mps2,-1.33694802,9.45862959e-05,100
987,Hybrid,mixture2,-1.33695039,8.81781037e-05,100
988,Metropolis,metropolis,-1.33599046,3.75331741e-04,100
988,Row-Update,mps2,-1.33693358,8.99977830e-05,100
988,Hybrid,mixture2,-1.33691375,8.80266090e-05,100
989,Metropolis,metropolis,-1.33595339,3.75940922e-04,100
989,Row-Update,mps2,-1.33696900,9.03376699e-05,100
989,Hybrid,mixture2,-1.33693571,8.87209229e-05,100
990,Metropolis,metropolis,-1.33596369,3.75014122e-04,100
990,Row-Update,mps2,-1.33696099,9.26613718e-05,100
990,Hybrid,mixture2,-1.33691618,8.75525603e-05,100
991,Metropolis,metropolis,-1.33597553,3.76090863e-04,100
991,Row-Update,mps2,-1.33694847,9.45636697e-05,100
991,Hybrid,mixture2,-1.33692265,8.70755565e-05,100
992,Metropolis,metropolis,-1.33598448,3.75491782e-04,100
992,Row-Update,mps2,-1.33693469,9.75753759e-05,100
992,Hybrid,mixture2,-1.33692189,8.79841816e-05,100
993,Metropolis,metropolis,-1.33598421,3.76675071e-04,100
993,Row-Update,mps2,-1.33694847,9.33822107e-05,100
993,Hybrid,mixture2,-1.33691343,8.88501834e-05,100
994,Metropolis,metropolis,-1.33597085,3.75357479e-04,100
994,Row-Update,mps2,-1.33692503,1.00281114e-04,100
994,Hybrid,mixture2,-1.33693735,8.65266390e-05,100
995,Metropolis,metropolis,-1.33599021,3.76239551e-04,100
995,Row-Update,mps2,-1.33692780,9.74435822e-05,100
995,Hybrid,mixture2,-1.33693508,8.80498416e-05,100
996,Metropolis,metropolis,-1.33597621,3.75617316e-04,100
996,Row-Update,mps2,-1.33692046,9.53343781e-05,100
996,Hybrid,mixture2,-1.33692555,8.64601633e-05,100
997,Metropolis,metropolis,-1.33597471,3.75026039e-04,100
997,Row-Update,mps2,-1.33696219,9.30596999e-05,100
997,Hybrid,mixture2,-1.33689956,8.93846014e-05,100
998,Metropolis,metropolis,-1.33597757,3.75770989e-04,100
998,Row-Update,mps2,-1.33692961,9.61346185e-05,100
998,Hybrid,mixture2,-1.33691276,8.92588751e-05,100
999,Metropolis,metropolis,-1.33597913,3.74442753e-04,100
999,Row-Update,mps2,-1.33694998,9.21862834e-05,100
999,Hybrid,mixture2,-1.33691417,8.68960443e-05,100
1000,Metropolis,metropolis,-1.33597968,3.74812799e-04,100
1000,Row-Update,mps2,-1.33695269,8.69299794e-05,100
1000,Hybrid,mixture2,-1.33692764,8.70850892e-05,100
1001,Metropolis,metropolis,-1.33598102,3.76757982e-04,100
1001,Row-Update,mps2,-1.33697017,8.70513967e-05,100
1001,Hybrid,mixture2,-1.33692533,8.89374081e-05,100
1002,Metropolis,metropolis,-1.33597207,3.75485606e-04,100
1002,Row-Update,mps2,-1.33696908,8.57933382e-05,100
1002,Hybrid,mixture2,-1.33692538,8.90226206e-05,100
1003,Metropolis,metropolis,-1.33600277,3.76885023e-04,100
1003,Row-Update,mps2,-1.33697055,8.87872232e-05,100
1003,Hybrid,mixture2,-1.33690528,8.86544594e-05,100
1004,Metropolis,metropolis,-1.33597961,3.75715060e-04,100
1004,Row-Update,mps2,-1.33698990,8.74791349e-05,100
1004,Hybrid,mixture2,-1.33691191,8.90596786e-05,100
1005,Metropolis,metropolis,-1.33599281,3.75174867e-04,100
1005,Row-Update,mps2,-1.33698611,8.47413246e-05,100
1005,Hybrid,mixture2,-1.33693077,8.88316785e-05,100
1006,Metropolis,metropolis,-1.33599771,3.75163927e-04,100
1006,Row-Update,mps2,-1.33699233,8.56239427e-05,100
1006,Hybrid,mixture2,-1.33689936,1.04546125e-04,100
1007,Metropolis,metropolis,-1.33598772,3.75479491e-04,100
1007,Row-Update,mps2,-1.33697271,8.75284442e-05,100
1007,Hybrid,mixture2,-1.33689043,9.35429154e-05,100
1008,Metropolis,metropolis,-1.33597978,3.75959152e-04,100
1008,Row-Update,mps2,-1.33701975,8.92062730e-05,100
1008,Hybrid,mixture2,-1.33692073,9.06779754e-05,100
1009,Metropolis,metropolis,-1.33597929,3.76248603e-04,100
1009,Row-Update,mps2,-1.33698169,8.92077717e-05,100
1009,Hybrid,mixture2,-1.33693197,9.14259185e-05,100
1010,Metropolis,metropolis,-1.33598685,3.75357911e-04,100
1010,Row-Update,mps2,-1.33698304,8.78732093e-05,100
1010,Hybrid,mixture2,-1.33692907,8.90944135e-05,100
1011,Metropolis,metropolis,-1.33598948,3.77128962e-04,100
1011,Row-Update,mps2,-1.33695412,9.15746133e-05,100
1011,Hybrid,mixture2,-1.33693948,8.86260368e-05,100
1012,Metropolis,metropolis,-1.33599719,3.76042830e-04,100
1012,Row-Update,mps2,-1.33697719,8.88871907e-05,100
1012,Hybrid,mixture2,-1.33693672,8.82481437e-05,100
1013,Metropolis,metropolis,-1.33599582,3.75848901e-04,100
1013,Row-Update,mps2,-1.33697984,8.76541888e-05,100
1013,Hybrid,mixture2,-1.33695021,8.88198063e-05,100
1014,Metropolis,metropolis,-1.33600661,3.75464145e-04,100
1014,Row-Update,mps2,-1.33699655,8.67058929e-05,100
1014,Hybrid,mixture2,-1.33693892,8.73990717e-05,100
1015,Metropolis,metropolis,-1.33597358,3.75322537e-04,100
1015,Row-Update,mps2,-1.33700266,8.78204412e-05,100
1015,Hybrid,mixture2,-1.33695787,8.88289918e-05,100
1016,Metropolis,metropolis,-1.33599133,3.75739221e-04,100
1016,Row-Update,mps2,-1.33700267,8.85471124e-05,100
1016,Hybrid,mixture2,-1.33692737,9.55567351e-05,100
1017,Metropolis,metropolis,-1.33602854,3.76021478e-04,100
1017,Row-Update,mps2,-1.33698392,8.91415822e-05,100
1017,Hybrid,mixture2,-1.33691789,9.23909721e-05,100
1018,Metropolis,metropolis,-1.33602212,3.75792607e-04,100
1018,Row-Update,mps2,-1.33696556,8.91956921e-05,100
1018,Hybrid,mixture2,-1.33692894,8.75849169e-05,100
1019,Metropolis,metropolis,-1.33601094,3.75834231e-04,100
1019,Row-Update,mps2,-1.33696716,8.90267057e-05,100
1019,Hybrid,mixture2,-1.33693942,8.64401572e-05,100
1020,Metropolis,metropolis,-1.33598670,3.75741164e-04,100
1020,Row-Update,mps2,-1.33697013,8.85430992e-05,100
1020,Hybrid,mixture2,-1.33695722,8.72094619e-05,100
1021,Metropolis,metropolis,-1.33600094,3.76242259e-04,100
1021,Row-Update,mps2,-1.33694576,8.93128554e-05,100
1021,Hybrid,mixture2,-1.33696270,8.80590152e-05,100
1022,Metropolis,metropolis,-1.33599294,3.75459088e-04,100
1022,Row-Update,mps2,-1.33696048,8.93578002e-05,100
1022,Hybrid,mixture2,-1.33692737,8.56519413e-05,100
1023,Metropolis,metropolis,-1.33599072,3.75743461e-04,100
1023,Row-Update,mps2,-1.33696032,8.82431449e-05,100
1023,Hybrid,mixture2,-1.33693409,8.89517866e-05,100
1024,Metropolis,metropolis,-1.33598988,3.75742870e-04,100
1024,Row-Update,mps2,-1.33694931,9.11648610e-05,100
1024,Hybrid,mixture2,-1.33692903,8.93989474e-05,100
1025,Metropolis,metropolis,-1.33598945,3.75967105e-04,100
1025,Row-Update,mps2,-1.33695206,9.16597057e-05,100
1025,Hybrid,mixture2,-1.33693114,8.90493128e-05,100
1026,Metropolis,metropolis,-1.33599654,3.76113967e-04,100
1026,Row-Update,mps2,-1.33697339,9.08600417e-05,100
1026,Hybrid,mixture2,-1.33694569,8.87956722e-05,100
1027,Metropolis,metropolis,-1.33600901,3.75674584e-04,100
1027,Row-Update,mps2,-1.33697936,9.13331223e-05,100
1027,Hybrid,mixture2,-1.33693842,9.10167566e-05,100
1028,Metropolis,metropolis,-1.33596272,3.76291142e-04,100
1028,Row-Update,mps2,-1.33698002,9.10111117e-05,100
1028,Hybrid,mixture2,-1.33693823,8.99881513e-05,100
1029,Metropolis,metropolis,-1.33599709,3.75400898e-04,100
1029,Row-Update,mps2,-1.33695816,8.87129145e-05,100
1029,Hybrid,mixture2,-1.33694476,8.92969586e-05,100
1030,Metropolis,metropolis,-1.33597731,3.74889208e-04,100
1030,Row-Update,mps2,-1.33699459,8.88556021e-05,100
1030,Hybrid,mixture2,-1.33693425,8.93079538e-05,100
1031,Metropolis,metropolis,-1.33598876,3.75786148e-04,100
1031,Row-Update,mps2,-1.33696982,8.79192251e-05,100
1031,Hybrid,mixture2,-1.33694005,8.90988468e-05,100
1032,Metropolis,metropolis,-1.33597829,3.76009996e-04,100
1032,Row-Update,mps2,-1.33697513,8.96313415e-05,100
1032,Hybrid,mixture2,-1.33698273,9.26919948e-05,100
1033,Metropolis,metropolis,-1.33596723,3.75523437e-04,100
1033,Row-Update,mps2,-1.33701895,8.74830842e-05,100
1033,Hybrid,mixture2,-1.33694995,8.75497263e-05,100
1034,Metropolis,metropolis,-1.33598852,3.75833011e-04,100
1034,Row-Update,mps2,-1.33701709,8.82598632e-05,100
1034,Hybrid,mixture2,-1.33695078,8.74230575e-05,100
1035,Metropolis,metropolis,-1.33597884,3.75194142e-04,100
1035,Row-Update,mps2,-1.33700837,8.88135692e-05,100
1035,Hybrid,mixture2,-1.33695123,8.80535386e-05,100
1036,Metropolis,metropolis,-1.33599645,3.74941275e-04,100
1036,Row-Update,mps2,-1.33699570,8.96127122e-05,100
1036,Hybrid,mixture2,-1.33695771,8.99380356e-05,100
1037,Metropolis,metropolis,-1.33599894,3.74523893e-04,100
1037,Row-Update,mps2,-1.33697346,8.91016197e-05,100
1037,Hybrid,mixture2,-1.33694343,8.88743027e-05,100
1038,Metropolis,metropolis,-1.33599926,3.75204361e-04,100
1038,Row-Update,mps2,-1.33702195,8.69904289e-05,100
1038,Hybrid,mixture2,-1.33693314,9.16328580e-05,100
1039,Metropolis,metropolis,-1.33600615,3.74938560e-04,100
1039,Row-Update,mps2,-1.33700577,8.89519780e-05,100
1039,Hybrid,mixture2,-1.33694878,8.93363905e-05,100
1040,Metropolis,metropolis,-1.33599497,3.75825788e-04,100
1040,Row-Update,mps2,-1.33698602,9.25531167e-05,100
1040,Hybrid,mixture2,-1.33693980,8.95517642e-05,100
1041,Metropolis,metropolis,-1.33599153,3.74584671e-04,100
1041,Row-Update,mps2,-1.33700987,8.91227687e-05,100
1041,Hybrid,mixture2,-1.33694670,8.89424354e-05,100
1042,Metropolis,metropolis,-1.33598699,3.75410396e-04,100
1042,Row-Update,mps2,-1.33700653,8.73566583e-05,100
1042,Hybrid,mixture2,-1.33696823,8.82386075e-05,100
1043,Metropolis,metropolis,-1.33599167,3.75838709e-04,100
1043,Row-Update,mps2,-1.33699012,9.09334167e-05,100
1043,Hybrid,mixture2,-1.33695007,8.96012764e-05,100
1044,Metropolis,metropolis,-1.33598735,3.75138757e-04,100
1044,Row-Update,mps2,-1.33699893,9.05835909e-05,100
1044,Hybrid,mixture2,-1.33697090,8.90287344e-05,100
1045,Metropolis,metropolis,-1.33600246,3.76060720e-04,100
1045,Row-Update,mps2,-1.33699955,9.05112068e-05,100
1045,Hybrid,mixture2,-1.33694315,9.10138014e-05,100
1046,Metropolis,metropolis,-1.33599943,3.74962458e-04,100
1046,Row-Update,mps2,-1.33700663,8.84281717e-05,100
1046,Hybrid,mixture2,-1.33696104,8.83116248e-05,100
1047,Metropolis,metropolis,-1.33601486,3.75420241e-04,100
1047,Row-Update,mps2,-1.33698128,9.18311325e-05,100
1047,Hybrid,mixture2,-1.33696728,8.85308003e-05,100
1048,Metropolis,metropolis,-1.33598905,3.74714746e-04,100
1048,Row-Update,mps2,-1.33700573,8.96266983e-05,100
1048,Hybrid,mixture2,-1.33698138,8.97371618e-05,100
1049,Metropolis,metropolis,-1.33600274,3.76702774e-04,100
1049,Row-Update,mps2,-1.33700225,8.90630899e-05,100
1049,Hybrid,mixture2,-1.33697381,8.83158071e-05,100
1050,Metropolis,metropolis,-1.33600160,3.75707184e-04,100
1050,Row-Update,mps2,-1.33698935,9.10468484e-05,100
1050,Hybrid,mixture2,-1.33694098,9.05928159e-05,100
1051,Metropolis,metropolis,-1.33599739,3.75230695e-04,100
1051,Row-Update,mps2,-1.33696937,9.16745188e-05,100
1051,Hybrid,mixture2,-1.33693277,8.98120905e-05,100
1052,Metropolis,metropolis,-1.33600173,3.75253316e-04,100
1052,Row-Update,mps2,-1.33698284,9.08681835e-05,100
1052,Hybrid,mixture2,-1.33694436,9.13312160e-05,100
1053,Metropolis,metropolis,-1.33599059,3.75810015e-04,100
1053,Row-Update,mps2,-1.33697623,9.26533083e-05,100
1053,Hybrid,mixture2,-1.33693751,9.16950390e-05,100
1054,Metropolis,metropolis,-1.33599185,3.75595201e-04,100
1054,Row-Update,mps2,-1.33695836,9.23466132e-05,100
1054,Hybrid,mixture2,-1.33694025,9.13973528e-05,100
1055,Metropolis,metropolis,-1.33600208,3.75602813e-04,100
1055,Row-Update,mps2,-1.33697758,9.19953446e-05,100
1055,Hybrid,mixture2,-1.33695489,9.08104908e-05,100
1056,Metropolis,metropolis,-1.33600488,3.75862205e-04,100
1056,Row-Update,mps2,-1.33699662,8.92157431e-05,100
1056,Hybrid,mixture2,-1.33694388,9.20066402e-05,100
1057,Metropolis,metropolis,-1.33599801,3.75141656e-04,100
1057,Row-Update,mps2,-1.33699189,8.85419443e-05,100
1057,Hybrid,mixture2,-1.33694906,9.10116559e-05,100
1058,Metropolis,metropolis,-1.33602105,3.76190471e-04,100
1058,Row-Update,mps2,-1.33700771,9.05073932e-05,100
1058,Hybrid,mixture2,-1.33694724,9.02266463e-05,100
1059,Metropolis,metropolis,-1.33603252,3.75975889e-04,100
1059,Row-Update,mps2,-1.33696148,9.17723756e-05,100
1059,Hybrid,mixture2,-1.33693795,8.90606284e-05,100
1060,Metropolis,metropolis,-1.33599214,3.76152658e-04,100
1060,Row-Update,mps2,-1.33699667,9.17537723e-05,100
1060,Hybrid,mixture2,-1.33695831,8.96963855e-05,100
1061,Metropolis,metropolis,-1.33599759,3.76360291e-04,100
1061,Row-Update,mps2,-1.33700436,8.97681587e-05,100
1061,Hybrid,mixture2,-1.33695329,9.22839803e-05,100
1062,Metropolis,metropolis,-1.33600275,3.75160667e-04,100
1062,Row-Update,mps2,-1.33701174,8.94909462e-05,100
1062,Hybrid,mixture2,-1.33697221,8.98464779e-05,100
1063,Metropolis,metropolis,-1.33605096,3.73539694e-04,100
1063,Row-Update,mps2,-1.33701253,8.75809209e-05,100
1063,Hybrid,mixture2,-1.33696819,9.03066886e-05,100
1064,Metropolis,metropolis,-1.33601944,3.75704570e-04,100
1064,Row-Update,mps2,-1.33700448,8.88095404e-05,100
1064,Hybrid,mixture2,-1.33698125,8.96050590e-05,100
1065,Metropolis,metropolis,-1.33602113,3.75776917e-04,100
1065,Row-Update,mps2,-1.33697966,8.79363954e-05,100
1065,Hybrid,mixture2,-1.33695536,8.75212513e-05,100
1066,Metropolis,metropolis,-1.33600264,3.75789231e-04,100
1066,Row-Update,mps2,-1.33699129,8.84837817e-05,100
1066,Hybrid,mixture2,-1.33700170,8.93554696e-05,100
1067,Metropolis,metropolis,-1.33598898,3.75896499e-04,100
1067,Row-Update,mps2,-1.33699722,9.01353524e-05,100
1067,Hybrid,mixture2,-1.33697718,8.76906544e-05,100
1068,Metropolis,metropolis,-1.33600536,3.76244535e-04,100
1068,Row-Update,mps2,-1.33701091,8.98213071e-05,100
1068,Hybrid,mixture2,-1.33698154,8.75533710e-05,100
1069,Metropolis,metropolis,-1.33602058,3.76679392e-04,100
1069,Row-Update,mps2,-1.33702036,8.91202336e-05,100
1069,Hybrid,mixture2,-1.33696711,8.81257570e-05,100
1070,Metropolis,metropolis,-1.33599780,3.75114515e-04,100
1070,Row-Update,mps2,-1.33702806,9.07653097e-05,100
1070,Hybrid,mixture2,-1.33695170,8.79074980e-05,100
1071,Metropolis,metropolis,-1.33600912,3.74787915e-04,100
1071,Row-Update,mps2,-1.33703337,8.81099147e-05,100
1071,Hybrid,mixture2,-1.33697186,8.89178280e-05,100
1072,Metropolis,metropolis,-1.33601862,3.75548371e-04,100
1072,Row-Update,mps2,-1.33703187,9.11997329e-05,100
1072,Hybrid,mixture2,-1.33698481,8.89707504e-05,100
1073,Metropolis,metropolis,-1.33601812,3.74828548e-04,100
1073,Row-Update,mps2,-1.33702672,8.72886408e-05,100
1073,Hybrid,mixture2,-1.33696806,9.00551159e-05,100
1074,Metropolis,metropolis,-1.33601950,3.74963253e-04,100
1074,Row-Update,mps2,-1.33700924,8.96649316e-05,100
1074,Hybrid,mixture2,-1.33697291,8.79839960e-05,100
1075,Metropolis,metropolis,-1.33602715,3.75270623e-04,100
1075,Row-Update,mps2,-1.33702937,8.94847200e-05,100
1075,Hybrid,mixture2,-1.33700430,8.79528052e-05,100
1076,Metropolis,metropolis,-1.33603169,3.75981587e-04,100
1076,Row-Update,mps2,-1.33700870,8.88409017e-05,100
1076,Hybrid,mixture2,-1.33700484,8.76839376e-05,100
1077,Metropolis,metropolis,-1.33603352,3.75609948e-04,100
1077,Row-Update,mps2,-1.33701759,8.80974370e-05,100
1077,Hybrid,mixture2,-1.33697024,8.92542555e-05,100
1078,Metropolis,metropolis,-1.33602505,3.75080257e-04,100
1078,Row-Update,mps2,-1.33700336,8.79429444e-05,100
1078,Hybrid,mixture2,-1.33698406,9.12805168e-05,100
1079,Metropolis,metropolis,-1.33603897,3.76678999e-04,100
1079,Row-Update,mps2,-1.33702739,8.75545141e-05,100
1079,Hybrid,mixture2,-1.33698770,9.21098497e-05,100
1080,Metropolis,metropolis,-1.33603145,3.75901857e-04,100
1080,Row-Update,mps2,-1.33704301,8.74554567e-05,100
1080,Hybrid,mixture2,-1.33696403,9.20641540e-05,100
1081,Metropolis,metropolis,-1.33601420,3.76624136e-04,100
1081,Row-Update,mps2,-1.33701370,8.71007455e-05,100
1081,Hybrid,mixture2,-1.33694383,9.03977765e-05,100
1082,Metropolis,metropolis,-1.33601722,3.76223119e-04,100
1082,Row-Update,mps2,-1.33702760,8.93862244e-05,100
1082,Hybrid,mixture2,-1.33698485,9.26602839e-05,100
1083,Metropolis,metropolis,-1.33604190,3.75762752e-04,100
1083,Row-Update,mps2,-1.33705101,8.75429713e-05,100
1083,Hybrid,mixture2,-1.33698839,9.29981878e-05,100
1084,Metropolis,metropolis,-1.33602774,3.75019584e-04,100
1084,Row-Update,mps2,-1.33701646,9.03082668e-05,100
1084,Hybrid,mixture2,-1.33699110,9.18081131e-05,100
1085,Metropolis,metropolis,-1.33602584,3.74992728e-04,100
1085,Row-Update,mps2,-1.33702409,8.94236622e-05,100
1085,Hybrid,mixture2,-1.33700458,9.30505174e-05,100
1086,Metropolis,metropolis,-1.33604720,3.76645128e-04,100
1086,Row-Update,mps2,-1.33703667,8.94725754e-05,100
1086,Hybrid,mixture2,-1.33698605,9.62154392e-05,100
1087,Metropolis,metropolis,-1.33605413,3.75909310e-04,100
1087,Row-Update,mps2,-1.33700767,9.19152416e-05,100
1087,Hybrid,mixture2,-1.33701244,9.07797547e-05,100
1088,Metropolis,metropolis,-1.33604519,3.75106838e-04,100
1088,Row-Update,mps2,-1.33701842,9.04129827e-05,100
1088,Hybrid,mixture2,-1.33699049,9.04471503e-05,100
1089,Metropolis,metropolis,-1.33604930,3.75767225e-04,100
1089,Row-Update,mps2,-1.33703740,8.82205099e-05,100
1089,Hybrid,mixture2,-1.33698891,9.22761873e-05,100
1090,Metropolis,metropolis,-1.33602524,3.75847991e-04,100
1090,Row-Update,mps2,-1.33702805,9.19672046e-05,100
1090,Hybrid,mixture2,-1.33698839,8.98682048e-05,100
1091,Metropolis,metropolis,-1.33602313,3.75897551e-04,100
1091,Row-Update,mps2,-1.33703158,8.89759024e-05,100
1091,Hybrid,mixture2,-1.33701814,8.77017292e-05,100
1092,Metropolis,metropolis,-1.33602243,3.73473909e-04,100
1092,Row-Update,mps2,-1.33700405,8.92487101e-05,100
1092,Hybrid,mixture2,-1.33698999,9.07301182e-05,100
1093,Metropolis,metropolis,-1.33601164,3.76392659e-04,100
1093,Row-Update,mps2,-1.33703277,8.86945334e-05,100
1093,Hybrid,mixture2,-1.33699007,9.10616817e-05,100
1094,Metropolis,metropolis,-1.33605387,3.74324889e-04,100
1094,Row-Update,mps2,-1.33701109,8.81058029e-05,100
1094,Hybrid,mixture2,-1.33698901,9.16627996e-05,100
1095,Metropolis,metropolis,-1.33602949,3.75020738e-04,100
1095,Row-Update,mps2,-1.33704788,9.03786345e-05,100
1095,Hybrid,mixture2,-1.33698894,8.95446779e-05,100
1096,Metropolis,metropolis,-1.33604773,3.75557663e-04,100
1096,Row-Update,mps2,-1.33703626,8.85527586e-05,100
1096,Hybrid,mixture2,-1.33697923,8.97171407e-05,100
1097,Metropolis,metropolis,-1.33605237,3.75798505e-04,100
1097,Row-Update,mps2,-1.33701271,9.25883104e-05,100
1097,Hybrid,mixture2,-1.33700949,8.78247386e-05,100
1098,Metropolis,metropolis,-1.33605110,3.75994857e-04,100
1098,Row-Update,mps2,-1.33703791,8.90763006e-05,100
1098,Hybrid,mixture2,-1.33701076,8.95176375e-05,100
1099,Metropolis,metropolis,-1.33604252,3.76532851e-04,100
1099,Row-Update,mps2,-1.33701844,8.97781100e-05,100
1099,Hybrid,mixture2,-1.33701021,8.92210597e-05,100
1100,Metropolis,metropolis,-1.33603474,3.75277623e-04,100
1100,Row-Update,mps2,-1.33701203,8.98862306e-05,100
1100,Hybrid,mixture2,-1.33699483,9.16805455e-05,100
1101,Metropolis,metropolis,-1.33604863,3.75564100e-04,100
1101,Row-Update,mps2,-1.33701772,8.88959856e-05,100
1101,Hybrid,mixture2,-1.33701148,9.02545365e-05,100
1102,Metropolis,metropolis,-1.33603587,3.76043948e-04,100
1102,Row-Update,mps2,-1.33702064,8.97898384e-05,100
1102,Hybrid,mixture2,-1.33700535,8.88575481e-05,100
1103,Metropolis,metropolis,-1.33605067,3.75961665e-04,100
1103,Row-Update,mps2,-1.33701837,9.08143029e-05,100
1103,Hybrid,mixture2,-1.33700787,9.02907277e-05,100
1104,Metropolis,metropolis,-1.33605110,3.75044314e-04,100
1104,Row-Update,mps2,-1.33701662,8.93162110e-05,100
1104,Hybrid,mixture2,-1.33698258,8.93395669e-05,100
1105,Metropolis,metropolis,-1.33603858,3.75346241e-04,100
1105,Row-Update,mps2,-1.33701633,8.99337682e-05,100
1105,Hybrid,mixture2,-1.33700608,9.04314051e-05,100
1106,Metropolis,metropolis,-1.33604484,3.75353518e-04,100
1106,Row-Update,mps2,-1.33702757,8.86531208e-05,100
1106,Hybrid,mixture2,-1.33700407,9.12954359e-05,100
1107,Metropolis,metropolis,-1.33603142,3.74430059e-04,100
1107,Row-Update,mps2,-1.33701765,8.79355044e-05,100
1107,Hybrid,mixture2,-1.33702109,8.89903659e-05,100
1108,Metropolis,metropolis,-1.33603773,3.74815980e-04,100
1108,Row-Update,mps2,-1.33703614,8.89563055e-05,100
1108,Hybrid,mixture2,-1.33699725,9.23502738e-05,100
1109,Metropolis,metropolis,-1.33603159,3.75847664e-04,100
1109,Row-Update,mps2,-1.33704635,8.93693571e-05,100
1109,Hybrid,mixture2,-1.33699623,9.02128475e-05,100
1110,Metropolis,metropolis,-1.33600921,3.75298039e-04,100
1110,Row-Update,mps2,-1.33704608,8.75074021e-05,100
1110,Hybrid,mixture2,-1.33697985,8.96185737e-05,100
1111,Metropolis,metropolis,-1.33604224,3.75450077e-04,100
1111,Row-Update,mps2,-1.33703193,8.88996499e-05,100
1111,Hybrid,mixture2,-1.33700369,9.09676562e-05,100
1112,Metropolis,metropolis,-1.33604385,3.75433907e-04,100
1112,Row-Update,mps2,-1.33703402,8.99743094e-05,100
1112,Hybrid,mixture2,-1.33699228,9.13627479e-05,100
1113,Metropolis,metropolis,-1.33603100,3.74264654e-04,100
1113,Row-Update,mps2,-1.33703613,9.01980772e-05,100
1113,Hybrid,mixture2,-1.33701263,8.99509060e-05,100
1114,Metropolis,metropolis,-1.33602641,3.75359145e-04,100
1114,Row-Update,mps2,-1.33699563,9.19219984e-05,100
1114,Hybrid,mixture2,-1.33700364,9.04644046e-05,100
1115,Metropolis,metropolis,-1.33606124,3.75040303e-04,100
1115,Row-Update,mps2,-1.33700266,9.13507023e-05,100
1115,Hybrid,mixture2,-1.33701542,9.08767060e-05,100
1116,Metropolis,metropolis,-1.33606556,3.75252642e-04,100
1116,Row-Update,mps2,-1.33702599,8.97718148e-05,100
1116,Hybrid,mixture2,-1.33700209,9.36359677e-05,100
1117,Metropolis,metropolis,-1.33603934,3.76241457e-04,100
1117,Row-Update,mps2,-1.33702831,8.97507113e-05,100
1117,Hybrid,mixture2,-1.33698075,9.60204188e-05,100
1118,Metropolis,metropolis,-1.33604603,3.75893105e-04,100
1118,Row-Update,mps2,-1.33702959,9.12873815e-05,100
1118,Hybrid,mixture2,-1.33701579,8.99954026e-05,100
1119,Metropolis,metropolis,-1.33604412,3.76192041e-04,100
1119,Row-Update,mps2,-1.33702878,8.87441537e-05,100
1119,Hybrid,mixture2,-1.33700192,9.12760877e-05,100
1120,Metropolis,metropolis,-1.33603325,3.75711264e-04,100
1120,Row-Update,mps2,-1.33702214,9.10239304e-05,100
1120,Hybrid,mixture2,-1.33699992,9.24037237e-05,100
1121,Metropolis,metropolis,-1.33600531,3.78187001e-04,100
1121,Row-Update,mps2,-1.33701701,8.66211550e-05,100
1121,Hybrid,mixture2,-1.33699487,9.24156359e-05,100
1122,Metropolis,metropolis,-1.33602882,3.77192666e-04,100
1122,Row-Update,mps2,-1.33700167,9.01940482e-05,100
1122,Hybrid,mixture2,-1.33700697,9.14373476e-05,100
1123,Metropolis,metropolis,-1.33606242,3.74684780e-04,100
1123,Row-Update,mps2,-1.33703126,8.96874842e-05,100
1123,Hybrid,mixture2,-1.33700880,9.33547886e-05,100
1124,Metropolis,metropolis,-1.33605058,3.75235754e-04,100
1124,Row-Update,mps2,-1.33704317,8.97615005e-05,100
1124,Hybrid,mixture2,-1.33698525,9.11888665e-05,100
1125,Metropolis,metropolis,-1.33605035,3.74526805e-04,100
1125,Row-Update,mps2,-1.33704165,8.94227323e-05,100
1125,Hybrid,mixture2,-1.33699166,9.42098738e-05,100
1126,Metropolis,metropolis,-1.33602144,3.76412010e-04,100
1126,Row-Update,mps2,-1.33704926,8.85153809e-05,100
1126,Hybrid,mixture2,-1.33700638,9.23295651e-05,100
1127,Metropolis,metropolis,-1.33607087,3.74915686e-04,100
1127,Row-Update,mps2,-1.33702563,8.99517948e-05,100
1127,Hybrid,mixture2,-1.33700296,9.14254565e-05,100
1128,Metropolis,metropolis,-1.33603600,3.75020793e-04,100
1128,Row-Update,mps2,-1.33702944,8.85620235e-05,100
1128,Hybrid,mixture2,-1.33699177,9.10510889e-05,100
1129,Metropolis,metropolis,-1.33606870,3.74994087e-04,100
1129,Row-Update,mps2,-1.33701843,9.74358971e-05,100
1129,Hybrid,mixture2,-1.33701841,8.96712028e-05,100
1130,Metropolis,metropolis,-1.33604911,3.76268503e-04,100
1130,Row-Update,mps2,-1.33701434,9.24311681e-05,100
1130,Hybrid,mixture2,-1.33702316,8.76340166e-05,100
1131,Metropolis,metropolis,-1.33605852,3.76947389e-04,100
1131,Row-Update,mps2,-1.33703849,9.02347613e-05,100
1131,Hybrid,mixture2,-1.33699689,8.92976908e-05,100
1132,Metropolis,metropolis,-1.33606233,3.75840212e-04,100
1132,Row-Update,mps2,-1.33703403,9.00607376e-05,100
1132,Hybrid,mixture2,-1.33700026,9.09538005e-05,100
1133,Metropolis,metropolis,-1.33607778,3.75254953e-04,100
1133,Row-Update,mps2,-1.33703850,9.17527762e-05,100
1133,Hybrid,mixture2,-1.33701169,8.94024057e-05,100
1134,Metropolis,metropolis,-1.33606832,3.75903491e-04,100
1134,Row-Update,mps2,-1.33701896,9.39209416e-05,100
1134,Hybrid,mixture2,-1.33701620,8.99987618e-05,100
1135,Metropolis,metropolis,-1.33605271,3.75568188e-04,100
1135,Row-Update,mps2,-1.33703467,9.31621412e-05,100
1135,Hybrid,mixture2,-1.33701777,8.82672573e-05,100
1136,Metropolis,metropolis,-1.33606243,3.75004202e-04,100
1136,Row-Update,mps2,-1.33702540,9.05013293e-05,100
1136,Hybrid,mixture2,-1.33702342,8.83857779e-05,100
1137,Metropolis,metropolis,-1.33605875,3.74630460e-04,100
1137,Row-Update,mps2,-1.33705716,8.89661043e-05,100
1137,Hybrid,mixture2,-1.33701485,8.76315806e-05,100
1138,Metropolis,metropolis,-1.33606326,3.75491209e-04,100
1138,Row-Update,mps2,-1.33703067,9.18242070e-05,100
1138,Hybrid,mixture2,-1.33702786,8.78574586e-05,100
1139,Metropolis,metropolis,-1.33606523,3.76010300e-04,100
1139,Row-Update,mps2,-1.33702348,9.18890397e-05,100
1139,Hybrid,mixture2,-1.33699953,9.13121102e-05,100
1140,Metropolis,metropolis,-1.33607199,3.74162325e-04,100
1140,Row-Update,mps2,-1.33701788,9.20262876e-05,100
1140,Hybrid,mixture2,-1.33702170,8.75234996e-05,100
1141,Metropolis,metropolis,-1.33607984,3.74024440e-04,100
1141,Row-Update,mps2,-1.33701984,9.21367506e-05,100
1141,Hybrid,mixture2,-1.33705314,8.78624347e-05,100
1142,Metropolis,metropolis,-1.33605738,3.75608064e-04,100
1142,Row-Update,mps2,-1.33699297,9.65247320e-05,100
1142,Hybrid,mixture2,-1.33703339,8.93287490e-05,100
1143,Metropolis,metropolis,-1.33607673,3.75727459e-04,100
1143,Row-Update,mps2,-1.33700384,9.99865374e-05,100
1143,Hybrid,mixture2,-1.33702770,8.77420604e-05,100
1144,Metropolis,metropolis,-1.33607138,3.75238520e-04,100
1144,Row-Update,mps2,-1.33700545,9.66949123e-05,100
1144,Hybrid,mixture2,-1.33703836,8.77909561e-05,100
1145,Metropolis,metropolis,-1.33609319,3.74678222e-04,100
1145,Row-Update,mps2,-1.33699818,9.26772273e-05,100
1145,Hybrid,mixture2,-1.33703236,8.94327340e-05,100
1146,Metropolis,metropolis,-1.33607120,3.75687998e-04,100
1146,Row-Update,mps2,-1.33702740,9.24950961e-05,100
1146,Hybrid,mixture2,-1.33704103,8.90218731e-05,100
1147,Metropolis,metropolis,-1.33609191,3.76272897e-04,100
1147,Row-Update,mps2,-1.33701328,9.83086558e-05,100
1147,Hybrid,mixture2,-1.33702701,8.79644195e-05,100
1148,Metropolis,metropolis,-1.33607302,3.76461852e-04,100
1148,Row-Update,mps2,-1.33702041,9.81973890e-05,100
1148,Hybrid,mixture2,-1.33703568,8.88262777e-05,100
1149,Metropolis,metropolis,-1.33608914,3.75187081e-04,100
1149,Row-Update,mps2,-1.33700723,9.47152253e-05,100
1149,Hybrid,mixture2,-1.33702246,8.78864806e-05,100
1150,Metropolis,metropolis,-1.33609445,3.74957895e-04,100
1150,Row-Update,mps2,-1.33702967,9.38591466e-05,100
1150,Hybrid,mixture2,-1.33700067,8.93608556e-05,100
1151,Metropolis,metropolis,-1.33607181,3.74903892e-04,100
1151,Row-Update,mps2,-1.33701098,9.63028257e-05,100
1151,Hybrid,mixture2,-1.33704860,8.89422747e-05,100
1152,Metropolis,metropolis,-1.33608807,3.74871782e-04,100
1152,Row-Update,mps2,-1.33702142,9.47314494e-05,100
1152,Hybrid,mixture2,-1.33701764,8.99136021e-05,100
1153,Metropolis,metropolis,-1.33609040,3.75191444e-04,100
1153,Row-Update,mps2,-1.33699909,9.76723865e-05,100
1153,Hybrid,mixture2,-1.33702050,8.84085153e-05,100
1154,Metropolis,metropolis,-1.33605222,3.75262639e-04,100
1154,Row-Update,mps2,-1.33701476,9.76931629e-05,100
1154,Hybrid,mixture2,-1.33702100,8.84036276e-05,100
1155,Metropolis,metropolis,-1.33607898,3.77035605e-04,100
1155,Row-Update,mps2,-1.33700682,9.79828887e-05,100
1155,Hybrid,mixture2,-1.33703003,8.84251586e-05,100
1156,Metropolis,metropolis,-1.33610179,3.76033225e-04,100
1156,Row-Update,mps2,-1.33700571,9.74729924e-05,100
1156,Hybrid,mixture2,-1.33702830,8.74075929e-05,100
1157,Metropolis,metropolis,-1.33607491,3.75543814e-04,100
1157,Row-Update,mps2,-1.33702715,9.65276972e-05,100
1157,Hybrid,mixture2,-1.33701092,8.64825444e-05,100
1158,Metropolis,metropolis,-1.33607110,3.76354882e-04,100
1158,Row-Update,mps2,-1.33704307,9.18497055e-05,100
1158,Hybrid,mixture2,-1.33702376,8.86148503e-05,100
1159,Metropolis,metropolis,-1.33608635,3.75372081e-04,100
1159,Row-Update,mps2,-1.33703231,9.53719881e-05,100
1159,Hybrid,mixture2,-1.33704033,8.56906863e-05,100
1160,Metropolis,metropolis,-1.33609276,3.76481670e-04,100
1160,Row-Update,mps2,-1.33701715,9.63385340e-05,100
1160,Hybrid,mixture2,-1.33700948,8.50972875e-05,100
1161,Metropolis,metropolis,-1.33601104,3.86495567e-04,100
1161,Row-Update,mps2,-1.33704236,9.22222631e-05,100
1161,Hybrid,mixture2,-1.33701229,8.74039841e-05,100
1162,Metropolis,metropolis,-1.33606546,3.76665975e-04,100
1162,Row-Update,mps2,-1.33704060,9.07016613e-05,100
1162,Hybrid,mixture2,-1.33703994,8.63964007e-05,100
1163,Metropolis,metropolis,-1.33604666,3.78402213e-04,100
1163,Row-Update,mps2,-1.33703281,9.35698908e-05,100
1163,Hybrid,mixture2,-1.33703928,8.73098703e-05,100
1164,Metropolis,metropolis,-1.33607945,3.75926090e-04,100
1164,Row-Update,mps2,-1.33703272,9.11994846e-05,100
1164,Hybrid,mixture2,-1.33704609,8.36392022e-05,100
1165,Metropolis,metropolis,-1.33609697,3.75717213e-04,100
1165,Row-Update,mps2,-1.33703573,9.25727519e-05,100
1165,Hybrid,mixture2,-1.33704496,8.73595592e-05,100
1166,Metropolis,metropolis,-1.33610304,3.75940633e-04,100
1166,Row-Update,mps2,-1.33702612,9.52583170e-05,100
1166,Hybrid,mixture2,-1.33704552,8.64224417e-05,100
1167,Metropolis,metropolis,-1.33609117,3.75257790e-04,100
1167,Row-Update,mps2,-1.33702751,9.48536041e-05,100
1167,Hybrid,mixture2,-1.33702306,8.97952339e-05,100
1168,Metropolis,metropolis,-1.33610280,3.75745204e-04,100
1168,Row-Update,mps2,-1.33703843,9.43319538e-05,100
1168,Hybrid,mixture2,-1.33704407,8.74325482e-05,100
1169,Metropolis,metropolis,-1.33608757,3.75182252e-04,100
1169,Row-Update,mps2,-1.33703082,9.38811371e-05,100
1169,Hybrid,mixture2,-1.33703965,8.60417983e-05,100
1170,Metropolis,metropolis,-1.33608782,3.75069623e-04,100
1170,Row-Update,mps2,-1.33702645,9.87772443e-05,100
1170,Hybrid,mixture2,-1.33703880,8.72446457e-05,100
1171,Metropolis,metropolis,-1.33609281,3.75714414e-04,100
1171,Row-Update,mps2,-1.33703036,9.76755469e-05,100
1171,Hybrid,mixture2,-1.33704302,8.69476049e-05,100
1172,Metropolis,metropolis,-1.33609411,3.75790286e-04,100
1172,Row-Update,mps2,-1.33704277,9.64295776e-05,100
1172,Hybrid,mixture2,-1.33706101,8.54551864e-05,100
1173,Metropolis,metropolis,-1.33607694,3.75339370e-04,100
1173,Row-Update,mps2,-1.33704455,9.32602119e-05,100
1173,Hybrid,mixture2,-1.33704753,8.51700274e-05,100
1174,Metropolis,metropolis,-1.33608901,3.75577692e-04,100
1174,Row-Update,mps2,-1.33704223,9.46524589e-05,100
1174,Hybrid,mixture2,-1.33704065,8.56549560e-05,100
1175,Metropolis,metropolis,-1.33609548,3.74467822e-04,100
1175,Row-Update,mps2,-1.33703243,9.68642142e-05,100
1175,Hybrid,mixture2,-1.33705199,8.32952098e-05,100
1176,Metropolis,metropolis,-1.33609638,3.75757794e-04,100
1176,Row-Update,mps2,-1.33703500,9.86924941e-05,100
1176,Hybrid,mixture2,-1.33703976,8.42671915e-05,100
1177,Metropolis,metropolis,-1.33610013,3.76148393e-04,100
1177,Row-Update,mps2,-1.33706571,9.56360789e-05,100
1177,Hybrid,mixture2,-1.33707248,8.42534747e-05,100
1178,Metropolis,metropolis,-1.33607925,3.76289941e-04,100
1178,Row-Update,mps2,-1.33703962,9.49333508e-05,100
1178,Hybrid,mixture2,-1.33704931,8.76200821e-05,100
1179,Metropolis,metropolis,-1.33607480,3.76732686e-04,100
1179,Row-Update,mps2,-1.33705256,9.48303621e-05,100
1179,Hybrid,mixture2,-1.33705833,8.66683867e-05,100
1180,Metropolis,metropolis,-1.33608193,3.77260663e-04,100
1180,Row-Update,mps2,-1.33706649,9.22069635e-05,100
1180,Hybrid,mixture2,-1.33705507,8.55943005e-05,100
1181,Metropolis,metropolis,-1.33607891,3.76161509e-04,100
1181,Row-Update,mps2,-1.33705761,9.37267818e-05,100
1181,Hybrid,mixture2,-1.33704231,8.48026015e-05,100
1182,Metropolis,metropolis,-1.33607691,3.75712446e-04,100
1182,Row-Update,mps2,-1.33705016,9.14783548e-05,100
1182,Hybrid,mixture2,-1.33704124,8.55330051e-05,100
1183,Metropolis,metropolis,-1.33609667,3.74690107e-04,100
1183,Row-Update,mps2,-1.33703322,8.98163391e-05,100
1183,Hybrid,mixture2,-1.33705985,8.54370751e-05,100
1184,Metropolis,metropolis,-1.33608833,3.76167112e-04,100
1184,Row-Update,mps2,-1.33703733,9.47490126e-05,100
1184,Hybrid,mixture2,-1.33703840,8.70406998e-05,100
1185,Metropolis,metropolis,-1.33608234,3.75510253e-04,100
1185,Row-Update,mps2,-1.33703411,9.28714919e-05,100
1185,Hybrid,mixture2,-1.33704803,8.65313803e-05,100
1186,Metropolis,metropolis,-1.33608577,3.76096139e-04,100
1186,Row-Update,mps2,-1.33703521,9.26425859e-05,100
1186,Hybrid,mixture2,-1.33704915,8.57800956e-05,100
1187,Metropolis,metropolis,-1.33608825,3.75897455e-04,100
1187,Row-Update,mps2,-1.33705184,9.20302685e-05,100
1187,Hybrid,mixture2,-1.33705045,8.65943828e-05,100
1188,Metropolis,metropolis,-1.33607954,3.76365862e-04,100
1188,Row-Update,mps2,-1.33705212,8.88187782e-05,100
1188,Hybrid,mixture2,-1.33707144,8.32394388e-05,100
1189,Metropolis,metropolis,-1.33609494,3.76082704e-04,100
1189,Row-Update,mps2,-1.33705385,9.12347070e-05,100
1189,Hybrid,mixture2,-1.33706793,8.44306166e-05,100
1190,Metropolis,metropolis,-1.33610520,3.75410504e-04,100
1190,Row-Update,mps2,-1.33704880,9.10826087e-05,100
1190,Hybrid,mixture2,-1.33705748,8.36889668e-05,100
1191,Metropolis,metropolis,-1.33609579,3.75335111e-04,100
1191,Row-Update,mps2,-1.33704192,9.09658862e-05,100
1191,Hybrid,mixture2,-1.33705594,8.65945176e-05,100
1192,Metropolis,metropolis,-1.33608494,3.75304278e-04,100
1192,Row-Update,mps2,-1.33704376,9.17170579e-05,100
1192,Hybrid,mixture2,-1.33703516,8.73793527e-05,100
1193,Metropolis,metropolis,-1.33611258,3.76623544e-04,100
1193,Row-Update,mps2,-1.33704852,9.31974992e-05,100
1193,Hybrid,mixture2,-1.33704274,8.64653336e-05,100
1194,Metropolis,metropolis,-1.33609792,3.76036152e-04,100
1194,Row-Update,mps2,-1.33705497,9.09309755e-05,100
1194,Hybrid,mixture2,-1.33707898,8.40087570e-05,100
1195,Metropolis,metropolis,-1.33610246,3.76080987e-04,100
1195,Row-Update,mps2,-1.33705534,9.33737214e-05,100
1195,Hybrid,mixture2,-1.33701012,1.06660358e-04,100
1196,Metropolis,metropolis,-1.33611451,3.75471134e-04,100
1196,Row-Update,mps2,-1.33701412,9.68305846e-05,100
1196,Hybrid,mixture2,-1.33704104,9.29526802e-05,100
1197,Metropolis,metropolis,-1.33610819,3.76978818e-04,100
1197,Row-Update,mps2,-1.33704500,9.21535691e-05,100
1197,Hybrid,mixture2,-1.33704379,8.75828429e-05,100
1198,Metropolis,metropolis,-1.33610508,3.77235904e-04,100
1198,Row-Update,mps2,-1.33703793,9.13264815e-05,100
1198,Hybrid,mixture2,-1.33703739,8.58245739e-05,100
1199,Metropolis,metropolis,-1.33608460,3.77345225e-04,100
1199,Row-Update,mps2,-1.33705764,9.28872558e-05,100
1199,Hybrid,mixture2,-1.33706881,8.54334477e-05,100
1200,Metropolis,metropolis,-1.33612403,3.77054435e-04,100
1200,Row-Update,mps2,-1.33703992,9.16425358e-05,100
1200,Hybrid,mixture2,-1.33705236,8.75745460e-05,100
1201,Metropolis,metropolis,-1.33611346,3.77085177e-04,100
1201,Row-Update,mps2,-1.33704057,9.01197457e-05,100
1201,Hybrid,mixture2,-1.33705092,8.64970332e-05,100
1202,Metropolis,metropolis,-1.33609939,3.75209910e-04,100
1202,Row-Update,mps2,-1.33704455,9.08296642e-05,100
1202,Hybrid,mixture2,-1.33706649,8.47405086e-05,100
1203,Metropolis,metropolis,-1.33611527,3.76416636e-04,100
1203,Row-Update,mps2,-1.33705820,8.96388823e-05,100
1203,Hybrid,mixture2,-1.33708936,8.89828653e-05,100
1204,Metropolis,metropolis,-1.33611133,3.75752902e-04,100
1204,Row-Update,mps2,-1.33705199,8.80433318e-05,100
1204,Hybrid,mixture2,-1.33708009,8.46980069e-05,100
1205,Metropolis,metropolis,-1.33611017,3.75608787e-04,100
1205,Row-Update,mps2,-1.33706849,8.91825435e-05,100
1205,Hybrid,mixture2,-1.33702995,9.23581961e-05,100
1206,Metropolis,metropolis,-1.33611024,3.75830111e-04,100
1206,Row-Update,mps2,-1.33706933,8.76317172e-05,100
1206,Hybrid,mixture2,-1.33707423,8.94147570e-05,100
1207,Metropolis,metropolis,-1.33611407,3.75239798e-04,100
1207,Row-Update,mps2,-1.33705034,8.93192682e-05,100
1207,Hybrid,mixture2,-1.33706486,8.63430511e-05,100
1208,Metropolis,metropolis,-1.33610938,3.75282818e-04,100
1208,Row-Update,mps2,-1.33707078,8.93118274e-05,100
1208,Hybrid,mixture2,-1.33705982,8.48739805e-05,100
1209,Metropolis,metropolis,-1.33610679,3.75584732e-04,100
1209,Row-Update,mps2,-1.33708237,8.70287579e-05,100
1209,Hybrid,mixture2,-1.33706665,8.51257341e-05,100
1210,Metropolis,metropolis,-1.33610724,3.75356376e-04,100
1210,Row-Update,mps2,-1.33708122,8.81947254e-05,100
1210,Hybrid,mixture2,-1.33705984,8.54453695e-05,100
1211,Metropolis,metropolis,-1.33610571,3.75641400e-04,100
1211,Row-Update,mps2,-1.33704820,9.16573643e-05,100
1211,Hybrid,mixture2,-1.33708574,8.45371375e-05,100
1212,Metropolis,metropolis,-1.33611713,3.75313088e-04,100
1212,Row-Update,mps2,-1.33705636,9.10104856e-05,100
1212,Hybrid,mixture2,-1.33705847,8.33918720e-05,100
1213,Metropolis,metropolis,-1.33609908,3.76436323e-04,100
1213,Row-Update,mps2,-1.33706157,8.93133150e-05,100
1213,Hybrid,mixture2,-1.33705381,8.37937129e-05,100
1214,Metropolis,metropolis,-1.33612728,3.75158906e-04,100
1214,Row-Update,mps2,-1.33704054,9.16595173e-05,100
1214,Hybrid,mixture2,-1.33706429,8.43323164e-05,100
1215,Metropolis,metropolis,-1.33612040,3.75497923e-04,100
1215,Row-Update,mps2,-1.33705031,9.05644096e-05,100
1215,Hybrid,mixture2,-1.33707034,8.39496298e-05,100
1216,Metropolis,metropolis,-1.33611460,3.75879344e-04,100
1216,Row-Update,mps2,-1.33706310,9.23546641e-05,100
1216,Hybrid,mixture2,-1.33706219,8.34925148e-05,100
1217,Metropolis,metropolis,-1.33610063,3.76798070e-04,100
1217,Row-Update,mps2,-1.33706487,9.17988195e-05,100
1217,Hybrid,mixture2,-1.33707209,8.36501587e-05,100
1218,Metropolis,metropolis,-1.33609978,3.76483394e-04,100
1218,Row-Update,mps2,-1.33703112,9.43826749e-05,100
1218,Hybrid,mixture2,-1.33706352,8.44184461e-05,100
1219,Metropolis,metropolis,-1.33609107,3.76877189e-04,100
1219,Row-Update,mps2,-1.33704154,9.34550266e-05,100
1219,Hybrid,mixture2,-1.33706197,8.55249969e-05,100
1220,Metropolis,metropolis,-1.33610189,3.75747876e-04,100
1220,Row-Update,mps2,-1.33704295,9.25289183e-05,100
1220,Hybrid,mixture2,-1.33708366,8.40187442e-05,100
1221,Metropolis,metropolis,-1.33609013,3.76912834e-04,100
1221,Row-Update,mps2,-1.33704791,9.15896758e-05,100
1221,Hybrid,mixture2,-1.33705334,8.50258473e-05,100
1222,Metropolis,metropolis,-1.33610947,3.75440877e-04,100
1222,Row-Update,mps2,-1.33706289,9.09338337e-05,100
1222,Hybrid,mixture2,-1.33706168,8.54470813e-05,100
1223,Metropolis,metropolis,-1.33609517,3.76460920e-04,100
1223,Row-Update,mps2,-1.33705541,8.84678966e-05,100
1223,Hybrid,mixture2,-1.33705319,8.67443371e-05,100
1224,Metropolis,metropolis,-1.33611955,3.75577054e-04,100
1224,Row-Update,mps2,-1.33704892,8.99051199e-05,100
1224,Hybrid,mixture2,-1.33708093,8.41519754e-05,100
1225,Metropolis,metropolis,-1.33611730,3.77065566e-04,100
1225,Row-Update,mps2,-1.33706891,8.90808670e-05,100
1225,Hybrid,mixture2,-1.33707212,8.33906714e-05,100
1226,Metropolis,metropolis,-1.33611479,3.76615065e-04,100
1226,Row-Update,mps2,-1.33705176,9.02533723e-05,100
1226,Hybrid,mixture2,-1.33704106,8.51510295e-05,100
1227,Metropolis,metropolis,-1.33612256,3.75205982e-04,100
1227,Row-Update,mps2,-1.33709580,8.85253705e-05,100
1227,Hybrid,mixture2,-1.33706022,8.40210199e-05,100
1228,Metropolis,metropolis,-1.33613976,3.76259107e-04,100
1228,Row-Update,mps2,-1.33705491,9.07711027e-05,100
1228,Hybrid,mixture2,-1.33707294,8.51893241e-05,100
1229,Metropolis,metropolis,-1.33613323,3.75554319e-04,100
1229,Row-Update,mps2,-1.33707590,8.81287949e-05,100
1229,Hybrid,mixture2,-1.33707213,8.43625254e-05,100
1230,Metropolis,metropolis,-1.33613133,3.76585923e-04,100
1230,Row-Update,mps2,-1.33706828,8.92941750e-05,100
1230,Hybrid,mixture2,-1.33707337,8.46084589e-05,100
1231,Metropolis,metropolis,-1.33613434,3.78324164e-04,100
1231,Row-Update,mps2,-1.33704428,8.87459681e-05,100
1231,Hybrid,mixture2,-1.33708926,8.32482848e-05,100
1232,Metropolis,metropolis,-1.33611773,3.75461584e-04,100
1232,Row-Update,mps2,-1.33705151,9.02070012e-05,100
1232,Hybrid,mixture2,-1.33708811,8.45535962e-05,100
1233,Metropolis,metropolis,-1.33611921,3.76592615e-04,100
1233,Row-Update,mps2,-1.33707602,9.04295478e-05,100
1233,Hybrid,mixture2,-1.33706979,8.55330833e-05,100
1234,Metropolis,metropolis,-1.33611142,3.76329717e-04,100
1234,Row-Update,mps2,-1.33705751,9.01246105e-05,100
1234,Hybrid,mixture2,-1.33707317,8.47000321e-05,100
1235,Metropolis,metropolis,-1.33612077,3.76040827e-04,100
1235,Row-Update,mps2,-1.33707329,9.22344531e-05,100
1235,Hybrid,mixture2,-1.33708329,8.55826561e-05,100
1236,Metropolis,metropolis,-1.33612673,3.76036465e-04,100
1236,Row-Update,mps2,-1.33704765,9.03665122e-05,100
1236,Hybrid,mixture2,-1.33708718,8.55215623e-05,100
1237,Metropolis,metropolis,-1.33611576,3.75312537e-04,100
1237,Row-Update,mps2,-1.33708397,8.91008058e-05,100
1237,Hybrid,mixture2,-1.33709874,8.34258571e-05,100
1238,Metropolis,metropolis,-1.33613227,3.75699728e-04,100
1238,Row-Update,mps2,-1.33706270,8.92387882e-05,100
1238,Hybrid,mixture2,-1.33708002,8.46603812e-05,100
1239,Metropolis,metropolis,-1.33612763,3.75453039e-04,100
1239,Row-Update,mps2,-1.33707720,9.00601680e-05,100
1239,Hybrid,mixture2,-1.33706048,8.56086539e-05,100
1240,Metropolis,metropolis,-1.33612859,3.76060803e-04,100
1240,Row-Update,mps2,-1.33707790,9.04758862e-05,100
1240,Hybrid,mixture2,-1.33707631,8.29622386e-05,100
1241,Metropolis,metropolis,-1.33611226,3.76266187e-04,100
1241,Row-Update,mps2,-1.33709193,9.24529962e-05,100
1241,Hybrid,mixture2,-1.33708561,8.41966757e-05,100
1242,Metropolis,metropolis,-1.33613227,3.75760192e-04,100
1242,Row-Update,mps2,-1.33706313,9.10773456e-05,100
1242,Hybrid,mixture2,-1.33706450,8.69527925e-05,100
1243,Metropolis,metropolis,-1.33613962,3.75393130e-04,100
1243,Row-Update,mps2,-1.33707022,9.09491179e-05,100
1243,Hybrid,mixture2,-1.33706564,8.46364664e-05,100
1244,Metropolis,metropolis,-1.33612258,3.75944980e-04,100
1244,Row-Update,mps2,-1.33707927,8.95652354e-05,100
1244,Hybrid,mixture2,-1.33707774,8.44352047e-05,100
1245,Metropolis,metropolis,-1.33613738,3.75911778e-04,100
1245,Row-Update,mps2,-1.33708436,8.86603591e-05,100
1245,Hybrid,mixture2,-1.33707879,8.61884440e-05,100
1246,Metropolis,metropolis,-1.33613275,3.76317590e-04,100
1246,Row-Update,mps2,-1.33708070,8.94800705e-05,100
1246,Hybrid,mixture2,-1.33707985,8.32099410e-05,100
1247,Metropolis,metropolis,-1.33612411,3.75536696e-04,100
1247,Row-Update,mps2,-1.33708370,8.78196277e-05,100
1247,Hybrid,mixture2,-1.33708032,8.36857349e-05,100
1248,Metropolis,metropolis,-1.33614368,3.76330929e-04,100
1248,Row-Update,mps2,-1.33707781,8.82329089e-05,100
1248,Hybrid,mixture2,-1.33708856,8.45751755e-05,100
1249,Metropolis,metropolis,-1.33612504,3.76523179e-04,100
1249,Row-Update,mps2,-1.33709711,8.87632323e-05,100
1249,Hybrid,mixture2,-1.33708638,8.37677707e-05,100
1250,Metropolis,metropolis,-1.33612368,3.75980690e-04,100
1250,Row-Update,mps2,-1.33708231,8.95286831e-05,100
1250,Hybrid,mixture2,-1.33709136,8.45751018e-05,100
1251,Metropolis,metropolis,-1.33610377,3.75848341e-04,100
1251,Row-Update,mps2,-1.33709061,8.96338427e-05,100
1251,Hybrid,mixture2,-1.33710552,8.52810669e-05,100
1252,Metropolis,metropolis,-1.33613400,3.74846813e-04,100
1252,Row-Update,mps2,-1.33708762,9.15803282e-05,100
1252,Hybrid,mixture2,-1.33711321,8.30720392e-05,100
1253,Metropolis,metropolis,-1.33613081,3.75861941e-04,100
1253,Row-Update,mps2,-1.33709354,8.95371349e-05,100
1253,Hybrid,mixture2,-1.33710095,8.46975191e-05,100
1254,Metropolis,metropolis,-1.33612199,3.76197859e-04,100
1254,Row-Update,mps2,-1.33710121,8.90819865e-05,100
1254,Hybrid,mixture2,-1.33710921,8.36398132e-05,100
1255,Metropolis,metropolis,-1.33609544,3.76799385e-04,100
1255,Row-Update,mps2,-1.33708750,8.98060891e-05,100
1255,Hybrid,mixture2,-1.33710310,8.34694637e-05,100
1256,Metropolis,metropolis,-1.33610213,3.77772733e-04,100
1256,Row-Update,mps2,-1.33707954,8.75109974e-05,100
1256,Hybrid,mixture2,-1.33709424,8.37024092e-05,100
1257,Metropolis,metropolis,-1.33608813,3.77694097e-04,100
1257,Row-Update,mps2,-1.33707040,9.10893115e-05,100
1257,Hybrid,mixture2,-1.33709457,8.22419173e-05,100
1258,Metropolis,metropolis,-1.33610559,3.77138410e-04,100
1258,Row-Update,mps2,-1.33710828,8.47330814e-05,100
1258,Hybrid,mixture2,-1.33709165,8.36047137e-05,100
1259,Metropolis,metropolis,-1.33610926,3.76592543e-04,100
1259,Row-Update,mps2,-1.33708060,8.85437831e-05,100
1259,Hybrid,mixture2,-1.33709421,8.51015664e-05,100
1260,Metropolis,metropolis,-1.33610669,3.75831802e-04,100
1260,Row-Update,mps2,-1.33708580,8.92034607e-05,100
1260,Hybrid,mixture2,-1.33708238,8.68409713e-05,100
1261,Metropolis,metropolis,-1.33610592,3.77287093e-04,100
1261,Row-Update,mps2,-1.33709251,8.83178652e-05,100
1261,Hybrid,mixture2,-1.33709054,8.54472218e-05,100
1262,Metropolis,metropolis,-1.33607225,3.76234780e-04,100
1262,Row-Update,mps2,-1.33710028,8.79736814e-05,100
1262,Hybrid,mixture2,-1.33707497,8.59872519e-05,100
1263,Metropolis,metropolis,-1.33608369,3.76612875e-04,100
1263,Row-Update,mps2,-1.33708370,8.94281146e-05,100
1263,Hybrid,mixture2,-1.33707791,8.34878522e-05,100
1264,Metropolis,metropolis,-1.33609169,3.76121963e-04,100
1264,Row-Update,mps2,-1.33706276,9.11895458e-05,100
1264,Hybrid,mixture2,-1.33711500,8.47691598e-05,100
1265,Metropolis,metropolis,-1.33610894,3.77636015e-04,100
1265,Row-Update,mps2,-1.33708809,8.93291101e-05,100
1265,Hybrid,mixture2,-1.33709447,8.53489054e-05,100
1266,Metropolis,metropolis,-1.33609873,3.77404932e-04,100
1266,Row-Update,mps2,-1.33708072,8.99907494e-05,100
1266,Hybrid,mixture2,-1.33709831,8.37502133e-05,100
1267,Metropolis,metropolis,-1.33610384,3.77417386e-04,100
1267,Row-Update,mps2,-1.33709823,8.77144220e-05,100
1267,Hybrid,mixture2,-1.33708382,8.47680012e-05,100
1268,Metropolis,metropolis,-1.33610668,3.75838020e-04,100
1268,Row-Update,mps2,-1.33709882,8.94464492e-05,100
1268,Hybrid,mixture2,-1.33709462,8.58809327e-05,100
1269,Metropolis,metropolis,-1.33608208,3.76579125e-04,100
1269,Row-Update,mps2,-1.33710591,8.83281221e-05,100
1269,Hybrid,mixture2,-1.33710700,8.48145374e-05,100
1270,Metropolis,metropolis,-1.33609491,3.76425505e-04,100
1270,Row-Update,mps2,-1.33709658,8.87818182e-05,100
1270,Hybrid,mixture2,-1.33707164,8.70186586e-05,100
1271,Metropolis,metropolis,-1.33609377,3.76211036e-04,100
1271,Row-Update,mps2,-1.33708430,8.90232091e-05,100
1271,Hybrid,mixture2,-1.33707839,8.76934167e-05,100
1272,Metropolis,metropolis,-1.33610884,3.77006442e-04,100
1272,Row-Update,mps2,-1.33710257,8.75726783e-05,100
1272,Hybrid,mixture2,-1.33705858,8.78517949e-05,100
1273,Metropolis,metropolis,-1.33609456,3.76638024e-04,100
1273,Row-Update,mps2,-1.33707446,9.03175746e-05,100
1273,Hybrid,mixture2,-1.33708572,8.61652391e-05,100
1274,Metropolis,metropolis,-1.33611993,3.76085164e-04,100
1274,Row-Update,mps2,-1.33708662,8.88446855e-05,100
1274,Hybrid,mixture2,-1.33710846,8.56864045e-05,100
1275,Metropolis,metropolis,-1.33612737,3.76874224e-04,100
1275,Row-Update,mps2,-1.33709257,8.85226798e-05,100
1275,Hybrid,mixture2,-1.33711250,8.54422187e-05,100
1276,Metropolis,metropolis,-1.33612610,3.76284223e-04,100
1276,Row-Update,mps2,-1.33708966,8.83862613e-05,100
1276,Hybrid,mixture2,-1.33707450,8.68825248e-05,100
1277,Metropolis,metropolis,-1.33611397,3.76715444e-04,100
1277,Row-Update,mps2,-1.33709717,8.70273808e-05,100
1277,Hybrid,mixture2,-1.33710502,8.55562122e-05,100
1278,Metropolis,metropolis,-1.33610086,3.77411838e-04,100
1278,Row-Update,mps2,-1.33709565,8.68790647e-05,100
1278,Hybrid,mixture2,-1.33709574,8.50321569e-05,100
1279,Metropolis,metropolis,-1.33611019,3.75740050e-04,100
1279,Row-Update,mps2,-1.33709727,8.72096183e-05,100
1279,Hybrid,mixture2,-1.33709371,8.57829034e-05,100
1280,Metropolis,metropolis,-1.33611080,3.77051464e-04,100
1280,Row-Update,mps2,-1.33706963,8.83720804e-05,100
1280,Hybrid,mixture2,-1.33712436,8.51854898e-05,100
1281,Metropolis,metropolis,-1.33611435,3.75941652e-04,100
1281,Row-Update,mps2,-1.33707884,9.08330218e-05,100
1281,Hybrid,mixture2,-1.33711244,8.59538121e-05,100
1282,Metropolis,metropolis,-1.33611356,3.76576637e-04,100
1282,Row-Update,mps2,-1.33708655,8.86649510e-05,100
1282,Hybrid,mixture2,-1.33712284,8.40273022e-05,100
1283,Metropolis,metropolis,-1.33612115,3.76188447e-04,100
1283,Row-Update,mps2,-1.33706854,9.08243059e-05,100
1283,Hybrid,mixture2,-1.33712226,8.42195993e-05,100
1284,Metropolis,metropolis,-1.33611246,3.76001567e-04,100
1284,Row-Update,mps2,-1.33708997,8.86280207e-05,100
1284,Hybrid,mixture2,-1.33711024,8.35665841e-05,100
1285,Metropolis,metropolis,-1.33611937,3.76322624e-04,100
1285,Row-Update,mps2,-1.33708115,8.88596049e-05,100
1285,Hybrid,mixture2,-1.33710462,8.53506243e-05,100
1286,Metropolis,metropolis,-1.33611713,3.76962838e-04,100
1286,Row-Update,mps2,-1.33707952,8.87486502e-05,100
1286,Hybrid,mixture2,-1.33709432,8.48055982e-05,100
1287,Metropolis,metropolis,-1.33611315,3.75686929e-04,100
1287,Row-Update,mps2,-1.33707815,9.02316295e-05,100
1287,Hybrid,mixture2,-1.33707465,8.51172354e-05,100
1288,Metropolis,metropolis,-1.33610712,3.76215586e-04,100
1288,Row-Update,mps2,-1.33709913,8.76357212e-05,100
1288,Hybrid,mixture2,-1.33709368,8.52358813e-05,100
1289,Metropolis,metropolis,-1.33610989,3.75916483e-04,100
1289,Row-Update,mps2,-1.33707104,8.71251531e-05,100
1289,Hybrid,mixture2,-1.33708435,8.58541007e-05,100
1290,Metropolis,metropolis,-1.33610670,3.75337145e-04,100
1290,Row-Update,mps2,-1.33707741,8.91228098e-05,100
1290,Hybrid,mixture2,-1.33709061,8.56219910e-05,100
1291,Metropolis,metropolis,-1.33611001,3.76038326e-04,100
1291,Row-Update,mps2,-1.33709594,8.77690456e-05,100
1291,Hybrid,mixture2,-1.33710696,8.53557701e-05,100
1292,Metropolis,metropolis,-1.33609728,3.76471670e-04,100
1292,Row-Update,mps2,-1.33710049,8.82405758e-05,100
1292,Hybrid,mixture2,-1.33708976,8.64738660e-05,100
1293,Metropolis,metropolis,-1.33610316,3.77487162e-04,100
1293,Row-Update,mps2,-1.33708219,8.85201656e-05,100
1293,Hybrid,mixture2,-1.33708714,8.57584453e-05,100
1294,Metropolis,metropolis,-1.33612144,3.76760117e-04,100
1294,Row-Update,mps2,-1.33705638,9.00287712e-05,100
1294,Hybrid,mixture2,-1.33709446,8.82479297e-05,100
1295,Metropolis,metropolis,-1.33610681,3.76287296e-04,100
1295,Row-Update,mps2,-1.33707886,9.03193312e-05,100
1295,Hybrid,mixture2,-1.33709595,8.66299583e-05,100
1296,Metropolis,metropolis,-1.33611319,3.76000486e-04,100
1296,Row-Update,mps2,-1.33708126,9.09086089e-05,100
1296,Hybrid,mixture2,-1.33709540,8.71911376e-05,100
1297,Metropolis,metropolis,-1.33611629,3.77392607e-04,100
1297,Row-Update,mps2,-1.33708369,9.03784018e-05,100
1297,Hybrid,mixture2,-1.33711974,8.58381288e-05,100
1298,Metropolis,metropolis,-1.33612321,3.77346428e-04,100
1298,Row-Update,mps2,-1.33705999,9.06664259e-05,100
1298,Hybrid,mixture2,-1.33711193,8.69419332e-05,100
1299,Metropolis,metropolis,-1.33613230,3.76697691e-04,100
1299,Row-Update,mps2,-1.33707681,9.01250445e-05,100
1299,Hybrid,mixture2,-1.33710463,8.62279727e-05,100
1300,Metropolis,metropolis,-1.33611679,3.77241381e-04,100
1300,Row-Update,mps2,-1.33706489,9.09004032e-05,100
1300,Hybrid,mixture2,-1.33710886,8.56152635e-05,100
1301,Metropolis,metropolis,-1.33610753,3.76763864e-04,100
1301,Row-Update,mps2,-1.33708981,8.95927646e-05,100
1301,Hybrid,mixture2,-1.33710248,8.49151530e-05,100
1302,Metropolis,metropolis,-1.33613383,3.76610751e-04,100
1302,Row-Update,mps2,-1.33707382,8.84910000e-05,100
1302,Hybrid,mixture2,-1.33710557,8.61672022e-05,100
1303,Metropolis,metropolis,-1.33613372,3.77435630e-04,100
1303,Row-Update,mps2,-1.33710561,8.96288397e-05,100
1303,Hybrid,mixture2,-1.33711699,8.47358018e-05,100
1304,Metropolis,metropolis,-1.33613153,3.76836938e-04,100
1304,Row-Update,mps2,-1.33708600,8.82026891e-05,100
1304,Hybrid,mixture2,-1.33711922,8.35613493e-05,100
1305,Metropolis,metropolis,-1.33612444,3.76188400e-04,100
1305,Row-Update,mps2,-1.33709330,8.88635558e-05,100
1305,Hybrid,mixture2,-1.33709000,8.65513941e-05,100
1306,Metropolis,metropolis,-1.33611568,3.76341132e-04,100
1306,Row-Update,mps2,-1.33707992,8.78286245e-05,100
1306,Hybrid,mixture2,-1.33709925,8.78057003e-05,100
1307,Metropolis,metropolis,-1.33610874,3.76955798e-04,100
1307,Row-Update,mps2,-1.33708196,8.83188339e-05,100
1307,Hybrid,mixture2,-1.33711837,8.60600214e-05,100
1308,Metropolis,metropolis,-1.33613824,3.76968305e-04,100
1308,Row-Update,mps2,-1.33709976,8.92865647e-05,100
1308,Hybrid,mixture2,-1.33709307,8.60818454e-05,100
1309,Metropolis,metropolis,-1.33613439,3.76755551e-04,100
1309,Row-Update,mps2,-1.33710086,8.64708917e-05,100
1309,Hybrid,mixture2,-1.33712776,8.62127148e-05,100
1310,Metropolis,metropolis,-1.33615535,3.77485501e-04,100
1310,Row-Update,mps2,-1.33710414,8.64959998e-05,100
1310,Hybrid,mixture2,-1.33712415,8.53867700e-05,100
1311,Metropolis,metropolis,-1.33616317,3.76780913e-04,100
1311,Row-Update,mps2,-1.33711000,8.64883995e-05,100
1311,Hybrid,mixture2,-1.33711487,8.38602704e-05,100
1312,Metropolis,metropolis,-1.33615321,3.76315807e-04,100
1312,Row-Update,mps2,-1.33707610,8.60966901e-05,100
1312,Hybrid,mixture2,-1.33711656,8.44867463e-05,100
1313,Metropolis,metropolis,-1.33617369,3.76327496e-04,100
1313,Row-Update,mps2,-1.33710540,8.61368116e-05,100
1313,Hybrid,mixture2,-1.33711410,8.70970471e-05,100
1314,Metropolis,metropolis,-1.33613380,3.76209704e-04,100
1314,Row-Update,mps2,-1.33708762,8.69583505e-05,100
1314,Hybrid,mixture2,-1.33709376,8.71811333e-05,100
1315,Metropolis,metropolis,-1.33615575,3.76380148e-04,100
1315,Row-Update,mps2,-1.33711401,8.59142007e-05,100
1315,Hybrid,mixture2,-1.33711632,8.69100347e-05,100
1316,Metropolis,metropolis,-1.33615868,3.76091821e-04,100
1316,Row-Update,mps2,-1.33709889,8.79207198e-05,100
1316,Hybrid,mixture2,-1.33710170,8.40149425e-05,100
1317,Metropolis,metropolis,-1.33616056,3.76809143e-04,100
1317,Row-Update,mps2,-1.33707697,8.87350317e-05,100
1317,Hybrid,mixture2,-1.33710844,8.52039219e-05,100
1318,Metropolis,metropolis,-1.33614875,3.77371673e-04,100
1318,Row-Update,mps2,-1.33708167,8.79742319e-05,100
1318,Hybrid,mixture2,-1.33711335,8.45195370e-05,100
1319,Metropolis,metropolis,-1.33616002,3.76105231e-04,100
1319,Row-Update,mps2,-1.33709264,8.91357894e-05,100
1319,Hybrid,mixture2,-1.33709935,8.44654028e-05,100
1320,Metropolis,metropolis,-1.33614337,3.77745174e-04,100
1320,Row-Update,mps2,-1.33708299,8.79114334e-05,100
1320,Hybrid,mixture2,-1.33708891,8.51466392e-05,100
1321,Metropolis,metropolis,-1.33614712,3.76983278e-04,100
1321,Row-Update,mps2,-1.33709220,8.84009415e-05,100
1321,Hybrid,mixture2,-1.33709667,8.48502924e-05,100
1322,Metropolis,metropolis,-1.33614582,3.77377368e-04,100
1322,Row-Update,mps2,-1.33708977,9.01279941e-05,100
1322,Hybrid,mixture2,-1.33710376,8.48125167e-05,100
1323,Metropolis,metropolis,-1.33614869,3.76445272e-04,100
1323,Row-Update,mps2,-1.33708352,9.05526229e-05,100
1323,Hybrid,mixture2,-1.33710870,8.54060900e-05,100
1324,Metropolis,metropolis,-1.33615101,3.76379469e-04,100
1324,Row-Update,mps2,-1.33707713,8.99356404e-05,100
1324,Hybrid,mixture2,-1.33710594,8.34131309e-05,100
1325,Metropolis,metropolis,-1.33615266,3.77280119e-04,100
1325,Row-Update,mps2,-1.33707999,9.13982928e-05,100
1325,Hybrid,mixture2,-1.33711829,8.33878422e-05,100
1326,Metropolis,metropolis,-1.33614699,3.76732848e-04,100
1326,Row-Update,mps2,-1.33709927,8.88408141e-05,100
1326,Hybrid,mixture2,-1.33710510,8.73357993e-05,100
1327,Metropolis,metropolis,-1.33615789,3.76686855e-04,100
1327,Row-Update,mps2,-1.33708296,8.96459191e-05,100
1327,Hybrid,mixture2,-1.33712483,8.30711765e-05,100
1328,Metropolis,metropolis,-1.33614168,3.76525164e-04,100
1328,Row-Update,mps2,-1.33708258,9.04070656e-05,100
1328,Hybrid,mixture2,-1.33715150,8.37589755e-05,100
1329,Metropolis,metropolis,-1.33614340,3.76693661e-04,100
1329,Row-Update,mps2,-1.33709004,8.91594943e-05,100
1329,Hybrid,mixture2,-1.33712839,8.28603400e-05,100
1330,Metropolis,metropolis,-1.33614245,3.77760703e-04,100
1330,Row-Update,mps2,-1.33708629,9.25747969e-05,100
1330,Hybrid,mixture2,-1.33713273,8.58904273e-05,100
1331,Metropolis,metropolis,-1.33614643,3.76858656e-04,100
1331,Row-Update,mps2,-1.33711795,8.95412439e-05,100
1331,Hybrid,mixture2,-1.33713527,8.25189438e-05,100
1332,Metropolis,metropolis,-1.33615850,3.76379870e-04,100
1332,Row-Update,mps2,-1.33711713,8.77647225e-05,100
1332,Hybrid,mixture2,-1.33710574,8.67570484e-05,100
1333,Metropolis,metropolis,-1.33614151,3.76677154e-04,100
1333,Row-Update,mps2,-1.33709359,8.92866761e-05,100
1333,Hybrid,mixture2,-1.33711256,8.44993501e-05,100
1334,Metropolis,metropolis,-1.33617038,3.76968056e-04,100
1334,Row-Update,mps2,-1.33711755,8.79767865e-05,100
1334,Hybrid,mixture2,-1.33712471,8.46416777e-05,100
1335,Metropolis,metropolis,-1.33612969,3.76153489e-04,100
1335,Row-Update,mps2,-1.33711332,8.77072184e-05,100
1335,Hybrid,mixture2,-1.33710347,8.36677166e-05,100
1336,Metropolis,metropolis,-1.33614329,3.77017944e-04,100
1336,Row-Update,mps2,-1.33708314,9.28292413e-05,100
1336,Hybrid,mixture2,-1.33711218,8.74353392e-05,100
1337,Metropolis,metropolis,-1.33616025,3.77123520e-04,100
1337,Row-Update,mps2,-1.33708900,9.25904705e-05,100
1337,Hybrid,mixture2,-1.33713017,8.42533640e-05,100
1338,Metropolis,metropolis,-1.33615472,3.77520223e-04,100
1338,Row-Update,mps2,-1.33710059,8.89382620e-05,100
1338,Hybrid,mixture2,-1.33711213,8.48887082e-05,100
1339,Metropolis,metropolis,-1.33615072,3.77507155e-04,100
1339,Row-Update,mps2,-1.33708873,8.94820326e-05,100
1339,Hybrid,mixture2,-1.33710463,8.83804795e-05,100
1340,Metropolis,metropolis,-1.33615105,3.76701279e-04,100
1340,Row-Update,mps2,-1.33710431,8.80378516e-05,100
1340,Hybrid,mixture2,-1.33709049,8.60422521e-05,100
1341,Metropolis,metropolis,-1.33614298,3.77265167e-04,100
1341,Row-Update,mps2,-1.33709246,9.17408471e-05,100
1341,Hybrid,mixture2,-1.33711134,8.62764361e-05,100
1342,Metropolis,metropolis,-1.33613263,3.77100887e-04,100
1342,Row-Update,mps2,-1.33711740,9.16338912e-05,100
1342,Hybrid,mixture2,-1.33712155,8.65506175e-05,100
1343,Metropolis,metropolis,-1.33613883,3.77484892e-04,100
1343,Row-Update,mps2,-1.33711407,9.03580806e-05,100
1343,Hybrid,mixture2,-1.33713595,8.58142075e-05,100
1344,Metropolis,metropolis,-1.33614129,3.78316353e-04,100
1344,Row-Update,mps2,-1.33711741,9.04950902e-05,100
1344,Hybrid,mixture2,-1.33712270,8.44203552e-05,100
1345,Metropolis,metropolis,-1.33612155,3.77243884e-04,100
1345,Row-Update,mps2,-1.33710868,9.15607153e-05,100
1345,Hybrid,mixture2,-1.33711426,8.56598327e-05,100
1346,Metropolis,metropolis,-1.33614295,3.76000518e-04,100
1346,Row-Update,mps2,-1.33712917,8.89009515e-05,100
1346,Hybrid,mixture2,-1.33711963,8.61598236e-05,100
1347,Metropolis,metropolis,-1.33615494,3.76936562e-04,100
1347,Row-Update,mps2,-1.33710657,9.00424648e-05,100
1347,Hybrid,mixture2,-1.33709414,8.73893335e-05,100
1348,Metropolis,metropolis,-1.33614891,3.76303877e-04,100
1348,Row-Update,mps2,-1.33714840,9.43970144e-05,100
1348,Hybrid,mixture2,-1.33710805,9.10942602e-05,100
1349,Metropolis,metropolis,-1.33614969,3.77274517e-04,100
1349,Row-Update,mps2,-1.33711549,8.81869623e-05,100
1349,Hybrid,mixture2,-1.33709583,9.08589315e-05,100
1350,Metropolis,metropolis,-1.33615581,3.77151070e-04,100
1350,Row-Update,mps2,-1.33711121,8.89522160e-05,100
1350,Hybrid,mixture2,-1.33709392,8.90591295e-05,100
1351,Metropolis,metropolis,-1.33615207,3.78240382e-04,100
1351,Row-Update,mps2,-1.33709030,9.08543379e-05,100
1351,Hybrid,mixture2,-1.33706776,1.03858084e-04,100
1352,Metropolis,metropolis,-1.33615774,3.76851022e-04,100
1352,Row-Update,mps2,-1.33709983,8.82723532e-05,100
1352,Hybrid,mixture2,-1.33708738,8.90609735e-05,100
1353,Metropolis,metropolis,-1.33616725,3.76981227e-04,100
1353,Row-Update,mps2,-1.33711483,8.93759086e-05,100
1353,Hybrid,mixture2,-1.33710569,8.91201846e-05,100
1354,Metropolis,metropolis,-1.33612736,3.77633832e-04,100
1354,Row-Update,mps2,-1.33707250,9.17429236e-05,100
1354,Hybrid,mixture2,-1.33709484,8.89673091e-05,100
1355,Metropolis,metropolis,-1.33615092,3.76544946e-04,100
1355,Row-Update,mps2,-1.33706599,9.15756069e-05,100
1355,Hybrid,mixture2,-1.33711312,8.78446095e-05,100
1356,Metropolis,metropolis,-1.33613915,3.76953284e-04,100
1356,Row-Update,mps2,-1.33708713,9.10945935e-05,100
1356,Hybrid,mixture2,-1.33710599,9.08109931e-05,100
1357,Metropolis,metropolis,-1.33614801,3.76840131e-04,100
1357,Row-Update,mps2,-1.33709939,8.89382587e-05,100
1357,Hybrid,mixture2,-1.33710193,9.06162026e-05,100
1358,Metropolis,metropolis,-1.33616384,3.77549007e-04,100
1358,Row-Update,mps2,-1.33710695,8.57292917e-05,100
1358,Hybrid,mixture2,-1.33710982,8.78251894e-05,100
1359,Metropolis,metropolis,-1.33615632,3.77079451e-04,100
1359,Row-Update,mps2,-1.33708566,8.84756630e-05,100
1359,Hybrid,mixture2,-1.33712109,1.02437701e-04,100
1360,Metropolis,metropolis,-1.33615741,3.76979687e-04,100
1360,Row-Update,mps2,-1.33709867,8.95376741e-05,100
1360,Hybrid,mixture2,-1.33708764,9.30302184e-05,100
1361,Metropolis,metropolis,-1.33614259,3.77137681e-04,100
1361,Row-Update,mps2,-1.33711730,8.62019202e-05,100
1361,Hybrid,mixture2,-1.33709287,9.28271191e-05,100
1362,Metropolis,metropolis,-1.33613984,3.77653208e-04,100
1362,Row-Update,mps2,-1.33709053,9.02613112e-05,100
1362,Hybrid,mixture2,-1.33710049,8.94570572e-05,100
1363,Metropolis,metropolis,-1.33615650,3.77173874e-04,100
1363,Row-Update,mps2,-1.33709971,9.07124446e-05,100
1363,Hybrid,mixture2,-1.33708313,9.37972668e-05,100
1364,Metropolis,metropolis,-1.33614764,3.77329345e-04,100
1364,Row-Update,mps2,-1.33708731,9.21504772e-05,100
1364,Hybrid,mixture2,-1.33711651,8.87326593e-05,100
1365,Metropolis,metropolis,-1.33615410,3.77097018e-04,100
1365,Row-Update,mps2,-1.33708983,9.46722909e-05,100
1365,Hybrid,mixture2,-1.33713458,8.68583326e-05,100
1366,Metropolis,metropolis,-1.33616125,3.77263147e-04,100
1366,Row-Update,mps2,-1.33709706,9.55526580e-05,100
1366,Hybrid,mixture2,-1.33712914,8.79627655e-05,100
1367,Metropolis,metropolis,-1.33614377,3.77803797e-04,100
1367,Row-Update,mps2,-1.33709741,9.58357031e-05,100
1367,Hybrid,mixture2,-1.33705662,1.11666344e-04,100
1368,Metropolis,metropolis,-1.33617248,3.77022186e-04,100
1368,Row-Update,mps2,-1.33711720,9.65079299e-05,100
1368,Hybrid,mixture2,-1.33707982,9.65551590e-05,100
1369,Metropolis,metropolis,-1.33615474,3.76685702e-04,100
1369,Row-Update,mps2,-1.33709720,9.23332958e-05,100
1369,Hybrid,mixture2,-1.33708858,9.18628149e-05,100
1370,Metropolis,metropolis,-1.33616467,3.76989893e-04,100
1370,Row-Update,mps2,-1.33710739,9.35631474e-05,100
1370,Hybrid,mixture2,-1.33710048,9.11101695e-05,100
1371,Metropolis,metropolis,-1.33614309,3.78565299e-04,100
1371,Row-Update,mps2,-1.33708281,9.23626582e-05,100
1371,Hybrid,mixture2,-1.33712439,8.81579991e-05,100
1372,Metropolis,metropolis,-1.33615938,3.78526324e-04,100
1372,Row-Update,mps2,-1.33708996,9.16498621e-05,100
1372,Hybrid,mixture2,-1.33712768,8.70945795e-05,100
1373,Metropolis,metropolis,-1.33616350,3.77540844e-04,100
1373,Row-Update,mps2,-1.33709439,9.22263985e-05,100
1373,Hybrid,mixture2,-1.33713251,8.71917148e-05,100
1374,Metropolis,metropolis,-1.33615232,3.78342462e-04,100
1374,Row-Update,mps2,-1.33710468,9.04475420e-05,100
1374,Hybrid,mixture2,-1.33710115,9.04799327e-05,100
1375,Metropolis,metropolis,-1.33617101,3.76684813e-04,100
1375,Row-Update,mps2,-1.33711855,8.76126586e-05,100
1375,Hybrid,mixture2,-1.33711878,8.94968476e-05,100
1376,Metropolis,metropolis,-1.33615033,3.77356943e-04,100
1376,Row-Update,mps2,-1.33711889,8.89665893e-05,100
1376,Hybrid,mixture2,-1.33709467,9.12720021e-05,100
1377,Metropolis,metropolis,-1.33614884,3.78434353e-04,100
1377,Row-Update,mps2,-1.33709674,9.13109401e-05,100
1377,Hybrid,mixture2,-1.33712805,8.76804050e-05,100
1378,Metropolis,metropolis,-1.33611649,3.78272547e-04,100
1378,Row-Update,mps2,-1.33712400,9.19851804e-05,100
1378,Hybrid,mixture2,-1.33710964,8.99755490e-05,100
1379,Metropolis,metropolis,-1.33613342,3.76809236e-04,100
1379,Row-Update,mps2,-1.33709607,9.18173332e-05,100
1379,Hybrid,mixture2,-1.33713002,8.85756023e-05,100
1380,Metropolis,metropolis,-1.33614264,3.77324799e-04,100
1380,Row-Update,mps2,-1.33710062,9.26415695e-05,100
1380,Hybrid,mixture2,-1.33712484,8.92537553e-05,100
1381,Metropolis,metropolis,-1.33613071,3.76681185e-04,100
1381,Row-Update,mps2,-1.33713628,8.95043315e-05,100
1381,Hybrid,mixture2,-1.33711502,8.85564048e-05,100
1382,Metropolis,metropolis,-1.33615275,3.78216241e-04,100
1382,Row-Update,mps2,-1.33711259,9.06625440e-05,100
1382,Hybrid,mixture2,-1.33711764,8.59998845e-05,100
1383,Metropolis,metropolis,-1.33614166,3.77542125e-04,100
1383,Row-Update,mps2,-1.33712432,8.97123008e-05,100
1383,Hybrid,mixture2,-1.33711806,9.09836197e-05,100
1384,Metropolis,metropolis,-1.33615801,3.77057095e-04,100
1384,Row-Update,mps2,-1.33711753,8.98714410e-05,100
1384,Hybrid,mixture2,-1.33711380,9.46826203e-05,100
1385,Metropolis,metropolis,-1.33617200,3.77866691e-04,100
1385,Row-Update,mps2,-1.33709541,9.23942686e-05,100
1385,Hybrid,mixture2,-1.33712040,9.10080775e-05,100
1386,Metropolis,metropolis,-1.33615964,3.77567607e-04,100
1386,Row-Update,mps2,-1.33712266,8.88900442e-05,100
1386,Hybrid,mixture2,-1.33709379,9.21173792e-05,100
1387,Metropolis,metropolis,-1.33615542,3.76925946e-04,100
1387,Row-Update,mps2,-1.33712471,9.07020865e-05,100
1387,Hybrid,mixture2,-1.33710709,8.99459167e-05,100
1388,Metropolis,metropolis,-1.33614559,3.78487083e-04,100
1388,Row-Update,mps2,-1.33711092,9.24966530e-05,100
1388,Hybrid,mixture2,-1.33712065,9.01148197e-05,100
1389,Metropolis,metropolis,-1.33615165,3.78066093e-04,100
1389,Row-Update,mps2,-1.33710807,9.42206917e-05,100
1389,Hybrid,mixture2,-1.33714606,8.61681508e-05,100
1390,Metropolis,metropolis,-1.33616001,3.77721843e-04,100
1390,Row-Update,mps2,-1.33709790,9.53177389e-05,100
1390,Hybrid,mixture2,-1.33710531,8.74385203e-05,100
1391,Metropolis,metropolis,-1.33616153,3.77023719e-04,100
1391,Row-Update,mps2,-1.33711838,9.09270366e-05,100
1391,Hybrid,mixture2,-1.33711010,8.71950105e-05,100
1392,Metropolis,metropolis,-1.33617850,3.76491990e-04,100
1392,Row-Update,mps2,-1.33710975,9.30687184e-05,100
1392,Hybrid,mixture2,-1.33711010,8.62491092e-05,100
1393,Metropolis,metropolis,-1.33616381,3.77353062e-04,100
1393,Row-Update,mps2,-1.33713511,8.99212447e-05,100
1393,Hybrid,mixture2,-1.33712910,8.62565091e-05,100
1394,Metropolis,metropolis,-1.33615919,3.77022552e-04,100
1394,Row-Update,mps2,-1.33711175,8.94611013e-05,100
1394,Hybrid,mixture2,-1.33712956,8.66568791e-05,100
1395,Metropolis,metropolis,-1.33615665,3.77184778e-04,100
1395,Row-Update,mps2,-1.33711435,9.04810833e-05,100
1395,Hybrid,mixture2,-1.33713194,8.68262618e-05,100
1396,Metropolis,metropolis,-1.33617636,3.76894063e-04,100
1396,Row-Update,mps2,-1.33710855,9.21851752e-05,100
1396,Hybrid,mixture2,-1.33714704,8.49513977e-05,100
1397,Metropolis,metropolis,-1.33616541,3.76635716e-04,100
1397,Row-Update,mps2,-1.33709968,9.50981561e-05,100
1397,Hybrid,mixture2,-1.33715654,8.37763683e-05,100
1398,Metropolis,metropolis,-1.33617597,3.77595328e-04,100
1398,Row-Update,mps2,-1.33711920,9.60674288e-05,100
1398,Hybrid,mixture2,-1.33714861,8.31050193e-05,100
1399,Metropolis,metropolis,-1.33617596,3.77226755e-04,100
1399,Row-Update,mps2,-1.33707634,9.37558510e-05,100
1399,Hybrid,mixture2,-1.33715225,8.44746336e-05,100
1400,Metropolis,metropolis,-1.33618151,3.76660377e-04,100
1400,Row-Update,mps2,-1.33708662,9.42250399e-05,100
1400,Hybrid,mixture2,-1.33715059,8.31777311e-05,100
1401,Metropolis,metropolis,-1.33618996,3.76699109e-04,100
1401,Row-Update,mps2,-1.33707973,9.52482854e-05,100
1401,Hybrid,mixture2,-1.33712880,8.49084968e-05,100
1402,Metropolis,metropolis,-1.33617496,3.77151984e-04,100
1402,Row-Update,mps2,-1.33708980,9.58568229e-05,100
1402,Hybrid,mixture2,-1.33715518,8.54585377e-05,100
1403,Metropolis,metropolis,-1.33614109,3.77117972e-04,100
1403,Row-Update,mps2,-1.33706638,9.68476794e-05,100
1403,Hybrid,mixture2,-1.33717511,8.42973213e-05,100
1404,Metropolis,metropolis,-1.33617314,3.76850126e-04,100
1404,Row-Update,mps2,-1.33712200,9.24349828e-05,100
1404,Hybrid,mixture2,-1.33716214,8.32516850e-05,100
1405,Metropolis,metropolis,-1.33617938,3.76574581e-04,100
1405,Row-Update,mps2,-1.33712126,9.29298729e-05,100
1405,Hybrid,mixture2,-1.33718110,8.53879218e-05,100
1406,Metropolis,metropolis,-1.33613247,3.77075837e-04,100
1406,Row-Update,mps2,-1.33710424,9.41943319e-05,100
1406,Hybrid,mixture2,-1.33716462,8.28570347e-05,100
1407,Metropolis,metropolis,-1.33615860,3.77190102e-04,100
1407,Row-Update,mps2,-1.33709502,9.22493574e-05,100
1407,Hybrid,mixture2,-1.33715126,8.47459037e-05,100
1408,Metropolis,metropolis,-1.33616754,3.78109316e-04,100
1408,Row-Update,mps2,-1.33712044,9.21990366e-05,100
1408,Hybrid,mixture2,-1.33715356,8.40176981e-05,100
1409,Metropolis,metropolis,-1.33616768,3.78193854e-04,100
1409,Row-Update,mps2,-1.33712137,9.32193781e-05,100
1409,Hybrid,mixture2,-1.33716508,8.53773103e-05,100
1410,Metropolis,metropolis,-1.33614929,3.78868761e-04,100
1410,Row-Update,mps2,-1.33709701,9.36949750e-05,100
1410,Hybrid,mixture2,-1.33716087,8.59876582e-05,100
1411,Metropolis,metropolis,-1.33615933,3.77725781e-04,100
1411,Row-Update,mps2,-1.33710465,9.45889961e-05,100
1411,Hybrid,mixture2,-1.33717170,8.43659715e-05,100
1412,Metropolis,metropolis,-1.33617942,3.77437720e-04,100
1412,Row-Update,mps2,-1.33712111,9.43971044e-05,100
1412,Hybrid,mixture2,-1.33718878,8.66478089e-05,100
1413,Metropolis,metropolis,-1.33617532,3.76911152e-04,100
1413,Row-Update,mps2,-1.33711428,9.77005806e-05,100
1413,Hybrid,mixture2,-1.33716211,8.50078882e-05,100
1414,Metropolis,metropolis,-1.33616701,3.77461600e-04,100
1414,Row-Update,mps2,-1.33711277,9.73700578e-05,100
1414,Hybrid,mixture2,-1.33718462,8.45649262e-05,100
1415,Metropolis,metropolis,-1.33616372,3.76645270e-04,100
1415,Row-Update,mps2,-1.33709644,9.82404952e-05,100
1415,Hybrid,mixture2,-1.33717775,8.67900208e-05,100
1416,Metropolis,metropolis,-1.33615895,3.78218378e-04,100
1416,Row-Update,mps2,-1.33708342,9.85944689e-05,100
1416,Hybrid,mixture2,-1.33716101,8.63805067e-05,100
1417,Metropolis,metropolis,-1.33616275,3.76946189e-04,100
1417,Row-Update,mps2,-1.33709959,9.71295243e-05,100
1417,Hybrid,mixture2,-1.33715771,8.54113564e-05,100
1418,Metropolis,metropolis,-1.33617063,3.76420179e-04,100
1418,Row-Update,mps2,-1.33710747,9.44975345e-05,100
1418,Hybrid,mixture2,-1.33715283,8.55335726e-05,100
1419,Metropolis,metropolis,-1.33617157,3.77168257e-04,100
1419,Row-Update,mps2,-1.33708053,1.00689616e-04,100
1419,Hybrid,mixture2,-1.33716603,8.38650982e-05,100
1420,Metropolis,metropolis,-1.33616356,3.77116610e-04,100
1420,Row-Update,mps2,-1.33707494,9.83867325e-05,100
1420,Hybrid,mixture2,-1.33717812,8.56298735e-05,100
1421,Metropolis,metropolis,-1.33616501,3.76902278e-04,100
1421,Row-Update,mps2,-1.33710623,9.51202625e-05,100
1421,Hybrid,mixture2,-1.33717059,8.28511744e-05,100
1422,Metropolis,metropolis,-1.33615181,3.76659203e-04,100
1422,Row-Update,mps2,-1.33710490,9.35194954e-05,100
1422,Hybrid,mixture2,-1.33717433,8.31454008e-05,100
1423,Metropolis,metropolis,-1.33613865,3.77805400e-04,100
1423,Row-Update,mps2,-1.33711780,9.10375039e-05,100
1423,Hybrid,mixture2,-1.33718560,8.63238768e-05,100
1424,Metropolis,metropolis,-1.33616818,3.76721061e-04,100
1424,Row-Update,mps2,-1.33713050,8.80225384e-05,100
1424,Hybrid,mixture2,-1.33717751,8.49890645e-05,100
1425,Metropolis,metropolis,-1.33616901,3.76379027e-04,100
1425,Row-Update,mps2,-1.33712099,9.03981919e-05,100
1425,Hybrid,mixture2,-1.33717295,8.52054915e-05,100
1426,Metropolis,metropolis,-1.33617975,3.76957752e-04,100
1426,Row-Update,mps2,-1.33713029,8.91280092e-05,100
1426,Hybrid,mixture2,-1.33716408,8.62495080e-05,100
1427,Metropolis,metropolis,-1.33618065,3.76964562e-04,100
1427,Row-Update,mps2,-1.33712899,8.92831659e-05,100
1427,Hybrid,mixture2,-1.33717714,8.60283008e-05,100
1428,Metropolis,metropolis,-1.33617947,3.77081693e-04,100
1428,Row-Update,mps2,-1.33714265,8.87940402e-05,100
1428,Hybrid,mixture2,-1.33715820,8.42206654e-05,100
1429,Metropolis,metropolis,-1.33617944,3.77255471e-04,100
1429,Row-Update,mps2,-1.33713403,9.06601366e-05,100
1429,Hybrid,mixture2,-1.33718267,8.32174827e-05,100
1430,Metropolis,metropolis,-1.33616305,3.76775563e-04,100
1430,Row-Update,mps2,-1.33712425,9.01882107e-05,100
1430,Hybrid,mixture2,-1.33719123,8.29882830e-05,100
1431,Metropolis,metropolis,-1.33614722,3.80162081e-04,100
1431,Row-Update,mps2,-1.33713862,8.94371723e-05,100
1431,Hybrid,mixture2,-1.33718325,8.38420715e-05,100
1432,Metropolis,metropolis,-1.33612459,3.80990768e-04,100
1432,Row-Update,mps2,-1.33714818,8.84156043e-05,100
1432,Hybrid,mixture2,-1.33717293,8.43529889e-05,100
1433,Metropolis,metropolis,-1.33611705,3.81900209e-04,100
1433,Row-Update,mps2,-1.33714333,8.84666612e-05,100
1433,Hybrid,mixture2,-1.33717787,8.55295514e-05,100
1434,Metropolis,metropolis,-1.33612537,3.81028077e-04,100
1434,Row-Update,mps2,-1.33716737,8.56352247e-05,100
1434,Hybrid,mixture2,-1.33719628,8.44264030e-05,100
1435,Metropolis,metropolis,-1.33612780,3.79239747e-04,100
1435,Row-Update,mps2,-1.33713934,8.71981519e-05,100
1435,Hybrid,mixture2,-1.33718701,8.46860190e-05,100
1436,Metropolis,metropolis,-1.33614261,3.79388701e-04,100
1436,Row-Update,mps2,-1.33713750,8.83340292e-05,100
1436,Hybrid,mixture2,-1.33717991,8.36893725e-05,100
1437,Metropolis,metropolis,-1.33614724,3.78102662e-04,100
1437,Row-Update,mps2,-1.33713316,8.80395543e-05,100
1437,Hybrid,mixture2,-1.33718042,8.35543089e-05,100
1438,Metropolis,metropolis,-1.33612165,3.78351224e-04,100
1438,Row-Update,mps2,-1.33712218,9.11636847e-05,100
1438,Hybrid,mixture2,-1.33718527,8.44256515e-05,100
1439,Metropolis,metropolis,-1.33612289,3.78062220e-04,100
1439,Row-Update,mps2,-1.33711515,8.89070929e-05,100
1439,Hybrid,mixture2,-1.33717603,8.42224649e-05,100
1440,Metropolis,metropolis,-1.33613205,3.78795840e-04,100
1440,Row-Update,mps2,-1.33711872,8.99998174e-05,100
1440,Hybrid,mixture2,-1.33719410,8.48812353e-05,100
1441,Metropolis,metropolis,-1.33616901,3.77738117e-04,100
1441,Row-Update,mps2,-1.33713378,8.90331259e-05,100
1441,Hybrid,mixture2,-1.33716438,8.51164764e-05,100
1442,Metropolis,metropolis,-1.33616361,3.77596041e-04,100
1442,Row-Update,mps2,-1.33714878,9.15861151e-05,100
1442,Hybrid,mixture2,-1.33716362,8.53943612e-05,100
1443,Metropolis,metropolis,-1.33613773,3.78450753e-04,100
1443,Row-Update,mps2,-1.33713243,8.76426863e-05,100
1443,Hybrid,mixture2,-1.33715896,8.42727206e-05,100
1444,Metropolis,metropolis,-1.33614638,3.78087418e-04,100
1444,Row-Update,mps2,-1.33712781,8.84588331e-05,100
1444,Hybrid,mixture2,-1.33718544,8.50624849e-05,100
1445,Metropolis,metropolis,-1.33616553,3.77526984e-04,100
1445,Row-Update,mps2,-1.33713210,8.92082013e-05,100
1445,Hybrid,mixture2,-1.33717397,8.57409897e-05,100
1446,Metropolis,metropolis,-1.33617041,3.77148734e-04,100
1446,Row-Update,mps2,-1.33713918,8.88255721e-05,100
1446,Hybrid,mixture2,-1.33716702,8.78849718e-05,100
1447,Metropolis,metropolis,-1.33614734,3.79005084e-04,100
1447,Row-Update,mps2,-1.33713709,9.10832577e-05,100
1447,Hybrid,mixture2,-1.33716823,8.63713214e-05,100
1448,Metropolis,metropolis,-1.33615286,3.78378065e-04,100
1448,Row-Update,mps2,-1.33712096,9.29138714e-05,100
1448,Hybrid,mixture2,-1.33718067,8.50463299e-05,100
1449,Metropolis,metropolis,-1.33617505,3.78560966e-04,100
1449,Row-Update,mps2,-1.33712857,8.99142403e-05,100
1449,Hybrid,mixture2,-1.33717701,8.53578369e-05,100
1450,Metropolis,metropolis,-1.33616020,3.77970060e-04,100
1450,Row-Update,mps2,-1.33712619,9.04814137e-05,100
1450,Hybrid,mixture2,-1.33717428,8.66046841e-05,100
1451,Metropolis,metropolis,-1.33614799,3.77886201e-04,100
1451,Row-Update,mps2,-1.33714950,8.95652141e-05,100
1451,Hybrid,mixture2,-1.33715258,8.75481641e-05,100
1452,Metropolis,metropolis,-1.33615705,3.78089613e-04,100
1452,Row-Update,mps2,-1.33713097,8.98196776e-05,100
1452,Hybrid,mixture2,-1.33716635,8.74063391e-05,100
1453,Metropolis,metropolis,-1.33615461,3.78876313e-04,100
1453,Row-Update,mps2,-1.33712496,9.20458293e-05,100
1453,Hybrid,mixture2,-1.33718134,8.49122356e-05,100
1454,Metropolis,metropolis,-1.33613352,3.79292812e-04,100
1454,Row-Update,mps2,-1.33715061,8.85721502e-05,100
1454,Hybrid,mixture2,-1.33714319,8.56871000e-05,100
1455,Metropolis,metropolis,-1.33612306,3.81577331e-04,100
1455,Row-Update,mps2,-1.33714048,8.83358941e-05,100
1455,Hybrid,mixture2,-1.33717383,8.58769735e-05,100
1456,Metropolis,metropolis,-1.33610849,3.83119614e-04,100
1456,Row-Update,mps2,-1.33711344,9.58636392e-05,100
1456,Hybrid,mixture2,-1.33719143,8.54062360e-05,100
1457,Metropolis,metropolis,-1.33613734,3.83240895e-04,100
1457,Row-Update,mps2,-1.33709744,9.52630224e-05,100
1457,Hybrid,mixture2,-1.33717029,8.70084116e-05,100
1458,Metropolis,metropolis,-1.33613746,3.80359845e-04,100
1458,Row-Update,mps2,-1.33709531,9.61145183e-05,100
1458,Hybrid,mixture2,-1.33715859,8.57589806e-05,100
1459,Metropolis,metropolis,-1.33612720,3.81417638e-04,100
1459,Row-Update,mps2,-1.33710613,9.35136364e-05,100
1459,Hybrid,mixture2,-1.33716659,8.65509307e-05,100
1460,Metropolis,metropolis,-1.33609225,3.83067722e-04,100
1460,Row-Update,mps2,-1.33712271,9.03102559e-05,100
1460,Hybrid,mixture2,-1.33714653,8.97349248e-05,100
1461,Metropolis,metropolis,-1.33613315,3.80338091e-04,100
1461,Row-Update,mps2,-1.33713827,9.10897961e-05,100
1461,Hybrid,mixture2,-1.33717588,8.65020423e-05,100
1462,Metropolis,metropolis,-1.33614069,3.82784189e-04,100
1462,Row-Update,mps2,-1.33714211,8.98739942e-05,100
1462,Hybrid,mixture2,-1.33716641,8.54443875e-05,100
1463,Metropolis,metropolis,-1.33613530,3.80579472e-04,100
1463,Row-Update,mps2,-1.33711746,9.38579513e-05,100
1463,Hybrid,mixture2,-1.33716994,8.62313594e-05,100
1464,Metropolis,metropolis,-1.33615595,3.79164727e-04,100
1464,Row-Update,mps2,-1.33714391,8.98641186e-05,100
1464,Hybrid,mixture2,-1.33718548,8.55452005e-05,100
1465,Metropolis,metropolis,-1.33613406,3.78605606e-04,100
1465,Row-Update,mps2,-1.33713441,9.13849234e-05,100
1465,Hybrid,mixture2,-1.33717634,8.43072737e-05,100
1466,Metropolis,metropolis,-1.33610962,3.80537995e-04,100
1466,Row-Update,mps2,-1.33716363,8.97263894e-05,100
1466,Hybrid,mixture2,-1.33716943,8.90148082e-05,100
1467,Metropolis,metropolis,-1.33612390,3.80861190e-04,100
1467,Row-Update,mps2,-1.33718012,8.91069977e-05,100
1467,Hybrid,mixture2,-1.33718293,8.51410091e-05,100
1468,Metropolis,metropolis,-1.33613984,3.79693519e-04,100
1468,Row-Update,mps2,-1.33715989,8.71232065e-05,100
1468,Hybrid,mixture2,-1.33718211,8.64146823e-05,100
1469,Metropolis,metropolis,-1.33612597,3.79538253e-04,100
1469,Row-Update,mps2,-1.33714284,8.84251232e-05,100
1469,Hybrid,mixture2,-1.33717370,8.58375878e-05,100
1470,Metropolis,metropolis,-1.33613626,3.81342673e-04,100
1470,Row-Update,mps2,-1.33713761,8.82650728e-05,100
1470,Hybrid,mixture2,-1.33717150,8.53090497e-05,100
1471,Metropolis,metropolis,-1.33614522,3.77669887e-04,100
1471,Row-Update,mps2,-1.33715807,8.81323793e-05,100
1471,Hybrid,mixture2,-1.33719061,8.60742691e-05,100
1472,Metropolis,metropolis,-1.33616477,3.77676504e-04,100
1472,Row-Update,mps2,-1.33716116,8.54142978e-05,100
1472,Hybrid,mixture2,-1.33717651,8.53261664e-05,100
1473,Metropolis,metropolis,-1.33616775,3.77158663e-04,100
1473,Row-Update,mps2,-1.33715656,8.74715196e-05,100
1473,Hybrid,mixture2,-1.33719106,8.51486237e-05,100
1474,Metropolis,metropolis,-1.33611497,3.79266279e-04,100
1474,Row-Update,mps2,-1.33715124,8.82703150e-05,100
1474,Hybrid,mixture2,-1.33718282,8.35166397e-05,100
1475,Metropolis,metropolis,-1.33614334,3.78612289e-04,100
1475,Row-Update,mps2,-1.33715338,8.68375296e-05,100
1475,Hybrid,mixture2,-1.33719366,8.64206550e-05,100
1476,Metropolis,metropolis,-1.33615787,3.76594992e-04,100
1476,Row-Update,mps2,-1.33715073,8.82526184e-05,100
1476,Hybrid,mixture2,-1.33718520,8.27652488e-05,100
1477,Metropolis,metropolis,-1.33617126,3.76946177e-04,100
1477,Row-Update,mps2,-1.33715739,8.91361207e-05,100
1477,Hybrid,mixture2,-1.33720218,8.38279728e-05,100
1478,Metropolis,metropolis,-1.33615523,3.77808305e-04,100
1478,Row-Update,mps2,-1.33716597,8.86237211e-05,100
1478,Hybrid,mixture2,-1.33719241,8.52130132e-05,100
1479,Metropolis,metropolis,-1.33614917,3.78419106e-04,100
1479,Row-Update,mps2,-1.33714999,9.03888530e-05,100
1479,Hybrid,mixture2,-1.33717804,8.61835545e-05,100
1480,Metropolis,metropolis,-1.33616488,3.78422381e-04,100
1480,Row-Update,mps2,-1.33714531,8.90472871e-05,100
1480,Hybrid,mixture2,-1.33718069,8.70449265e-05,100
1481,Metropolis,metropolis,-1.33611322,3.81906962e-04,100
1481,Row-Update,mps2,-1.33715650,8.92797738e-05,100
1481,Hybrid,mixture2,-1.33718511,8.58837984e-05,100
1482,Metropolis,metropolis,-1.33611728,3.82069058e-04,100
1482,Row-Update,mps2,-1.33715953,8.85946867e-05,100
1482,Hybrid,mixture2,-1.33716518,8.71803123e-05,100
1483,Metropolis,metropolis,-1.33613574,3.80629660e-04,100
1483,Row-Update,mps2,-1.33715198,8.98061735e-05,100
1483,Hybrid,mixture2,-1.33718032,8.47906579e-05,100
1484,Metropolis,metropolis,-1.33615707,3.80049540e-04,100
1484,Row-Update,mps2,-1.33713618,9.23546233e-05,100
1484,Hybrid,mixture2,-1.33718891,8.60351670e-05,100
1485,Metropolis,metropolis,-1.33614914,3.79049056e-04,100
1485,Row-Update,mps2,-1.33712966,9.34062978e-05,100
1485,Hybrid,mixture2,-1.33718426,8.40975060e-05,100
1486,Metropolis,metropolis,-1.33612240,3.78105130e-04,100
1486,Row-Update,mps2,-1.33712816,9.20477501e-05,100
1486,Hybrid,mixture2,-1.33716914,8.47872111e-05,100
1487,Metropolis,metropolis,-1.33612845,3.80165340e-04,100
1487,Row-Update,mps2,-1.33714705,8.93271681e-05,100
1487,Hybrid,mixture2,-1.33718503,8.48653742e-05,100
1488,Metropolis,metropolis,-1.33613936,3.80775741e-04,100
1488,Row-Update,mps2,-1.33714223,9.29433822e-05,100
1488,Hybrid,mixture2,-1.33719628,8.34304713e-05,100
1489,Metropolis,metropolis,-1.33615290,3.78332486e-04,100
1489,Row-Update,mps2,-1.33716767,8.94790653e-05,100
1489,Hybrid,mixture2,-1.33721905,8.30884098e-05,100
1490,Metropolis,metropolis,-1.33613370,3.81422682e-04,100
1490,Row-Update,mps2,-1.33717236,8.89437119e-05,100
1490,Hybrid,mixture2,-1.33721168,8.39706708e-05,100
1491,Metropolis,metropolis,-1.33614913,3.79676487e-04,100
1491,Row-Update,mps2,-1.33716416,9.10324460e-05,100
1491,Hybrid,mixture2,-1.33719095,8.42539309e-05,100
1492,Metropolis,metropolis,-1.33615416,3.78509861e-04,100
1492,Row-Update,mps2,-1.33715867,9.19882672e-05,100
1492,Hybrid,mixture2,-1.33719697,8.66616254e-05,100
1493,Metropolis,metropolis,-1.33614354,3.79715846e-04,100
1493,Row-Update,mps2,-1.33714981,9.04153516e-05,100
1493,Hybrid,mixture2,-1.33719804,8.61944283e-05,100
1494,Metropolis,metropolis,-1.33618105,3.77578164e-04,100
1494,Row-Update,mps2,-1.33716591,8.87857166e-05,100
1494,Hybrid,mixture2,-1.33717822,8.56611517e-05,100
1495,Metropolis,metropolis,-1.33618676,3.77394271e-04,100
1495,Row-Update,mps2,-1.33717414,8.76870089e-05,100
1495,Hybrid,mixture2,-1.33718004,8.58344685e-05,100
1496,Metropolis,metropolis,-1.33618448,3.78442056e-04,100
1496,Row-Update,mps2,-1.33716758,8.73187710e-05,100
1496,Hybrid,mixture2,-1.33717961,8.54588672e-05,100
1497,Metropolis,metropolis,-1.33616018,3.78896610e-04,100
1497,Row-Update,mps2,-1.33715829,8.82478594e-05,100
1497,Hybrid,mixture2,-1.33719375,8.63019770e-05,100
1498,Metropolis,metropolis,-1.33617739,3.78331262e-04,100
1498,Row-Update,mps2,-1.33717874,8.78680866e-05,100
1498,Hybrid,mixture2,-1.33720460,8.33261360e-05,100
1499,Metropolis,metropolis,-1.33618509,3.78910173e-04,100
1499,Row-Update,mps2,-1.33716254,9.00462138e-05,100
1499,Hybrid,mixture2,-1.33720821,8.57538276e-05,100
1500,Metropolis,metropolis,-1.33616425,3.81010144e-04,100
1500,Row-Update,mps2,-1.33713701,9.51814785e-05,100
1500,Hybrid,mixture2,-1.33718802,8.57488533e-05,100
1501,Metropolis,metropolis,-1.33615793,3.79900019e-04,100
1501,Row-Update,mps2,-1.33714716,9.07860742e-05,100
1501,Hybrid,mixture2,-1.33717977,8.65144291e-05,100
1502,Metropolis,metropolis,-1.33615471,3.81341789e-04,100
1502,Row-Update,mps2,-1.33715534,8.86591874e-05,100
1502,Hybrid,mixture2,-1.33720900,8.52892596e-05,100
1503,Metropolis,metropolis,-1.33616273,3.77399556e-04,100
1503,Row-Update,mps2,-1.33716269,9.01554188e-05,100
1503,Hybrid,mixture2,-1.33718578,8.73864523e-05,100
1504,Metropolis,metropolis,-1.33616256,3.79715713e-04,100
1504,Row-Update,mps2,-1.33716243,9.04113658e-05,100
1504,Hybrid,mixture2,-1.33720536,8.86735533e-05,100
1505,Metropolis,metropolis,-1.33617647,3.79085723e-04,100
1505,Row-Update,mps2,-1.33715171,9.18516923e-05,100
1505,Hybrid,mixture2,-1.33720013,8.68349205e-05,100
1506,Metropolis,metropolis,-1.33618497,3.78135156e-04,100
1506,Row-Update,mps2,-1.33714349,9.02498322e-05,100
1506,Hybrid,mixture2,-1.33719346,8.68266746e-05,100
1507,Metropolis,metropolis,-1.33621394,3.78331723e-04,100
1507,Row-Update,mps2,-1.33715616,9.01913143e-05,100
1507,Hybrid,mixture2,-1.33719617,8.70225511e-05,100
1508,Metropolis,metropolis,-1.33618920,3.78681722e-04,100
1508,Row-Update,mps2,-1.33713667,9.09374685e-05,100
1508,Hybrid,mixture2,-1.33720039,8.64669521e-05,100
1509,Metropolis,metropolis,-1.33619205,3.78248234e-04,100
1509,Row-Update,mps2,-1.33715626,9.06632188e-05,100
1509,Hybrid,mixture2,-1.33720176,8.69083118e-05,100
1510,Metropolis,metropolis,-1.33619529,3.77556554e-04,100
1510,Row-Update,mps2,-1.33716909,8.94509783e-05,100
1510,Hybrid,mixture2,-1.33718204,8.63518742e-05,100
1511,Metropolis,metropolis,-1.33623437,3.78064026e-04,100
1511,Row-Update,mps2,-1.33717230,8.86948535e-05,100
1511,Hybrid,mixture2,-1.33720397,8.67080330e-05,100
1512,Metropolis,metropolis,-1.33621778,3.77809814e-04,100
1512,Row-Update,mps2,-1.33717423,8.98768744e-05,100
1512,Hybrid,mixture2,-1.33720483,8.51874164e-05,100
1513,Metropolis,metropolis,-1.33621120,3.77113927e-04,100
1513,Row-Update,mps2,-1.33717875,8.90198421e-05,100
1513,Hybrid,mixture2,-1.33721731,8.52432401e-05,100
1514,Metropolis,metropolis,-1.33621266,3.76613230e-04,100
1514,Row-Update,mps2,-1.33716073,8.98774389e-05,100
1514,Hybrid,mixture2,-1.33721876,8.51645373e-05,100
1515,Metropolis,metropolis,-1.33621702,3.77857464e-04,100
1515,Row-Update,mps2,-1.33718794,8.71462401e-05,100
1515,Hybrid,mixture2,-1.33721463,8.54234554e-05,100
1516,Metropolis,metropolis,-1.33622705,3.78381890e-04,100
1516,Row-Update,mps2,-1.33718253,8.78177772e-05,100
1516,Hybrid,mixture2,-1.33720434,8.72188088e-05,100
1517,Metropolis,metropolis,-1.33622275,3.78403246e-04,100
1517,Row-Update,mps2,-1.33717552,8.69493016e-05,100
1517,Hybrid,mixture2,-1.33721670,8.46016693e-05,100
1518,Metropolis,metropolis,-1.33621172,3.78346616e-04,100
1518,Row-Update,mps2,-1.33715177,9.00468740e-05,100
1518,Hybrid,mixture2,-1.33721412,8.59787620e-05,100
1519,Metropolis,metropolis,-1.33622610,3.78231194e-04,100
1519,Row-Update,mps2,-1.33717355,8.63602990e-05,100
1519,Hybrid,mixture2,-1.33719470,8.65129211e-05,100
1520,Metropolis,metropolis,-1.33620009,3.77349527e-04,100
1520,Row-Update,mps2,-1.33716631,8.89809726e-05,100
1520,Hybrid,mixture2,-1.33719903,8.57218069e-05,100
1521,Metropolis,metropolis,-1.33621190,3.77718446e-04,100
1521,Row-Update,mps2,-1.33716136,8.67330461e-05,100
1521,Hybrid,mixture2,-1.33717786,8.63304553e-05,100
1522,Metropolis,metropolis,-1.33620816,3.78052539e-04,100
1522,Row-Update,mps2,-1.33715245,8.88116763e-05,100
1522,Hybrid,mixture2,-1.33719807,8.44757995e-05,100
1523,Metropolis,metropolis,-1.33620829,3.78224104e-04,100
1523,Row-Update,mps2,-1.33714426,9.04387129e-05,100
1523,Hybrid,mixture2,-1.33720780,8.40028333e-05,100
1524,Metropolis,metropolis,-1.33621322,3.78154144e-04,100
1524,Row-Update,mps2,-1.33716861,8.92906106e-05,100
1524,Hybrid,mixture2,-1.33719267,8.57372062e-05,100
1525,Metropolis,metropolis,-1.33623085,3.78199053e-04,100
1525,Row-Update,mps2,-1.33716223,8.78559609e-05,100
1525,Hybrid,mixture2,-1.33720142,8.38808426e-05,100
1526,Metropolis,metropolis,-1.33623426,3.78046827e-04,100
1526,Row-Update,mps2,-1.33714137,8.88058766e-05,100
1526,Hybrid,mixture2,-1.33721090,8.45923532e-05,100
1527,Metropolis,metropolis,-1.33622559,3.77273714e-04,100
1527,Row-Update,mps2,-1.33718205,8.74861217e-05,100
1527,Hybrid,mixture2,-1.33717792,8.61843548e-05,100
1528,Metropolis,metropolis,-1.33623183,3.77627853e-04,100
1528,Row-Update,mps2,-1.33718413,8.69051420e-05,100
1528,Hybrid,mixture2,-1.33720646,8.50159792e-05,100
1529,Metropolis,metropolis,-1.33622364,3.77213884e-04,100
1529,Row-Update,mps2,-1.33718168,8.74480512e-05,100
1529,Hybrid,mixture2,-1.33721334,8.65628709e-05,100
1530,Metropolis,metropolis,-1.33623371,3.77008144e-04,100
1530,Row-Update,mps2,-1.33718477,8.78297572e-05,100
1530,Hybrid,mixture2,-1.33721573,8.34374871e-05,100
1531,Metropolis,metropolis,-1.33622566,3.78352543e-04,100
1531,Row-Update,mps2,-1.33716146,8.83659330e-05,100
1531,Hybrid,mixture2,-1.33721566,8.63211208e-05,100
1532,Metropolis,metropolis,-1.33622991,3.77983084e-04,100
1532,Row-Update,mps2,-1.33714570,9.11459371e-05,100
1532,Hybrid,mixture2,-1.33719632,8.57641896e-05,100
1533,Metropolis,metropolis,-1.33623539,3.77593031e-04,100
1533,Row-Update,mps2,-1.33714514,9.04442806e-05,100
1533,Hybrid,mixture2,-1.33721396,8.41043175e-05,100
1534,Metropolis,metropolis,-1.33623956,3.77856966e-04,100
1534,Row-Update,mps2,-1.33716874,8.89058559e-05,100
1534,Hybrid,mixture2,-1.33720763,8.37540644e-05,100
1535,Metropolis,metropolis,-1.33622566,3.77817921e-04,100
1535,Row-Update,mps2,-1.33716493,8.87328663e-05,100
1535,Hybrid,mixture2,-1.33720557,8.44387689e-05,100
1536,Metropolis,metropolis,-1.33624023,3.77729866e-04,100
1536,Row-Update,mps2,-1.33715972,9.06329388e-05,100
1536,Hybrid,mixture2,-1.33719555,8.42598194e-05,100
1537,Metropolis,metropolis,-1.33622996,3.77535411e-04,100
1537,Row-Update,mps2,-1.33717080,8.91392605e-05,100
1537,Hybrid,mixture2,-1.33719536,8.71724227e-05,100
1538,Metropolis,metropolis,-1.33624143,3.76996046e-04,100
1538,Row-Update,mps2,-1.33717322,8.92898536e-05,100
1538,Hybrid,mixture2,-1.33719635,8.56826570e-05,100
1539,Metropolis,metropolis,-1.33625074,3.77679173e-04,100
1539,Row-Update,mps2,-1.33716683,8.86006684e-05,100
1539,Hybrid,mixture2,-1.33719150,8.63852613e-05,100
1540,Metropolis,metropolis,-1.33624106,3.78104412e-04,100
1540,Row-Update,mps2,-1.33716278,9.02951716e-05,100
1540,Hybrid,mixture2,-1.33719824,8.53568457e-05,100
1541,Metropolis,metropolis,-1.33623520,3.77300441e-04,100
1541,Row-Update,mps2,-1.33716588,8.97533865e-05,100
1541,Hybrid,mixture2,-1.33720142,8.62787382e-05,100
1542,Metropolis,metropolis,-1.33622436,3.77547953e-04,100
1542,Row-Update,mps2,-1.33717080,8.81441976e-05,100
1542,Hybrid,mixture2,-1.33718722,8.67952197e-05,100
1543,Metropolis,metropolis,-1.33621924,3.77932463e-04,100
1543,Row-Update,mps2,-1.33718362,9.03277462e-05,100
1543,Hybrid,mixture2,-1.33721841,8.40230624e-05,100
1544,Metropolis,metropolis,-1.33621727,3.77461341e-04,100
1544,Row-Update,mps2,-1.33717316,9.14125389e-05,100
1544,Hybrid,mixture2,-1.33722239,8.59177009e-05,100
1545,Metropolis,metropolis,-1.33623069,3.77755595e-04,100
1545,Row-Update,mps2,-1.33719194,8.88985049e-05,100
1545,Hybrid,mixture2,-1.33721173,8.42505030e-05,100
1546,Metropolis,metropolis,-1.33620362,3.79184539e-04,100
1546,Row-Update,mps2,-1.33719588,8.72429565e-05,100
1546,Hybrid,mixture2,-1.33720793,8.52273657e-05,100
1547,Metropolis,metropolis,-1.33620238,3.78241251e-04,100
1547,Row-Update,mps2,-1.33717921,8.85599083e-05,100
1547,Hybrid,mixture2,-1.33721323,8.44067678e-05,100
1548,Metropolis,metropolis,-1.33621319,3.77790439e-04,100
1548,Row-Update,mps2,-1.33718288,8.75796717e-05,100
1548,Hybrid,mixture2,-1.33720758,8.64458421e-05,100
1549,Metropolis,metropolis,-1.33619487,3.79851873e-04,100
1549,Row-Update,mps2,-1.33718723,8.89143776e-05,100
1549,Hybrid,mixture2,-1.33720515,8.46746153e-05,100
1550,Metropolis,metropolis,-1.33623765,3.77551081e-04,100
1550,Row-Update,mps2,-1.33720159,8.93111589e-05,100
1550,Hybrid,mixture2,-1.33720642,8.49523025e-05,100
1551,Metropolis,metropolis,-1.33621364,3.78172823e-04,100
1551,Row-Update,mps2,-1.33717021,9.01892777e-05,100
1551,Hybrid,mixture2,-1.33721145,8.53713050e-05,100
1552,Metropolis,metropolis,-1.33622965,3.77323023e-04,100
1552,Row-Update,mps2,-1.33718837,9.02149165e-05,100
1552,Hybrid,mixture2,-1.33723609,8.43049137e-05,100
1553,Metropolis,metropolis,-1.33621791,3.78601288e-04,100
1553,Row-Update,mps2,-1.33718743,9.01786552e-05,100
1553,Hybrid,mixture2,-1.33720537,8.68287261e-05,100
1554,Metropolis,metropolis,-1.33622587,3.77765245e-04,100
1554,Row-Update,mps2,-1.33720539,8.93689945e-05,100
1554,Hybrid,mixture2,-1.33719922,8.59612314e-05,100
1555,Metropolis,metropolis,-1.33621488,3.79062339e-04,100
1555,Row-Update,mps2,-1.33718263,9.15602646e-05,100
1555,Hybrid,mixture2,-1.33720589,8.59679700e-05,100
1556,Metropolis,metropolis,-1.33622698,3.77584440e-04,100
1556,Row-Update,mps2,-1.33718172,9.17260252e-05,100
1556,Hybrid,mixture2,-1.33718689,8.84148091e-05,100
1557,Metropolis,metropolis,-1.33622336,3.77337689e-04,100
1557,Row-Update,mps2,-1.33718376,9.13056692e-05,100
1557,Hybrid,mixture2,-1.33721188,8.45219812e-05,100
1558,Metropolis,metropolis,-1.33625611,3.78354006e-04,100
1558,Row-Update,mps2,-1.33717230,9.07143708e-05,100
1558,Hybrid,mixture2,-1.33721002,8.49130247e-05,100
1559,Metropolis,metropolis,-1.33624174,3.76991980e-04,100
1559,Row-Update,mps2,-1.33718551,9.04200160e-05,100
1559,Hybrid,mixture2,-1.33720400,8.44543451e-05,100
1560,Metropolis,metropolis,-1.33624372,3.77587980e-04,100
1560,Row-Update,mps2,-1.33718228,8.85958838e-05,100
1560,Hybrid,mixture2,-1.33722013,8.41808455e-05,100
1561,Metropolis,metropolis,-1.33624182,3.77282559e-04,100
1561,Row-Update,mps2,-1.33717689,8.96782848e-05,100
1561,Hybrid,mixture2,-1.33721358,8.46836044e-05,100
1562,Metropolis,metropolis,-1.33622442,3.78110428e-04,100
1562,Row-Update,mps2,-1.33719477,8.95384942e-05,100
1562,Hybrid,mixture2,-1.33718929,8.46331452e-05,100
1563,Metropolis,metropolis,-1.33622274,3.77691659e-04,100
1563,Row-Update,mps2,-1.33718029,9.03620503e-05,100
1563,Hybrid,mixture2,-1.33720293,8.64536883e-05,100
1564,Metropolis,metropolis,-1.33621688,3.75607283e-04,100
1564,Row-Update,mps2,-1.33719777,8.76615177e-05,100
1564,Hybrid,mixture2,-1.33719929,8.64515240e-05,100
1565,Metropolis,metropolis,-1.33622719,3.77942375e-04,100
1565,Row-Update,mps2,-1.33719102,8.86599462e-05,100
1565,Hybrid,mixture2,-1.33719139,8.64183515e-05,100
1566,Metropolis,metropolis,-1.33624363,3.78340166e-04,100
1566,Row-Update,mps2,-1.33717567,8.88775287e-05,100
1566,Hybrid,mixture2,-1.33718472,8.94579080e-05,100
1567,Metropolis,metropolis,-1.33622953,3.78547861e-04,100
1567,Row-Update,mps2,-1.33718461,8.82926337e-05,100
1567,Hybrid,mixture2,-1.33721067,8.70619437e-05,100
1568,Metropolis,metropolis,-1.33624951,3.78795920e-04,100
1568,Row-Update,mps2,-1.33718784,8.87633655e-05,100
1568,Hybrid,mixture2,-1.33719557,8.50874717e-05,100
1569,Metropolis,metropolis,-1.33623649,3.77379641e-04,100
1569,Row-Update,mps2,-1.33718998,8.74368431e-05,100
1569,Hybrid,mixture2,-1.33720600,8.53683129e-05,100
1570,Metropolis,metropolis,-1.33622980,3.77671553e-04,100
1570,Row-Update,mps2,-1.33719515,8.87932291e-05,100
1570,Hybrid,mixture2,-1.33721097,8.64268121e-05,100
1571,Metropolis,metropolis,-1.33623609,3.79553168e-04,100
1571,Row-Update,mps2,-1.33718600,8.71877879e-05,100
1571,Hybrid,mixture2,-1.33720425,8.70221360e-05,100
1572,Metropolis,metropolis,-1.33623678,3.77211250e-04,100
1572,Row-Update,mps2,-1.33722001,8.87992040e-05,100
1572,Hybrid,mixture2,-1.33720926,8.67929673e-05,100
1573,Metropolis,metropolis,-1.33624765,3.78635508e-04,100
1573,Row-Update,mps2,-1.33719405,8.81848744e-05,100
1573,Hybrid,mixture2,-1.33720579,8.59397251e-05,100
1574,Metropolis,metropolis,-1.33623408,3.77956507e-04,100
1574,Row-Update,mps2,-1.33718398,8.87129987e-05,100
1574,Hybrid,mixture2,-1.33721046,8.66953621e-05,100
1575,Metropolis,metropolis,-1.33623545,3.78073849e-04,100
1575,Row-Update,mps2,-1.33719088,8.96269040e-05,100
1575,Hybrid,mixture2,-1.33721123,8.57178233e-05,100
1576,Metropolis,metropolis,-1.33624373,3.78462933e-04,100
1576,Row-Update,mps2,-1.33719425,9.10150778e-05,100
1576,Hybrid,mixture2,-1.33720734,8.50556216e-05,100
1577,Metropolis,metropolis,-1.33625127,3.77084473e-04,100
1577,Row-Update,mps2,-1.33718775,9.04440200e-05,100
1577,Hybrid,mixture2,-1.33721899,8.63050176e-05,100
1578,Metropolis,metropolis,-1.33624509,3.77641437e-04,100
1578,Row-Update,mps2,-1.33719227,8.93677917e-05,100
1578,Hybrid,mixture2,-1.33723560,8.45866934e-05,100
1579,Metropolis,metropolis,-1.33624850,3.77222201e-04,100
1579,Row-Update,mps2,-1.33719624,8.98893223e-05,100
1579,Hybrid,mixture2,-1.33720475,8.60278248e-05,100
1580,Metropolis,metropolis,-1.33622357,3.78694579e-04,100
1580,Row-Update,mps2,-1.33719979,8.87994540e-05,100
1580,Hybrid,mixture2,-1.33722254,8.56471084e-05,100
1581,Metropolis,metropolis,-1.33623657,3.78982142e-04,100
1581,Row-Update,mps2,-1.33720974,8.72199570e-05,100
1581,Hybrid,mixture2,-1.33722817,8.49753498e-05,100
1582,Metropolis,metropolis,-1.33624262,3.77783658e-04,100
1582,Row-Update,mps2,-1.33716234,9.10462409e-05,100
1582,Hybrid,mixture2,-1.33723901,8.42000519e-05,100
1583,Metropolis,metropolis,-1.33623994,3.79498562e-04,100
1583,Row-Update,mps2,-1.33719257,8.73331671e-05,100
1583,Hybrid,mixture2,-1.33723547,8.42071546e-05,100
1584,Metropolis,metropolis,-1.33623444,3.78599410e-04,100
1584,Row-Update,mps2,-1.33718855,8.90721619e-05,100
1584,Hybrid,mixture2,-1.33721877,8.43689341e-05,100
1585,Metropolis,metropolis,-1.33623875,3.78055259e-04,100
1585,Row-Update,mps2,-1.33719773,8.82791983e-05,100
1585,Hybrid,mixture2,-1.33720783,8.55520677e-05,100
1586,Metropolis,metropolis,-1.33625032,3.77952954e-04,100
1586,Row-Update,mps2,-1.33718194,9.12417393e-05,100
1586,Hybrid,mixture2,-1.33721841,8.50208010e-05,100
1587,Metropolis,metropolis,-1.33624854,3.77844015e-04,100
1587,Row-Update,mps2,-1.33719499,8.82870887e-05,100
1587,Hybrid,mixture2,-1.33722448,8.47427595e-05,100
1588,Metropolis,metropolis,-1.33624397,3.78484752e-04,100
1588,Row-Update,mps2,-1.33720728,8.62504039e-05,100
1588,Hybrid,mixture2,-1.33722841,8.51701537e-05,100
1589,Metropolis,metropolis,-1.33623824,3.78056816e-04,100
1589,Row-Update,mps2,-1.33719708,8.70532407e-05,100
1589,Hybrid,mixture2,-1.33723794,8.49536137e-05,100
1590,Metropolis,metropolis,-1.33623092,3.78613487e-04,100
1590,Row-Update,mps2,-1.33718156,8.83668045e-05,100
1590,Hybrid,mixture2,-1.33721899,8.36151699e-05,100
1591,Metropolis,metropolis,-1.33624870,3.78420739e-04,100
1591,Row-Update,mps2,-1.33720189,8.75606644e-05,100
1591,Hybrid,mixture2,-1.33724961,8.32183144e-05,100
1592,Metropolis,metropolis,-1.33624409,3.78687846e-04,100
1592,Row-Update,mps2,-1.33719373,8.79088142e-05,100
1592,Hybrid,mixture2,-1.33723865,8.32210170e-05,100
1593,Metropolis,metropolis,-1.33626331,3.78104578e-04,100
1593,Row-Update,mps2,-1.33722830,8.55644565e-05,100
1593,Hybrid,mixture2,-1.33723435,8.55165586e-05,100
1594,Metropolis,metropolis,-1.33624368,3.79767680e-04,100
1594,Row-Update,mps2,-1.33720906,8.88710158e-05,100
1594,Hybrid,mixture2,-1.33721422,8.40832658e-05,100
1595,Metropolis,metropolis,-1.33624060,3.78765542e-04,100
1595,Row-Update,mps2,-1.33719752,8.78708525e-05,100
1595,Hybrid,mixture2,-1.33721836,8.45567569e-05,100
1596,Metropolis,metropolis,-1.33625443,3.77360669e-04,100
1596,Row-Update,mps2,-1.33719119,9.14134301e-05,100
1596,Hybrid,mixture2,-1.33721709,8.47357045e-05,100
1597,Metropolis,metropolis,-1.33625047,3.78052802e-04,100
1597,Row-Update,mps2,-1.33718484,8.91188384e-05,100
1597,Hybrid,mixture2,-1.33722286,8.40444593e-05,100
1598,Metropolis,metropolis,-1.33627535,3.77942158e-04,100
1598,Row-Update,mps2,-1.33719827,8.67977748e-05,100
1598,Hybrid,mixture2,-1.33722155,8.54654617e-05,100
1599,Metropolis,metropolis,-1.33626318,3.78429688e-04,100
1599,Row-Update,mps2,-1.33719112,8.88946562e-05,100
1599,Hybrid,mixture2,-1.33721327,8.52905865e-05,100
1600,Metropolis,metropolis,-1.33626634,3.77594335e-04,100
1600,Row-Update,mps2,-1.33719889,8.72851189e-05,100
1600,Hybrid,mixture2,-1.33722284,8.53952039e-05,100
1601,Metropolis,metropolis,-1.33626079,3.78587180e-04,100
1601,Row-Update,mps2,-1.33720837,8.84008655e-05,100
1601,Hybrid,mixture2,-1.33723945,8.37034482e-05,100
1602,Metropolis,metropolis,-1.33627093,3.78257227e-04,100
1602,Row-Update,mps2,-1.33722506,8.98871807e-05,100
1602,Hybrid,mixture2,-1.33723922,8.31470651e-05,100
1603,Metropolis,metropolis,-1.33626856,3.78224119e-04,100
1603,Row-Update,mps2,-1.33722279,8.69871453e-05,100
1603,Hybrid,mixture2,-1.33724217,8.33625730e-05,100
1604,Metropolis,metropolis,-1.33625909,3.78502209e-04,100
1604,Row-Update,mps2,-1.33722228,8.78625547e-05,100
1604,Hybrid,mixture2,-1.33723502,8.43204995e-05,100
1605,Metropolis,metropolis,-1.33625569,3.78764398e-04,100
1605,Row-Update,mps2,-1.33722413,8.93222576e-05,100
1605,Hybrid,mixture2,-1.33723375,8.47684324e-05,100
1606,Metropolis,metropolis,-1.33624571,3.78349169e-04,100
1606,Row-Update,mps2,-1.33722654,8.99184374e-05,100
1606,Hybrid,mixture2,-1.33722127,8.48937933e-05,100
1607,Metropolis,metropolis,-1.33624587,3.77848927e-04,100
1607,Row-Update,mps2,-1.33720857,8.93685916e-05,100
1607,Hybrid,mixture2,-1.33722563,8.71143249e-05,100
1608,Metropolis,metropolis,-1.33624695,3.78470347e-04,100
1608,Row-Update,mps2,-1.33722796,8.91677540e-05,100
1608,Hybrid,mixture2,-1.33723488,8.48476135e-05,100
1609,Metropolis,metropolis,-1.33623477,3.78180304e-04,100
1609,Row-Update,mps2,-1.33722393,8.83388721e-05,100
1609,Hybrid,mixture2,-1.33720165,9.05753290e-05,100
1610,Metropolis,metropolis,-1.33619582,3.79100121e-04,100
1610,Row-Update,mps2,-1.33723942,8.74423955e-05,100
1610,Hybrid,mixture2,-1.33720682,8.75202692e-05,100
1611,Metropolis,metropolis,-1.33625966,3.79736286e-04,100
1611,Row-Update,mps2,-1.33724185,8.65465358e-05,100
1611,Hybrid,mixture2,-1.33722332,8.52331066e-05,100
1612,Metropolis,metropolis,-1.33626180,3.78702209e-04,100
1612,Row-Update,mps2,-1.33722328,8.79423471e-05,100
1612,Hybrid,mixture2,-1.33724939,8.38724131e-05,100
1613,Metropolis,metropolis,-1.33624668,3.78865672e-04,100
1613,Row-Update,mps2,-1.33722488,8.65428749e-05,100
1613,Hybrid,mixture2,-1.33724867,8.55401288e-05,100
1614,Metropolis,metropolis,-1.33623659,3.77121586e-04,100
1614,Row-Update,mps2,-1.33719415,8.91886950e-05,100
1614,Hybrid,mixture2,-1.33722265,8.52989409e-05,100
1615,Metropolis,metropolis,-1.33623131,3.78486088e-04,100
1615,Row-Update,mps2,-1.33721783,8.81605547e-05,100
1615,Hybrid,mixture2,-1.33722629,8.51308987e-05,100
1616,Metropolis,metropolis,-1.33625600,3.77686448e-04,100
1616,Row-Update,mps2,-1.33720667,8.92833455e-05,100
1616,Hybrid,mixture2,-1.33723440,8.65897017e-05,100
1617,Metropolis,metropolis,-1.33624151,3.78054506e-04,100
1617,Row-Update,mps2,-1.33719861,9.13401472e-05,100
1617,Hybrid,mixture2,-1.33722397,8.53668240e-05,100
1618,Metropolis,metropolis,-1.33622618,3.79539965e-04,100
1618,Row-Update,mps2,-1.33720415,8.82715581e-05,100
1618,Hybrid,mixture2,-1.33721361,8.58698845e-05,100
1619,Metropolis,metropolis,-1.33622787,3.79482041e-04,100
1619,Row-Update,mps2,-1.33721737,8.62555786e-05,100
1619,Hybrid,mixture2,-1.33722403,8.65766616e-05,100
1620,Metropolis,metropolis,-1.33623531,3.80078127e-04,100
1620,Row-Update,mps2,-1.33719927,8.88403700e-05,100
1620,Hybrid,mixture2,-1.33722598,8.61209803e-05,100
1621,Metropolis,metropolis,-1.33618626,3.84172383e-04,100
1621,Row-Update,mps2,-1.33719411,9.11882834e-05,100
1621,Hybrid,mixture2,-1.33722762,8.50024887e-05,100
1622,Metropolis,metropolis,-1.33621219,3.82102140e-04,100
1622,Row-Update,mps2,-1.33720416,9.00040463e-05,100
1622,Hybrid,mixture2,-1.33722587,8.72202479e-05,100
1623,Metropolis,metropolis,-1.33622424,3.81294907e-04,100
1623,Row-Update,mps2,-1.33719787,9.03983269e-05,100
1623,Hybrid,mixture2,-1.33723842,8.50350807e-05,100
1624,Metropolis,metropolis,-1.33624551,3.78475437e-04,100
1624,Row-Update,mps2,-1.33720076,8.86297905e-05,100
1624,Hybrid,mixture2,-1.33723037,8.69996422e-05,100
1625,Metropolis,metropolis,-1.33624636,3.79552265e-04,100
1625,Row-Update,mps2,-1.33718491,9.03659424e-05,100
1625,Hybrid,mixture2,-1.33723594,8.52983433e-05,100
1626,Metropolis,metropolis,-1.33622757,3.78140439e-04,100
1626,Row-Update,mps2,-1.33719754,9.01214418e-05,100
1626,Hybrid,mixture2,-1.33721287,8.50665037e-05,100
1627,Metropolis,metropolis,-1.33625130,3.78162850e-04,100
1627,Row-Update,mps2,-1.33719545,9.16801433e-05,100
1627,Hybrid,mixture2,-1.33723612,8.55418598e-05,100
1628,Metropolis,metropolis,-1.33625096,3.77960550e-04,100
1628,Row-Update,mps2,-1.33718832,8.94438874e-05,100
1628,Hybrid,mixture2,-1.33725739,8.51406626e-05,100
1629,Metropolis,metropolis,-1.33619601,3.80344680e-04,100
1629,Row-Update,mps2,-1.33720144,9.01825442e-05,100
1629,Hybrid,mixture2,-1.33722872,8.42581256e-05,100
1630,Metropolis,metropolis,-1.33618341,3.83583756e-04,100
1630,Row-Update,mps2,-1.33720670,8.96720855e-05,100
1630,Hybrid,mixture2,-1.33724701,8.43820001e-05,100
1631,Metropolis,metropolis,-1.33625070,3.77204653e-04,100
1631,Row-Update,mps2,-1.33717605,8.99523365e-05,100
1631,Hybrid,mixture2,-1.33723786,8.44066112e-05,100
1632,Metropolis,metropolis,-1.33624923,3.76815579e-04,100
1632,Row-Update,mps2,-1.33720724,8.93816462e-05,100
1632,Hybrid,mixture2,-1.33723281,8.66172498e-05,100
1633,Metropolis,metropolis,-1.33625482,3.76913209e-04,100
1633,Row-Update,mps2,-1.33719340,8.96930252e-05,100
1633,Hybrid,mixture2,-1.33721102,8.77605570e-05,100
1634,Metropolis,metropolis,-1.33625156,3.77169984e-04,100
1634,Row-Update,mps2,-1.33719575,8.87101164e-05,100
1634,Hybrid,mixture2,-1.33724538,8.56862587e-05,100
1635,Metropolis,metropolis,-1.33626492,3.77149828e-04,100
1635,Row-Update,mps2,-1.33718406,9.18103419e-05,100
1635,Hybrid,mixture2,-1.33723260,8.58680696e-05,100
1636,Metropolis,metropolis,-1.33626910,3.77320054e-04,100
1636,Row-Update,mps2,-1.33715482,9.22371390e-05,100
1636,Hybrid,mixture2,-1.33726022,8.73467126e-05,100
1637,Metropolis,metropolis,-1.33626201,3.77079204e-04,100
1637,Row-Update,mps2,-1.33719558,8.84654836e-05,100
1637,Hybrid,mixture2,-1.33724910,8.55207262e-05,100
1638,Metropolis,metropolis,-1.33626183,3.78385941e-04,100
1638,Row-Update,mps2,-1.33721283,8.78875683e-05,100
1638,Hybrid,mixture2,-1.33723486,8.49748675e-05,100
1639,Metropolis,metropolis,-1.33626057,3.77793713e-04,100
1639,Row-Update,mps2,-1.33720314,8.97331285e-05,100
1639,Hybrid,mixture2,-1.33724974,8.61504291e-05,100
1640,Metropolis,metropolis,-1.33628404,3.78349092e-04,100
1640,Row-Update,mps2,-1.33719946,9.10674182e-05,100
1640,Hybrid,mixture2,-1.33725171,8.62062573e-05,100
1641,Metropolis,metropolis,-1.33624827,3.76720807e-04,100
1641,Row-Update,mps2,-1.33719888,9.17888015e-05,100
1641,Hybrid,mixture2,-1.33723856,8.55670405e-05,100
1642,Metropolis,metropolis,-1.33625621,3.76817785e-04,100
1642,Row-Update,mps2,-1.33721436,9.13425147e-05,100
1642,Hybrid,mixture2,-1.33725509,8.42139031e-05,100
1643,Metropolis,metropolis,-1.33625707,3.77925825e-04,100
1643,Row-Update,mps2,-1.33718798,9.04539981e-05,100
1643,Hybrid,mixture2,-1.33723095,8.64790694e-05,100
1644,Metropolis,metropolis,-1.33627004,3.77433780e-04,100
1644,Row-Update,mps2,-1.33721653,8.81667662e-05,100
1644,Hybrid,mixture2,-1.33723949,8.57026975e-05,100
1645,Metropolis,metropolis,-1.33625540,3.77552813e-04,100
1645,Row-Update,mps2,-1.33720649,8.84228567e-05,100
1645,Hybrid,mixture2,-1.33724601,8.54446168e-05,100
1646,Metropolis,metropolis,-1.33626686,3.78442556e-04,100
1646,Row-Update,mps2,-1.33718756,8.89955214e-05,100
1646,Hybrid,mixture2,-1.33724287,8.47961887e-05,100
1647,Metropolis,metropolis,-1.33626395,3.76406793e-04,100
1647,Row-Update,mps2,-1.33720862,8.87469003e-05,100
1647,Hybrid,mixture2,-1.33725756,8.59178225e-05,100
1648,Metropolis,metropolis,-1.33627577,3.76914364e-04,100
1648,Row-Update,mps2,-1.33719689,9.06686347e-05,100
1648,Hybrid,mixture2,-1.33724562,8.59116684e-05,100
1649,Metropolis,metropolis,-1.33626382,3.78033731e-04,100
1649,Row-Update,mps2,-1.33719545,9.12952851e-05,100
1649,Hybrid,mixture2,-1.33724924,8.64141654e-05,100
1650,Metropolis,metropolis,-1.33625551,3.78896406e-04,100
1650,Row-Update,mps2,-1.33721898,9.01262012e-05,100
1650,Hybrid,mixture2,-1.33723678,8.76499806e-05,100
1651,Metropolis,metropolis,-1.33627107,3.77888568e-04,100
1651,Row-Update,mps2,-1.33718600,9.23195713e-05,100
1651,Hybrid,mixture2,-1.33722457,8.88832018e-05,100
1652,Metropolis,metropolis,-1.33626025,3.78519793e-04,100
1652,Row-Update,mps2,-1.33718403,9.13446284e-05,100
1652,Hybrid,mixture2,-1.33724412,8.62506195e-05,100
1653,Metropolis,metropolis,-1.33626200,3.78275688e-04,100
1653,Row-Update,mps2,-1.33719918,9.02141669e-05,100
1653,Hybrid,mixture2,-1.33724398,8.74478736e-05,100
1654,Metropolis,metropolis,-1.33626236,3.79456749e-04,100
1654,Row-Update,mps2,-1.33720209,9.02930171e-05,100
1654,Hybrid,mixture2,-1.33724661,8.70339536e-05,100
1655,Metropolis,metropolis,-1.33626392,3.77489450e-04,100
1655,Row-Update,mps2,-1.33722561,8.81901654e-05,100
1655,Hybrid,mixture2,-1.33722421,8.64027467e-05,100
1656,Metropolis,metropolis,-1.33624453,3.77830389e-04,100
1656,Row-Update,mps2,-1.33719875,9.45702038e-05,100
1656,Hybrid,mixture2,-1.33722153,8.87073956e-05,100
1657,Metropolis,metropolis,-1.33624278,3.78064835e-04,100
1657,Row-Update,mps2,-1.33719924,9.06511186e-05,100
1657,Hybrid,mixture2,-1.33722904,8.64450179e-05,100
1658,Metropolis,metropolis,-1.33623737,3.81728696e-04,100
1658,Row-Update,mps2,-1.33720951,9.12056888e-05,100
1658,Hybrid,mixture2,-1.33723817,8.78218142e-05,100
1659,Metropolis,metropolis,-1.33625197,3.78151361e-04,100
1659,Row-Update,mps2,-1.33721689,9.02312841e-05,100
1659,Hybrid,mixture2,-1.33726001,8.69139499e-05,100
1660,Metropolis,metropolis,-1.33628546,3.78589837e-04,100
1660,Row-Update,mps2,-1.33720414,9.02109744e-05,100
1660,Hybrid,mixture2,-1.33726769,8.57242107e-05,100
1661,Metropolis,metropolis,-1.33627348,3.78095955e-04,100
1661,Row-Update,mps2,-1.33721119,8.94424055e-05,100
1661,Hybrid,mixture2,-1.33724057,8.91911448e-05,100
1662,Metropolis,metropolis,-1.33624981,3.78615673e-04,100
1662,Row-Update,mps2,-1.33720975,9.22902057e-05,100
1662,Hybrid,mixture2,-1.33724742,8.75004440e-05,100
1663,Metropolis,metropolis,-1.33626919,3.77080806e-04,100
1663,Row-Update,mps2,-1.33722241,8.88193137e-05,100
1663,Hybrid,mixture2,-1.33722774,8.87835968e-05,100
1664,Metropolis,metropolis,-1.33623504,3.77912424e-04,100
1664,Row-Update,mps2,-1.33722000,8.98706679e-05,100
1664,Hybrid,mixture2,-1.33724200,8.64966541e-05,100
1665,Metropolis,metropolis,-1.33622917,3.79097214e-04,100
1665,Row-Update,mps2,-1.33722930,8.83529142e-05,100
1665,Hybrid,mixture2,-1.33725252,8.64504014e-05,100
1666,Metropolis,metropolis,-1.33624640,3.79155756e-04,100
1666,Row-Update,mps2,-1.33722722,8.87134335e-05,100
1666,Hybrid,mixture2,-1.33724338,8.70931220e-05,100
1667,Metropolis,metropolis,-1.33627029,3.77448017e-04,100
1667,Row-Update,mps2,-1.33720456,9.09831838e-05,100
1667,Hybrid,mixture2,-1.33722872,9.12881720e-05,100
1668,Metropolis,metropolis,-1.33624459,3.79238769e-04,100
1668,Row-Update,mps2,-1.33721366,8.94354968e-05,100
1668,Hybrid,mixture2,-1.33724966,8.60559400e-05,100
1669,Metropolis,metropolis,-1.33626088,3.78434538e-04,100
1669,Row-Update,mps2,-1.33722523,8.84189295e-05,100
1669,Hybrid,mixture2,-1.33725531,8.49680467e-05,100
1670,Metropolis,metropolis,-1.33626635,3.77541018e-04,100
1670,Row-Update,mps2,-1.33722220,8.87287174e-05,100
1670,Hybrid,mixture2,-1.33724300,8.45816788e-05,100
1671,Metropolis,metropolis,-1.33626032,3.78561768e-04,100
1671,Row-Update,mps2,-1.33723369,8.83914829e-05,100
1671,Hybrid,mixture2,-1.33725496,8.51885692e-05,100
1672,Metropolis,metropolis,-1.33624401,3.79357464e-04,100
1672,Row-Update,mps2,-1.33722856,8.86402681e-05,100
1672,Hybrid,mixture2,-1.33723582,8.67832368e-05,100
1673,Metropolis,metropolis,-1.33623361,3.79546598e-04,100
1673,Row-Update,mps2,-1.33721966,8.92000565e-05,100
1673,Hybrid,mixture2,-1.33724980,8.50822350e-05,100
1674,Metropolis,metropolis,-1.33624885,3.78768424e-04,100
1674,Row-Update,mps2,-1.33723511,8.88739742e-05,100
1674,Hybrid,mixture2,-1.33724289,8.77534274e-05,100
1675,Metropolis,metropolis,-1.33625176,3.80618774e-04,100
1675,Row-Update,mps2,-1.33725225,8.90962884e-05,100
1675,Hybrid,mixture2,-1.33724787,8.71696962e-05,100
1676,Metropolis,metropolis,-1.33624838,3.79774758e-04,100
1676,Row-Update,mps2,-1.33722736,8.71875499e-05,100
1676,Hybrid,mixture2,-1.33724584,8.58168338e-05,100
1677,Metropolis,metropolis,-1.33624620,3.79386245e-04,100
1677,Row-Update,mps2,-1.33724526,8.65531707e-05,100
1677,Hybrid,mixture2,-1.33725870,8.58955235e-05,100
1678,Metropolis,metropolis,-1.33626439,3.78425499e-04,100
1678,Row-Update,mps2,-1.33723131,8.75130956e-05,100
1678,Hybrid,mixture2,-1.33725968,8.48751112e-05,100
1679,Metropolis,metropolis,-1.33625924,3.77579799e-04,100
1679,Row-Update,mps2,-1.33722292,8.87924389e-05,100
1679,Hybrid,mixture2,-1.33725338,8.58987409e-05,100
1680,Metropolis,metropolis,-1.33627020,3.78073331e-04,100
1680,Row-Update,mps2,-1.33721853,9.02877479e-05,100
1680,Hybrid,mixture2,-1.33725666,8.43182106e-05,100
1681,Metropolis,metropolis,-1.33625628,3.77580324e-04,100
1681,Row-Update,mps2,-1.33720102,9.11033820e-05,100
1681,Hybrid,mixture2,-1.33727008,8.53878210e-05,100
1682,Metropolis,metropolis,-1.33617174,3.93434819e-04,100
1682,Row-Update,mps2,-1.33721997,8.82588639e-05,100
1682,Hybrid,mixture2,-1.33727569,8.50315566e-05,100
1683,Metropolis,metropolis,-1.33623790,3.82265593e-04,100
1683,Row-Update,mps2,-1.33723402,8.89945446e-05,100
1683,Hybrid,mixture2,-1.33728637,8.44231236e-05,100
1684,Metropolis,metropolis,-1.33626557,3.79354731e-04,100
1684,Row-Update,mps2,-1.33719820,9.15282033e-05,100
1684,Hybrid,mixture2,-1.33728959,8.36019673e-05,100
1685,Metropolis,metropolis,-1.33628184,3.78156706e-04,100
1685,Row-Update,mps2,-1.33722313,9.21192966e-05,100
1685,Hybrid,mixture2,-1.33727206,8.48881448e-05,100
1686,Metropolis,metropolis,-1.33627474,3.77510548e-04,100
1686,Row-Update,mps2,-1.33720585,9.28728351e-05,100
1686,Hybrid,mixture2,-1.33727623,8.39228583e-05,100
1687,Metropolis,metropolis,-1.33624389,3.78722230e-04,100
1687,Row-Update,mps2,-1.33723963,9.22144516e-05,100
1687,Hybrid,mixture2,-1.33726357,8.58604585e-05,100
1688,Metropolis,metropolis,-1.33625613,3.78579058e-04,100
1688,Row-Update,mps2,-1.33721846,9.18029188e-05,100
1688,Hybrid,mixture2,-1.33726491,8.62117338e-05,100
1689,Metropolis,metropolis,-1.33626127,3.77519799e-04,100
1689,Row-Update,mps2,-1.33721747,9.30323692e-05,100
1689,Hybrid,mixture2,-1.33724840,8.61450185e-05,100
1690,Metropolis,metropolis,-1.33624863,3.81539978e-04,100
1690,Row-Update,mps2,-1.33722305,8.99189029e-05,100
1690,Hybrid,mixture2,-1.33726167,8.61043992e-05,100
1691,Metropolis,metropolis,-1.33626780,3.77172552e-04,100
1691,Row-Update,mps2,-1.33724583,9.04600242e-05,100
1691,Hybrid,mixture2,-1.33725164,8.62635454e-05,100
1692,Metropolis,metropolis,-1.33626956,3.78689742e-04,100
1692,Row-Update,mps2,-1.33724362,8.88183892e-05,100
1692,Hybrid,mixture2,-1.33725854,8.71036103e-05,100
1693,Metropolis,metropolis,-1.33623472,3.81599723e-04,100
1693,Row-Update,mps2,-1.33722999,8.85024088e-05,100
1693,Hybrid,mixture2,-1.33726150,8.60939757e-05,100
1694,Metropolis,metropolis,-1.33622899,3.83804563e-04,100
1694,Row-Update,mps2,-1.33722747,9.11352793e-05,100
1694,Hybrid,mixture2,-1.33725750,8.54305780e-05,100
1695,Metropolis,metropolis,-1.33624694,3.81113810e-04,100
1695,Row-Update,mps2,-1.33721648,9.12861496e-05,100
1695,Hybrid,mixture2,-1.33725687,8.57352273e-05,100
1696,Metropolis,metropolis,-1.33625295,3.81956220e-04,100
1696,Row-Update,mps2,-1.33722527,8.93507833e-05,100
1696,Hybrid,mixture2,-1.33728295,8.42617590e-05,100
1697,Metropolis,metropolis,-1.33623203,3.83901773e-04,100
1697,Row-Update,mps2,-1.33721159,9.23005559e-05,100
1697,Hybrid,mixture2,-1.33728458,8.49932236e-05,100
1698,Metropolis,metropolis,-1.33626447,3.79102760e-04,100
1698,Row-Update,mps2,-1.33722914,9.12714061e-05,100
1698,Hybrid,mixture2,-1.33727405,8.75939088e-05,100
1699,Metropolis,metropolis,-1.33626951,3.79606451e-04,100
1699,Row-Update,mps2,-1.33723011,9.03778725e-05,100
1699,Hybrid,mixture2,-1.33727329,8.62334415e-05,100
1700,Metropolis,metropolis,-1.33628323,3.78515763e-04,100
1700,Row-Update,mps2,-1.33722775,8.99163725e-05,100
1700,Hybrid,mixture2,-1.33726942,8.51464072e-05,100
1701,Metropolis,metropolis,-1.33618394,3.97748396e-04,100
1701,Row-Update,mps2,-1.33723185,9.15392789e-05,100
1701,Hybrid,mixture2,-1.33727784,8.56950572e-05,100
1702,Metropolis,metropolis,-1.33618029,3.93986413e-04,100
1702,Row-Update,mps2,-1.33722661,9.37121337e-05,100
1702,Hybrid,mixture2,-1.33725081,8.93233093e-05,100
1703,Metropolis,metropolis,-1.33619705,3.87716982e-04,100
1703,Row-Update,mps2,-1.33720618,9.29357015e-05,100
1703,Hybrid,mixture2,-1.33727813,8.54023143e-05,100
1704,Metropolis,metropolis,-1.33622343,3.84225871e-04,100
1704,Row-Update,mps2,-1.33722476,8.99289581e-05,100
1704,Hybrid,mixture2,-1.33725255,8.68244743e-05,100
1705,Metropolis,metropolis,-1.33626671,3.77842652e-04,100
1705,Row-Update,mps2,-1.33724206,8.79741240e-05,100
1705,Hybrid,mixture2,-1.33728376,8.50133865e-05,100
1706,Metropolis,metropolis,-1.33625586,3.77898061e-04,100
1706,Row-Update,mps2,-1.33722344,8.88529994e-05,100
1706,Hybrid,mixture2,-1.33729424,8.54855948e-05,100
1707,Metropolis,metropolis,-1.33622272,3.81805709e-04,100
1707,Row-Update,mps2,-1.33722834,8.66783643e-05,100
1707,Hybrid,mixture2,-1.33728650,8.50340117e-05,100
1708,Metropolis,metropolis,-1.33625610,3.79523682e-04,100
1708,Row-Update,mps2,-1.33723029,8.83078455e-05,100
1708,Hybrid,mixture2,-1.33728549,8.43196352e-05,100
1709,Metropolis,metropolis,-1.33626510,3.77021170e-04,100
1709,Row-Update,mps2,-1.33722393,9.08344933e-05,100
1709,Hybrid,mixture2,-1.33728544,8.55789954e-05,100
1710,Metropolis,metropolis,-1.33626180,3.77995326e-04,100
1710,Row-Update,mps2,-1.33723964,8.73576942e-05,100
1710,Hybrid,mixture2,-1.33729059,8.41448144e-05,100
1711,Metropolis,metropolis,-1.33626898,3.77402036e-04,100
1711,Row-Update,mps2,-1.33723942,8.71900995e-05,100
1711,Hybrid,mixture2,-1.33729850,8.53542184e-05,100
1712,Metropolis,metropolis,-1.33626607,3.78371726e-04,100
1712,Row-Update,mps2,-1.33722062,8.90363885e-05,100
1712,Hybrid,mixture2,-1.33728162,8.56204838e-05,100
1713,Metropolis,metropolis,-1.33623830,3.79657879e-04,100
1713,Row-Update,mps2,-1.33723793,8.73028836e-05,100
1713,Hybrid,mixture2,-1.33727609,8.45280148e-05,100
1714,Metropolis,metropolis,-1.33626430,3.77862890e-04,100
1714,Row-Update,mps2,-1.33723836,8.82910398e-05,100
1714,Hybrid,mixture2,-1.33727640,8.53937257e-05,100
1715,Metropolis,metropolis,-1.33626188,3.79014735e-04,100
1715,Row-Update,mps2,-1.33721863,8.75326909e-05,100
1715,Hybrid,mixture2,-1.33729624,8.45845056e-05,100
1716,Metropolis,metropolis,-1.33628301,3.77395770e-04,100
1716,Row-Update,mps2,-1.33721910,9.23136630e-05,100
1716,Hybrid,mixture2,-1.33727775,8.55874601e-05,100
1717,Metropolis,metropolis,-1.33626810,3.78054026e-04,100
1717,Row-Update,mps2,-1.33722036,8.94104635e-05,100
1717,Hybrid,mixture2,-1.33728436,8.60862090e-05,100
1718,Metropolis,metropolis,-1.33628657,3.77216327e-04,100
1718,Row-Update,mps2,-1.33724293,8.63694700e-05,100
1718,Hybrid,mixture2,-1.33726966,8.58942046e-05,100
1719,Metropolis,metropolis,-1.33627565,3.77704443e-04,100
1719,Row-Update,mps2,-1.33722510,8.75039952e-05,100
1719,Hybrid,mixture2,-1.33727479,8.61462879e-05,100
1720,Metropolis,metropolis,-1.33627843,3.77230265e-04,100
1720,Row-Update,mps2,-1.33722454,8.76827046e-05,100
1720,Hybrid,mixture2,-1.33728763,8.49938762e-05,100
1721,Metropolis,metropolis,-1.33627640,3.77353895e-04,100
1721,Row-Update,mps2,-1.33723299,8.74570477e-05,100
1721,Hybrid,mixture2,-1.33729547,8.49633277e-05,100
1722,Metropolis,metropolis,-1.33627293,3.79158872e-04,100
1722,Row-Update,mps2,-1.33723288,8.84110015e-05,100
1722,Hybrid,mixture2,-1.33727892,8.70835106e-05,100
1723,Metropolis,metropolis,-1.33629968,3.77651111e-04,100
1723,Row-Update,mps2,-1.33723507,8.90325515e-05,100
1723,Hybrid,mixture2,-1.33727691,8.62054042e-05,100
1724,Metropolis,metropolis,-1.33628852,3.78004537e-04,100
1724,Row-Update,mps2,-1.33721863,8.94117909e-05,100
1724,Hybrid,mixture2,-1.33727835,8.64249234e-05,100
1725,Metropolis,metropolis,-1.33630170,3.77367988e-04,100
1725,Row-Update,mps2,-1.33722692,9.04234606e-05,100
1725,Hybrid,mixture2,-1.33727855,8.64013399e-05,100
1726,Metropolis,metropolis,-1.33629126,3.78732664e-04,100
1726,Row-Update,mps2,-1.33722994,8.63493971e-05,100
1726,Hybrid,mixture2,-1.33728406,8.62797538e-05,100
1727,Metropolis,metropolis,-1.33630115,3.77052489e-04,100
1727,Row-Update,mps2,-1.33722693,8.87248679e-05,100
1727,Hybrid,mixture2,-1.33726791,8.61132316e-05,100
1728,Metropolis,metropolis,-1.33629704,3.77566051e-04,100
1728,Row-Update,mps2,-1.33721584,8.97856193e-05,100
1728,Hybrid,mixture2,-1.33728928,8.66712858e-05,100
1729,Metropolis,metropolis,-1.33629736,3.76720613e-04,100
1729,Row-Update,mps2,-1.33722652,8.84191546e-05,100
1729,Hybrid,mixture2,-1.33727233,8.74397612e-05,100
1730,Metropolis,metropolis,-1.33630765,3.76906028e-04,100
1730,Row-Update,mps2,-1.33722264,8.79818682e-05,100
1730,Hybrid,mixture2,-1.33727598,8.67990024e-05,100
1731,Metropolis,metropolis,-1.33631550,3.76965445e-04,100
1731,Row-Update,mps2,-1.33724464,8.75620043e-05,100
1731,Hybrid,mixture2,-1.33727619,8.60139604e-05,100
1732,Metropolis,metropolis,-1.33630913,3.76680819e-04,100
1732,Row-Update,mps2,-1.33725197,8.71856342e-05,100
1732,Hybrid,mixture2,-1.33727324,8.63468780e-05,100
1733,Metropolis,metropolis,-1.33629423,3.77384518e-04,100
1733,Row-Update,mps2,-1.33723263,8.75392762e-05,100
1733,Hybrid,mixture2,-1.33728183,8.59839433e-05,100
1734,Metropolis,metropolis,-1.33631322,3.76019220e-04,100
1734,Row-Update,mps2,-1.33723623,8.70865118e-05,100
1734,Hybrid,mixture2,-1.33728875,8.54439715e-05,100
1735,Metropolis,metropolis,-1.33633057,3.76985728e-04,100
1735,Row-Update,mps2,-1.33726831,8.58418148e-05,100
1735,Hybrid,mixture2,-1.33728551,8.55600772e-05,100
1736,Metropolis,metropolis,-1.33632313,3.77185695e-04,100
1736,Row-Update,mps2,-1.33725450,8.66240813e-05,100
1736,Hybrid,mixture2,-1.33727576,8.66352283e-05,100
1737,Metropolis,metropolis,-1.33631722,3.77941120e-04,100
1737,Row-Update,mps2,-1.33724594,8.88027057e-05,100
1737,Hybrid,mixture2,-1.33729280,8.55620609e-05,100
1738,Metropolis,metropolis,-1.33630308,3.78046567e-04,100
1738,Row-Update,mps2,-1.33726429,8.65244781e-05,100
1738,Hybrid,mixture2,-1.33728039,8.47765047e-05,100
1739,Metropolis,metropolis,-1.33630812,3.77754995e-04,100
1739,Row-Update,mps2,-1.33724620,8.93458009e-05,100
1739,Hybrid,mixture2,-1.33729149,8.46084709e-05,100
1740,Metropolis,metropolis,-1.33631200,3.77201742e-04,100
1740,Row-Update,mps2,-1.33726660,8.83015025e-05,100
1740,Hybrid,mixture2,-1.33728231,8.64356948e-05,100
1741,Metropolis,metropolis,-1.33631700,3.78117295e-04,100
1741,Row-Update,mps2,-1.33724786,8.56568555e-05,100
1741,Hybrid,mixture2,-1.33729081,8.59440284e-05,100
1742,Metropolis,metropolis,-1.33632810,3.76772680e-04,100
1742,Row-Update,mps2,-1.33724155,8.75478986e-05,100
1742,Hybrid,mixture2,-1.33727317,8.65698962e-05,100
1743,Metropolis,metropolis,-1.33628217,3.78243682e-04,100
1743,Row-Update,mps2,-1.33723642,9.15018888e-05,100
1743,Hybrid,mixture2,-1.33726378,8.60373630e-05,100
1744,Metropolis,metropolis,-1.33629547,3.77247811e-04,100
1744,Row-Update,mps2,-1.33722683,9.11873913e-05,100
1744,Hybrid,mixture2,-1.33727455,8.39449073e-05,100
1745,Metropolis,metropolis,-1.33632462,3.77554052e-04,100
1745,Row-Update,mps2,-1.33727323,8.66836281e-05,100
1745,Hybrid,mixture2,-1.33728146,8.44355544e-05,100
1746,Metropolis,metropolis,-1.33627751,3.78526565e-04,100
1746,Row-Update,mps2,-1.33724742,8.87407397e-05,100
1746,Hybrid,mixture2,-1.33727608,8.51399413e-05,100
1747,Metropolis,metropolis,-1.33627332,3.78758752e-04,100
1747,Row-Update,mps2,-1.33724896,8.76191006e-05,100
1747,Hybrid,mixture2,-1.33728084,8.46557618e-05,100
1748,Metropolis,metropolis,-1.33630921,3.77955342e-04,100
1748,Row-Update,mps2,-1.33726918,8.60601169e-05,100
1748,Hybrid,mixture2,-1.33730147,8.53063815e-05,100
1749,Metropolis,metropolis,-1.33632337,3.77436335e-04,100
1749,Row-Update,mps2,-1.33728309,8.46814741e-05,100
1749,Hybrid,mixture2,-1.33728779,8.63738696e-05,100
1750,Metropolis,metropolis,-1.33631589,3.76660368e-04,100
1750,Row-Update,mps2,-1.33727720,8.37182905e-05,100
1750,Hybrid,mixture2,-1.33729617,8.50254457e-05,100
1751,Metropolis,metropolis,-1.33631032,3.76903531e-04,100
1751,Row-Update,mps2,-1.33726191,8.64956408e-05,100
1751,Hybrid,mixture2,-1.33728599,8.47892940e-05,100
1752,Metropolis,metropolis,-1.33630076,3.77033203e-04,100
1752,Row-Update,mps2,-1.33727343,8.76773113e-05,100
1752,Hybrid,mixture2,-1.33728395,8.55781446e-05,100
1753,Metropolis,metropolis,-1.33629971,3.77212840e-04,100
1753,Row-Update,mps2,-1.33727660,8.56803011e-05,100
1753,Hybrid,mixture2,-1.33727701,8.36412501e-05,100
1754,Metropolis,metropolis,-1.33627899,3.77227254e-04,100
1754,Row-Update,mps2,-1.33724366,8.88269110e-05,100
1754,Hybrid,mixture2,-1.33730695,8.55290368e-05,100
1755,Metropolis,metropolis,-1.33629481,3.76664844e-04,100
1755,Row-Update,mps2,-1.33725615,8.89221004e-05,100
1755,Hybrid,mixture2,-1.33727934,8.70718920e-05,100
1756,Metropolis,metropolis,-1.33629381,3.77693568e-04,100
1756,Row-Update,mps2,-1.33725053,8.99042771e-05,100
1756,Hybrid,mixture2,-1.33727915,8.65100307e-05,100
1757,Metropolis,metropolis,-1.33624350,3.84193327e-04,100
1757,Row-Update,mps2,-1.33725440,9.00354066e-05,100
1757,Hybrid,mixture2,-1.33727015,8.62322555e-05,100
1758,Metropolis,metropolis,-1.33619916,3.98089162e-04,100
1758,Row-Update,mps2,-1.33725601,8.99484849e-05,100
1758,Hybrid,mixture2,-1.33728295,8.45939302e-05,100
1759,Metropolis,metropolis,-1.33628319,3.79670563e-04,100
1759,Row-Update,mps2,-1.33724397,9.10923063e-05,100
1759,Hybrid,mixture2,-1.33729862,8.32453373e-05,100
1760,Metropolis,metropolis,-1.33630694,3.78938373e-04,100
1760,Row-Update,mps2,-1.33726349,9.12573539e-05,100
1760,Hybrid,mixture2,-1.33730440,8.48339190e-05,100
1761,Metropolis,metropolis,-1.33629000,3.78226215e-04,100
1761,Row-Update,mps2,-1.33725789,8.87241408e-05,100
1761,Hybrid,mixture2,-1.33729966,8.58494699e-05,100
1762,Metropolis,metropolis,-1.33627978,3.78384388e-04,100
1762,Row-Update,mps2,-1.33725219,9.17663835e-05,100
1762,Hybrid,mixture2,-1.33729315,8.35041669e-05,100
1763,Metropolis,metropolis,-1.33631188,3.78180762e-04,100
1763,Row-Update,mps2,-1.33724655,9.17766840e-05,100
1763,Hybrid,mixture2,-1.33729121,8.49384570e-05,100
1764,Metropolis,metropolis,-1.33629409,3.77795715e-04,100
1764,Row-Update,mps2,-1.33724015,9.10056383e-05,100
1764,Hybrid,mixture2,-1.33728779,8.51135270e-05,100
1765,Metropolis,metropolis,-1.33629505,3.79705988e-04,100
1765,Row-Update,mps2,-1.33724273,9.16867796e-05,100
1765,Hybrid,mixture2,-1.33729875,8.27724419e-05,100
1766,Metropolis,metropolis,-1.33629554,3.78447149e-04,100
1766,Row-Update,mps2,-1.33725420,8.96580219e-05,100
1766,Hybrid,mixture2,-1.33730200,8.40634057e-05,100
1767,Metropolis,metropolis,-1.33632224,3.78463497e-04,100
1767,Row-Update,mps2,-1.33726043,8.88175681e-05,100
1767,Hybrid,mixture2,-1.33730981,8.44028973e-05,100
1768,Metropolis,metropolis,-1.33629881,3.78018468e-04,100
1768,Row-Update,mps2,-1.33725208,9.06440322e-05,100
1768,Hybrid,mixture2,-1.33731073,8.40009506e-05,100
1769,Metropolis,metropolis,-1.33632184,3.77566587e-04,100
1769,Row-Update,mps2,-1.33726329,8.80903730e-05,100
1769,Hybrid,mixture2,-1.33729342,8.41328694e-05,100
1770,Metropolis,metropolis,-1.33631323,3.77945112e-04,100
1770,Row-Update,mps2,-1.33727322,8.62574544e-05,100
1770,Hybrid,mixture2,-1.33729774,8.51966635e-05,100
1771,Metropolis,metropolis,-1.33627403,3.81399687e-04,100
1771,Row-Update,mps2,-1.33727346,8.66954772e-05,100
1771,Hybrid,mixture2,-1.33731357,8.38650753e-05,100
1772,Metropolis,metropolis,-1.33629147,3.78819084e-04,100
1772,Row-Update,mps2,-1.33725617,8.70852389e-05,100
1772,Hybrid,mixture2,-1.33728486,8.48284857e-05,100
1773,Metropolis,metropolis,-1.33628685,3.78333369e-04,100
1773,Row-Update,mps2,-1.33726767,8.57717390e-05,100
1773,Hybrid,mixture2,-1.33729947,8.48396191e-05,100
1774,Metropolis,metropolis,-1.33630450,3.78522204e-04,100
1774,Row-Update,mps2,-1.33725849,8.94792605e-05,100
1774,Hybrid,mixture2,-1.33728939,8.79854883e-05,100
1775,Metropolis,metropolis,-1.33624254,3.87622779e-04,100
1775,Row-Update,mps2,-1.33726753,8.80133280e-05,100
1775,Hybrid,mixture2,-1.33730889,8.54278013e-05,100
1776,Metropolis,metropolis,-1.33628439,3.80918064e-04,100
1776,Row-Update,mps2,-1.33725390,8.97009594e-05,100
1776,Hybrid,mixture2,-1.33731605,8.28517538e-05,100
1777,Metropolis,metropolis,-1.33630191,3.78259807e-04,100
1777,Row-Update,mps2,-1.33725732,9.04816871e-05,100
1777,Hybrid,mixture2,-1.33728687,8.47253571e-05,100
1778,Metropolis,metropolis,-1.33628217,3.80691388e-04,100
1778,Row-Update,mps2,-1.33726141,8.71727696e-05,100
1778,Hybrid,mixture2,-1.33730662,8.46679584e-05,100
1779,Metropolis,metropolis,-1.33629447,3.79514458e-04,100
1779,Row-Update,mps2,-1.33726170,8.65468461e-05,100
1779,Hybrid,mixture2,-1.33730844,8.38889130e-05,100
1780,Metropolis,metropolis,-1.33630029,3.78440351e-04,100
1780,Row-Update,mps2,-1.33727309,8.73422824e-05,100
1780,Hybrid,mixture2,-1.33729930,8.47688024e-05,100
1781,Metropolis,metropolis,-1.33631050,3.77182386e-04,100
1781,Row-Update,mps2,-1.33726856,8.76272246e-05,100
1781,Hybrid,mixture2,-1.33731138,8.66187130e-05,100
1782,Metropolis,metropolis,-1.33631515,3.78153462e-04,100
1782,Row-Update,mps2,-1.33726346,8.75554210e-05,100
1782,Hybrid,mixture2,-1.33731143,8.48509880e-05,100
1783,Metropolis,metropolis,-1.33631088,3.79483289e-04,100
1783,Row-Update,mps2,-1.33725709,8.81139392e-05,100
1783,Hybrid,mixture2,-1.33731117,8.37784027e-05,100
1784,Metropolis,metropolis,-1.33631573,3.79638178e-04,100
1784,Row-Update,mps2,-1.33725512,8.87747193e-05,100
1784,Hybrid,mixture2,-1.33731262,8.30725394e-05,100
1785,Metropolis,metropolis,-1.33626944,3.79111101e-04,100
1785,Row-Update,mps2,-1.33725673,9.02380300e-05,100
1785,Hybrid,mixture2,-1.33729706,8.60518426e-05,100
1786,Metropolis,metropolis,-1.33630851,3.79195715e-04,100
1786,Row-Update,mps2,-1.33726329,8.54446771e-05,100
1786,Hybrid,mixture2,-1.33728328,8.61569535e-05,100
1787,Metropolis,metropolis,-1.33630256,3.78091362e-04,100
1787,Row-Update,mps2,-1.33724474,8.62363715e-05,100
1787,Hybrid,mixture2,-1.33727271,8.64956316e-05,100
1788,Metropolis,metropolis,-1.33631631,3.77863121e-04,100
1788,Row-Update,mps2,-1.33727134,8.62474003e-05,100
1788,Hybrid,mixture2,-1.33729076,8.51878462e-05,100
1789,Metropolis,metropolis,-1.33630327,3.77702531e-04,100
1789,Row-Update,mps2,-1.33726553,8.74530318e-05,100
1789,Hybrid,mixture2,-1.33730656,8.40175017e-05,100
1790,Metropolis,metropolis,-1.33630635,3.78292485e-04,100
1790,Row-Update,mps2,-1.33723440,9.30742330e-05,100
1790,Hybrid,mixture2,-1.33730797,8.39608970e-05,100
1791,Metropolis,metropolis,-1.33631562,3.78063355e-04,100
1791,Row-Update,mps2,-1.33722583,8.95482829e-05,100
1791,Hybrid,mixture2,-1.33726177,8.67138610e-05,100
1792,Metropolis,metropolis,-1.33632736,3.78225421e-04,100
1792,Row-Update,mps2,-1.33726703,8.65678899e-05,100
1792,Hybrid,mixture2,-1.33727976,8.61604489e-05,100
1793,Metropolis,metropolis,-1.33633016,3.77660126e-04,100
1793,Row-Update,mps2,-1.33723111,9.50019058e-05,100
1793,Hybrid,mixture2,-1.33729420,8.64147978e-05,100
1794,Metropolis,metropolis,-1.33634711,3.78178947e-04,100
1794,Row-Update,mps2,-1.33723914,9.25972874e-05,100
1794,Hybrid,mixture2,-1.33729546,8.49679439e-05,100
1795,Metropolis,metropolis,-1.33633512,3.77151713e-04,100
1795,Row-Update,mps2,-1.33725140,8.92259292e-05,100
1795,Hybrid,mixture2,-1.33730562,8.63616255e-05,100
1796,Metropolis,metropolis,-1.33634185,3.77498239e-04,100
1796,Row-Update,mps2,-1.33725046,8.94854274e-05,100
1796,Hybrid,mixture2,-1.33729666,8.56624386e-05,100
1797,Metropolis,metropolis,-1.33634539,3.77695027e-04,100
1797,Row-Update,mps2,-1.33723340,8.98542137e-05,100
1797,Hybrid,mixture2,-1.33729986,8.62034528e-05,100
1798,Metropolis,metropolis,-1.33634376,3.77886809e-04,100
1798,Row-Update,mps2,-1.33725319,8.82765779e-05,100
1798,Hybrid,mixture2,-1.33730512,8.52675523e-05,100
1799,Metropolis,metropolis,-1.33634227,3.77413343e-04,100
1799,Row-Update,mps2,-1.33723958,8.89710285e-05,100
1799,Hybrid,mixture2,-1.33730990,8.48978913e-05,100
1800,Metropolis,metropolis,-1.33634394,3.77979530e-04,100
1800,Row-Update,mps2,-1.33725164,8.65671924e-05,100
1800,Hybrid,mixture2,-1.33731899,8.40513443e-05,100
1801,Metropolis,metropolis,-1.33635240,3.78373908e-04,100
1801,Row-Update,mps2,-1.33725583,8.74781597e-05,100
1801,Hybrid,mixture2,-1.33732385,8.54184858e-05,100
1802,Metropolis,metropolis,-1.33634167,3.77442876e-04,100
1802,Row-Update,mps2,-1.33725952,8.61750155e-05,100
1802,Hybrid,mixture2,-1.33729829,8.57486298e-05,100
1803,Metropolis,metropolis,-1.33635168,3.77882722e-04,100
1803,Row-Update,mps2,-1.33727317,8.68978265e-05,100
1803,Hybrid,mixture2,-1.33731713,8.56485185e-05,100
1804,Metropolis,metropolis,-1.33633953,3.78531523e-04,100
1804,Row-Update,mps2,-1.33724905,8.88548225e-05,100
1804,Hybrid,mixture2,-1.33730353,8.64363390e-05,100
1805,Metropolis,metropolis,-1.33634225,3.77824047e-04,100
1805,Row-Update,mps2,-1.33724609,8.85818149e-05,100
1805,Hybrid,mixture2,-1.33732079,8.41479040e-05,100
1806,Metropolis,metropolis,-1.33633699,3.78256314e-04,100
1806,Row-Update,mps2,-1.33725271,8.93180959e-05,100
1806,Hybrid,mixture2,-1.33730006,8.55865422e-05,100
1807,Metropolis,metropolis,-1.33634911,3.77978177e-04,100
1807,Row-Update,mps2,-1.33724533,9.40405721e-05,100
1807,Hybrid,mixture2,-1.33730400,8.48360385e-05,100
1808,Metropolis,metropolis,-1.33635005,3.77996554e-04,100
1808,Row-Update,mps2,-1.33725194,8.79671183e-05,100
1808,Hybrid,mixture2,-1.33731163,8.31554264e-05,100
1809,Metropolis,metropolis,-1.33634079,3.78133411e-04,100
1809,Row-Update,mps2,-1.33727878,8.86462121e-05,100
1809,Hybrid,mixture2,-1.33732846,8.30452331e-05,100
1810,Metropolis,metropolis,-1.33631136,3.78866682e-04,100
1810,Row-Update,mps2,-1.33727733,8.79667341e-05,100
1810,Hybrid,mixture2,-1.33732410,8.39669553e-05,100
1811,Metropolis,metropolis,-1.33632591,3.79244391e-04,100
1811,Row-Update,mps2,-1.33726744,8.82533618e-05,100
1811,Hybrid,mixture2,-1.33732160,8.36414691e-05,100
1812,Metropolis,metropolis,-1.33633912,3.77772012e-04,100
1812,Row-Update,mps2,-1.33726040,8.81687219e-05,100
1812,Hybrid,mixture2,-1.33732307,8.47438157e-05,100
1813,Metropolis,metropolis,-1.33634663,3.77590614e-04,100
1813,Row-Update,mps2,-1.33726940,8.87517791e-05,100
1813,Hybrid,mixture2,-1.33731807,8.52498758e-05,100
1814,Metropolis,metropolis,-1.33633393,3.78010692e-04,100
1814,Row-Update,mps2,-1.33728924,8.66853741e-05,100
1814,Hybrid,mixture2,-1.33731797,8.56066788e-05,100
1815,Metropolis,metropolis,-1.33634398,3.79250520e-04,100
1815,Row-Update,mps2,-1.33726570,8.83819407e-05,100
1815,Hybrid,mixture2,-1.33731637,8.39193721e-05,100
1816,Metropolis,metropolis,-1.33634145,3.77516318e-04,100
1816,Row-Update,mps2,-1.33729225,8.58555199e-05,100
1816,Hybrid,mixture2,-1.33729521,8.50844679e-05,100
1817,Metropolis,metropolis,-1.33630611,3.80346907e-04,100
1817,Row-Update,mps2,-1.33727052,9.00877657e-05,100
1817,Hybrid,mixture2,-1.33731808,8.34959516e-05,100
1818,Metropolis,metropolis,-1.33625544,3.90054843e-04,100
1818,Row-Update,mps2,-1.33728325,8.51275796e-05,100
1818,Hybrid,mixture2,-1.33731763,8.27698767e-05,100
1819,Metropolis,metropolis,-1.33625626,3.85355106e-04,100
1819,Row-Update,mps2,-1.33728695,8.75922193e-05,100
1819,Hybrid,mixture2,-1.33732085,8.62195810e-05,100
1820,Metropolis,metropolis,-1.33626937,3.82290889e-04,100
1820,Row-Update,mps2,-1.33728976,8.76165743e-05,100
1820,Hybrid,mixture2,-1.33732690,8.47918345e-05,100
1821,Metropolis,metropolis,-1.33631060,3.80055935e-04,100
1821,Row-Update,mps2,-1.33726501,8.86723870e-05,100
1821,Hybrid,mixture2,-1.33733175,8.30340941e-05,100
1822,Metropolis,metropolis,-1.33632660,3.79647883e-04,100
1822,Row-Update,mps2,-1.33727217,8.76856685e-05,100
1822,Hybrid,mixture2,-1.33732856,8.45610587e-05,100
1823,Metropolis,metropolis,-1.33633623,3.78185555e-04,100
1823,Row-Update,mps2,-1.33725198,8.97132479e-05,100
1823,Hybrid,mixture2,-1.33733902,8.20291110e-05,100
1824,Metropolis,metropolis,-1.33627380,3.81478247e-04,100
1824,Row-Update,mps2,-1.33729069,8.71333341e-05,100
1824,Hybrid,mixture2,-1.33732911,8.32043763e-05,100
1825,Metropolis,metropolis,-1.33626293,3.82040630e-04,100
1825,Row-Update,mps2,-1.33728928,8.57548476e-05,100
1825,Hybrid,mixture2,-1.33731833,8.44214010e-05,100
1826,Metropolis,metropolis,-1.33631411,3.78142992e-04,100
1826,Row-Update,mps2,-1.33728941,8.66166309e-05,100
1826,Hybrid,mixture2,-1.33731066,8.39152371e-05,100
1827,Metropolis,metropolis,-1.33631119,3.80830111e-04,100
1827,Row-Update,mps2,-1.33729070,8.58665096e-05,100
1827,Hybrid,mixture2,-1.33728370,8.86335253e-05,100
1828,Metropolis,metropolis,-1.33631123,3.78794765e-04,100
1828,Row-Update,mps2,-1.33725501,9.05924210e-05,100
1828,Hybrid,mixture2,-1.33727853,8.83948456e-05,100
1829,Metropolis,metropolis,-1.33629739,3.78287922e-04,100
1829,Row-Update,mps2,-1.33726234,8.70904046e-05,100
1829,Hybrid,mixture2,-1.33729093,8.59595180e-05,100
1830,Metropolis,metropolis,-1.33631845,3.79160676e-04,100
1830,Row-Update,mps2,-1.33725689,8.85722626e-05,100
1830,Hybrid,mixture2,-1.33729792,8.64035098e-05,100
1831,Metropolis,metropolis,-1.33631558,3.78658124e-04,100
1831,Row-Update,mps2,-1.33728118,8.58649652e-05,100
1831,Hybrid,mixture2,-1.33731645,8.58644157e-05,100
1832,Metropolis,metropolis,-1.33633133,3.78156290e-04,100
1832,Row-Update,mps2,-1.33728407,8.69694685e-05,100
1832,Hybrid,mixture2,-1.33729324,8.67712720e-05,100
1833,Metropolis,metropolis,-1.33633028,3.77556192e-04,100
1833,Row-Update,mps2,-1.33729121,8.70106833e-05,100
1833,Hybrid,mixture2,-1.33730979,8.53821042e-05,100
1834,Metropolis,metropolis,-1.33630838,3.78044311e-04,100
1834,Row-Update,mps2,-1.33727831,8.57344852e-05,100
1834,Hybrid,mixture2,-1.33729462,8.45769011e-05,100
1835,Metropolis,metropolis,-1.33631811,3.78085323e-04,100
1835,Row-Update,mps2,-1.33725480,8.94727200e-05,100
1835,Hybrid,mixture2,-1.33730534,8.52455876e-05,100
1836,Metropolis,metropolis,-1.33632207,3.78754394e-04,100
1836,Row-Update,mps2,-1.33730777,8.68619239e-05,100
1836,Hybrid,mixture2,-1.33730564,8.54895352e-05,100
1837,Metropolis,metropolis,-1.33633328,3.78196090e-04,100
1837,Row-Update,mps2,-1.33728415,8.73464838e-05,100
1837,Hybrid,mixture2,-1.33729594,8.88167139e-05,100
1838,Metropolis,metropolis,-1.33634096,3.77362494e-04,100
1838,Row-Update,mps2,-1.33728363,8.97514979e-05,100
1838,Hybrid,mixture2,-1.33731433,8.52311128e-05,100
1839,Metropolis,metropolis,-1.33634170,3.78876512e-04,100
1839,Row-Update,mps2,-1.33727309,8.99454454e-05,100
1839,Hybrid,mixture2,-1.33731348,8.47620526e-05,100
1840,Metropolis,metropolis,-1.33634540,3.77407717e-04,100
1840,Row-Update,mps2,-1.33728029,8.78472373e-05,100
1840,Hybrid,mixture2,-1.33731916,8.50449697e-05,100
1841,Metropolis,metropolis,-1.33635184,3.78241842e-04,100
1841,Row-Update,mps2,-1.33729680,8.59233142e-05,100
1841,Hybrid,mixture2,-1.33732151,8.37648793e-05,100
1842,Metropolis,metropolis,-1.33632025,3.78723606e-04,100
1842,Row-Update,mps2,-1.33728620,8.79768975e-05,100
1842,Hybrid,mixture2,-1.33731913,8.52872104e-05,100
1843,Metropolis,metropolis,-1.33632216,3.78942280e-04,100
1843,Row-Update,mps2,-1.33729323,8.75222426e-05,100
1843,Hybrid,mixture2,-1.33731454,8.41751524e-05,100
1844,Metropolis,metropolis,-1.33633663,3.78120421e-04,100
1844,Row-Update,mps2,-1.33727871,9.01059616e-05,100
1844,Hybrid,mixture2,-1.33732074,8.61264767e-05,100
1845,Metropolis,metropolis,-1.33632286,3.79259128e-04,100
1845,Row-Update,mps2,-1.33726496,9.51118481e-05,100
1845,Hybrid,mixture2,-1.33732963,8.31665678e-05,100
1846,Metropolis,metropolis,-1.33631115,3.78550615e-04,100
1846,Row-Update,mps2,-1.33725622,9.16295223e-05,100
1846,Hybrid,mixture2,-1.33732549,8.55327188e-05,100
1847,Metropolis,metropolis,-1.33634017,3.78305862e-04,100
1847,Row-Update,mps2,-1.33728146,8.95141582e-05,100
1847,Hybrid,mixture2,-1.33731500,8.55436207e-05,100
1848,Metropolis,metropolis,-1.33633356,3.78179679e-04,100
1848,Row-Update,mps2,-1.33728729,8.75709747e-05,100
1848,Hybrid,mixture2,-1.33733181,8.29528614e-05,100
1849,Metropolis,metropolis,-1.33635564,3.78088558e-04,100
1849,Row-Update,mps2,-1.33726906,8.91752800e-05,100
1849,Hybrid,mixture2,-1.33731711,8.58318517e-05,100
1850,Metropolis,metropolis,-1.33634637,3.78535323e-04,100
1850,Row-Update,mps2,-1.33729205,8.70276571e-05,100
1850,Hybrid,mixture2,-1.33732339,8.54464833e-05,100
1851,Metropolis,metropolis,-1.33632938,3.78344809e-04,100
1851,Row-Update,mps2,-1.33726547,8.91838359e-05,100
1851,Hybrid,mixture2,-1.33732513,8.44709764e-05,100
1852,Metropolis,metropolis,-1.33635200,3.77796385e-04,100
1852,Row-Update,mps2,-1.33723004,9.84198567e-05,100
1852,Hybrid,mixture2,-1.33732350,8.51397493e-05,100
1853,Metropolis,metropolis,-1.33632673,3.77795036e-04,100
1853,Row-Update,mps2,-1.33724057,9.25909105e-05,100
1853,Hybrid,mixture2,-1.33732744,8.49622039e-05,100
1854,Metropolis,metropolis,-1.33633007,3.78596764e-04,100
1854,Row-Update,mps2,-1.33724269,9.20412347e-05,100
1854,Hybrid,mixture2,-1.33733502,8.54366614e-05,100
1855,Metropolis,metropolis,-1.33633141,3.77412827e-04,100
1855,Row-Update,mps2,-1.33727420,8.85797380e-05,100
1855,Hybrid,mixture2,-1.33733383,8.58783118e-05,100
1856,Metropolis,metropolis,-1.33631833,3.78603535e-04,100
1856,Row-Update,mps2,-1.33727254,8.86845804e-05,100
1856,Hybrid,mixture2,-1.33733828,8.62892721e-05,100
1857,Metropolis,metropolis,-1.33631994,3.77747485e-04,100
1857,Row-Update,mps2,-1.33726519,8.88102247e-05,100
1857,Hybrid,mixture2,-1.33731990,8.71639149e-05,100
1858,Metropolis,metropolis,-1.33633729,3.77586101e-04,100
1858,Row-Update,mps2,-1.33725399,8.99404257e-05,100
1858,Hybrid,mixture2,-1.33732130,8.66893069e-05,100
1859,Metropolis,metropolis,-1.33632772,3.77431487e-04,100
1859,Row-Update,mps2,-1.33724007,9.66941142e-05,100
1859,Hybrid,mixture2,-1.33731735,8.62449328e-05,100
1860,Metropolis,metropolis,-1.33633189,3.78690521e-04,100
1860,Row-Update,mps2,-1.33723463,9.73022163e-05,100
1860,Hybrid,mixture2,-1.33732165,8.41633825e-05,100
1861,Metropolis,metropolis,-1.33634961,3.78580144e-04,100
1861,Row-Update,mps2,-1.33725615,9.49461992e-05,100
1861,Hybrid,mixture2,-1.33733170,8.39805386e-05,100
1862,Metropolis,metropolis,-1.33633205,3.77677458e-04,100
1862,Row-Update,mps2,-1.33725908,9.10587424e-05,100
1862,Hybrid,mixture2,-1.33733484,8.28294273e-05,100
1863,Metropolis,metropolis,-1.33635221,3.78387727e-04,100
1863,Row-Update,mps2,-1.33728950,8.77535199e-05,100
1863,Hybrid,mixture2,-1.33733776,8.45090660e-05,100
1864,Metropolis,metropolis,-1.33633752,3.77969714e-04,100
1864,Row-Update,mps2,-1.33729213,8.73509233e-05,100
1864,Hybrid,mixture2,-1.33732492,8.49215482e-05,100
1865,Metropolis,metropolis,-1.33630981,3.77707624e-04,100
1865,Row-Update,mps2,-1.33728937,8.77941547e-05,100
1865,Hybrid,mixture2,-1.33730847,8.62335658e-05,100
1866,Metropolis,metropolis,-1.33633884,3.78073044e-04,100
1866,Row-Update,mps2,-1.33728433,8.58376918e-05,100
1866,Hybrid,mixture2,-1.33730870,8.61428726e-05,100
1867,Metropolis,metropolis,-1.33625627,3.80614771e-04,100
1867,Row-Update,mps2,-1.33728320,9.11040274e-05,100
1867,Hybrid,mixture2,-1.33733521,8.35537346e-05,100
1868,Metropolis,metropolis,-1.33630796,3.78838372e-04,100
1868,Row-Update,mps2,-1.33730193,8.79181506e-05,100
1868,Hybrid,mixture2,-1.33733502,8.36982213e-05,100
1869,Metropolis,metropolis,-1.33631990,3.78879945e-04,100
1869,Row-Update,mps2,-1.33728161,8.80986513e-05,100
1869,Hybrid,mixture2,-1.33733171,8.38426198e-05,100
1870,Metropolis,metropolis,-1.33629167,3.79403585e-04,100
1870,Row-Update,mps2,-1.33730591,8.90313185e-05,100
1870,Hybrid,mixture2,-1.33733523,8.38794649e-05,100
1871,Metropolis,metropolis,-1.33631880,3.78521079e-04,100
1871,Row-Update,mps2,-1.33726637,9.01425472e-05,100
1871,Hybrid,mixture2,-1.33732324,8.45561264e-05,100
1872,Metropolis,metropolis,-1.33632592,3.77648417e-04,100
1872,Row-Update,mps2,-1.33725124,9.45013703e-05,100
1872,Hybrid,mixture2,-1.33732942,8.41813081e-05,100
1873,Metropolis,metropolis,-1.33631074,3.78392286e-04,100
1873,Row-Update,mps2,-1.33728277,8.95282983e-05,100
1873,Hybrid,mixture2,-1.33730679,8.77098932e-05,100
1874,Metropolis,metropolis,-1.33631189,3.78175950e-04,100
1874,Row-Update,mps2,-1.33728483,8.78639775e-05,100
1874,Hybrid,mixture2,-1.33732089,8.43338816e-05,100
1875,Metropolis,metropolis,-1.33631593,3.77649244e-04,100
1875,Row-Update,mps2,-1.33731181,8.60036127e-05,100
1875,Hybrid,mixture2,-1.33731533,8.66786766e-05,100
1876,Metropolis,metropolis,-1.33633310,3.77832602e-04,100
1876,Row-Update,mps2,-1.33727433,9.21561789e-05,100
1876,Hybrid,mixture2,-1.33733484,8.37798976e-05,100
1877,Metropolis,metropolis,-1.33630669,3.78074561e-04,100
1877,Row-Update,mps2,-1.33727091,9.25977872e-05,100
1877,Hybrid,mixture2,-1.33731192,8.44172870e-05,100
1878,Metropolis,metropolis,-1.33632626,3.77822973e-04,100
1878,Row-Update,mps2,-1.33729669,8.78681760e-05,100
1878,Hybrid,mixture2,-1.33732795,8.51253224e-05,100
1879,Metropolis,metropolis,-1.33632276,3.77745874e-04,100
1879,Row-Update,mps2,-1.33729446,8.84805468e-05,100
1879,Hybrid,mixture2,-1.33732495,8.64158306e-05,100
1880,Metropolis,metropolis,-1.33633631,3.78524447e-04,100
1880,Row-Update,mps2,-1.33730634,8.68851656e-05,100
1880,Hybrid,mixture2,-1.33733556,8.59035934e-05,100
1881,Metropolis,metropolis,-1.33633693,3.78212411e-04,100
1881,Row-Update,mps2,-1.33731206,8.68260400e-05,100
1881,Hybrid,mixture2,-1.33732747,8.55537407e-05,100
1882,Metropolis,metropolis,-1.33635561,3.77784276e-04,100
1882,Row-Update,mps2,-1.33731043,8.89793167e-05,100
1882,Hybrid,mixture2,-1.33732379,8.57150108e-05,100
1883,Metropolis,metropolis,-1.33631437,3.78315973e-04,100
1883,Row-Update,mps2,-1.33730847,8.55002954e-05,100
1883,Hybrid,mixture2,-1.33733310,8.40641848e-05,100
1884,Metropolis,metropolis,-1.33632303,3.78722645e-04,100
1884,Row-Update,mps2,-1.33731281,8.70820082e-05,100
1884,Hybrid,mixture2,-1.33731564,8.57285037e-05,100
1885,Metropolis,metropolis,-1.33630809,3.78520388e-04,100
1885,Row-Update,mps2,-1.33731270,8.67952053e-05,100
1885,Hybrid,mixture2,-1.33733300,8.60338379e-05,100
1886,Metropolis,metropolis,-1.33633461,3.77619312e-04,100
1886,Row-Update,mps2,-1.33729285,9.10066370e-05,100
1886,Hybrid,mixture2,-1.33732114,8.57762788e-05,100
1887,Metropolis,metropolis,-1.33632425,3.77918850e-04,100
1887,Row-Update,mps2,-1.33732137,8.67639882e-05,100
1887,Hybrid,mixture2,-1.33732436,8.70756010e-05,100
1888,Metropolis,metropolis,-1.33636138,3.78125837e-04,100
1888,Row-Update,mps2,-1.33732844,8.54845211e-05,100
1888,Hybrid,mixture2,-1.33731883,8.39727877e-05,100
1889,Metropolis,metropolis,-1.33635617,3.76680183e-04,100
1889,Row-Update,mps2,-1.33732364,8.61881879e-05,100
1889,Hybrid,mixture2,-1.33732912,8.73491619e-05,100
1890,Metropolis,metropolis,-1.33634902,3.77805415e-04,100
1890,Row-Update,mps2,-1.33732492,8.70310027e-05,100
1890,Hybrid,mixture2,-1.33733932,8.70972623e-05,100
1891,Metropolis,metropolis,-1.33634911,3.78579903e-04,100
1891,Row-Update,mps2,-1.33730369,8.87494428e-05,100
1891,Hybrid,mixture2,-1.33732731,8.64306953e-05,100
1892,Metropolis,metropolis,-1.33632604,3.78020005e-04,100
1892,Row-Update,mps2,-1.33730209,8.69484650e-05,100
1892,Hybrid,mixture2,-1.33733924,8.57907893e-05,100
1893,Metropolis,metropolis,-1.33635267,3.78869008e-04,100
1893,Row-Update,mps2,-1.33731163,8.62265114e-05,100
1893,Hybrid,mixture2,-1.33733274,8.56795173e-05,100
1894,Metropolis,metropolis,-1.33624962,3.96367111e-04,100
1894,Row-Update,mps2,-1.33731645,8.53416439e-05,100
1894,Hybrid,mixture2,-1.33732131,8.79538367e-05,100
1895,Metropolis,metropolis,-1.33631106,3.81803570e-04,100
1895,Row-Update,mps2,-1.33729210,8.72513054e-05,100
1895,Hybrid,mixture2,-1.33732909,8.71373194e-05,100
1896,Metropolis,metropolis,-1.33626760,3.84264161e-04,100
1896,Row-Update,mps2,-1.33732750,8.51853498e-05,100
1896,Hybrid,mixture2,-1.33731073,8.72168738e-05,100
1897,Metropolis,metropolis,-1.33631734,3.78667929e-04,100
1897,Row-Update,mps2,-1.33732473,8.68497390e-05,100
1897,Hybrid,mixture2,-1.33732804,8.59665033e-05,100
1898,Metropolis,metropolis,-1.33632352,3.79914376e-04,100
1898,Row-Update,mps2,-1.33731733,8.49975492e-05,100
1898,Hybrid,mixture2,-1.33733083,8.53028054e-05,100
1899,Metropolis,metropolis,-1.33634526,3.79226015e-04,100
1899,Row-Update,mps2,-1.33730828,8.86837978e-05,100
1899,Hybrid,mixture2,-1.33735746,8.61954376e-05,100
1900,Metropolis,metropolis,-1.33632971,3.80247293e-04,100
1900,Row-Update,mps2,-1.33728758,8.77850165e-05,100
1900,Hybrid,mixture2,-1.33735207,8.37839711e-05,100
1901,Metropolis,metropolis,-1.33631587,3.79835287e-04,100
1901,Row-Update,mps2,-1.33729920,8.75024894e-05,100
1901,Hybrid,mixture2,-1.33734952,8.23791891e-05,100
1902,Metropolis,metropolis,-1.33632158,3.78933849e-04,100
1902,Row-Update,mps2,-1.33728016,8.93429679e-05,100
1902,Hybrid,mixture2,-1.33733842,8.28048664e-05,100
1903,Metropolis,metropolis,-1.33633806,3.81422718e-04,100
1903,Row-Update,mps2,-1.33729452,8.75782122e-05,100
1903,Hybrid,mixture2,-1.33732557,8.53953227e-05,100
1904,Metropolis,metropolis,-1.33634540,3.78870260e-04,100
1904,Row-Update,mps2,-1.33729566,8.87460956e-05,100
1904,Hybrid,mixture2,-1.33732970,8.59304584e-05,100
1905,Metropolis,metropolis,-1.33634877,3.78493943e-04,100
1905,Row-Update,mps2,-1.33730210,8.82498709e-05,100
1905,Hybrid,mixture2,-1.33733490,8.53216846e-05,100
1906,Metropolis,metropolis,-1.33635713,3.77939731e-04,100
1906,Row-Update,mps2,-1.33727471,8.86023627e-05,100
1906,Hybrid,mixture2,-1.33734868,8.50425140e-05,100
1907,Metropolis,metropolis,-1.33635271,3.78754246e-04,100
1907,Row-Update,mps2,-1.33730247,8.69872124e-05,100
1907,Hybrid,mixture2,-1.33735229,8.42544434e-05,100
1908,Metropolis,metropolis,-1.33635111,3.78489322e-04,100
1908,Row-Update,mps2,-1.33730845,8.76278730e-05,100
1908,Hybrid,mixture2,-1.33734527,8.36679694e-05,100
1909,Metropolis,metropolis,-1.33635011,3.78220560e-04,100
1909,Row-Update,mps2,-1.33728887,8.73624561e-05,100
1909,Hybrid,mixture2,-1.33732438,8.95605664e-05,100
1910,Metropolis,metropolis,-1.33636519,3.78200401e-04,100
1910,Row-Update,mps2,-1.33728776,8.87127040e-05,100
1910,Hybrid,mixture2,-1.33732739,9.00601201e-05,100
1911,Metropolis,metropolis,-1.33638033,3.76647128e-04,100
1911,Row-Update,mps2,-1.33731908,8.59655299e-05,100
1911,Hybrid,mixture2,-1.33731671,8.75143400e-05,100
1912,Metropolis,metropolis,-1.33634018,3.78469895e-04,100
1912,Row-Update,mps2,-1.33731321,8.57202109e-05,100
1912,Hybrid,mixture2,-1.33734031,8.52719410e-05,100
1913,Metropolis,metropolis,-1.33634861,3.77661345e-04,100
1913,Row-Update,mps2,-1.33732331,8.67533907e-05,100
1913,Hybrid,mixture2,-1.33732879,8.62939240e-05,100
1914,Metropolis,metropolis,-1.33635817,3.77779143e-04,100
1914,Row-Update,mps2,-1.33731574,8.52195543e-05,100
1914,Hybrid,mixture2,-1.33732375,8.49104228e-05,100
1915,Metropolis,metropolis,-1.33633918,3.77957631e-04,100
1915,Row-Update,mps2,-1.33731970,8.55144391e-05,100
1915,Hybrid,mixture2,-1.33733230,8.45000075e-05,100
1916,Metropolis,metropolis,-1.33632752,3.78722369e-04,100
1916,Row-Update,mps2,-1.33731823,8.55904069e-05,100
1916,Hybrid,mixture2,-1.33734790,8.44383697e-05,100
1917,Metropolis,metropolis,-1.33635265,3.78210082e-04,100
1917,Row-Update,mps2,-1.33731070,8.55837451e-05,100
1917,Hybrid,mixture2,-1.33733440,8.40377767e-05,100
1918,Metropolis,metropolis,-1.33633533,3.78234570e-04,100
1918,Row-Update,mps2,-1.33731558,8.86276383e-05,100
1918,Hybrid,mixture2,-1.33733808,8.49958405e-05,100
1919,Metropolis,metropolis,-1.33634282,3.77611344e-04,100
1919,Row-Update,mps2,-1.33731084,8.53135495e-05,100
1919,Hybrid,mixture2,-1.33735189,8.20262425e-05,100
1920,Metropolis,metropolis,-1.33636480,3.78869389e-04,100
1920,Row-Update,mps2,-1.33733258,8.66645761e-05,100
1920,Hybrid,mixture2,-1.33734176,8.32863832e-05,100
1921,Metropolis,metropolis,-1.33633747,3.77983925e-04,100
1921,Row-Update,mps2,-1.33732597,8.70081484e-05,100
1921,Hybrid,mixture2,-1.33735355,8.33002575e-05,100
1922,Metropolis,metropolis,-1.33635779,3.78395604e-04,100
1922,Row-Update,mps2,-1.33732618,8.57685856e-05,100
1922,Hybrid,mixture2,-1.33736261,8.28600920e-05,100
1923,Metropolis,metropolis,-1.33637245,3.78598731e-04,100
1923,Row-Update,mps2,-1.33735329,8.95435315e-05,100
1923,Hybrid,mixture2,-1.33734926,8.38804836e-05,100
1924,Metropolis,metropolis,-1.33631439,3.82281204e-04,100
1924,Row-Update,mps2,-1.33732551,8.39118021e-05,100
1924,Hybrid,mixture2,-1.33736171,8.36461734e-05,100
1925,Metropolis,metropolis,-1.33632192,3.82338511e-04,100
1925,Row-Update,mps2,-1.33732399,8.46753944e-05,100
1925,Hybrid,mixture2,-1.33735967,8.63280254e-05,100
1926,Metropolis,metropolis,-1.33630219,3.81728924e-04,100
1926,Row-Update,mps2,-1.33731219,8.58985463e-05,100
1926,Hybrid,mixture2,-1.33737553,8.33443972e-05,100
1927,Metropolis,metropolis,-1.33630907,3.80304709e-04,100
1927,Row-Update,mps2,-1.33732606,8.48049717e-05,100
1927,Hybrid,mixture2,-1.33736472,8.32848959e-05,100
1928,Metropolis,metropolis,-1.33632495,3.79217224e-04,100
1928,Row-Update,mps2,-1.33733385,8.46078566e-05,100
1928,Hybrid,mixture2,-1.33734835,8.45922194e-05,100
1929,Metropolis,metropolis,-1.33636034,3.80061517e-04,100
1929,Row-Update,mps2,-1.33732980,8.55777660e-05,100
1929,Hybrid,mixture2,-1.33737875,8.33380108e-05,100
1930,Metropolis,metropolis,-1.33634322,3.77940280e-04,100
1930,Row-Update,mps2,-1.33729709,8.62201077e-05,100
1930,Hybrid,mixture2,-1.33735276,8.36054239e-05,100
1931,Metropolis,metropolis,-1.33635898,3.78827450e-04,100
1931,Row-Update,mps2,-1.33731804,8.56340405e-05,100
1931,Hybrid,mixture2,-1.33737087,8.37063913e-05,100
1932,Metropolis,metropolis,-1.33636935,3.78686586e-04,100
1932,Row-Update,mps2,-1.33731698,8.66261967e-05,100
1932,Hybrid,mixture2,-1.33736724,8.31309324e-05,100
1933,Metropolis,metropolis,-1.33637367,3.78545022e-04,100
1933,Row-Update,mps2,-1.33732817,8.55078987e-05,100
1933,Hybrid,mixture2,-1.33737123,8.34169209e-05,100
1934,Metropolis,metropolis,-1.33638199,3.78893778e-04,100
1934,Row-Update,mps2,-1.33733089,8.44820446e-05,100
1934,Hybrid,mixture2,-1.33736117,8.34988786e-05,100
1935,Metropolis,metropolis,-1.33636426,3.78693694e-04,100
1935,Row-Update,mps2,-1.33733010,8.21177909e-05,100
1935,Hybrid,mixture2,-1.33736811,8.52391997e-05,100
1936,Metropolis,metropolis,-1.33638789,3.79470983e-04,100
1936,Row-Update,mps2,-1.33732736,8.43847548e-05,100
1936,Hybrid,mixture2,-1.33736500,8.36424455e-05,100
1937,Metropolis,metropolis,-1.33638859,3.78996239e-04,100
1937,Row-Update,mps2,-1.33735236,8.34731233e-05,100
1937,Hybrid,mixture2,-1.33736780,8.31283079e-05,100
1938,Metropolis,metropolis,-1.33637127,3.77882539e-04,100
1938,Row-Update,mps2,-1.33734177,8.44412808e-05,100
1938,Hybrid,mixture2,-1.33736303,8.46715702e-05,100
1939,Metropolis,metropolis,-1.33627522,3.88456396e-04,100
1939,Row-Update,mps2,-1.33734021,8.46585731e-05,100
1939,Hybrid,mixture2,-1.33736739,8.54405568e-05,100
1940,Metropolis,metropolis,-1.33628605,3.87601604e-04,100
1940,Row-Update,mps2,-1.33731773,8.61345750e-05,100
1940,Hybrid,mixture2,-1.33736480,8.36714272e-05,100
1941,Metropolis,metropolis,-1.33635342,3.79454104e-04,100
1941,Row-Update,mps2,-1.33731969,8.65540932e-05,100
1941,Hybrid,mixture2,-1.33738315,8.31963414e-05,100
1942,Metropolis,metropolis,-1.33635977,3.79437291e-04,100
1942,Row-Update,mps2,-1.33733387,8.42879211e-05,100
1942,Hybrid,mixture2,-1.33738496,8.39951588e-05,100
1943,Metropolis,metropolis,-1.33633402,3.79836629e-04,100
1943,Row-Update,mps2,-1.33733934,8.46622916e-05,100
1943,Hybrid,mixture2,-1.33737604,8.33340872e-05,100
1944,Metropolis,metropolis,-1.33633805,3.80977865e-04,100
1944,Row-Update,mps2,-1.33734072,8.53281152e-05,100
1944,Hybrid,mixture2,-1.33737557,8.55074635e-05,100
1945,Metropolis,metropolis,-1.33635723,3.79846302e-04,100
1945,Row-Update,mps2,-1.33734148,8.51820112e-05,100
1945,Hybrid,mixture2,-1.33737611,8.40083565e-05,100
1946,Metropolis,metropolis,-1.33634018,3.79171444e-04,100
1946,Row-Update,mps2,-1.33734047,8.47268824e-05,100
1946,Hybrid,mixture2,-1.33737410,8.45609618e-05,100
1947,Metropolis,metropolis,-1.33633471,3.80123497e-04,100
1947,Row-Update,mps2,-1.33732926,8.64844150e-05,100
1947,Hybrid,mixture2,-1.33737176,8.57917637e-05,100
1948,Metropolis,metropolis,-1.33635329,3.78703606e-04,100
1948,Row-Update,mps2,-1.33731447,8.84573718e-05,100
1948,Hybrid,mixture2,-1.33737971,8.36833115e-05,100
1949,Metropolis,metropolis,-1.33637680,3.79632747e-04,100
1949,Row-Update,mps2,-1.33732395,8.55192633e-05,100
1949,Hybrid,mixture2,-1.33736274,8.53708984e-05,100
1950,Metropolis,metropolis,-1.33636292,3.79088244e-04,100
1950,Row-Update,mps2,-1.33733586,8.50170034e-05,100
1950,Hybrid,mixture2,-1.33736797,8.37210850e-05,100
1951,Metropolis,metropolis,-1.33636167,3.78731491e-04,100
1951,Row-Update,mps2,-1.33734862,8.36814228e-05,100
1951,Hybrid,mixture2,-1.33738009,8.39572207e-05,100
1952,Metropolis,metropolis,-1.33636294,3.80370828e-04,100
1952,Row-Update,mps2,-1.33734814,8.49612384e-05,100
1952,Hybrid,mixture2,-1.33739198,8.37896154e-05,100
1953,Metropolis,metropolis,-1.33628918,3.86276639e-04,100
1953,Row-Update,mps2,-1.33732410,8.76144196e-05,100
1953,Hybrid,mixture2,-1.33738000,8.60227631e-05,100
1954,Metropolis,metropolis,-1.33634846,3.82128872e-04,100
1954,Row-Update,mps2,-1.33732891,8.49939758e-05,100
1954,Hybrid,mixture2,-1.33739485,8.42613481e-05,100
1955,Metropolis,metropolis,-1.33629727,3.86874185e-04,100
1955,Row-Update,mps2,-1.33732684,8.51173423e-05,100
1955,Hybrid,mixture2,-1.33735022,8.75194310e-05,100
1956,Metropolis,metropolis,-1.33625912,3.86257376e-04,100
1956,Row-Update,mps2,-1.33731996,8.56533844e-05,100
1956,Hybrid,mixture2,-1.33737293,8.53015748e-05,100
1957,Metropolis,metropolis,-1.33627436,3.86037715e-04,100
1957,Row-Update,mps2,-1.33733501,8.55853051e-05,100
1957,Hybrid,mixture2,-1.33738373,8.61699668e-05,100
1958,Metropolis,metropolis,-1.33631104,3.83446027e-04,100
1958,Row-Update,mps2,-1.33732853,8.64866544e-05,100
1958,Hybrid,mixture2,-1.33739237,8.55405273e-05,100
1959,Metropolis,metropolis,-1.33633729,3.81450466e-04,100
1959,Row-Update,mps2,-1.33734161,8.37593610e-05,100
1959,Hybrid,mixture2,-1.33738349,8.50779976e-05,100
1960,Metropolis,metropolis,-1.33632962,3.82593818e-04,100
1960,Row-Update,mps2,-1.33733982,8.39627758e-05,100
1960,Hybrid,mixture2,-1.33737758,8.44532411e-05,100
1961,Metropolis,metropolis,-1.33634118,3.81546348e-04,100
1961,Row-Update,mps2,-1.33733371,8.41608530e-05,100
1961,Hybrid,mixture2,-1.33736068,8.75994895e-05,100
1962,Metropolis,metropolis,-1.33634107,3.80780824e-04,100
1962,Row-Update,mps2,-1.33733200,8.49633055e-05,100
1962,Hybrid,mixture2,-1.33738157,8.53797505e-05,100
1963,Metropolis,metropolis,-1.33631268,3.84156064e-04,100
1963,Row-Update,mps2,-1.33733068,8.53191729e-05,100
1963,Hybrid,mixture2,-1.33737684,8.59507414e-05,100
1964,Metropolis,metropolis,-1.33634494,3.81588266e-04,100
1964,Row-Update,mps2,-1.33733175,8.47836024e-05,100
1964,Hybrid,mixture2,-1.33736704,8.54826092e-05,100
1965,Metropolis,metropolis,-1.33634725,3.81079477e-04,100
1965,Row-Update,mps2,-1.33734111,8.72042102e-05,100
1965,Hybrid,mixture2,-1.33736942,8.49041491e-05,100
1966,Metropolis,metropolis,-1.33633247,3.82184888e-04,100
1966,Row-Update,mps2,-1.33733289,8.54284482e-05,100
1966,Hybrid,mixture2,-1.33738258,8.48440742e-05,100
1967,Metropolis,metropolis,-1.33632801,3.81750868e-04,100
1967,Row-Update,mps2,-1.33732715,8.47587796e-05,100
1967,Hybrid,mixture2,-1.33740466,8.46044504e-05,100
1968,Metropolis,metropolis,-1.33633279,3.81632296e-04,100
1968,Row-Update,mps2,-1.33731913,8.72525122e-05,100
1968,Hybrid,mixture2,-1.33737622,8.62600464e-05,100
1969,Metropolis,metropolis,-1.33631655,3.84981960e-04,100
1969,Row-Update,mps2,-1.33731946,8.76392313e-05,100
1969,Hybrid,mixture2,-1.33737877,8.62998512e-05,100
1970,Metropolis,metropolis,-1.33633416,3.82484708e-04,100
1970,Row-Update,mps2,-1.33731773,8.72031468e-05,100
1970,Hybrid,mixture2,-1.33740555,8.38830624e-05,100
1971,Metropolis,metropolis,-1.33630591,3.89706426e-04,100
1971,Row-Update,mps2,-1.33732021,8.81473520e-05,100
1971,Hybrid,mixture2,-1.33738549,8.63525706e-05,100
1972,Metropolis,metropolis,-1.33634572,3.78654873e-04,100
1972,Row-Update,mps2,-1.33731962,8.60309801e-05,100
1972,Hybrid,mixture2,-1.33738219,8.53079089e-05,100
1973,Metropolis,metropolis,-1.33634057,3.80466947e-04,100
1973,Row-Update,mps2,-1.33731649,8.73603951e-05,100
1973,Hybrid,mixture2,-1.33737219,8.69031067e-05,100
1974,Metropolis,metropolis,-1.33632746,3.81195069e-04,100
1974,Row-Update,mps2,-1.33732316,8.67344462e-05,100
1974,Hybrid,mixture2,-1.33738430,8.55054882e-05,100
1975,Metropolis,metropolis,-1.33631479,3.81731897e-04,100
1975,Row-Update,mps2,-1.33733460,8.84597804e-05,100
1975,Hybrid,mixture2,-1.33738615,8.42705205e-05,100
1976,Metropolis,metropolis,-1.33632146,3.83269334e-04,100
1976,Row-Update,mps2,-1.33734467,8.63819733e-05,100
1976,Hybrid,mixture2,-1.33737955,8.67153573e-05,100
1977,Metropolis,metropolis,-1.33634548,3.80275899e-04,100
1977,Row-Update,mps2,-1.33733136,8.68019197e-05,100
1977,Hybrid,mixture2,-1.33737729,8.61415414e-05,100
1978,Metropolis,metropolis,-1.33633681,3.80969753e-04,100
1978,Row-Update,mps2,-1.33734071,8.62375595e-05,100
1978,Hybrid,mixture2,-1.33738555,8.59213079e-05,100
1979,Metropolis,metropolis,-1.33632151,3.80506848e-04,100
1979,Row-Update,mps2,-1.33731965,8.76091354e-05,100
1979,Hybrid,mixture2,-1.33739061,8.40668321e-05,100
1980,Metropolis,metropolis,-1.33634100,3.81360935e-04,100
1980,Row-Update,mps2,-1.33734153,8.49760398e-05,100
1980,Hybrid,mixture2,-1.33739313,8.45616122e-05,100
1981,Metropolis,metropolis,-1.33636074,3.79805209e-04,100
1981,Row-Update,mps2,-1.33732425,8.58409879e-05,100
1981,Hybrid,mixture2,-1.33738599,8.54675705e-05,100
1982,Metropolis,metropolis,-1.33634399,3.80310756e-04,100
1982,Row-Update,mps2,-1.33733024,8.77484743e-05,100
1982,Hybrid,mixture2,-1.33738729,8.45824531e-05,100
1983,Metropolis,metropolis,-1.33635858,3.79571265e-04,100
1983,Row-Update,mps2,-1.33732996,8.66315222e-05,100
1983,Hybrid,mixture2,-1.33737518,8.62172056e-05,100
1984,Metropolis,metropolis,-1.33633913,3.79191821e-04,100
1984,Row-Update,mps2,-1.33732341,8.73738080e-05,100
1984,Hybrid,mixture2,-1.33737481,8.74521433e-05,100
1985,Metropolis,metropolis,-1.33635697,3.78589609e-04,100
1985,Row-Update,mps2,-1.33732656,8.66581755e-05,100
1985,Hybrid,mixture2,-1.33737923,8.61421191e-05,100
1986,Metropolis,metropolis,-1.33631178,3.79910200e-04,100
1986,Row-Update,mps2,-1.33730245,8.59888763e-05,100
1986,Hybrid,mixture2,-1.33737574,8.57046708e-05,100
1987,Metropolis,metropolis,-1.33630120,3.80537933e-04,100
1987,Row-Update,mps2,-1.33732562,8.86081451e-05,100
1987,Hybrid,mixture2,-1.33737973,8.67048471e-05,100
1988,Metropolis,metropolis,-1.33633165,3.79735796e-04,100
1988,Row-Update,mps2,-1.33732284,8.62392666e-05,100
1988,Hybrid,mixture2,-1.33737174,8.63359062e-05,100
1989,Metropolis,metropolis,-1.33631653,3.82719401e-04,100
1989,Row-Update,mps2,-1.33733503,8.71729011e-05,100
1989,Hybrid,mixture2,-1.33737770,8.61975186e-05,100
1990,Metropolis,metropolis,-1.33634955,3.79458029e-04,100
1990,Row-Update,mps2,-1.33734475,8.56827661e-05,100
1990,Hybrid,mixture2,-1.33738467,8.50882683e-05,100
1991,Metropolis,metropolis,-1.33632945,3.81988908e-04,100
1991,Row-Update,mps2,-1.33734205,8.58903180e-05,100
1991,Hybrid,mixture2,-1.33739133,8.56365053e-05,100
1992,Metropolis,metropolis,-1.33633757,3.80961045e-04,100
1992,Row-Update,mps2,-1.33732127,8.57886270e-05,100
1992,Hybrid,mixture2,-1.33738096,8.59491315e-05,100
1993,Metropolis,metropolis,-1.33635094,3.80466598e-04,100
1993,Row-Update,mps2,-1.33731396,8.72887953e-05,100
1993,Hybrid,mixture2,-1.33738739,8.34373077e-05,100
1994,Metropolis,metropolis,-1.33637755,3.78929081e-04,100
1994,Row-Update,mps2,-1.33732844,8.65339899e-05,100
1994,Hybrid,mixture2,-1.33738919,8.43207246e-05,100
1995,Metropolis,metropolis,-1.33637277,3.78770776e-04,100
1995,Row-Update,mps2,-1.33733559,8.49888778e-05,100
1995,Hybrid,mixture2,-1.33739571,8.50284519e-05,100
1996,Metropolis,metropolis,-1.33638233,3.78703542e-04,100
1996,Row-Update,mps2,-1.33734616,8.41393324e-05,100
1996,Hybrid,mixture2,-1.33739357,8.37857966e-05,100
1997,Metropolis,metropolis,-1.33638322,3.78313795e-04,100
1997,Row-Update,mps2,-1.33733951,8.35694619e-05,100
1997,Hybrid,mixture2,-1.33738785,8.36746047e-05,100
1998,Metropolis,metropolis,-1.33638638,3.78789180e-04,100
1998,Row-Update,mps2,-1.33733916,8.43826367e-05,100
1998,Hybrid,mixture2,-1.33739579,8.33617313e-05,100
1999,Metropolis,metropolis,-1.33638333,3.79401699e-04,100
1999,Row-Update,mps2,-1.33733846,8.56691372e-05,100
1999,Hybrid,mixture2,-1.33739272,8.43134393e-05,100
2000,Metropolis,metropolis,-1.33638024,3.78657732e-04,100
2000,Row-Update,mps2,-1.33734931,8.36093930e-05,100
2000,Hybrid,mixture2,-1.33739347,8.42643921e-05,100
2001,Metropolis,metropolis,-1.33638839,3.79338775e-04,100
2001,Row-Update,mps2,-1.33733661,8.45772637e-05,100
2001,Hybrid,mixture2,-1.33739290,8.43997713e-05,100
2002,Metropolis,metropolis,-1.33638326,3.77919321e-04,100
2002,Row-Update,mps2,-1.33734050,8.30390091e-05,100
2002,Hybrid,mixture2,-1.33739386,8.37837416e-05,100
2003,Metropolis,metropolis,-1.33638753,3.79263152e-04,100
2003,Row-Update,mps2,-1.33734541,8.38029186e-05,100
2003,Hybrid,mixture2,-1.33739088,8.45052718e-05,100
2004,Metropolis,metropolis,-1.33638111,3.79295620e-04,100
2004,Row-Update,mps2,-1.33735218,8.33958703e-05,100
2004,Hybrid,mixture2,-1.33737891,8.52729063e-05,100
2005,Metropolis,metropolis,-1.33638459,3.79488566e-04,100
2005,Row-Update,mps2,-1.33737676,8.25603302e-05,100
2005,Hybrid,mixture2,-1.33737173,8.66148550e-05,100
2006,Metropolis,metropolis,-1.33636092,3.80559735e-04,100
2006,Row-Update,mps2,-1.33736996,8.15435659e-05,100
2006,Hybrid,mixture2,-1.33739955,8.56303147e-05,100
2007,Metropolis,metropolis,-1.33640308,3.79122225e-04,100
2007,Row-Update,mps2,-1.33735649,8.44305830e-05,100
2007,Hybrid,mixture2,-1.33739940,8.53917976e-05,100
2008,Metropolis,metropolis,-1.33639659,3.79588537e-04,100
2008,Row-Update,mps2,-1.33735359,8.36250903e-05,100
2008,Hybrid,mixture2,-1.33738765,8.41531321e-05,100
2009,Metropolis,metropolis,-1.33641096,3.79463950e-04,100
2009,Row-Update,mps2,-1.33736543,8.18554436e-05,100
2009,Hybrid,mixture2,-1.33738999,8.29564693e-05,100
2010,Metropolis,metropolis,-1.33639129,3.79591021e-04,100
2010,Row-Update,mps2,-1.33736667,8.40005764e-05,100
2010,Hybrid,mixture2,-1.33739072,8.48737143e-05,100
2011,Metropolis,metropolis,-1.33638015,3.79684275e-04,100
2011,Row-Update,mps2,-1.33736657,8.32702051e-05,100
2011,Hybrid,mixture2,-1.33740324,8.36653038e-05,100
2012,Metropolis,metropolis,-1.33638446,3.78945591e-04,100
2012,Row-Update,mps2,-1.33736736,8.43932770e-05,100
2012,Hybrid,mixture2,-1.33739302,8.43875848e-05,100
2013,Metropolis,metropolis,-1.33639551,3.80163731e-04,100
2013,Row-Update,mps2,-1.33737022,8.31784804e-05,100
2013,Hybrid,mixture2,-1.33740712,8.27511194e-05,100
2014,Metropolis,metropolis,-1.33637601,3.79772459e-04,100
2014,Row-Update,mps2,-1.33735830,8.59275682e-05,100
2014,Hybrid,mixture2,-1.33740060,8.35120430e-05,100
2015,Metropolis,metropolis,-1.33626793,3.98607907e-04,100
2015,Row-Update,mps2,-1.33735593,8.34462090e-05,100
2015,Hybrid,mixture2,-1.33739284,8.44276307e-05,100
2016,Metropolis,metropolis,-1.33627509,4.00176509e-04,100
2016,Row-Update,mps2,-1.33734792,8.43544453e-05,100
2016,Hybrid,mixture2,-1.33738361,8.44283516e-05,100
2017,Metropolis,metropolis,-1.33635116,3.82642192e-04,100
2017,Row-Update,mps2,-1.33736876,8.28697174e-05,100
2017,Hybrid,mixture2,-1.33738476,8.37915025e-05,100
2018,Metropolis,metropolis,-1.33637376,3.80757273e-04,100
2018,Row-Update,mps2,-1.33735105,8.48463809e-05,100
2018,Hybrid,mixture2,-1.33737426,8.50303606e-05,100
2019,Metropolis,metropolis,-1.33638386,3.80381179e-04,100
2019,Row-Update,mps2,-1.33735514,8.44521611e-05,100
2019,Hybrid,mixture2,-1.33738247,8.61160378e-05,100
2020,Metropolis,metropolis,-1.33637765,3.80706231e-04,100
2020,Row-Update,mps2,-1.33735691,8.40269361e-05,100
2020,Hybrid,mixture2,-1.33738163,8.41670851e-05,100
2021,Metropolis,metropolis,-1.33638323,3.79407281e-04,100
2021,Row-Update,mps2,-1.33734286,8.39533722e-05,100
2021,Hybrid,mixture2,-1.33739059,8.36451309e-05,100
2022,Metropolis,metropolis,-1.33639222,3.79213397e-04,100
2022,Row-Update,mps2,-1.33736940,8.43140830e-05,100
2022,Hybrid,mixture2,-1.33739114,8.34075780e-05,100
2023,Metropolis,metropolis,-1.33637619,3.79403691e-04,100
2023,Row-Update,mps2,-1.33736528,8.50609299e-05,100
2023,Hybrid,mixture2,-1.33737351,8.57356488e-05,100
2024,Metropolis,metropolis,-1.33639485,3.79013619e-04,100
2024,Row-Update,mps2,-1.33734787,8.57056957e-05,100
2024,Hybrid,mixture2,-1.33739332,8.34587487e-05,100
2025,Metropolis,metropolis,-1.33639638,3.79865161e-04,100
2025,Row-Update,mps2,-1.33735253,8.43992591e-05,100
2025,Hybrid,mixture2,-1.33738196,8.55842864e-05,100
2026,Metropolis,metropolis,-1.33639556,3.79216618e-04,100
2026,Row-Update,mps2,-1.33734173,8.52612290e-05,100
2026,Hybrid,mixture2,-1.33738271,8.40798988e-05,100
2027,Metropolis,metropolis,-1.33641423,3.79725078e-04,100
2027,Row-Update,mps2,-1.33733298,8.62481431e-05,100
2027,Hybrid,mixture2,-1.33739901,8.45426381e-05,100
2028,Metropolis,metropolis,-1.33639609,3.79418510e-04,100
2028,Row-Update,mps2,-1.33733986,8.67911014e-05,100
2028,Hybrid,mixture2,-1.33738978,8.43123372e-05,100
2029,Metropolis,metropolis,-1.33638801,3.78149858e-04,100
2029,Row-Update,mps2,-1.33733454,8.77319002e-05,100
2029,Hybrid,mixture2,-1.33739783,8.25440726e-05,100
2030,Metropolis,metropolis,-1.33641219,3.79406632e-04,100
2030,Row-Update,mps2,-1.33732216,8.79102027e-05,100
2030,Hybrid,mixture2,-1.33739299,8.33125588e-05,100
2031,Metropolis,metropolis,-1.33640910,3.78039878e-04,100
2031,Row-Update,mps2,-1.33733745,8.62132782e-05,100
2031,Hybrid,mixture2,-1.33739727,8.39239385e-05,100
2032,Metropolis,metropolis,-1.33641039,3.79270482e-04,100
2032,Row-Update,mps2,-1.33735003,8.33942350e-05,100
2032,Hybrid,mixture2,-1.33738772,8.36975169e-05,100
2033,Metropolis,metropolis,-1.33640258,3.79119565e-04,100
2033,Row-Update,mps2,-1.33733212,8.50595756e-05,100
2033,Hybrid,mixture2,-1.33739773,8.28044848e-05,100
2034,Metropolis,metropolis,-1.33641199,3.78221029e-04,100
2034,Row-Update,mps2,-1.33734005,8.50859560e-05,100
2034,Hybrid,mixture2,-1.33737907,8.44294746e-05,100
2035,Metropolis,metropolis,-1.33640172,3.78306328e-04,100
2035,Row-Update,mps2,-1.33733155,8.54967037e-05,100
2035,Hybrid,mixture2,-1.33739401,8.36039718e-05,100
2036,Metropolis,metropolis,-1.33640376,3.78620043e-04,100
2036,Row-Update,mps2,-1.33734044,8.65947686e-05,100
2036,Hybrid,mixture2,-1.33740245,8.40861589e-05,100
2037,Metropolis,metropolis,-1.33641784,3.79204034e-04,100
2037,Row-Update,mps2,-1.33733797,8.54674334e-05,100
2037,Hybrid,mixture2,-1.33738529,8.56307030e-05,100
2038,Metropolis,metropolis,-1.33640183,3.78839799e-04,100
2038,Row-Update,mps2,-1.33733210,8.72881220e-05,100
2038,Hybrid,mixture2,-1.33739308,8.34441034e-05,100
2039,Metropolis,metropolis,-1.33640712,3.78691377e-04,100
2039,Row-Update,mps2,-1.33735692,8.46483370e-05,100
2039,Hybrid,mixture2,-1.33738751,8.56104701e-05,100
2040,Metropolis,metropolis,-1.33641101,3.79250522e-04,100
2040,Row-Update,mps2,-1.33735437,8.46460165e-05,100
2040,Hybrid,mixture2,-1.33739516,8.45067238e-05,100
2041,Metropolis,metropolis,-1.33638213,3.80419052e-04,100
2041,Row-Update,mps2,-1.33735053,8.59627697e-05,100
2041,Hybrid,mixture2,-1.33740132,8.69469337e-05,100
2042,Metropolis,metropolis,-1.33640417,3.79730875e-04,100
2042,Row-Update,mps2,-1.33733893,8.65202439e-05,100
2042,Hybrid,mixture2,-1.33740965,8.39860293e-05,100
2043,Metropolis,metropolis,-1.33638298,3.80632446e-04,100
2043,Row-Update,mps2,-1.33734605,8.57163104e-05,100
2043,Hybrid,mixture2,-1.33740132,8.49657328e-05,100
2044,Metropolis,metropolis,-1.33637896,3.79577204e-04,100
2044,Row-Update,mps2,-1.33733091,8.59221118e-05,100
2044,Hybrid,mixture2,-1.33741216,8.33835253e-05,100
2045,Metropolis,metropolis,-1.33639943,3.79700246e-04,100
2045,Row-Update,mps2,-1.33732187,8.59939251e-05,100
2045,Hybrid,mixture2,-1.33740019,8.35255580e-05,100
2046,Metropolis,metropolis,-1.33638795,3.80336220e-04,100
2046,Row-Update,mps2,-1.33735171,8.62998089e-05,100
2046,Hybrid,mixture2,-1.33741315,8.35141465e-05,100
2047,Metropolis,metropolis,-1.33640141,3.79584654e-04,100
2047,Row-Update,mps2,-1.33734859,8.55841487e-05,100
2047,Hybrid,mixture2,-1.33740661,8.42437448e-05,100
2048,Metropolis,metropolis,-1.33639502,3.79092810e-04,100
2048,Row-Update,mps2,-1.33736758,8.44722289e-05,100
2048,Hybrid,mixture2,-1.33740098,8.29666470e-05,100
2049,Metropolis,metropolis,-1.33639070,3.79715722e-04,100
2049,Row-Update,mps2,-1.33736186,8.48802579e-05,100
2049,Hybrid,mixture2,-1.33738292,8.47861898e-05,100
2050,Metropolis,metropolis,-1.33640744,3.78798963e-04,100
2050,Row-Update,mps2,-1.33736803,8.33639408e-05,100
2050,Hybrid,mixture2,-1.33739182,8.64467243e-05,100
2051,Metropolis,metropolis,-1.33640558,3.79650882e-04,100
2051,Row-Update,mps2,-1.33736440,8.17775326e-05,100
2051,Hybrid,mixture2,-1.33739250,8.39192785e-05,100
2052,Metropolis,metropolis,-1.33637265,3.81406477e-04,100
2052,Row-Update,mps2,-1.33737262,8.21660226e-05,100
2052,Hybrid,mixture2,-1.33739244,8.50167807e-05,100
2053,Metropolis,metropolis,-1.33637212,3.80959041e-04,100
2053,Row-Update,mps2,-1.33736835,8.31545432e-05,100
2053,Hybrid,mixture2,-1.33737600,8.87780448e-05,100
2054,Metropolis,metropolis,-1.33639506,3.81105634e-04,100
2054,Row-Update,mps2,-1.33737856,8.18370250e-05,100
2054,Hybrid,mixture2,-1.33738198,8.71545843e-05,100
2055,Metropolis,metropolis,-1.33638961,3.80293666e-04,100
2055,Row-Update,mps2,-1.33737471,8.30397029e-05,100
2055,Hybrid,mixture2,-1.33738086,8.59370826e-05,100
2056,Metropolis,metropolis,-1.33639908,3.80265820e-04,100
2056,Row-Update,mps2,-1.33737114,8.27819053e-05,100
2056,Hybrid,mixture2,-1.33738497,8.53433617e-05,100
2057,Metropolis,metropolis,-1.33638749,3.80379700e-04,100
2057,Row-Update,mps2,-1.33736665,8.48673060e-05,100
2057,Hybrid,mixture2,-1.33739456,8.50697685e-05,100
2058,Metropolis,metropolis,-1.33640395,3.79959556e-04,100
2058,Row-Update,mps2,-1.33736798,8.28366745e-05,100
2058,Hybrid,mixture2,-1.33738800,8.39473444e-05,100
2059,Metropolis,metropolis,-1.33638768,3.81434392e-04,100
2059,Row-Update,mps2,-1.33736136,8.33019229e-05,100
2059,Hybrid,mixture2,-1.33739558,8.40057133e-05,100
2060,Metropolis,metropolis,-1.33638407,3.81233374e-04,100
2060,Row-Update,mps2,-1.33735261,8.44882789e-05,100
2060,Hybrid,mixture2,-1.33738217,8.47007292e-05,100
2061,Metropolis,metropolis,-1.33635202,3.83799723e-04,100
2061,Row-Update,mps2,-1.33737899,8.21840293e-05,100
2061,Hybrid,mixture2,-1.33738241,8.52997048e-05,100
2062,Metropolis,metropolis,-1.33635590,3.84537097e-04,100
2062,Row-Update,mps2,-1.33736989,8.28479793e-05,100
2062,Hybrid,mixture2,-1.33738454,8.38896418e-05,100
2063,Metropolis,metropolis,-1.33636252,3.85080851e-04,100
2063,Row-Update,mps2,-1.33735010,8.53378848e-05,100
2063,Hybrid,mixture2,-1.33739657,8.28860279e-05,100
2064,Metropolis,metropolis,-1.33636900,3.83446669e-04,100
2064,Row-Update,mps2,-1.33735350,8.52171819e-05,100
2064,Hybrid,mixture2,-1.33740816,8.37442990e-05,100
2065,Metropolis,metropolis,-1.33638169,3.81094655e-04,100
2065,Row-Update,mps2,-1.33735646,8.57657573e-05,100
2065,Hybrid,mixture2,-1.33740079,8.39873918e-05,100
2066,Metropolis,metropolis,-1.33638283,3.80780166e-04,100
2066,Row-Update,mps2,-1.33736811,8.51560517e-05,100
2066,Hybrid,mixture2,-1.33740289,8.25551696e-05,100
2067,Metropolis,metropolis,-1.33638430,3.80507977e-04,100
2067,Row-Update,mps2,-1.33737499,8.28082047e-05,100
2067,Hybrid,mixture2,-1.33741016,8.41434627e-05,100
2068,Metropolis,metropolis,-1.33638877,3.80581165e-04,100
2068,Row-Update,mps2,-1.33736746,8.53187107e-05,100
2068,Hybrid,mixture2,-1.33739684,8.35668092e-05,100
2069,Metropolis,metropolis,-1.33638075,3.81553616e-04,100
2069,Row-Update,mps2,-1.33736903,8.29017941e-05,100
2069,Hybrid,mixture2,-1.33737736,8.53056117e-05,100
2070,Metropolis,metropolis,-1.33639670,3.81618143e-04,100
2070,Row-Update,mps2,-1.33734498,8.53431006e-05,100
2070,Hybrid,mixture2,-1.33740216,8.90792023e-05,100
2071,Metropolis,metropolis,-1.33634149,3.85435296e-04,100
2071,Row-Update,mps2,-1.33733476,8.64372586e-05,100
2071,Hybrid,mixture2,-1.33739231,8.50468536e-05,100
2072,Metropolis,metropolis,-1.33638712,3.79664674e-04,100
2072,Row-Update,mps2,-1.33734099,8.70412631e-05,100
2072,Hybrid,mixture2,-1.33739395,8.41299314e-05,100
2073,Metropolis,metropolis,-1.33639639,3.80341517e-04,100
2073,Row-Update,mps2,-1.33736869,8.21233613e-05,100
2073,Hybrid,mixture2,-1.33740208,8.43901454e-05,100
2074,Metropolis,metropolis,-1.33639785,3.79430983e-04,100
2074,Row-Update,mps2,-1.33736310,8.56794125e-05,100
2074,Hybrid,mixture2,-1.33739069,8.45492711e-05,100
2075,Metropolis,metropolis,-1.33638566,3.79467046e-04,100
2075,Row-Update,mps2,-1.33737293,8.33716051e-05,100
2075,Hybrid,mixture2,-1.33738631,8.43727663e-05,100
2076,Metropolis,metropolis,-1.33640571,3.80020894e-04,100
2076,Row-Update,mps2,-1.33734591,8.46669038e-05,100
2076,Hybrid,mixture2,-1.33740755,8.40722393e-05,100
2077,Metropolis,metropolis,-1.33640681,3.80066154e-04,100
2077,Row-Update,mps2,-1.33736288,8.46770682e-05,100
2077,Hybrid,mixture2,-1.33740099,8.37424550e-05,100
2078,Metropolis,metropolis,-1.33641647,3.80481349e-04,100
2078,Row-Update,mps2,-1.33740099,8.20221440e-05,100
2078,Hybrid,mixture2,-1.33739643,8.49908334e-05,100
2079,Metropolis,metropolis,-1.33638771,3.79565553e-04,100
2079,Row-Update,mps2,-1.33740273,8.16528111e-05,100
2079,Hybrid,mixture2,-1.33740266,8.54006125e-05,100
2080,Metropolis,metropolis,-1.33638640,3.80420333e-04,100
2080,Row-Update,mps2,-1.33738840,8.08263071e-05,100
2080,Hybrid,mixture2,-1.33740269,8.44598790e-05,100
2081,Metropolis,metropolis,-1.33642114,3.79473720e-04,100
2081,Row-Update,mps2,-1.33737989,8.17654414e-05,100
2081,Hybrid,mixture2,-1.33739430,8.38353056e-05,100
2082,Metropolis,metropolis,-1.33635010,3.86811910e-04,100
2082,Row-Update,mps2,-1.33737907,8.26554238e-05,100
2082,Hybrid,mixture2,-1.33739064,8.65991950e-05,100
2083,Metropolis,metropolis,-1.33639630,3.81382103e-04,100
2083,Row-Update,mps2,-1.33737241,8.29951741e-05,100
2083,Hybrid,mixture2,-1.33740346,8.57418500e-05,100
2084,Metropolis,metropolis,-1.33640420,3.79402546e-04,100
2084,Row-Update,mps2,-1.33735466,8.27387659e-05,100
2084,Hybrid,mixture2,-1.33738469,8.76414530e-05,100
2085,Metropolis,metropolis,-1.33639878,3.79692178e-04,100
2085,Row-Update,mps2,-1.33736264,8.25371483e-05,100
2085,Hybrid,mixture2,-1.33740216,8.51052708e-05,100
2086,Metropolis,metropolis,-1.33639698,3.79327251e-04,100
2086,Row-Update,mps2,-1.33737952,8.16750196e-05,100
2086,Hybrid,mixture2,-1.33740127,8.63887897e-05,100
2087,Metropolis,metropolis,-1.33641104,3.79609040e-04,100
2087,Row-Update,mps2,-1.33738252,8.13245799e-05,100
2087,Hybrid,mixture2,-1.33740061,8.53264196e-05,100
2088,Metropolis,metropolis,-1.33640473,3.79745471e-04,100
2088,Row-Update,mps2,-1.33736628,8.20759443e-05,100
2088,Hybrid,mixture2,-1.33740953,8.69681805e-05,100
2089,Metropolis,metropolis,-1.33640065,3.79023495e-04,100
2089,Row-Update,mps2,-1.33734788,8.42450703e-05,100
2089,Hybrid,mixture2,-1.33741414,8.49908003e-05,100
2090,Metropolis,metropolis,-1.33640994,3.79859397e-04,100
2090,Row-Update,mps2,-1.33737743,8.27812476e-05,100
2090,Hybrid,mixture2,-1.33741179,8.49651867e-05,100
2091,Metropolis,metropolis,-1.33640294,3.79440530e-04,100
2091,Row-Update,mps2,-1.33737715,8.07793542e-05,100
2091,Hybrid,mixture2,-1.33739466,8.48621488e-05,100
2092,Metropolis,metropolis,-1.33642053,3.79069364e-04,100
2092,Row-Update,mps2,-1.33737645,8.16434418e-05,100
2092,Hybrid,mixture2,-1.33740267,8.52972644e-05,100
2093,Metropolis,metropolis,-1.33640046,3.80174984e-04,100
2093,Row-Update,mps2,-1.33738179,8.29932519e-05,100
2093,Hybrid,mixture2,-1.33740233,8.55212395e-05,100
2094,Metropolis,metropolis,-1.33638808,3.81008996e-04,100
2094,Row-Update,mps2,-1.33736605,8.33059503e-05,100
2094,Hybrid,mixture2,-1.33738023,8.67890881e-05,100
2095,Metropolis,metropolis,-1.33637942,3.80334343e-04,100
2095,Row-Update,mps2,-1.33736183,8.42654528e-05,100
2095,Hybrid,mixture2,-1.33739476,8.70957810e-05,100
2096,Metropolis,metropolis,-1.33636019,3.82107863e-04,100
2096,Row-Update,mps2,-1.33734967,8.57488050e-05,100
2096,Hybrid,mixture2,-1.33741315,8.40670025e-05,100
2097,Metropolis,metropolis,-1.33637496,3.83207257e-04,100
2097,Row-Update,mps2,-1.33736164,8.46038961e-05,100
2097,Hybrid,mixture2,-1.33739493,8.53527792e-05,100
2098,Metropolis,metropolis,-1.33637336,3.84027823e-04,100
2098,Row-Update,mps2,-1.33738039,8.16078476e-05,100
2098,Hybrid,mixture2,-1.33740475,8.38238590e-05,100
2099,Metropolis,metropolis,-1.33639222,3.81181434e-04,100
2099,Row-Update,mps2,-1.33738301,8.23914716e-05,100
2099,Hybrid,mixture2,-1.33738471,8.50266536e-05,100
2100,Metropolis,metropolis,-1.33640079,3.80769487e-04,100
2100,Row-Update,mps2,-1.33737471,8.19532678e-05,100
2100,Hybrid,mixture2,-1.33740050,8.64895264e-05,100
2101,Metropolis,metropolis,-1.33640107,3.82509077e-04,100
2101,Row-Update,mps2,-1.33736528,8.50415136e-05,100
2101,Hybrid,mixture2,-1.33738904,8.71263898e-05,100
2102,Metropolis,metropolis,-1.33630703,4.00941648e-04,100
2102,Row-Update,mps2,-1.33738082,8.14317038e-05,100
2102,Hybrid,mixture2,-1.33740028,8.52672300e-05,100
2103,Metropolis,metropolis,-1.33630765,3.95090551e-04,100
2103,Row-Update,mps2,-1.33737411,8.21716501e-05,100
2103,Hybrid,mixture2,-1.33737365,8.69662263e-05,100
2104,Metropolis,metropolis,-1.33636618,3.84142724e-04,100
2104,Row-Update,mps2,-1.33739040,8.17727769e-05,100
2104,Hybrid,mixture2,-1.33738012,8.71934597e-05,100
2105,Metropolis,metropolis,-1.33639759,3.81705119e-04,100
2105,Row-Update,mps2,-1.33737183,8.32052143e-05,100
2105,Hybrid,mixture2,-1.33740435,8.51948038e-05,100
2106,Metropolis,metropolis,-1.33637289,3.85796467e-04,100
2106,Row-Update,mps2,-1.33737147,8.23226248e-05,100
2106,Hybrid,mixture2,-1.33737674,8.52627581e-05,100
2107,Metropolis,metropolis,-1.33638314,3.81341230e-04,100
2107,Row-Update,mps2,-1.33737791,8.26962704e-05,100
2107,Hybrid,mixture2,-1.33739624,8.48223033e-05,100
2108,Metropolis,metropolis,-1.33630147,3.99695395e-04,100
2108,Row-Update,mps2,-1.33739153,7.99575783e-05,100
2108,Hybrid,mixture2,-1.33741824,8.54322261e-05,100
2109,Metropolis,metropolis,-1.33626882,4.04324400e-04,100
2109,Row-Update,mps2,-1.33738047,8.16316848e-05,100
2109,Hybrid,mixture2,-1.33741656,8.32996047e-05,100
2110,Metropolis,metropolis,-1.33633123,3.88239275e-04,100
2110,Row-Update,mps2,-1.33739955,8.01438474e-05,100
2110,Hybrid,mixture2,-1.33740473,8.64081493e-05,100
2111,Metropolis,metropolis,-1.33637716,3.85162629e-04,100
2111,Row-Update,mps2,-1.33736977,8.35661844e-05,100
2111,Hybrid,mixture2,-1.33739698,8.42284642e-05,100
2112,Metropolis,metropolis,-1.33640188,3.79841580e-04,100
2112,Row-Update,mps2,-1.33739386,8.01766993e-05,100
2112,Hybrid,mixture2,-1.33739458,8.54624955e-05,100
2113,Metropolis,metropolis,-1.33638946,3.81807808e-04,100
2113,Row-Update,mps2,-1.33740856,8.11179846e-05,100
2113,Hybrid,mixture2,-1.33740969,8.42905337e-05,100
2114,Metropolis,metropolis,-1.33637028,3.83882777e-04,100
2114,Row-Update,mps2,-1.33740160,8.00784807e-05,100
2114,Hybrid,mixture2,-1.33740826,8.41308122e-05,100
2115,Metropolis,metropolis,-1.33636343,3.86279510e-04,100
2115,Row-Update,mps2,-1.33739290,8.19679799e-05,100
2115,Hybrid,mixture2,-1.33740960,8.47217986e-05,100
2116,Metropolis,metropolis,-1.33638147,3.83545833e-04,100
2116,Row-Update,mps2,-1.33738646,8.26720894e-05,100
2116,Hybrid,mixture2,-1.33740042,8.51916465e-05,100
2117,Metropolis,metropolis,-1.33637803,3.80888824e-04,100
2117,Row-Update,mps2,-1.33739083,8.16029935e-05,100
2117,Hybrid,mixture2,-1.33739154,8.54623423e-05,100
2118,Metropolis,metropolis,-1.33641357,3.80040123e-04,100
2118,Row-Update,mps2,-1.33741033,8.16102843e-05,100
2118,Hybrid,mixture2,-1.33740347,8.73656627e-05,100
2119,Metropolis,metropolis,-1.33641413,3.79901542e-04,100
2119,Row-Update,mps2,-1.33739226,8.34874989e-05,100
2119,Hybrid,mixture2,-1.33741432,8.44553519e-05,100
2120,Metropolis,metropolis,-1.33640323,3.80901229e-04,100
2120,Row-Update,mps2,-1.33738846,8.35347418e-05,100
2120,Hybrid,mixture2,-1.33740992,8.58223893e-05,100
2121,Metropolis,metropolis,-1.33640706,3.79364523e-04,100
2121,Row-Update,mps2,-1.33738700,8.38202028e-05,100
2121,Hybrid,mixture2,-1.33741319,8.44140772e-05,100
2122,Metropolis,metropolis,-1.33641514,3.81016192e-04,100
2122,Row-Update,mps2,-1.33739171,8.24095809e-05,100
2122,Hybrid,mixture2,-1.33740526,8.41774841e-05,100
2123,Metropolis,metropolis,-1.33642273,3.80171358e-04,100
2123,Row-Update,mps2,-1.33738623,8.40459469e-05,100
2123,Hybrid,mixture2,-1.33741805,8.44266526e-05,100
2124,Metropolis,metropolis,-1.33642126,3.79562423e-04,100
2124,Row-Update,mps2,-1.33737019,8.25933734e-05,100
2124,Hybrid,mixture2,-1.33741070,8.59045922e-05,100
2125,Metropolis,metropolis,-1.33642347,3.80006896e-04,100
2125,Row-Update,mps2,-1.33738749,8.33217057e-05,100
2125,Hybrid,mixture2,-1.33741001,8.61654485e-05,100
2126,Metropolis,metropolis,-1.33640554,3.80063483e-04,100
2126,Row-Update,mps2,-1.33738943,8.21030788e-05,100
2126,Hybrid,mixture2,-1.33740192,8.68217672e-05,100
2127,Metropolis,metropolis,-1.33640547,3.81775707e-04,100
2127,Row-Update,mps2,-1.33738848,8.12109578e-05,100
2127,Hybrid,mixture2,-1.33742327,8.54091782e-05,100
2128,Metropolis,metropolis,-1.33641354,3.77870060e-04,100
2128,Row-Update,mps2,-1.33739581,8.18404681e-05,100
2128,Hybrid,mixture2,-1.33741957,8.45459275e-05,100
2129,Metropolis,metropolis,-1.33640712,3.79075508e-04,100
2129,Row-Update,mps2,-1.33740030,8.24282368e-05,100
2129,Hybrid,mixture2,-1.33741889,8.31115617e-05,100
2130,Metropolis,metropolis,-1.33642057,3.79473431e-04,100
2130,Row-Update,mps2,-1.33739628,8.17083608e-05,100
2130,Hybrid,mixture2,-1.33740699,8.48960970e-05,100
2131,Metropolis,metropolis,-1.33633869,3.91860649e-04,100
2131,Row-Update,mps2,-1.33740338,8.01830814e-05,100
2131,Hybrid,mixture2,-1.33742936,8.57815174e-05,100
2132,Metropolis,metropolis,-1.33631838,3.94717018e-04,100
2132,Row-Update,mps2,-1.33740923,8.15186629e-05,100
2132,Hybrid,mixture2,-1.33741751,8.43294765e-05,100
2133,Metropolis,metropolis,-1.33637505,3.82808628e-04,100
2133,Row-Update,mps2,-1.33739392,8.17016008e-05,100
2133,Hybrid,mixture2,-1.33741233,8.52521388e-05,100
2134,Metropolis,metropolis,-1.33636038,3.83866188e-04,100
2134,Row-Update,mps2,-1.33741838,7.95242262e-05,100
2134,Hybrid,mixture2,-1.33741273,8.44885300e-05,100
2135,Metropolis,metropolis,-1.33637892,3.81684973e-04,100
2135,Row-Update,mps2,-1.33741262,8.05400230e-05,100
2135,Hybrid,mixture2,-1.33742442,8.39532324e-05,100
2136,Metropolis,metropolis,-1.33634815,3.89029012e-04,100
2136,Row-Update,mps2,-1.33738487,8.11598688e-05,100
2136,Hybrid,mixture2,-1.33742058,8.49946206e-05,100
2137,Metropolis,metropolis,-1.33639939,3.82416058e-04,100
2137,Row-Update,mps2,-1.33740299,8.20035974e-05,100
2137,Hybrid,mixture2,-1.33742607,8.37366912e-05,100
2138,Metropolis,metropolis,-1.33638824,3.83294762e-04,100
2138,Row-Update,mps2,-1.33737857,8.50371743e-05,100
2138,Hybrid,mixture2,-1.33741709,8.37468452e-05,100
2139,Metropolis,metropolis,-1.33638480,3.83369530e-04,100
2139,Row-Update,mps2,-1.33738510,8.29066044e-05,100
2139,Hybrid,mixture2,-1.33739909,8.53809662e-05,100
2140,Metropolis,metropolis,-1.33638938,3.81224454e-04,100
2140,Row-Update,mps2,-1.33737771,8.38945315e-05,100
2140,Hybrid,mixture2,-1.33739100,8.43960563e-05,100
2141,Metropolis,metropolis,-1.33640898,3.79430708e-04,100
2141,Row-Update,mps2,-1.33738975,8.16911132e-05,100
2141,Hybrid,mixture2,-1.33739424,8.46693436e-05,100
2142,Metropolis,metropolis,-1.33641658,3.80425947e-04,100
2142,Row-Update,mps2,-1.33739732,8.39203673e-05,100
2142,Hybrid,mixture2,-1.33739551,8.49916528e-05,100
2143,Metropolis,metropolis,-1.33644274,3.79435066e-04,100
2143,Row-Update,mps2,-1.33737352,8.42150904e-05,100
2143,Hybrid,mixture2,-1.33740735,8.36714589e-05,100
2144,Metropolis,metropolis,-1.33642893,3.79183285e-04,100
2144,Row-Update,mps2,-1.33737062,8.63033362e-05,100
2144,Hybrid,mixture2,-1.33740555,8.28834849e-05,100
2145,Metropolis,metropolis,-1.33641752,3.80524159e-04,100
2145,Row-Update,mps2,-1.33737532,8.46682518e-05,100
2145,Hybrid,mixture2,-1.33739484,8.57713561e-05,100
2146,Metropolis,metropolis,-1.33639122,3.82080435e-04,100
2146,Row-Update,mps2,-1.33739250,8.34344264e-05,100
2146,Hybrid,mixture2,-1.33742128,8.42492542e-05,100
2147,Metropolis,metropolis,-1.33641158,3.80429740e-04,100
2147,Row-Update,mps2,-1.33741044,8.28004680e-05,100
2147,Hybrid,mixture2,-1.33739369,8.54121857e-05,100
2148,Metropolis,metropolis,-1.33643036,3.79996398e-04,100
2148,Row-Update,mps2,-1.33738484,8.73170904e-05,100
2148,Hybrid,mixture2,-1.33739954,8.50818068e-05,100
2149,Metropolis,metropolis,-1.33641992,3.79191942e-04,100
2149,Row-Update,mps2,-1.33739371,8.39395592e-05,100
2149,Hybrid,mixture2,-1.33740015,8.34416614e-05,100
2150,Metropolis,metropolis,-1.33641638,3.79856837e-04,100
2150,Row-Update,mps2,-1.33738435,8.37279570e-05,100
2150,Hybrid,mixture2,-1.33738829,8.61575832e-05,100
2151,Metropolis,metropolis,-1.33642440,3.79606151e-04,100
2151,Row-Update,mps2,-1.33738942,8.33950514e-05,100
2151,Hybrid,mixture2,-1.33740343,8.46492699e-05,100
2152,Metropolis,metropolis,-1.33641780,3.79616210e-04,100
2152,Row-Update,mps2,-1.33739818,8.30612560e-05,100
2152,Hybrid,mixture2,-1.33739425,8.42720926e-05,100
2153,Metropolis,metropolis,-1.33641428,3.79532664e-04,100
2153,Row-Update,mps2,-1.33740125,8.27568921e-05,100
2153,Hybrid,mixture2,-1.33740008,8.33181725e-05,100
2154,Metropolis,metropolis,-1.33642221,3.78615726e-04,100
2154,Row-Update,mps2,-1.33739405,8.21986111e-05,100
2154,Hybrid,mixture2,-1.33739719,8.51353359e-05,100
2155,Metropolis,metropolis,-1.33643294,3.78921742e-04,100
2155,Row-Update,mps2,-1.33739624,8.11300555e-05,100
2155,Hybrid,mixture2,-1.33739365,8.48303461e-05,100
2156,Metropolis,metropolis,-1.33642191,3.78478907e-04,100
2156,Row-Update,mps2,-1.33741337,7.82862965e-05,100
2156,Hybrid,mixture2,-1.33741800,8.65796796e-05,100
2157,Metropolis,metropolis,-1.33639927,3.79526268e-04,100
2157,Row-Update,mps2,-1.33740327,8.14712958e-05,100
2157,Hybrid,mixture2,-1.33740200,8.45095593e-05,100
2158,Metropolis,metropolis,-1.33642119,3.79674484e-04,100
2158,Row-Update,mps2,-1.33741397,8.13717432e-05,100
2158,Hybrid,mixture2,-1.33741177,8.33054959e-05,100
2159,Metropolis,metropolis,-1.33642587,3.79335565e-04,100
2159,Row-Update,mps2,-1.33739388,8.14977260e-05,100
2159,Hybrid,mixture2,-1.33741283,8.25966708e-05,100
2160,Metropolis,metropolis,-1.33641898,3.79522940e-04,100
2160,Row-Update,mps2,-1.33740734,7.99835349e-05,100
2160,Hybrid,mixture2,-1.33739830,8.57630303e-05,100
2161,Metropolis,metropolis,-1.33641174,3.79230943e-04,100
2161,Row-Update,mps2,-1.33742774,8.03672490e-05,100
2161,Hybrid,mixture2,-1.33740731,8.35810434e-05,100
2162,Metropolis,metropolis,-1.33634728,3.88610311e-04,100
2162,Row-Update,mps2,-1.33746496,8.62837614e-05,100
2162,Hybrid,mixture2,-1.33740971,8.47856788e-05,100
2163,Metropolis,metropolis,-1.33640075,3.80520192e-04,100
2163,Row-Update,mps2,-1.33740364,8.18302499e-05,100
2163,Hybrid,mixture2,-1.33741964,8.30909150e-05,100
2164,Metropolis,metropolis,-1.33639395,3.81968536e-04,100
2164,Row-Update,mps2,-1.33742038,8.14090216e-05,100
2164,Hybrid,mixture2,-1.33740565,8.45772112e-05,100
2165,Metropolis,metropolis,-1.33641086,3.80585638e-04,100
2165,Row-Update,mps2,-1.33740905,8.12391414e-05,100
2165,Hybrid,mixture2,-1.33740903,8.45211694e-05,100
2166,Metropolis,metropolis,-1.33632589,3.93736526e-04,100
2166,Row-Update,mps2,-1.33739899,8.23837471e-05,100
2166,Hybrid,mixture2,-1.33740593,8.41738254e-05,100
2167,Metropolis,metropolis,-1.33630267,3.99079885e-04,100
2167,Row-Update,mps2,-1.33739774,8.42462079e-05,100
2167,Hybrid,mixture2,-1.33741091,8.44883671e-05,100
2168,Metropolis,metropolis,-1.33631154,3.98430080e-04,100
2168,Row-Update,mps2,-1.33740928,8.17612552e-05,100
2168,Hybrid,mixture2,-1.33742357,8.31529020e-05,100
2169,Metropolis,metropolis,-1.33629474,4.00645781e-04,100
2169,Row-Update,mps2,-1.33743140,7.90623830e-05,100
2169,Hybrid,mixture2,-1.33741939,8.30725393e-05,100
2170,Metropolis,metropolis,-1.33631262,3.97272823e-04,100
2170,Row-Update,mps2,-1.33742112,8.07720170e-05,100
2170,Hybrid,mixture2,-1.33742424,8.33652352e-05,100
2171,Metropolis,metropolis,-1.33634968,3.88316050e-04,100
2171,Row-Update,mps2,-1.33740270,8.24341998e-05,100
2171,Hybrid,mixture2,-1.33743224,8.26307573e-05,100
2172,Metropolis,metropolis,-1.33636090,3.85794471e-04,100
2172,Row-Update,mps2,-1.33740521,8.04612609e-05,100
2172,Hybrid,mixture2,-1.33742468,8.43192973e-05,100
2173,Metropolis,metropolis,-1.33636846,3.86298506e-04,100
2173,Row-Update,mps2,-1.33740873,8.06810164e-05,100
2173,Hybrid,mixture2,-1.33741578,8.40358086e-05,100
2174,Metropolis,metropolis,-1.33637058,3.87027158e-04,100
2174,Row-Update,mps2,-1.33742349,8.13412510e-05,100
2174,Hybrid,mixture2,-1.33740969,8.52374261e-05,100
2175,Metropolis,metropolis,-1.33632681,3.90867397e-04,100
2175,Row-Update,mps2,-1.33742207,8.09234837e-05,100
2175,Hybrid,mixture2,-1.33739390,8.40512305e-05,100
2176,Metropolis,metropolis,-1.33635420,3.84541137e-04,100
2176,Row-Update,mps2,-1.33741130,8.37929135e-05,100
2176,Hybrid,mixture2,-1.33740583,8.51740144e-05,100
2177,Metropolis,metropolis,-1.33637782,3.83276601e-04,100
2177,Row-Update,mps2,-1.33739970,8.34065935e-05,100
2177,Hybrid,mixture2,-1.33741051,8.54644045e-05,100
2178,Metropolis,metropolis,-1.33638849,3.81455776e-04,100
2178,Row-Update,mps2,-1.33739373,8.29324748e-05,100
2178,Hybrid,mixture2,-1.33741062,8.46726609e-05,100
2179,Metropolis,metropolis,-1.33638681,3.81391905e-04,100
2179,Row-Update,mps2,-1.33740247,8.32382979e-05,100
2179,Hybrid,mixture2,-1.33741522,8.45003000e-05,100
2180,Metropolis,metropolis,-1.33638411,3.80729114e-04,100
2180,Row-Update,mps2,-1.33739658,8.24770218e-05,100
2180,Hybrid,mixture2,-1.33740892,8.36243372e-05,100
2181,Metropolis,metropolis,-1.33640612,3.80417977e-04,100
2181,Row-Update,mps2,-1.33743417,8.02944176e-05,100
2181,Hybrid,mixture2,-1.33740326,8.52406612e-05,100
2182,Metropolis,metropolis,-1.33637722,3.81869211e-04,100
2182,Row-Update,mps2,-1.33742159,8.15454549e-05,100
2182,Hybrid,mixture2,-1.33739530,8.65969571e-05,100
2183,Metropolis,metropolis,-1.33637633,3.84495084e-04,100
2183,Row-Update,mps2,-1.33742824,7.99452008e-05,100
2183,Hybrid,mixture2,-1.33738757,8.71135255e-05,100
2184,Metropolis,metropolis,-1.33635354,3.88931359e-04,100
2184,Row-Update,mps2,-1.33741396,8.32629917e-05,100
2184,Hybrid,mixture2,-1.33739414,8.55881118e-05,100
2185,Metropolis,metropolis,-1.33634550,3.91099193e-04,100
2185,Row-Update,mps2,-1.33741331,8.39672595e-05,100
2185,Hybrid,mixture2,-1.33741228,8.51017702e-05,100
2186,Metropolis,metropolis,-1.33633541,3.90360107e-04,100
2186,Row-Update,mps2,-1.33740843,8.21161267e-05,100
2186,Hybrid,mixture2,-1.33739936,8.37621214e-05,100
2187,Metropolis,metropolis,-1.33635239,3.84072483e-04,100
2187,Row-Update,mps2,-1.33740583,8.60614367e-05,100
2187,Hybrid,mixture2,-1.33740107,8.51803854e-05,100
2188,Metropolis,metropolis,-1.33631136,3.92989488e-04,100
2188,Row-Update,mps2,-1.33738760,8.72582359e-05,100
2188,Hybrid,mixture2,-1.33741696,8.45722245e-05,100
2189,Metropolis,metropolis,-1.33640818,3.80554056e-04,100
2189,Row-Update,mps2,-1.33740755,8.41218947e-05,100
2189,Hybrid,mixture2,-1.33741805,8.29951381e-05,100
2190,Metropolis,metropolis,-1.33642516,3.79795570e-04,100
2190,Row-Update,mps2,-1.33739086,8.53872802e-05,100
2190,Hybrid,mixture2,-1.33741436,8.37259241e-05,100
2191,Metropolis,metropolis,-1.33642432,3.80013425e-04,100
2191,Row-Update,mps2,-1.33739399,8.42715106e-05,100
2191,Hybrid,mixture2,-1.33741881,8.39424976e-05,100
2192,Metropolis,metropolis,-1.33640586,3.79642388e-04,100
2192,Row-Update,mps2,-1.33739989,8.50425146e-05,100
2192,Hybrid,mixture2,-1.33742266,8.31291907e-05,100
2193,Metropolis,metropolis,-1.33639925,3.79994868e-04,100
2193,Row-Update,mps2,-1.33739827,8.32526855e-05,100
2193,Hybrid,mixture2,-1.33740566,8.36686285e-05,100
2194,Metropolis,metropolis,-1.33639748,3.79676113e-04,100
2194,Row-Update,mps2,-1.33740624,8.41711427e-05,100
2194,Hybrid,mixture2,-1.33741189,8.35640932e-05,100
2195,Metropolis,metropolis,-1.33640953,3.80752723e-04,100
2195,Row-Update,mps2,-1.33740414,8.66782767e-05,100
2195,Hybrid,mixture2,-1.33741261,8.38724315e-05,100
2196,Metropolis,metropolis,-1.33638414,3.80483492e-04,100
2196,Row-Update,mps2,-1.33741201,8.56914134e-05,100
2196,Hybrid,mixture2,-1.33741985,8.33206157e-05,100
2197,Metropolis,metropolis,-1.33639376,3.81106472e-04,100
2197,Row-Update,mps2,-1.33741260,8.19850662e-05,100
2197,Hybrid,mixture2,-1.33742064,8.33348673e-05,100
2198,Metropolis,metropolis,-1.33639729,3.80736503e-04,100
2198,Row-Update,mps2,-1.33739748,8.92449886e-05,100
2198,Hybrid,mixture2,-1.33741806,8.36033373e-05,100
2199,Metropolis,metropolis,-1.33640666,3.80571392e-04,100
2199,Row-Update,mps2,-1.33740060,8.42884974e-05,100
2199,Hybrid,mixture2,-1.33741540,8.52343163e-05,100
2200,Metropolis,metropolis,-1.33639031,3.81254628e-04,100
2200,Row-Update,mps2,-1.33741171,8.41819856e-05,100
2200,Hybrid,mixture2,-1.33740852,8.44336721e-05,100
2201,Metropolis,metropolis,-1.33641560,3.81002514e-04,100
2201,Row-Update,mps2,-1.33739375,8.56886086e-05,100
2201,Hybrid,mixture2,-1.33739913,8.50178731e-05,100
2202,Metropolis,metropolis,-1.33640671,3.79782533e-04,100
2202,Row-Update,mps2,-1.33741185,8.35972410e-05,100
2202,Hybrid,mixture2,-1.33742118,8.38790501e-05,100
2203,Metropolis,metropolis,-1.33641524,3.80705860e-04,100
2203,Row-Update,mps2,-1.33742393,8.29090757e-05,100
2203,Hybrid,mixture2,-1.33741349,8.41060291e-05,100
2204,Metropolis,metropolis,-1.33641101,3.80601181e-04,100
2204,Row-Update,mps2,-1.33741521,8.25350101e-05,100
2204,Hybrid,mixture2,-1.33741543,8.55152712e-05,100
2205,Metropolis,metropolis,-1.33643037,3.79469331e-04,100
2205,Row-Update,mps2,-1.33741723,8.18798230e-05,100
2205,Hybrid,mixture2,-1.33740847,8.39832555e-05,100
2206,Metropolis,metropolis,-1.33641705,3.79797856e-04,100
2206,Row-Update,mps2,-1.33739998,8.33323801e-05,100
2206,Hybrid,mixture2,-1.33741760,8.33363253e-05,100
2207,Metropolis,metropolis,-1.33641941,3.80021693e-04,100
2207,Row-Update,mps2,-1.33740817,8.18696175e-05,100
2207,Hybrid,mixture2,-1.33741600,8.38863425e-05,100
2208,Metropolis,metropolis,-1.33639928,3.80322238e-04,100
2208,Row-Update,mps2,-1.33737696,8.63673894e-05,100
2208,Hybrid,mixture2,-1.33741808,8.54093977e-05,100
2209,Metropolis,metropolis,-1.33639880,3.80531208e-04,100
2209,Row-Update,mps2,-1.33740899,8.17452459e-05,100
2209,Hybrid,mixture2,-1.33741613,8.50209279e-05,100
2210,Metropolis,metropolis,-1.33640712,3.80970250e-04,100
2210,Row-Update,mps2,-1.33742166,8.06882744e-05,100
2210,Hybrid,mixture2,-1.33741348,8.57366070e-05,100
2211,Metropolis,metropolis,-1.33641435,3.80166894e-04,100
2211,Row-Update,mps2,-1.33742720,8.03166663e-05,100
2211,Hybrid,mixture2,-1.33742200,8.35262113e-05,100
2212,Metropolis,metropolis,-1.33641257,3.80459692e-04,100
2212,Row-Update,mps2,-1.33741821,8.25149733e-05,100
2212,Hybrid,mixture2,-1.33740390,8.51013622e-05,100
2213,Metropolis,metropolis,-1.33640382,3.79801364e-04,100
2213,Row-Update,mps2,-1.33742063,8.15253515e-05,100
2213,Hybrid,mixture2,-1.33740917,8.44699763e-05,100
2214,Metropolis,metropolis,-1.33642484,3.79447888e-04,100
2214,Row-Update,mps2,-1.33742176,8.09958545e-05,100
2214,Hybrid,mixture2,-1.33739607,8.50469355e-05,100
2215,Metropolis,metropolis,-1.33641720,3.80399335e-04,100
2215,Row-Update,mps2,-1.33743052,7.99745229e-05,100
2215,Hybrid,mixture2,-1.33740730,8.63262268e-05,100
2216,Metropolis,metropolis,-1.33640808,3.81353597e-04,100
2216,Row-Update,mps2,-1.33742815,8.08751639e-05,100
2216,Hybrid,mixture2,-1.33741245,8.44352242e-05,100
2217,Metropolis,metropolis,-1.33642520,3.79753493e-04,100
2217,Row-Update,mps2,-1.33742597,8.19045568e-05,100
2217,Hybrid,mixture2,-1.33740544,8.63973511e-05,100
2218,Metropolis,metropolis,-1.33641442,3.81030108e-04,100
2218,Row-Update,mps2,-1.33744498,8.43364657e-05,100
2218,Hybrid,mixture2,-1.33742619,8.26978232e-05,100
2219,Metropolis,metropolis,-1.33640864,3.80087147e-04,100
2219,Row-Update,mps2,-1.33742272,8.09793630e-05,100
2219,Hybrid,mixture2,-1.33742310,8.38450040e-05,100
2220,Metropolis,metropolis,-1.33639809,3.81293183e-04,100
2220,Row-Update,mps2,-1.33739088,8.22628990e-05,100
2220,Hybrid,mixture2,-1.33742238,8.39834260e-05,100
2221,Metropolis,metropolis,-1.33640190,3.81664658e-04,100
2221,Row-Update,mps2,-1.33740547,8.19541338e-05,100
2221,Hybrid,mixture2,-1.33741496,8.37643158e-05,100
2222,Metropolis,metropolis,-1.33641042,3.80828108e-04,100
2222,Row-Update,mps2,-1.33740950,8.16787085e-05,100
2222,Hybrid,mixture2,-1.33742332,8.41773451e-05,100
2223,Metropolis,metropolis,-1.33639216,3.81516682e-04,100
2223,Row-Update,mps2,-1.33740507,8.16788651e-05,100
2223,Hybrid,mixture2,-1.33741691,8.35460156e-05,100
2224,Metropolis,metropolis,-1.33640987,3.81771055e-04,100
2224,Row-Update,mps2,-1.33741487,8.11315391e-05,100
2224,Hybrid,mixture2,-1.33740594,8.53306795e-05,100
2225,Metropolis,metropolis,-1.33639147,3.82053248e-04,100
2225,Row-Update,mps2,-1.33741480,8.02611786e-05,100
2225,Hybrid,mixture2,-1.33741836,8.31452576e-05,100
2226,Metropolis,metropolis,-1.33639655,3.82207355e-04,100
2226,Row-Update,mps2,-1.33741156,8.28566545e-05,100
2226,Hybrid,mixture2,-1.33740486,8.39001316e-05,100
2227,Metropolis,metropolis,-1.33639603,3.82982289e-04,100
2227,Row-Update,mps2,-1.33741963,7.92735866e-05,100
2227,Hybrid,mixture2,-1.33741224,8.51770800e-05,100
2228,Metropolis,metropolis,-1.33640877,3.81273403e-04,100
2228,Row-Update,mps2,-1.33740985,8.19558643e-05,100
2228,Hybrid,mixture2,-1.33739418,8.63900489e-05,100
2229,Metropolis,metropolis,-1.33640579,3.81536988e-04,100
2229,Row-Update,mps2,-1.33741823,8.13114723e-05,100
2229,Hybrid,mixture2,-1.33741580,8.70561214e-05,100
2230,Metropolis,metropolis,-1.33639915,3.80630275e-04,100
2230,Row-Update,mps2,-1.33744786,8.13001689e-05,100
2230,Hybrid,mixture2,-1.33741104,8.48027138e-05,100
2231,Metropolis,metropolis,-1.33640354,3.81340105e-04,100
2231,Row-Update,mps2,-1.33742335,7.99008222e-05,100
2231,Hybrid,mixture2,-1.33741300,8.39210553e-05,100
2232,Metropolis,metropolis,-1.33640341,3.80604229e-04,100
2232,Row-Update,mps2,-1.33741515,8.11305843e-05,100
2232,Hybrid,mixture2,-1.33741534,8.35139217e-05,100
2233,Metropolis,metropolis,-1.33640771,3.80942550e-04,100
2233,Row-Update,mps2,-1.33742101,8.14984547e-05,100
2233,Hybrid,mixture2,-1.33741906,8.32185106e-05,100
2234,Metropolis,metropolis,-1.33638483,3.82473281e-04,100
2234,Row-Update,mps2,-1.33741481,8.19830378e-05,100
2234,Hybrid,mixture2,-1.33741845,8.50825764e-05,100
2235,Metropolis,metropolis,-1.33639245,3.82669646e-04,100
2235,Row-Update,mps2,-1.33740983,8.65478014e-05,100
2235,Hybrid,mixture2,-1.33740104,8.75674037e-05,100
2236,Metropolis,metropolis,-1.33637939,3.88780831e-04,100
2236,Row-Update,mps2,-1.33741097,8.79148565e-05,100
2236,Hybrid,mixture2,-1.33741071,8.43632630e-05,100
2237,Metropolis,metropolis,-1.33637295,3.88775548e-04,100
2237,Row-Update,mps2,-1.33739693,8.78668393e-05,100
2237,Hybrid,mixture2,-1.33743103,8.41154041e-05,100
2238,Metropolis,metropolis,-1.33637130,3.88005736e-04,100
2238,Row-Update,mps2,-1.33742340,8.49001925e-05,100
2238,Hybrid,mixture2,-1.33743449,8.45138657e-05,100
2239,Metropolis,metropolis,-1.33638740,3.85030147e-04,100
2239,Row-Update,mps2,-1.33742268,8.26515360e-05,100
2239,Hybrid,mixture2,-1.33743387,8.41006650e-05,100
2240,Metropolis,metropolis,-1.33640383,3.82059333e-04,100
2240,Row-Update,mps2,-1.33741414,8.35664069e-05,100
2240,Hybrid,mixture2,-1.33743541,8.41739161e-05,100
2241,Metropolis,metropolis,-1.33641302,3.81176525e-04,100
2241,Row-Update,mps2,-1.33743369,7.98753599e-05,100
2241,Hybrid,mixture2,-1.33741877,8.46607385e-05,100
2242,Metropolis,metropolis,-1.33641179,3.86375586e-04,100
2242,Row-Update,mps2,-1.33742334,8.10351062e-05,100
2242,Hybrid,mixture2,-1.33742688,8.36546683e-05,100
2243,Metropolis,metropolis,-1.33640543,3.83364006e-04,100
2243,Row-Update,mps2,-1.33741796,8.09797117e-05,100
2243,Hybrid,mixture2,-1.33742954,8.50007051e-05,100
2244,Metropolis,metropolis,-1.33640603,3.81867540e-04,100
2244,Row-Update,mps2,-1.33741564,8.28979568e-05,100
2244,Hybrid,mixture2,-1.33742301,8.58608428e-05,100
2245,Metropolis,metropolis,-1.33638803,3.86084345e-04,100
2245,Row-Update,mps2,-1.33742060,8.28915306e-05,100
2245,Hybrid,mixture2,-1.33741173,8.71096937e-05,100
2246,Metropolis,metropolis,-1.33641466,3.81381723e-04,100
2246,Row-Update,mps2,-1.33741094,8.60392348e-05,100
2246,Hybrid,mixture2,-1.33740482,8.56728774e-05,100
2247,Metropolis,metropolis,-1.33642753,3.80557807e-04,100
2247,Row-Update,mps2,-1.33743210,8.08552850e-05,100
2247,Hybrid,mixture2,-1.33740952,8.63754537e-05,100
2248,Metropolis,metropolis,-1.33639956,3.83037092e-04,100
2248,Row-Update,mps2,-1.33743383,8.19116058e-05,100
2248,Hybrid,mixture2,-1.33740135,8.68955551e-05,100
2249,Metropolis,metropolis,-1.33640307,3.81908770e-04,100
2249,Row-Update,mps2,-1.33744631,7.77643061e-05,100
2249,Hybrid,mixture2,-1.33740940,8.57592242e-05,100
2250,Metropolis,metropolis,-1.33642075,3.81966487e-04,100
2250,Row-Update,mps2,-1.33743559,8.02178560e-05,100
2250,Hybrid,mixture2,-1.33740365,8.58905669e-05,100
2251,Metropolis,metropolis,-1.33642472,3.80054664e-04,100
2251,Row-Update,mps2,-1.33744215,7.96144122e-05,100
2251,Hybrid,mixture2,-1.33741262,8.55731150e-05,100
2252,Metropolis,metropolis,-1.33641131,3.81116818e-04,100
2252,Row-Update,mps2,-1.33743200,7.91992745e-05,100
2252,Hybrid,mixture2,-1.33741514,8.49653870e-05,100
2253,Metropolis,metropolis,-1.33641795,3.81917399e-04,100
2253,Row-Update,mps2,-1.33743706,8.18478218e-05,100
2253,Hybrid,mixture2,-1.33741711,8.47883628e-05,100
2254,Metropolis,metropolis,-1.33639761,3.83296239e-04,100
2254,Row-Update,mps2,-1.33742165,8.29879467e-05,100
2254,Hybrid,mixture2,-1.33742335,8.49502083e-05,100
2255,Metropolis,metropolis,-1.33639371,3.85653910e-04,100
2255,Row-Update,mps2,-1.33744144,8.07350394e-05,100
2255,Hybrid,mixture2,-1.33741861,8.60306525e-05,100
2256,Metropolis,metropolis,-1.33640045,3.85339237e-04,100
2256,Row-Update,mps2,-1.33744750,8.04526167e-05,100
2256,Hybrid,mixture2,-1.33743121,8.50787106e-05,100
2257,Metropolis,metropolis,-1.33639211,3.85278149e-04,100
2257,Row-Update,mps2,-1.33743206,8.23564921e-05,100
2257,Hybrid,mixture2,-1.33741554,8.55328848e-05,100
2258,Metropolis,metropolis,-1.33640269,3.83523238e-04,100
2258,Row-Update,mps2,-1.33741582,8.37996637e-05,100
2258,Hybrid,mixture2,-1.33741865,8.46842280e-05,100
2259,Metropolis,metropolis,-1.33639163,3.85913101e-04,100
2259,Row-Update,mps2,-1.33742022,8.40756616e-05,100
2259,Hybrid,mixture2,-1.33742190,8.45811123e-05,100
2260,Metropolis,metropolis,-1.33638530,3.86680007e-04,100
2260,Row-Update,mps2,-1.33743098,8.39594304e-05,100
2260,Hybrid,mixture2,-1.33742716,8.55183023e-05,100
2261,Metropolis,metropolis,-1.33638774,3.88013133e-04,100
2261,Row-Update,mps2,-1.33741677,8.32720121e-05,100
2261,Hybrid,mixture2,-1.33741893,8.40913169e-05,100
2262,Metropolis,metropolis,-1.33638388,3.89353149e-04,100
2262,Row-Update,mps2,-1.33743339,8.28802544e-05,100
2262,Hybrid,mixture2,-1.33740380,8.51594423e-05,100
2263,Metropolis,metropolis,-1.33639514,3.87826503e-04,100
2263,Row-Update,mps2,-1.33744727,8.34052963e-05,100
2263,Hybrid,mixture2,-1.33739060,8.70167436e-05,100
2264,Metropolis,metropolis,-1.33639411,3.85096563e-04,100
2264,Row-Update,mps2,-1.33742276,8.35262522e-05,100
2264,Hybrid,mixture2,-1.33740237,8.55517885e-05,100
2265,Metropolis,metropolis,-1.33638356,3.87255989e-04,100
2265,Row-Update,mps2,-1.33743753,8.18320750e-05,100
2265,Hybrid,mixture2,-1.33740936,8.28851194e-05,100
2266,Metropolis,metropolis,-1.33645263,3.80026396e-04,100
2266,Row-Update,mps2,-1.33742409,8.14755964e-05,100
2266,Hybrid,mixture2,-1.33741183,8.36714392e-05,100
2267,Metropolis,metropolis,-1.33643415,3.80625202e-04,100
2267,Row-Update,mps2,-1.33744298,8.24520897e-05,100
2267,Hybrid,mixture2,-1.33741780,8.41386966e-05,100
2268,Metropolis,metropolis,-1.33645148,3.79885900e-04,100
2268,Row-Update,mps2,-1.33744680,8.13093577e-05,100
2268,Hybrid,mixture2,-1.33741002,8.34991704e-05,100
2269,Metropolis,metropolis,-1.33646828,3.78680064e-04,100
2269,Row-Update,mps2,-1.33744237,8.06010575e-05,100
2269,Hybrid,mixture2,-1.33741321,8.39488761e-05,100
2270,Metropolis,metropolis,-1.33646346,3.79828845e-04,100
2270,Row-Update,mps2,-1.33745105,7.98387278e-05,100
2270,Hybrid,mixture2,-1.33741445,8.42729811e-05,100
2271,Metropolis,metropolis,-1.33647599,3.80510016e-04,100
2271,Row-Update,mps2,-1.33745702,7.75533630e-05,100
2271,Hybrid,mixture2,-1.33740938,8.44195157e-05,100
2272,Metropolis,metropolis,-1.33647133,3.80102957e-04,100
2272,Row-Update,mps2,-1.33744023,7.97133963e-05,100
2272,Hybrid,mixture2,-1.33740358,8.74601782e-05,100
2273,Metropolis,metropolis,-1.33647262,3.79306344e-04,100
2273,Row-Update,mps2,-1.33745700,7.96454346e-05,100
2273,Hybrid,mixture2,-1.33740632,8.45880451e-05,100
2274,Metropolis,metropolis,-1.33644936,3.79861433e-04,100
2274,Row-Update,mps2,-1.33746237,8.12256369e-05,100
2274,Hybrid,mixture2,-1.33741196,8.58459679e-05,100
2275,Metropolis,metropolis,-1.33643961,3.80712966e-04,100
2275,Row-Update,mps2,-1.33745495,8.01183356e-05,100
2275,Hybrid,mixture2,-1.33741959,8.43141191e-05,100
2276,Metropolis,metropolis,-1.33645624,3.80393189e-04,100
2276,Row-Update,mps2,-1.33745093,8.11742508e-05,100
2276,Hybrid,mixture2,-1.33741569,8.36513845e-05,100
2277,Metropolis,metropolis,-1.33646279,3.78084212e-04,100
2277,Row-Update,mps2,-1.33746363,7.98787104e-05,100
2277,Hybrid,mixture2,-1.33741247,8.45088544e-05,100
2278,Metropolis,metropolis,-1.33645864,3.79690987e-04,100
2278,Row-Update,mps2,-1.33745154,8.11309441e-05,100
2278,Hybrid,mixture2,-1.33741386,8.41812504e-05,100
2279,Metropolis,metropolis,-1.33645302,3.79650833e-04,100
2279,Row-Update,mps2,-1.33744321,7.94926501e-05,100
2279,Hybrid,mixture2,-1.33742542,8.26605651e-05,100
2280,Metropolis,metropolis,-1.33655062,3.89765907e-04,100
2280,Row-Update,mps2,-1.33746059,7.96337025e-05,100
2280,Hybrid,mixture2,-1.33742254,8.45401164e-05,100
2281,Metropolis,metropolis,-1.33646190,3.80092715e-04,100
2281,Row-Update,mps2,-1.33745642,7.99733911e-05,100
2281,Hybrid,mixture2,-1.33742262,8.31912498e-05,100
2282,Metropolis,metropolis,-1.33646070,3.79973324e-04,100
2282,Row-Update,mps2,-1.33745592,7.88880894e-05,100
2282,Hybrid,mixture2,-1.33742670,8.34840152e-05,100
2283,Metropolis,metropolis,-1.33645647,3.80304814e-04,100
2283,Row-Update,mps2,-1.33745901,8.07959412e-05,100
2283,Hybrid,mixture2,-1.33742884,8.33836828e-05,100
2284,Metropolis,metropolis,-1.33646434,3.79714403e-04,100
2284,Row-Update,mps2,-1.33745730,7.97872299e-05,100
2284,Hybrid,mixture2,-1.33743369,8.16605895e-05,100
2285,Metropolis,metropolis,-1.33646210,3.79797989e-04,100
2285,Row-Update,mps2,-1.33744127,8.18968567e-05,100
2285,Hybrid,mixture2,-1.33741208,8.34947910e-05,100
2286,Metropolis,metropolis,-1.33645724,3.80699598e-04,100
2286,Row-Update,mps2,-1.33745327,8.19170196e-05,100
2286,Hybrid,mixture2,-1.33742063,8.29305726e-05,100
2287,Metropolis,metropolis,-1.33646646,3.80064012e-04,100
2287,Row-Update,mps2,-1.33747262,7.93538857e-05,100
2287,Hybrid,mixture2,-1.33742546,8.33732844e-05,100
2288,Metropolis,metropolis,-1.33646442,3.79496755e-04,100
2288,Row-Update,mps2,-1.33746062,8.20855063e-05,100
2288,Hybrid,mixture2,-1.33742684,8.35720470e-05,100
2289,Metropolis,metropolis,-1.33646232,3.80434485e-04,100
2289,Row-Update,mps2,-1.33745361,8.04201894e-05,100
2289,Hybrid,mixture2,-1.33743182,8.46259128e-05,100
2290,Metropolis,metropolis,-1.33647741,3.80134906e-04,100
2290,Row-Update,mps2,-1.33745308,7.98210524e-05,100
2290,Hybrid,mixture2,-1.33741202,8.58034386e-05,100
2291,Metropolis,metropolis,-1.33647197,3.80352962e-04,100
2291,Row-Update,mps2,-1.33744611,8.19145780e-05,100
2291,Hybrid,mixture2,-1.33742599,8.44909010e-05,100
2292,Metropolis,metropolis,-1.33647097,3.81211894e-04,100
2292,Row-Update,mps2,-1.33745348,7.87437545e-05,100
2292,Hybrid,mixture2,-1.33743136,8.28681441e-05,100
2293,Metropolis,metropolis,-1.33647310,3.80158970e-04,100
2293,Row-Update,mps2,-1.33744692,8.18835395e-05,100
2293,Hybrid,mixture2,-1.33742364,8.43602750e-05,100
2294,Metropolis,metropolis,-1.33646874,3.80129183e-04,100
2294,Row-Update,mps2,-1.33743176,8.32456472e-05,100
2294,Hybrid,mixture2,-1.33742199,8.40441154e-05,100
2295,Metropolis,metropolis,-1.33647365,3.79992052e-04,100
2295,Row-Update,mps2,-1.33744560,8.16588313e-05,100
2295,Hybrid,mixture2,-1.33740948,8.42105386e-05,100
2296,Metropolis,metropolis,-1.33646922,3.80166759e-04,100
2296,Row-Update,mps2,-1.33746032,8.34630257e-05,100
2296,Hybrid,mixture2,-1.33741661,8.53748314e-05,100
2297,Metropolis,metropolis,-1.33646571,3.80478120e-04,100
2297,Row-Update,mps2,-1.33744640,8.04396467e-05,100
2297,Hybrid,mixture2,-1.33743015,8.23881558e-05,100
2298,Metropolis,metropolis,-1.33647770,3.80184679e-04,100
2298,Row-Update,mps2,-1.33744495,8.23724405e-05,100
2298,Hybrid,mixture2,-1.33741788,8.29982492e-05,100
2299,Metropolis,metropolis,-1.33647232,3.80239515e-04,100
2299,Row-Update,mps2,-1.33744642,8.47455253e-05,100
2299,Hybrid,mixture2,-1.33743043,8.21959657e-05,100
2300,Metropolis,metropolis,-1.33647563,3.79635889e-04,100
2300,Row-Update,mps2,-1.33743873,8.28654250e-05,100
2300,Hybrid,mixture2,-1.33741592,8.33655968e-05,100
2301,Metropolis,metropolis,-1.33647817,3.80264304e-04,100
2301,Row-Update,mps2,-1.33742452,8.55774664e-05,100
2301,Hybrid,mixture2,-1.33742511,8.33980388e-05,100
2302,Metropolis,metropolis,-1.33646572,3.79951373e-04,100
2302,Row-Update,mps2,-1.33743658,8.58032953e-05,100
2302,Hybrid,mixture2,-1.33741949,8.49445010e-05,100
2303,Metropolis,metropolis,-1.33647183,3.79686058e-04,100
2303,Row-Update,mps2,-1.33741267,8.86566001e-05,100
2303,Hybrid,mixture2,-1.33742144,8.37384734e-05,100
2304,Metropolis,metropolis,-1.33646476,3.80668748e-04,100
2304,Row-Update,mps2,-1.33742031,8.53413167e-05,100
2304,Hybrid,mixture2,-1.33744145,8.28200354e-05,100
2305,Metropolis,metropolis,-1.33646252,3.80557806e-04,100
2305,Row-Update,mps2,-1.33742619,8.41676306e-05,100
2305,Hybrid,mixture2,-1.33742987,8.24449649e-05,100
2306,Metropolis,metropolis,-1.33645886,3.80352250e-04,100
2306,Row-Update,mps2,-1.33743782,8.17699656e-05,100
2306,Hybrid,mixture2,-1.33743296,8.26201104e-05,100
2307,Metropolis,metropolis,-1.33647349,3.80625600e-04,100
2307,Row-Update,mps2,-1.33744896,8.17703905e-05,100
2307,Hybrid,mixture2,-1.33742477,8.51518374e-05,100
2308,Metropolis,metropolis,-1.33647936,3.80268576e-04,100
2308,Row-Update,mps2,-1.33744536,8.19102292e-05,100
2308,Hybrid,mixture2,-1.33742880,8.29747207e-05,100
2309,Metropolis,metropolis,-1.33648131,3.80410989e-04,100
2309,Row-Update,mps2,-1.33746926,7.88072129e-05,100
2309,Hybrid,mixture2,-1.33743008,8.40548129e-05,100
2310,Metropolis,metropolis,-1.33646703,3.81206691e-04,100
2310,Row-Update,mps2,-1.33746856,7.97429496e-05,100
2310,Hybrid,mixture2,-1.33742688,8.44751975e-05,100
2311,Metropolis,metropolis,-1.33648711,3.80836355e-04,100
2311,Row-Update,mps2,-1.33747190,8.00869148e-05,100
2311,Hybrid,mixture2,-1.33742209,8.49774461e-05,100
2312,Metropolis,metropolis,-1.33646506,3.80178856e-04,100
2312,Row-Update,mps2,-1.33746596,8.00990763e-05,100
2312,Hybrid,mixture2,-1.33742622,8.40042499e-05,100
2313,Metropolis,metropolis,-1.33646859,3.79465606e-04,100
2313,Row-Update,mps2,-1.33748492,7.98055171e-05,100
2313,Hybrid,mixture2,-1.33742022,8.49057955e-05,100
2314,Metropolis,metropolis,-1.33646695,3.80255203e-04,100
2314,Row-Update,mps2,-1.33746157,8.06914346e-05,100
2314,Hybrid,mixture2,-1.33742278,8.39013406e-05,100
2315,Metropolis,metropolis,-1.33647036,3.80465423e-04,100
2315,Row-Update,mps2,-1.33746899,7.93671762e-05,100
2315,Hybrid,mixture2,-1.33741965,8.43281513e-05,100
2316,Metropolis,metropolis,-1.33647076,3.80755367e-04,100
2316,Row-Update,mps2,-1.33746266,8.15975574e-05,100
2316,Hybrid,mixture2,-1.33742871,8.34293199e-05,100
2317,Metropolis,metropolis,-1.33646745,3.80466988e-04,100
2317,Row-Update,mps2,-1.33748478,8.18291548e-05,100
2317,Hybrid,mixture2,-1.33742664,8.31915395e-05,100
2318,Metropolis,metropolis,-1.33646225,3.79998987e-04,100
2318,Row-Update,mps2,-1.33745675,8.23916240e-05,100
2318,Hybrid,mixture2,-1.33741152,8.34130628e-05,100
2319,Metropolis,metropolis,-1.33647566,3.80479081e-04,100
2319,Row-Update,mps2,-1.33746381,8.19939643e-05,100
2319,Hybrid,mixture2,-1.33743366,8.26949670e-05,100
2320,Metropolis,metropolis,-1.33648094,3.80031496e-04,100
2320,Row-Update,mps2,-1.33746736,8.02648297e-05,100
2320,Hybrid,mixture2,-1.33743799,8.11753148e-05,100
2321,Metropolis,metropolis,-1.33647713,3.80320481e-04,100
2321,Row-Update,mps2,-1.33745926,8.09887118e-05,100
2321,Hybrid,mixture2,-1.33743791,8.37154844e-05,100
2322,Metropolis,metropolis,-1.33647302,3.80700954e-04,100
2322,Row-Update,mps2,-1.33744931,8.25213296e-05,100
2322,Hybrid,mixture2,-1.33742720,8.41326866e-05,100
2323,Metropolis,metropolis,-1.33648233,3.79443350e-04,100
2323,Row-Update,mps2,-1.33745564,8.23295905e-05,100
2323,Hybrid,mixture2,-1.33743837,8.19084873e-05,100
2324,Metropolis,metropolis,-1.33647164,3.81121732e-04,100
2324,Row-Update,mps2,-1.33745444,8.44939874e-05,100
2324,Hybrid,mixture2,-1.33742435,8.39089683e-05,100
2325,Metropolis,metropolis,-1.33647343,3.80250748e-04,100
2325,Row-Update,mps2,-1.33746869,8.14757597e-05,100
2325,Hybrid,mixture2,-1.33743125,8.34359788e-05,100
2326,Metropolis,metropolis,-1.33646820,3.80600811e-04,100
2326,Row-Update,mps2,-1.33748589,7.63107983e-05,100
2326,Hybrid,mixture2,-1.33743547,8.39520766e-05,100
2327,Metropolis,metropolis,-1.33645537,3.80885331e-04,100
2327,Row-Update,mps2,-1.33747367,8.05025963e-05,100
2327,Hybrid,mixture2,-1.33742727,8.34717948e-05,100
2328,Metropolis,metropolis,-1.33646124,3.79746854e-04,100
2328,Row-Update,mps2,-1.33747752,7.75498997e-05,100
2328,Hybrid,mixture2,-1.33742071,8.27558019e-05,100
2329,Metropolis,metropolis,-1.33645898,3.80265279e-04,100
2329,Row-Update,mps2,-1.33748070,7.83630647e-05,100
2329,Hybrid,mixture2,-1.33743177,8.29393547e-05,100
2330,Metropolis,metropolis,-1.33646880,3.79724209e-04,100
2330,Row-Update,mps2,-1.33747108,7.84634371e-05,100
2330,Hybrid,mixture2,-1.33743615,8.33722171e-05,100
2331,Metropolis,metropolis,-1.33646672,3.79696647e-04,100
2331,Row-Update,mps2,-1.33747231,7.77876569e-05,100
2331,Hybrid,mixture2,-1.33743657,8.31057820e-05,100
2332,Metropolis,metropolis,-1.33647143,3.80092769e-04,100
2332,Row-Update,mps2,-1.33747623,7.92597442e-05,100
2332,Hybrid,mixture2,-1.33742306,8.35891338e-05,100
2333,Metropolis,metropolis,-1.33647400,3.80047725e-04,100
2333,Row-Update,mps2,-1.33748140,8.01938013e-05,100
2333,Hybrid,mixture2,-1.33742933,8.35589829e-05,100
2334,Metropolis,metropolis,-1.33646446,3.80453794e-04,100
2334,Row-Update,mps2,-1.33746188,8.02759769e-05,100
2334,Hybrid,mixture2,-1.33742720,8.42149497e-05,100
2335,Metropolis,metropolis,-1.33646434,3.80129910e-04,100
2335,Row-Update,mps2,-1.33748010,7.74850951e-05,100
2335,Hybrid,mixture2,-1.33742407,8.42828690e-05,100
2336,Metropolis,metropolis,-1.33645747,3.80540610e-04,100
2336,Row-Update,mps2,-1.33745393,8.18069762e-05,100
2336,Hybrid,mixture2,-1.33742320,8.42858326e-05,100
2337,Metropolis,metropolis,-1.33646233,3.79304900e-04,100
2337,Row-Update,mps2,-1.33746324,8.01697957e-05,100
2337,Hybrid,mixture2,-1.33741302,8.58530480e-05,100
2338,Metropolis,metropolis,-1.33646113,3.80948687e-04,100
2338,Row-Update,mps2,-1.33747184,8.07364975e-05,100
2338,Hybrid,mixture2,-1.33740548,8.45249600e-05,100
2339,Metropolis,metropolis,-1.33646143,3.80849802e-04,100
2339,Row-Update,mps2,-1.33748205,7.78758119e-05,100
2339,Hybrid,mixture2,-1.33743396,8.53205754e-05,100
2340,Metropolis,metropolis,-1.33646363,3.81048566e-04,100
2340,Row-Update,mps2,-1.33747695,7.71001804e-05,100
2340,Hybrid,mixture2,-1.33741361,8.63893042e-05,100
2341,Metropolis,metropolis,-1.33646258,3.80611374e-04,100
2341,Row-Update,mps2,-1.33746529,7.76797793e-05,100
2341,Hybrid,mixture2,-1.33741616,8.60287632e-05,100
2342,Metropolis,metropolis,-1.33647045,3.79747797e-04,100
2342,Row-Update,mps2,-1.33746964,7.91628167e-05,100
2342,Hybrid,mixture2,-1.33742061,8.52793518e-05,100
2343,Metropolis,metropolis,-1.33646387,3.81400690e-04,100
2343,Row-Update,mps2,-1.33748516,7.79586066e-05,100
2343,Hybrid,mixture2,-1.33741703,8.27368812e-05,100
2344,Metropolis,metropolis,-1.33645963,3.80144832e-04,100
2344,Row-Update,mps2,-1.33748626,7.84461635e-05,100
2344,Hybrid,mixture2,-1.33741951,8.52399733e-05,100
2345,Metropolis,metropolis,-1.33647600,3.80303430e-04,100
2345,Row-Update,mps2,-1.33746452,7.98712291e-05,100
2345,Hybrid,mixture2,-1.33742409,8.48365890e-05,100
2346,Metropolis,metropolis,-1.33647305,3.80039130e-04,100
2346,Row-Update,mps2,-1.33745968,8.02767648e-05,100
2346,Hybrid,mixture2,-1.33743489,8.36175725e-05,100
2347,Metropolis,metropolis,-1.33647926,3.80301139e-04,100
2347,Row-Update,mps2,-1.33747614,7.80356639e-05,100
2347,Hybrid,mixture2,-1.33741841,8.60876492e-05,100
2348,Metropolis,metropolis,-1.33647056,3.79945417e-04,100
2348,Row-Update,mps2,-1.33747299,7.86851690e-05,100
2348,Hybrid,mixture2,-1.33742291,8.55326403e-05,100
2349,Metropolis,metropolis,-1.33648708,3.80290078e-04,100
2349,Row-Update,mps2,-1.33749722,7.78220952e-05,100
2349,Hybrid,mixture2,-1.33743605,8.40121227e-05,100
2350,Metropolis,metropolis,-1.33648988,3.80304089e-04,100
2350,Row-Update,mps2,-1.33748268,7.93427406e-05,100
2350,Hybrid,mixture2,-1.33741771,8.45298582e-05,100
2351,Metropolis,metropolis,-1.33647987,3.79409176e-04,100
2351,Row-Update,mps2,-1.33748017,7.91964950e-05,100
2351,Hybrid,mixture2,-1.33743213,8.44261714e-05,100
2352,Metropolis,metropolis,-1.33648902,3.80351088e-04,100
2352,Row-Update,mps2,-1.33745245,8.28439920e-05,100
2352,Hybrid,mixture2,-1.33741613,8.69743449e-05,100
2353,Metropolis,metropolis,-1.33647596,3.79543508e-04,100
2353,Row-Update,mps2,-1.33750859,8.34902315e-05,100
2353,Hybrid,mixture2,-1.33742389,8.52423142e-05,100
2354,Metropolis,metropolis,-1.33648103,3.80273746e-04,100
2354,Row-Update,mps2,-1.33748676,7.90316967e-05,100
2354,Hybrid,mixture2,-1.33742786,8.38088041e-05,100
2355,Metropolis,metropolis,-1.33648009,3.80438056e-04,100
2355,Row-Update,mps2,-1.33748239,7.96146031e-05,100
2355,Hybrid,mixture2,-1.33741929,8.43060663e-05,100
2356,Metropolis,metropolis,-1.33647965,3.79798886e-04,100
2356,Row-Update,mps2,-1.33749360,7.98912706e-05,100
2356,Hybrid,mixture2,-1.33741835,8.53197864e-05,100
2357,Metropolis,metropolis,-1.33647509,3.79798511e-04,100
2357,Row-Update,mps2,-1.33748229,8.14179040e-05,100
2357,Hybrid,mixture2,-1.33742636,8.42704452e-05,100
2358,Metropolis,metropolis,-1.33647309,3.80820745e-04,100
2358,Row-Update,mps2,-1.33747981,8.18319361e-05,100
2358,Hybrid,mixture2,-1.33743932,8.34189572e-05,100
2359,Metropolis,metropolis,-1.33646276,3.79816380e-04,100
2359,Row-Update,mps2,-1.33748930,8.02300966e-05,100
2359,Hybrid,mixture2,-1.33744065,8.23117333e-05,100
2360,Metropolis,metropolis,-1.33647707,3.79391564e-04,100
2360,Row-Update,mps2,-1.33746391,8.46212894e-05,100
2360,Hybrid,mixture2,-1.33741775,8.43558823e-05,100
2361,Metropolis,metropolis,-1.33648191,3.80878053e-04,100
2361,Row-Update,mps2,-1.33747875,8.19472336e-05,100
2361,Hybrid,mixture2,-1.33743798,8.27121017e-05,100
2362,Metropolis,metropolis,-1.33648998,3.79586099e-04,100
2362,Row-Update,mps2,-1.33746219,8.13561780e-05,100
2362,Hybrid,mixture2,-1.33742579,8.41850258e-05,100
2363,Metropolis,metropolis,-1.33648713,3.79837393e-04,100
2363,Row-Update,mps2,-1.33748673,7.83487899e-05,100
2363,Hybrid,mixture2,-1.33742430,8.53703876e-05,100
2364,Metropolis,metropolis,-1.33648328,3.79545841e-04,100
2364,Row-Update,mps2,-1.33748638,7.79827137e-05,100
2364,Hybrid,mixture2,-1.33742378,8.54214107e-05,100
2365,Metropolis,metropolis,-1.33648494,3.80544493e-04,100
2365,Row-Update,mps2,-1.33747202,8.05258211e-05,100
2365,Hybrid,mixture2,-1.33742105,8.55097350e-05,100
2366,Metropolis,metropolis,-1.33648317,3.79340520e-04,100
2366,Row-Update,mps2,-1.33745685,8.18049825e-05,100
2366,Hybrid,mixture2,-1.33742698,8.42800583e-05,100
2367,Metropolis,metropolis,-1.33647034,3.79699015e-04,100
2367,Row-Update,mps2,-1.33749103,7.95827752e-05,100
2367,Hybrid,mixture2,-1.33743724,8.27501690e-05,100
2368,Metropolis,metropolis,-1.33646917,3.80135812e-04,100
2368,Row-Update,mps2,-1.33747100,8.01997135e-05,100
2368,Hybrid,mixture2,-1.33743776,8.28046604e-05,100
2369,Metropolis,metropolis,-1.33648234,3.79810378e-04,100
2369,Row-Update,mps2,-1.33748139,8.03554750e-05,100
2369,Hybrid,mixture2,-1.33742955,8.38093875e-05,100
2370,Metropolis,metropolis,-1.33646821,3.79886903e-04,100
2370,Row-Update,mps2,-1.33747398,8.16710118e-05,100
2370,Hybrid,mixture2,-1.33743019,8.41879704e-05,100
2371,Metropolis,metropolis,-1.33649230,3.79844721e-04,100
2371,Row-Update,mps2,-1.33748045,8.02211261e-05,100
2371,Hybrid,mixture2,-1.33742846,8.26856529e-05,100
2372,Metropolis,metropolis,-1.33648699,3.80054570e-04,100
2372,Row-Update,mps2,-1.33747596,8.08296215e-05,100
2372,Hybrid,mixture2,-1.33742754,8.43009154e-05,100
2373,Metropolis,metropolis,-1.33649603,3.79727168e-04,100
2373,Row-Update,mps2,-1.33748620,7.94362361e-05,100
2373,Hybrid,mixture2,-1.33742656,8.34186235e-05,100
2374,Metropolis,metropolis,-1.33648016,3.80271533e-04,100
2374,Row-Update,mps2,-1.33749219,7.87129440e-05,100
2374,Hybrid,mixture2,-1.33743202,8.35888561e-05,100
2375,Metropolis,metropolis,-1.33648254,3.80207371e-04,100
2375,Row-Update,mps2,-1.33749160,7.85028089e-05,100
2375,Hybrid,mixture2,-1.33742751,8.30376129e-05,100
2376,Metropolis,metropolis,-1.33645697,3.79825795e-04,100
2376,Row-Update,mps2,-1.33748752,8.20636403e-05,100
2376,Hybrid,mixture2,-1.33745593,8.25684755e-05,100
2377,Metropolis,metropolis,-1.33645623,3.80339985e-04,100
2377,Row-Update,mps2,-1.33747456,7.92310709e-05,100
2377,Hybrid,mixture2,-1.33744968,8.09677213e-05,100
2378,Metropolis,metropolis,-1.33644561,3.80626438e-04,100
2378,Row-Update,mps2,-1.33748351,7.97415367e-05,100
2378,Hybrid,mixture2,-1.33744205,8.32378355e-05,100
2379,Metropolis,metropolis,-1.33647485,3.79997247e-04,100
2379,Row-Update,mps2,-1.33749143,7.83781446e-05,100
2379,Hybrid,mixture2,-1.33743677,8.28404407e-05,100
2380,Metropolis,metropolis,-1.33648535,3.80245627e-04,100
2380,Row-Update,mps2,-1.33748808,8.01097479e-05,100
2380,Hybrid,mixture2,-1.33742836,8.28025435e-05,100
2381,Metropolis,metropolis,-1.33648290,3.80270767e-04,100
2381,Row-Update,mps2,-1.33746939,8.09524054e-05,100
2381,Hybrid,mixture2,-1.33742763,8.33560712e-05,100
2382,Metropolis,metropolis,-1.33647903,3.80490374e-04,100
2382,Row-Update,mps2,-1.33746910,8.06323142e-05,100
2382,Hybrid,mixture2,-1.33745029,8.22601655e-05,100
2383,Metropolis,metropolis,-1.33648612,3.79942745e-04,100
2383,Row-Update,mps2,-1.33749130,7.83583030e-05,100
2383,Hybrid,mixture2,-1.33743761,8.24220757e-05,100
2384,Metropolis,metropolis,-1.33648732,3.80198367e-04,100
2384,Row-Update,mps2,-1.33748921,7.97366853e-05,100
2384,Hybrid,mixture2,-1.33743384,8.30607289e-05,100
2385,Metropolis,metropolis,-1.33645988,3.80532976e-04,100
2385,Row-Update,mps2,-1.33748076,8.12132137e-05,100
2385,Hybrid,mixture2,-1.33743719,8.26320636e-05,100
2386,Metropolis,metropolis,-1.33644820,3.82335112e-04,100
2386,Row-Update,mps2,-1.33748903,8.25317245e-05,100
2386,Hybrid,mixture2,-1.33743325,8.32710969e-05,100
2387,Metropolis,metropolis,-1.33643912,3.82890570e-04,100
2387,Row-Update,mps2,-1.33748792,7.98287913e-05,100
2387,Hybrid,mixture2,-1.33742710,8.34344272e-05,100
2388,Metropolis,metropolis,-1.33644587,3.80867000e-04,100
2388,Row-Update,mps2,-1.33749486,7.87203731e-05,100
2388,Hybrid,mixture2,-1.33741847,8.35600508e-05,100
2389,Metropolis,metropolis,-1.33645592,3.80682722e-04,100
2389,Row-Update,mps2,-1.33749427,8.04431126e-05,100
2389,Hybrid,mixture2,-1.33742508,8.47088408e-05,100
2390,Metropolis,metropolis,-1.33646325,3.80677470e-04,100
2390,Row-Update,mps2,-1.33748017,7.95794107e-05,100
2390,Hybrid,mixture2,-1.33742716,8.47177284e-05,100
2391,Metropolis,metropolis,-1.33647668,3.80596520e-04,100
2391,Row-Update,mps2,-1.33749067,7.96751634e-05,100
2391,Hybrid,mixture2,-1.33742609,8.52093862e-05,100
2392,Metropolis,metropolis,-1.33646664,3.80584254e-04,100
2392,Row-Update,mps2,-1.33749119,8.10848737e-05,100
2392,Hybrid,mixture2,-1.33742729,8.34479568e-05,100
2393,Metropolis,metropolis,-1.33648550,3.80527485e-04,100
2393,Row-Update,mps2,-1.33749402,7.94324251e-05,100
2393,Hybrid,mixture2,-1.33742545,8.56770705e-05,100
2394,Metropolis,metropolis,-1.33646561,3.80270706e-04,100
2394,Row-Update,mps2,-1.33749098,8.04140967e-05,100
2394,Hybrid,mixture2,-1.33742073,8.43112484e-05,100
2395,Metropolis,metropolis,-1.33646389,3.80037543e-04,100
2395,Row-Update,mps2,-1.33749041,8.05087733e-05,100
2395,Hybrid,mixture2,-1.33742174,8.44990945e-05,100
2396,Metropolis,metropolis,-1.33646797,3.80747590e-04,100
2396,Row-Update,mps2,-1.33747274,8.25522806e-05,100
2396,Hybrid,mixture2,-1.33742462,8.57146189e-05,100
2397,Metropolis,metropolis,-1.33647393,3.80554299e-04,100
2397,Row-Update,mps2,-1.33747592,8.31370657e-05,100
2397,Hybrid,mixture2,-1.33743558,8.47099213e-05,100
2398,Metropolis,metropolis,-1.33645824,3.80115988e-04,100
2398,Row-Update,mps2,-1.33747697,8.37739007e-05,100
2398,Hybrid,mixture2,-1.33742816,8.37420739e-05,100
2399,Metropolis,metropolis,-1.33645329,3.80884384e-04,100
2399,Row-Update,mps2,-1.33747300,8.12404802e-05,100
2399,Hybrid,mixture2,-1.33744791,8.35997712e-05,100
2400,Metropolis,metropolis,-1.33647585,3.80907973e-04,100
2400,Row-Update,mps2,-1.33747890,8.14846292e-05,100
2400,Hybrid,mixture2,-1.33743446,8.30060365e-05,100
2401,Metropolis,metropolis,-1.33646666,3.80454814e-04,100
2401,Row-Update,mps2,-1.33748167,8.12397173e-05,100
2401,Hybrid,mixture2,-1.33743005,8.46059854e-05,100
2402,Metropolis,metropolis,-1.33646609,3.81018886e-04,100
2402,Row-Update,mps2,-1.33748708,8.14412098e-05,100
2402,Hybrid,mixture2,-1.33742375,8.43360118e-05,100
2403,Metropolis,metropolis,-1.33646472,3.80720010e-04,100
2403,Row-Update,mps2,-1.33747407,8.00633933e-05,100
2403,Hybrid,mixture2,-1.33742905,8.36597576e-05,100
2404,Metropolis,metropolis,-1.33643957,3.81359540e-04,100
2404,Row-Update,mps2,-1.33748205,8.40481760e-05,100
2404,Hybrid,mixture2,-1.33743559,8.31773245e-05,100
2405,Metropolis,metropolis,-1.33646291,3.80538555e-04,100
2405,Row-Update,mps2,-1.33748343,8.22306132e-05,100
2405,Hybrid,mixture2,-1.33742605,8.62338221e-05,100
2406,Metropolis,metropolis,-1.33647521,3.80392736e-04,100
2406,Row-Update,mps2,-1.33747713,8.34144313e-05,100
2406,Hybrid,mixture2,-1.33743281,8.38312761e-05,100
2407,Metropolis,metropolis,-1.33647774,3.79747106e-04,100
2407,Row-Update,mps2,-1.33748632,8.24465695e-05,100
2407,Hybrid,mixture2,-1.33741878,8.37680090e-05,100
2408,Metropolis,metropolis,-1.33647574,3.80210433e-04,100
2408,Row-Update,mps2,-1.33748819,8.08801009e-05,100
2408,Hybrid,mixture2,-1.33742645,8.47187785e-05,100
2409,Metropolis,metropolis,-1.33647599,3.80566311e-04,100
2409,Row-Update,mps2,-1.33748410,8.16190862e-05,100
2409,Hybrid,mixture2,-1.33743065,8.41097355e-05,100
2410,Metropolis,metropolis,-1.33648178,3.81035279e-04,100
2410,Row-Update,mps2,-1.33749827,7.93729491e-05,100
2410,Hybrid,mixture2,-1.33742297,8.51980192e-05,100
2411,Metropolis,metropolis,-1.33645535,3.80698807e-04,100
2411,Row-Update,mps2,-1.33750378,7.79117094e-05,100
2411,Hybrid,mixture2,-1.33743125,8.43401329e-05,100
2412,Metropolis,metropolis,-1.33646640,3.80372696e-04,100
2412,Row-Update,mps2,-1.33747602,7.85551038e-05,100
2412,Hybrid,mixture2,-1.33743578,8.40986398e-05,100
2413,Metropolis,metropolis,-1.33647450,3.80361809e-04,100
2413,Row-Update,mps2,-1.33748591,7.97124115e-05,100
2413,Hybrid,mixture2,-1.33744285,8.39235183e-05,100
2414,Metropolis,metropolis,-1.33646853,3.80107278e-04,100
2414,Row-Update,mps2,-1.33747391,8.13391353e-05,100
2414,Hybrid,mixture2,-1.33744713,8.21517887e-05,100
2415,Metropolis,metropolis,-1.33645972,3.80433356e-04,100
2415,Row-Update,mps2,-1.33746921,8.22900578e-05,100
2415,Hybrid,mixture2,-1.33744309,8.22478810e-05,100
2416,Metropolis,metropolis,-1.33645094,3.80116643e-04,100
2416,Row-Update,mps2,-1.33747124,8.12631536e-05,100
2416,Hybrid,mixture2,-1.33745724,8.19343648e-05,100
2417,Metropolis,metropolis,-1.33646836,3.79728139e-04,100
2417,Row-Update,mps2,-1.33747439,8.33481896e-05,100
2417,Hybrid,mixture2,-1.33744188,8.33294167e-05,100
2418,Metropolis,metropolis,-1.33645565,3.81040578e-04,100
2418,Row-Update,mps2,-1.33747067,8.23725424e-05,100
2418,Hybrid,mixture2,-1.33745642,8.23309624e-05,100
2419,Metropolis,metropolis,-1.33646687,3.80012146e-04,100
2419,Row-Update,mps2,-1.33750012,7.94319616e-05,100
2419,Hybrid,mixture2,-1.33745856,8.25897243e-05,100
2420,Metropolis,metropolis,-1.33645979,3.80304727e-04,100
2420,Row-Update,mps2,-1.33748751,7.98671178e-05,100
2420,Hybrid,mixture2,-1.33745275,8.27604561e-05,100
2421,Metropolis,metropolis,-1.33646041,3.80266083e-04,100
2421,Row-Update,mps2,-1.33749304,8.11400039e-05,100
2421,Hybrid,mixture2,-1.33745133,8.27779663e-05,100
2422,Metropolis,metropolis,-1.33647381,3.79839812e-04,100
2422,Row-Update,mps2,-1.33749052,7.97361494e-05,100
2422,Hybrid,mixture2,-1.33744233,8.26077684e-05,100
2423,Metropolis,metropolis,-1.33647300,3.80606560e-04,100
2423,Row-Update,mps2,-1.33751090,7.75968061e-05,100
2423,Hybrid,mixture2,-1.33744369,8.24162752e-05,100
2424,Metropolis,metropolis,-1.33646950,3.80729696e-04,100
2424,Row-Update,mps2,-1.33749164,8.06683394e-05,100
2424,Hybrid,mixture2,-1.33744257,8.27161274e-05,100
2425,Metropolis,metropolis,-1.33647647,3.80667335e-04,100
2425,Row-Update,mps2,-1.33749426,8.25825828e-05,100
2425,Hybrid,mixture2,-1.33744322,8.29053041e-05,100
2426,Metropolis,metropolis,-1.33648874,3.80577444e-04,100
2426,Row-Update,mps2,-1.33748914,8.03945806e-05,100
2426,Hybrid,mixture2,-1.33743998,8.32209470e-05,100
2427,Metropolis,metropolis,-1.33648704,3.79735180e-04,100
2427,Row-Update,mps2,-1.33749618,7.89857307e-05,100
2427,Hybrid,mixture2,-1.33744162,8.41997947e-05,100
2428,Metropolis,metropolis,-1.33647907,3.80233908e-04,100
2428,Row-Update,mps2,-1.33750914,7.78541005e-05,100
2428,Hybrid,mixture2,-1.33744292,8.30617007e-05,100
2429,Metropolis,metropolis,-1.33646130,3.80534843e-04,100
2429,Row-Update,mps2,-1.33750617,7.66874155e-05,100
2429,Hybrid,mixture2,-1.33744325,8.36730248e-05,100
2430,Metropolis,metropolis,-1.33647208,3.79807286e-04,100
2430,Row-Update,mps2,-1.33751887,7.62396967e-05,100
2430,Hybrid,mixture2,-1.33744943,8.35145704e-05,100
2431,Metropolis,metropolis,-1.33648297,3.80916062e-04,100
2431,Row-Update,mps2,-1.33750278,7.86536072e-05,100
2431,Hybrid,mixture2,-1.33744033,8.51454677e-05,100
2432,Metropolis,metropolis,-1.33647573,3.80496646e-04,100
2432,Row-Update,mps2,-1.33751157,7.83925916e-05,100
2432,Hybrid,mixture2,-1.33744414,8.43259883e-05,100
2433,Metropolis,metropolis,-1.33648201,3.80657809e-04,100
2433,Row-Update,mps2,-1.33748668,8.16494790e-05,100
2433,Hybrid,mixture2,-1.33743542,8.50454457e-05,100
2434,Metropolis,metropolis,-1.33649434,3.80399509e-04,100
2434,Row-Update,mps2,-1.33749855,7.96590245e-05,100
2434,Hybrid,mixture2,-1.33743785,8.34156468e-05,100
2435,Metropolis,metropolis,-1.33648063,3.80858468e-04,100
2435,Row-Update,mps2,-1.33748761,8.15319931e-05,100
2435,Hybrid,mixture2,-1.33744895,8.30015790e-05,100
2436,Metropolis,metropolis,-1.33646870,3.80746498e-04,100
2436,Row-Update,mps2,-1.33750153,7.93273643e-05,100
2436,Hybrid,mixture2,-1.33745121,8.27113258e-05,100
2437,Metropolis,metropolis,-1.33648258,3.80381982e-04,100
2437,Row-Update,mps2,-1.33749843,7.95114720e-05,100
2437,Hybrid,mixture2,-1.33745388,8.43057600e-05,100
2438,Metropolis,metropolis,-1.33646319,3.80463108e-04,100
2438,Row-Update,mps2,-1.33752083,7.60083670e-05,100
2438,Hybrid,mixture2,-1.33744902,8.36955885e-05,100
2439,Metropolis,metropolis,-1.33647421,3.80981183e-04,100
2439,Row-Update,mps2,-1.33750006,7.84859036e-05,100
2439,Hybrid,mixture2,-1.33745861,8.29533603e-05,100
2440,Metropolis,metropolis,-1.33648599,3.80295411e-04,100
2440,Row-Update,mps2,-1.33750089,7.90803017e-05,100
2440,Hybrid,mixture2,-1.33744568,8.28818652e-05,100
2441,Metropolis,metropolis,-1.33647914,3.81314751e-04,100
2441,Row-Update,mps2,-1.33749855,7.80705956e-05,100
2441,Hybrid,mixture2,-1.33743306,8.43198277e-05,100
2442,Metropolis,metropolis,-1.33647208,3.80901448e-04,100
2442,Row-Update,mps2,-1.33750573,7.75689314e-05,100
2442,Hybrid,mixture2,-1.33743942,8.38194571e-05,100
2443,Metropolis,metropolis,-1.33645874,3.80629090e-04,100
2443,Row-Update,mps2,-1.33750184,7.80629358e-05,100
2443,Hybrid,mixture2,-1.33744588,8.28481488e-05,100
2444,Metropolis,metropolis,-1.33645718,3.80654766e-04,100
2444,Row-Update,mps2,-1.33749652,7.71743664e-05,100
2444,Hybrid,mixture2,-1.33744911,8.40278046e-05,100
2445,Metropolis,metropolis,-1.33646372,3.81135753e-04,100
2445,Row-Update,mps2,-1.33748891,7.95314757e-05,100
2445,Hybrid,mixture2,-1.33743791,8.36062831e-05,100
2446,Metropolis,metropolis,-1.33647865,3.76812438e-04,100
2446,Row-Update,mps2,-1.33749168,7.87086626e-05,100
2446,Hybrid,mixture2,-1.33743768,8.49657864e-05,100
2447,Metropolis,metropolis,-1.33647339,3.81191176e-04,100
2447,Row-Update,mps2,-1.33747669,8.28208899e-05,100
2447,Hybrid,mixture2,-1.33744396,8.32237595e-05,100
2448,Metropolis,metropolis,-1.33647547,3.80471611e-04,100
2448,Row-Update,mps2,-1.33747589,8.06266229e-05,100
2448,Hybrid,mixture2,-1.33742851,8.47300515e-05,100
2449,Metropolis,metropolis,-1.33646807,3.80097034e-04,100
2449,Row-Update,mps2,-1.33749276,7.93328230e-05,100
2449,Hybrid,mixture2,-1.33743270,8.50730606e-05,100
2450,Metropolis,metropolis,-1.33645207,3.80427083e-04,100
2450,Row-Update,mps2,-1.33748084,8.11791633e-05,100
2450,Hybrid,mixture2,-1.33743744,8.54777304e-05,100
2451,Metropolis,metropolis,-1.33647216,3.80810187e-04,100
2451,Row-Update,mps2,-1.33749044,7.84478625e-05,100
2451,Hybrid,mixture2,-1.33745399,8.29720341e-05,100
2452,Metropolis,metropolis,-1.33647564,3.80625188e-04,100
2452,Row-Update,mps2,-1.33749898,7.72746444e-05,100
2452,Hybrid,mixture2,-1.33743260,8.44102531e-05,100
2453,Metropolis,metropolis,-1.33646535,3.79826042e-04,100
2453,Row-Update,mps2,-1.33750094,7.99745824e-05,100
2453,Hybrid,mixture2,-1.33744864,8.26749455e-05,100
2454,Metropolis,metropolis,-1.33647151,3.80252832e-04,100
2454,Row-Update,mps2,-1.33748894,7.92785959e-05,100
2454,Hybrid,mixture2,-1.33743786,8.42083557e-05,100
2455,Metropolis,metropolis,-1.33647495,3.80808190e-04,100
2455,Row-Update,mps2,-1.33749643,7.93393498e-05,100
2455,Hybrid,mixture2,-1.33742843,8.47615129e-05,100
2456,Metropolis,metropolis,-1.33648051,3.80361249e-04,100
2456,Row-Update,mps2,-1.33747464,8.48403235e-05,100
2456,Hybrid,mixture2,-1.33742993,8.38407095e-05,100
2457,Metropolis,metropolis,-1.33648842,3.80311745e-04,100
2457,Row-Update,mps2,-1.33748844,8.40194518e-05,100
2457,Hybrid,mixture2,-1.33743648,8.46499114e-05,100
2458,Metropolis,metropolis,-1.33647025,3.79721358e-04,100
2458,Row-Update,mps2,-1.33747445,8.58747605e-05,100
2458,Hybrid,mixture2,-1.33744253,8.42851376e-05,100
2459,Metropolis,metropolis,-1.33647522,3.80282342e-04,100
2459,Row-Update,mps2,-1.33748889,8.95073385e-05,100
2459,Hybrid,mixture2,-1.33742764,8.44378258e-05,100
2460,Metropolis,metropolis,-1.33648472,3.80414117e-04,100
2460,Row-Update,mps2,-1.33748747,8.59960989e-05,100
2460,Hybrid,mixture2,-1.33744035,8.38246216e-05,100
2461,Metropolis,metropolis,-1.33644903,3.80892614e-04,100
2461,Row-Update,mps2,-1.33745948,8.87306123e-05,100
2461,Hybrid,mixture2,-1.33743143,8.44953341e-05,100
2462,Metropolis,metropolis,-1.33646814,3.80370381e-04,100
2462,Row-Update,mps2,-1.33748704,8.43287511e-05,100
2462,Hybrid,mixture2,-1.33744002,8.42604492e-05,100
2463,Metropolis,metropolis,-1.33647578,3.80630847e-04,100
2463,Row-Update,mps2,-1.33749230,8.10102480e-05,100
2463,Hybrid,mixture2,-1.33744075,8.44461817e-05,100
2464,Metropolis,metropolis,-1.33648460,3.79625603e-04,100
2464,Row-Update,mps2,-1.33749270,7.96341375e-05,100
2464,Hybrid,mixture2,-1.33744877,8.27852632e-05,100
2465,Metropolis,metropolis,-1.33648159,3.80620491e-04,100
2465,Row-Update,mps2,-1.33749751,7.90082189e-05,100
2465,Hybrid,mixture2,-1.33744430,8.41577344e-05,100
2466,Metropolis,metropolis,-1.33646977,3.80739461e-04,100
2466,Row-Update,mps2,-1.33750508,8.01473189e-05,100
2466,Hybrid,mixture2,-1.33743958,8.44241684e-05,100
2467,Metropolis,metropolis,-1.33648369,3.80321204e-04,100
2467,Row-Update,mps2,-1.33748973,8.03239227e-05,100
2467,Hybrid,mixture2,-1.33743637,8.42394128e-05,100
2468,Metropolis,metropolis,-1.33648401,3.79829069e-04,100
2468,Row-Update,mps2,-1.33749355,8.03770934e-05,100
2468,Hybrid,mixture2,-1.33745605,8.35353921e-05,100
2469,Metropolis,metropolis,-1.33648982,3.80471437e-04,100
2469,Row-Update,mps2,-1.33747985,8.39622627e-05,100
2469,Hybrid,mixture2,-1.33744175,8.39576569e-05,100
2470,Metropolis,metropolis,-1.33648034,3.80711148e-04,100
2470,Row-Update,mps2,-1.33748958,7.87357833e-05,100
2470,Hybrid,mixture2,-1.33744115,8.36439566e-05,100
2471,Metropolis,metropolis,-1.33648197,3.80183158e-04,100
2471,Row-Update,mps2,-1.33748016,8.26309322e-05,100
2471,Hybrid,mixture2,-1.33744495,8.31964791e-05,100
2472,Metropolis,metropolis,-1.33649022,3.80936601e-04,100
2472,Row-Update,mps2,-1.33746746,8.73568489e-05,100
2472,Hybrid,mixture2,-1.33745337,8.27010769e-05,100
2473,Metropolis,metropolis,-1.33648876,3.80744142e-04,100
2473,Row-Update,mps2,-1.33747222,9.95192333e-05,100
2473,Hybrid,mixture2,-1.33745232,8.25677868e-05,100
2474,Metropolis,metropolis,-1.33648441,3.80490283e-04,100
2474,Row-Update,mps2,-1.33747254,9.61239046e-05,100
2474,Hybrid,mixture2,-1.33745014,8.28088238e-05,100
2475,Metropolis,metropolis,-1.33648582,3.80820241e-04,100
2475,Row-Update,mps2,-1.33747833,9.24444479e-05,100
2475,Hybrid,mixture2,-1.33743456,8.49627560e-05,100
2476,Metropolis,metropolis,-1.33648705,3.80954472e-04,100
2476,Row-Update,mps2,-1.33747567,8.98182610e-05,100
2476,Hybrid,mixture2,-1.33744874,8.32892904e-05,100
2477,Metropolis,metropolis,-1.33649097,3.80632074e-04,100
2477,Row-Update,mps2,-1.33745137,9.10312666e-05,100
2477,Hybrid,mixture2,-1.33743803,8.37897660e-05,100
2478,Metropolis,metropolis,-1.33649500,3.80292742e-04,100
2478,Row-Update,mps2,-1.33745895,8.96479037e-05,100
2478,Hybrid,mixture2,-1.33745416,8.35621669e-05,100
2479,Metropolis,metropolis,-1.33647625,3.80493430e-04,100
2479,Row-Update,mps2,-1.33746701,8.86090345e-05,100
2479,Hybrid,mixture2,-1.33746435,8.23692967e-05,100
2480,Metropolis,metropolis,-1.33648249,3.80913000e-04,100
2480,Row-Update,mps2,-1.33747936,8.66084664e-05,100
2480,Hybrid,mixture2,-1.33746089,8.35688414e-05,100
2481,Metropolis,metropolis,-1.33648898,3.80631748e-04,100
2481,Row-Update,mps2,-1.33748545,8.29376501e-05,100
2481,Hybrid,mixture2,-1.33746438,8.32904983e-05,100
2482,Metropolis,metropolis,-1.33649110,3.80394808e-04,100
2482,Row-Update,mps2,-1.33749256,8.46381257e-05,100
2482,Hybrid,mixture2,-1.33745532,8.38625423e-05,100
2483,Metropolis,metropolis,-1.33649658,3.80401948e-04,100
2483,Row-Update,mps2,-1.33748495,8.29208130e-05,100
2483,Hybrid,mixture2,-1.33745950,8.36779511e-05,100
2484,Metropolis,metropolis,-1.33648970,3.80296498e-04,100
2484,Row-Update,mps2,-1.33750047,8.27626277e-05,100
2484,Hybrid,mixture2,-1.33744947,8.37635220e-05,100
2485,Metropolis,metropolis,-1.33649015,3.80226479e-04,100
2485,Row-Update,mps2,-1.33749756,8.07434158e-05,100
2485,Hybrid,mixture2,-1.33745170,8.29474027e-05,100
2486,Metropolis,metropolis,-1.33647083,3.80692572e-04,100
2486,Row-Update,mps2,-1.33748319,8.31586742e-05,100
2486,Hybrid,mixture2,-1.33745938,8.34398928e-05,100
2487,Metropolis,metropolis,-1.33648199,3.80256977e-04,100
2487,Row-Update,mps2,-1.33748346,8.13859943e-05,100
2487,Hybrid,mixture2,-1.33744909,8.38190408e-05,100
2488,Metropolis,metropolis,-1.33647541,3.80626317e-04,100
2488,Row-Update,mps2,-1.33750445,7.89845378e-05,100
2488,Hybrid,mixture2,-1.33744831,8.40559911e-05,100
2489,Metropolis,metropolis,-1.33647576,3.80530081e-04,100
2489,Row-Update,mps2,-1.33749664,7.79791541e-05,100
2489,Hybrid,mixture2,-1.33744466,8.26211352e-05,100
2490,Metropolis,metropolis,-1.33649142,3.79928925e-04,100
2490,Row-Update,mps2,-1.33750801,7.69935930e-05,100
2490,Hybrid,mixture2,-1.33744478,8.38839781e-05,100
2491,Metropolis,metropolis,-1.33648827,3.80588655e-04,100
2491,Row-Update,mps2,-1.33750059,7.84831835e-05,100
2491,Hybrid,mixture2,-1.33743968,8.53220200e-05,100
2492,Metropolis,metropolis,-1.33648739,3.80840616e-04,100
2492,Row-Update,mps2,-1.33750301,7.68327220e-05,100
2492,Hybrid,mixture2,-1.33745638,8.28622878e-05,100
2493,Metropolis,metropolis,-1.33648500,3.80816755e-04,100
2493,Row-Update,mps2,-1.33749449,8.18768436e-05,100
2493,Hybrid,mixture2,-1.33744452,8.36134758e-05,100
2494,Metropolis,metropolis,-1.33648467,3.80365919e-04,100
2494,Row-Update,mps2,-1.33749201,8.31072000e-05,100
2494,Hybrid,mixture2,-1.33744765,8.43509917e-05,100
2495,Metropolis,metropolis,-1.33648303,3.80559167e-04,100
2495,Row-Update,mps2,-1.33748051,8.48033922e-05,100
2495,Hybrid,mixture2,-1.33744721,8.32333299e-05,100
2496,Metropolis,metropolis,-1.33648595,3.79739606e-04,100
2496,Row-Update,mps2,-1.33749296,8.35044218e-05,100
2496,Hybrid,mixture2,-1.33745120,8.43285771e-05,100
2497,Metropolis,metropolis,-1.33648136,3.80632768e-04,100
2497,Row-Update,mps2,-1.33749168,8.24407329e-05,100
2497,Hybrid,mixture2,-1.33746236,8.32698803e-05,100
2498,Metropolis,metropolis,-1.33648109,3.80281483e-04,100
2498,Row-Update,mps2,-1.33747516,8.28123980e-05,100
2498,Hybrid,mixture2,-1.33744664,8.47169090e-05,100
2499,Metropolis,metropolis,-1.33646863,3.80468638e-04,100
2499,Row-Update,mps2,-1.33746694,8.38322081e-05,100
2499,Hybrid,mixture2,-1.33745632,8.37336946e-05,100
2500,Metropolis,metropolis,-1.33649165,3.81335704e-04,100
2500,Row-Update,mps2,-1.33748065,8.44821202e-05,100
2500,Hybrid,mixture2,-1.33744242,8.39695545e-05,100
2501,Metropolis,metropolis,-1.33648903,3.80511166e-04,100
2501,Row-Update,mps2,-1.33746959,8.77812839e-05,100
2501,Hybrid,mixture2,-1.33745458,8.47590511e-05,100
2502,Metropolis,metropolis,-1.33650356,3.80200449e-04,100
2502,Row-Update,mps2,-1.33747543,8.54019495e-05,100
2502,Hybrid,mixture2,-1.33745310,8.61958937e-05,100
2503,Metropolis,metropolis,-1.33649650,3.80445609e-04,100
2503,Row-Update,mps2,-1.33749823,8.33655658e-05,100
2503,Hybrid,mixture2,-1.33743382,8.74808552e-05,100
2504,Metropolis,metropolis,-1.33650409,3.80180360e-04,100
2504,Row-Update,mps2,-1.33748658,8.49017818e-05,100
2504,Hybrid,mixture2,-1.33742744,8.55449482e-05,100
2505,Metropolis,metropolis,-1.33650244,3.80401254e-04,100
2505,Row-Update,mps2,-1.33749178,8.46241352e-05,100
2505,Hybrid,mixture2,-1.33744943,8.56171082e-05,100
2506,Metropolis,metropolis,-1.33649785,3.80294320e-04,100
2506,Row-Update,mps2,-1.33749941,8.14880749e-05,100
2506,Hybrid,mixture2,-1.33743334,8.42203906e-05,100
2507,Metropolis,metropolis,-1.33649172,3.81102043e-04,100
2507,Row-Update,mps2,-1.33749368,8.18550363e-05,100
2507,Hybrid,mixture2,-1.33745849,8.28071687e-05,100
2508,Metropolis,metropolis,-1.33649334,3.80237556e-04,100
2508,Row-Update,mps2,-1.33748347,8.40263761e-05,100
2508,Hybrid,mixture2,-1.33745421,8.26541477e-05,100
2509,Metropolis,metropolis,-1.33649328,3.80216455e-04,100
2509,Row-Update,mps2,-1.33749568,8.34949886e-05,100
2509,Hybrid,mixture2,-1.33746289,8.31813559e-05,100
2510,Metropolis,metropolis,-1.33649904,3.80158555e-04,100
2510,Row-Update,mps2,-1.33748011,8.61054065e-05,100
2510,Hybrid,mixture2,-1.33746365,8.39119510e-05,100
2511,Metropolis,metropolis,-1.33649558,3.80353543e-04,100
2511,Row-Update,mps2,-1.33750089,7.72553168e-05,100
2511,Hybrid,mixture2,-1.33746780,8.39085077e-05,100
2512,Metropolis,metropolis,-1.33649614,3.79978054e-04,100
2512,Row-Update,mps2,-1.33749809,8.14094161e-05,100
2512,Hybrid,mixture2,-1.33745062,8.35302949e-05,100
2513,Metropolis,metropolis,-1.33648344,3.80143850e-04,100
2513,Row-Update,mps2,-1.33750283,8.14461460e-05,100
2513,Hybrid,mixture2,-1.33745476,8.27941903e-05,100
2514,Metropolis,metropolis,-1.33648733,3.80615276e-04,100
2514,Row-Update,mps2,-1.33749034,8.21919013e-05,100
2514,Hybrid,mixture2,-1.33744359,8.36605923e-05,100
2515,Metropolis,metropolis,-1.33649193,3.80305819e-04,100
2515,Row-Update,mps2,-1.33747378,8.23904592e-05,100
2515,Hybrid,mixture2,-1.33745541,8.28493259e-05,100
2516,Metropolis,metropolis,-1.33648881,3.80191941e-04,100
2516,Row-Update,mps2,-1.33749107,8.24449157e-05,100
2516,Hybrid,mixture2,-1.33743347,8.43653189e-05,100
2517,Metropolis,metropolis,-1.33648918,3.80226741e-04,100
2517,Row-Update,mps2,-1.33749510,8.03190163e-05,100
2517,Hybrid,mixture2,-1.33744331,8.35013911e-05,100
2518,Metropolis,metropolis,-1.33649423,3.80607114e-04,100
2518,Row-Update,mps2,-1.33748173,8.14261821e-05,100
2518,Hybrid,mixture2,-1.33744597,8.29382757e-05,100
2519,Metropolis,metropolis,-1.33648428,3.80414904e-04,100
2519,Row-Update,mps2,-1.33748310,8.42527331e-05,100
2519,Hybrid,mixture2,-1.33745695,8.38491476e-05,100
2520,Metropolis,metropolis,-1.33649342,3.80941304e-04,100
2520,Row-Update,mps2,-1.33750801,8.21092489e-05,100
2520,Hybrid,mixture2,-1.33744541,8.32554587e-05,100
2521,Metropolis,metropolis,-1.33649704,3.80179466e-04,100
2521,Row-Update,mps2,-1.33748600,8.41607657e-05,100
2521,Hybrid,mixture2,-1.33745720,8.39935705e-05,100
2522,Metropolis,metropolis,-1.33649898,3.80315984e-04,100
2522,Row-Update,mps2,-1.33747815,8.42354367e-05,100
2522,Hybrid,mixture2,-1.33744131,8.36732768e-05,100
2523,Metropolis,metropolis,-1.33650430,3.80774816e-04,100
2523,Row-Update,mps2,-1.33746863,8.47105783e-05,100
2523,Hybrid,mixture2,-1.33744989,8.38961903e-05,100
2524,Metropolis,metropolis,-1.33649816,3.80736098e-04,100
2524,Row-Update,mps2,-1.33747779,8.56114832e-05,100
2524,Hybrid,mixture2,-1.33744395,8.32578127e-05,100
2525,Metropolis,metropolis,-1.33649338,3.79992726e-04,100
2525,Row-Update,mps2,-1.33748734,8.16212352e-05,100
2525,Hybrid,mixture2,-1.33744939,8.48893267e-05,100
2526,Metropolis,metropolis,-1.33649101,3.79791058e-04,100
2526,Row-Update,mps2,-1.33748880,8.07119219e-05,100
2526,Hybrid,mixture2,-1.33745189,8.36444533e-05,100
2527,Metropolis,metropolis,-1.33649094,3.80691577e-04,100
2527,Row-Update,mps2,-1.33749607,8.10301110e-05,100
2527,Hybrid,mixture2,-1.33744621,8.31077745e-05,100
2528,Metropolis,metropolis,-1.33649981,3.80652754e-04,100
2528,Row-Update,mps2,-1.33749675,8.30211678e-05,100
2528,Hybrid,mixture2,-1.33746483,8.17259762e-05,100
2529,Metropolis,metropolis,-1.33649997,3.80634403e-04,100
2529,Row-Update,mps2,-1.33748587,8.30328879e-05,100
2529,Hybrid,mixture2,-1.33744281,8.34475390e-05,100
2530,Metropolis,metropolis,-1.33651039,3.79711348e-04,100
2530,Row-Update,mps2,-1.33748794,8.44162864e-05,100
2530,Hybrid,mixture2,-1.33745647,8.39587061e-05,100
2531,Metropolis,metropolis,-1.33650607,3.80508939e-04,100
2531,Row-Update,mps2,-1.33749176,8.36392842e-05,100
2531,Hybrid,mixture2,-1.33746976,8.25385549e-05,100
2532,Metropolis,metropolis,-1.33648781,3.80566873e-04,100
2532,Row-Update,mps2,-1.33748486,8.32655599e-05,100
2532,Hybrid,mixture2,-1.33744901,8.34061002e-05,100
2533,Metropolis,metropolis,-1.33650063,3.80981184e-04,100
2533,Row-Update,mps2,-1.33750208,8.00915264e-05,100
2533,Hybrid,mixture2,-1.33745173,8.34832929e-05,100
2534,Metropolis,metropolis,-1.33649128,3.79725833e-04,100
2534,Row-Update,mps2,-1.33748614,8.33980849e-05,100
2534,Hybrid,mixture2,-1.33745347,8.48734410e-05,100
2535,Metropolis,metropolis,-1.33650730,3.80948904e-04,100
2535,Row-Update,mps2,-1.33748267,8.12626693e-05,100
2535,Hybrid,mixture2,-1.33745731,8.46279119e-05,100
2536,Metropolis,metropolis,-1.33649323,3.80371872e-04,100
2536,Row-Update,mps2,-1.33750456,7.92083842e-05,100
2536,Hybrid,mixture2,-1.33744619,8.42889564e-05,100
2537,Metropolis,metropolis,-1.33650909,3.80335256e-04,100
2537,Row-Update,mps2,-1.33749419,8.20621207e-05,100
2537,Hybrid,mixture2,-1.33745728,8.45439240e-05,100
2538,Metropolis,metropolis,-1.33649184,3.80826446e-04,100
2538,Row-Update,mps2,-1.33749848,8.15454667e-05,100
2538,Hybrid,mixture2,-1.33745638,8.47338385e-05,100
2539,Metropolis,metropolis,-1.33650676,3.80173856e-04,100
2539,Row-Update,mps2,-1.33750568,8.00715456e-05,100
2539,Hybrid,mixture2,-1.33744444,8.54514540e-05,100
2540,Metropolis,metropolis,-1.33650056,3.80631781e-04,100
2540,Row-Update,mps2,-1.33748128,8.29414096e-05,100
2540,Hybrid,mixture2,-1.33746056,8.25423828e-05,100
2541,Metropolis,metropolis,-1.33650339,3.80576862e-04,100
2541,Row-Update,mps2,-1.33748846,8.28426940e-05,100
2541,Hybrid,mixture2,-1.33746168,8.28902769e-05,100
2542,Metropolis,metropolis,-1.33650064,3.80268792e-04,100
2542,Row-Update,mps2,-1.33750151,7.95604794e-05,100
2542,Hybrid,mixture2,-1.33746407,8.33653531e-05,100
2543,Metropolis,metropolis,-1.33650431,3.80930980e-04,100
2543,Row-Update,mps2,-1.33748890,8.10833634e-05,100
2543,Hybrid,mixture2,-1.33746747,8.15836348e-05,100
2544,Metropolis,metropolis,-1.33650402,3.79979783e-04,100
2544,Row-Update,mps2,-1.33748150,8.22237534e-05,100
2544,Hybrid,mixture2,-1.33746270,8.40314842e-05,100
2545,Metropolis,metropolis,-1.33647046,3.80224820e-04,100
2545,Row-Update,mps2,-1.33750757,7.88341514e-05,100
2545,Hybrid,mixture2,-1.33745798,8.40673397e-05,100
2546,Metropolis,metropolis,-1.33649100,3.79944121e-04,100
2546,Row-Update,mps2,-1.33749342,8.29967334e-05,100
2546,Hybrid,mixture2,-1.33746202,8.35594664e-05,100
2547,Metropolis,metropolis,-1.33649532,3.80362954e-04,100
2547,Row-Update,mps2,-1.33750273,8.11006448e-05,100
2547,Hybrid,mixture2,-1.33745357,8.17108652e-05,100
2548,Metropolis,metropolis,-1.33649132,3.80435382e-04,100
2548,Row-Update,mps2,-1.33749761,8.32202103e-05,100
2548,Hybrid,mixture2,-1.33745368,8.34142487e-05,100
2549,Metropolis,metropolis,-1.33648844,3.80427110e-04,100
2549,Row-Update,mps2,-1.33750331,8.03499391e-05,100
2549,Hybrid,mixture2,-1.33745887,8.15321556e-05,100
2550,Metropolis,metropolis,-1.33649048,3.80418424e-04,100
2550,Row-Update,mps2,-1.33749939,8.24199535e-05,100
2550,Hybrid,mixture2,-1.33744841,8.33163750e-05,100
2551,Metropolis,metropolis,-1.33649763,3.80328258e-04,100
2551,Row-Update,mps2,-1.33748627,8.77655196e-05,100
2551,Hybrid,mixture2,-1.33745471,8.30501926e-05,100
2552,Metropolis,metropolis,-1.33649609,3.80317089e-04,100
2552,Row-Update,mps2,-1.33749009,8.13036033e-05,100
2552,Hybrid,mixture2,-1.33743376,8.69992254e-05,100
2553,Metropolis,metropolis,-1.33649072,3.80228759e-04,100
2553,Row-Update,mps2,-1.33751041,7.78865411e-05,100
2553,Hybrid,mixture2,-1.33744559,8.36598570e-05,100
2554,Metropolis,metropolis,-1.33643476,3.85809779e-04,100
2554,Row-Update,mps2,-1.33751714,8.16187317e-05,100
2554,Hybrid,mixture2,-1.33745546,8.26703806e-05,100
2555,Metropolis,metropolis,-1.33647629,3.80287378e-04,100
2555,Row-Update,mps2,-1.33749733,8.15158549e-05,100
2555,Hybrid,mixture2,-1.33745810,8.22072898e-05,100
2556,Metropolis,metropolis,-1.33649142,3.81068604e-04,100
2556,Row-Update,mps2,-1.33750033,8.19742766e-05,100
2556,Hybrid,mixture2,-1.33746181,8.24841336e-05,100
2557,Metropolis,metropolis,-1.33650126,3.80556441e-04,100
2557,Row-Update,mps2,-1.33750749,8.19246809e-05,100
2557,Hybrid,mixture2,-1.33746509,8.24953569e-05,100
2558,Metropolis,metropolis,-1.33648869,3.80124840e-04,100
2558,Row-Update,mps2,-1.33750107,7.76533666e-05,100
2558,Hybrid,mixture2,-1.33746006,8.34140302e-05,100
2559,Metropolis,metropolis,-1.33648635,3.80554102e-04,100
2559,Row-Update,mps2,-1.33750449,7.62063220e-05,100
2559,Hybrid,mixture2,-1.33745425,8.34802932e-05,100
2560,Metropolis,metropolis,-1.33650138,3.79879639e-04,100
2560,Row-Update,mps2,-1.33750614,7.84185717e-05,100
2560,Hybrid,mixture2,-1.33745306,8.23586099e-05,100
2561,Metropolis,metropolis,-1.33649117,3.80817112e-04,100
2561,Row-Update,mps2,-1.33751359,7.70624326e-05,100
2561,Hybrid,mixture2,-1.33745234,8.23443094e-05,100
2562,Metropolis,metropolis,-1.33650438,3.80289866e-04,100
2562,Row-Update,mps2,-1.33750749,7.87138328e-05,100
2562,Hybrid,mixture2,-1.33745829,8.42507451e-05,100
2563,Metropolis,metropolis,-1.33650375,3.80193882e-04,100
2563,Row-Update,mps2,-1.33751437,8.02511587e-05,100
2563,Hybrid,mixture2,-1.33744876,8.51160488e-05,100
2564,Metropolis,metropolis,-1.33650411,3.79841441e-04,100
2564,Row-Update,mps2,-1.33750740,7.96844081e-05,100
2564,Hybrid,mixture2,-1.33746162,8.25894412e-05,100
2565,Metropolis,metropolis,-1.33649463,3.79908337e-04,100
2565,Row-Update,mps2,-1.33749945,7.89869400e-05,100
2565,Hybrid,mixture2,-1.33745995,8.23244124e-05,100
2566,Metropolis,metropolis,-1.33651138,3.80547387e-04,100
2566,Row-Update,mps2,-1.33751619,7.67363511e-05,100
2566,Hybrid,mixture2,-1.33746041,8.22459511e-05,100
2567,Metropolis,metropolis,-1.33649137,3.80272339e-04,100
2567,Row-Update,mps2,-1.33750886,7.74959788e-05,100
2567,Hybrid,mixture2,-1.33745556,8.34697191e-05,100
2568,Metropolis,metropolis,-1.33647343,3.81236235e-04,100
2568,Row-Update,mps2,-1.33748613,8.03024867e-05,100
2568,Hybrid,mixture2,-1.33744958,8.38183601e-05,100
2569,Metropolis,metropolis,-1.33647732,3.81912406e-04,100
2569,Row-Update,mps2,-1.33751172,7.98679523e-05,100
2569,Hybrid,mixture2,-1.33746729,8.23202808e-05,100
2570,Metropolis,metropolis,-1.33645921,3.82024407e-04,100
2570,Row-Update,mps2,-1.33750394,7.75740477e-05,100
2570,Hybrid,mixture2,-1.33747613,8.25664038e-05,100
2571,Metropolis,metropolis,-1.33648434,3.80297139e-04,100
2571,Row-Update,mps2,-1.33749871,8.04992053e-05,100
2571,Hybrid,mixture2,-1.33746367,8.32230335e-05,100
2572,Metropolis,metropolis,-1.33650015,3.80285959e-04,100
2572,Row-Update,mps2,-1.33749947,7.82406601e-05,100
2572,Hybrid,mixture2,-1.33745873,8.34766123e-05,100
2573,Metropolis,metropolis,-1.33648957,3.79932391e-04,100
2573,Row-Update,mps2,-1.33751842,7.76389980e-05,100
2573,Hybrid,mixture2,-1.33747347,8.12960635e-05,100
2574,Metropolis,metropolis,-1.33649890,3.79980848e-04,100
2574,Row-Update,mps2,-1.33749102,8.19745905e-05,100
2574,Hybrid,mixture2,-1.33745389,8.18392753e-05,100
2575,Metropolis,metropolis,-1.33649943,3.80358681e-04,100
2575,Row-Update,mps2,-1.33751200,7.97079182e-05,100
2575,Hybrid,mixture2,-1.33747537,8.29899916e-05,100
2576,Metropolis,metropolis,-1.33649892,3.80535282e-04,100
2576,Row-Update,mps2,-1.33751536,7.86577946e-05,100
2576,Hybrid,mixture2,-1.33747401,8.17820874e-05,100
2577,Metropolis,metropolis,-1.33651627,3.80495225e-04,100
2577,Row-Update,mps2,-1.33749750,7.84847140e-05,100
2577,Hybrid,mixture2,-1.33746982,8.22645608e-05,100
2578,Metropolis,metropolis,-1.33649818,3.80494206e-04,100
2578,Row-Update,mps2,-1.33750637,7.63785544e-05,100
2578,Hybrid,mixture2,-1.33746355,8.30093273e-05,100
2579,Metropolis,metropolis,-1.33650056,3.79633792e-04,100
2579,Row-Update,mps2,-1.33752759,7.62035161e-05,100
2579,Hybrid,mixture2,-1.33747772,8.20066745e-05,100
2580,Metropolis,metropolis,-1.33650613,3.80505010e-04,100
2580,Row-Update,mps2,-1.33752148,7.99854166e-05,100
2580,Hybrid,mixture2,-1.33746529,8.28962133e-05,100
2581,Metropolis,metropolis,-1.33650053,3.79537656e-04,100
2581,Row-Update,mps2,-1.33752409,7.63803432e-05,100
2581,Hybrid,mixture2,-1.33747081,8.31452970e-05,100
2582,Metropolis,metropolis,-1.33652383,3.80139084e-04,100
2582,Row-Update,mps2,-1.33751622,7.84982566e-05,100
2582,Hybrid,mixture2,-1.33746454,8.35529028e-05,100
2583,Metropolis,metropolis,-1.33651480,3.80039648e-04,100
2583,Row-Update,mps2,-1.33751540,8.29173637e-05,100
2583,Hybrid,mixture2,-1.33746630,8.41443846e-05,100
2584,Metropolis,metropolis,-1.33651683,3.80150478e-04,100
2584,Row-Update,mps2,-1.33751369,7.85874346e-05,100
2584,Hybrid,mixture2,-1.33745205,8.51149880e-05,100
2585,Metropolis,metropolis,-1.33651616,3.80044504e-04,100
2585,Row-Update,mps2,-1.33750853,7.81206094e-05,100
2585,Hybrid,mixture2,-1.33745462,8.37070383e-05,100
2586,Metropolis,metropolis,-1.33651996,3.80242017e-04,100
2586,Row-Update,mps2,-1.33751571,7.95246038e-05,100
2586,Hybrid,mixture2,-1.33745598,8.39087816e-05,100
2587,Metropolis,metropolis,-1.33651241,3.79907926e-04,100
2587,Row-Update,mps2,-1.33751634,7.95176077e-05,100
2587,Hybrid,mixture2,-1.33746366,8.38102180e-05,100
2588,Metropolis,metropolis,-1.33652196,3.79699905e-04,100
2588,Row-Update,mps2,-1.33751254,7.71914003e-05,100
2588,Hybrid,mixture2,-1.33746365,8.41737724e-05,100
2589,Metropolis,metropolis,-1.33651672,3.79960017e-04,100
2589,Row-Update,mps2,-1.33753944,7.55635031e-05,100
2589,Hybrid,mixture2,-1.33744728,8.48674770e-05,100
2590,Metropolis,metropolis,-1.33650559,3.79776188e-04,100
2590,Row-Update,mps2,-1.33752126,7.72095545e-05,100
2590,Hybrid,mixture2,-1.33746297,8.38193816e-05,100
2591,Metropolis,metropolis,-1.33650842,3.79806797e-04,100
2591,Row-Update,mps2,-1.33751960,7.56699201e-05,100
2591,Hybrid,mixture2,-1.33745461,8.30933879e-05,100
2592,Metropolis,metropolis,-1.33649254,3.79622803e-04,100
2592,Row-Update,mps2,-1.33753381,7.67808243e-05,100
2592,Hybrid,mixture2,-1.33745860,8.40004352e-05,100
2593,Metropolis,metropolis,-1.33650560,3.80577723e-04,100
2593,Row-Update,mps2,-1.33753387,7.49386464e-05,100
2593,Hybrid,mixture2,-1.33745069,8.32561810e-05,100
2594,Metropolis,metropolis,-1.33651387,3.80355703e-04,100
2594,Row-Update,mps2,-1.33752836,7.53213735e-05,100
2594,Hybrid,mixture2,-1.33745810,8.39459531e-05,100
2595,Metropolis,metropolis,-1.33650698,3.79872707e-04,100
2595,Row-Update,mps2,-1.33752547,7.70898937e-05,100
2595,Hybrid,mixture2,-1.33745012,8.48458693e-05,100
2596,Metropolis,metropolis,-1.33650783,3.79598905e-04,100
2596,Row-Update,mps2,-1.33752808,7.60241027e-05,100
2596,Hybrid,mixture2,-1.33744111,8.54358138e-05,100
2597,Metropolis,metropolis,-1.33650876,3.79592183e-04,100
2597,Row-Update,mps2,-1.33754753,7.65180286e-05,100
2597,Hybrid,mixture2,-1.33746094,8.40083579e-05,100
2598,Metropolis,metropolis,-1.33649651,3.80033138e-04,100
2598,Row-Update,mps2,-1.33754224,7.58036772e-05,100
2598,Hybrid,mixture2,-1.33744628,8.42374289e-05,100
2599,Metropolis,metropolis,-1.33647637,3.80988711e-04,100
2599,Row-Update,mps2,-1.33754236,7.67417607e-05,100
2599,Hybrid,mixture2,-1.33746954,8.21266915e-05,100
2600,Metropolis,metropolis,-1.33649517,3.81168912e-04,100
2600,Row-Update,mps2,-1.33752795,7.74621669e-05,100
2600,Hybrid,mixture2,-1.33747761,8.16585440e-05,100
2601,Metropolis,metropolis,-1.33650076,3.80483333e-04,100
2601,Row-Update,mps2,-1.33753777,7.64385800e-05,100
2601,Hybrid,mixture2,-1.33746438,8.30198966e-05,100
2602,Metropolis,metropolis,-1.33650267,3.80186605e-04,100
2602,Row-Update,mps2,-1.33752813,7.94424712e-05,100
2602,Hybrid,mixture2,-1.33746083,8.37207277e-05,100
2603,Metropolis,metropolis,-1.33649813,3.80759935e-04,100
2603,Row-Update,mps2,-1.33753471,7.67565306e-05,100
2603,Hybrid,mixture2,-1.33746404,8.31888965e-05,100
2604,Metropolis,metropolis,-1.33650752,3.80145442e-04,100
2604,Row-Update,mps2,-1.33753211,7.66047321e-05,100
2604,Hybrid,mixture2,-1.33745907,8.22246190e-05,100
2605,Metropolis,metropolis,-1.33651705,3.80368897e-04,100
2605,Row-Update,mps2,-1.33754966,7.53762880e-05,100
2605,Hybrid,mixture2,-1.33745290,8.34282826e-05,100
2606,Metropolis,metropolis,-1.33651948,3.80033713e-04,100
2606,Row-Update,mps2,-1.33753626,7.63563934e-05,100
2606,Hybrid,mixture2,-1.33745806,8.33492865e-05,100
2607,Metropolis,metropolis,-1.33650438,3.80550534e-04,100
2607,Row-Update,mps2,-1.33752415,7.50443555e-05,100
2607,Hybrid,mixture2,-1.33746046,8.39156501e-05,100
2608,Metropolis,metropolis,-1.33652119,3.80222432e-04,100
2608,Row-Update,mps2,-1.33750113,7.76543042e-05,100
2608,Hybrid,mixture2,-1.33745473,8.27723182e-05,100
2609,Metropolis,metropolis,-1.33651278,3.80768684e-04,100
2609,Row-Update,mps2,-1.33751476,7.73374804e-05,100
2609,Hybrid,mixture2,-1.33745479,8.16946624e-05,100
2610,Metropolis,metropolis,-1.33651205,3.80275341e-04,100
2610,Row-Update,mps2,-1.33751372,7.90039456e-05,100
2610,Hybrid,mixture2,-1.33747573,8.17499690e-05,100
2611,Metropolis,metropolis,-1.33650813,3.80606511e-04,100
2611,Row-Update,mps2,-1.33751511,7.69793077e-05,100
2611,Hybrid,mixture2,-1.33746203,8.30850303e-05,100
2612,Metropolis,metropolis,-1.33652521,3.80479416e-04,100
2612,Row-Update,mps2,-1.33751887,7.91644507e-05,100
2612,Hybrid,mixture2,-1.33745930,8.22811932e-05,100
2613,Metropolis,metropolis,-1.33651190,3.79966064e-04,100
2613,Row-Update,mps2,-1.33750974,7.98153564e-05,100
2613,Hybrid,mixture2,-1.33747455,8.21796192e-05,100
2614,Metropolis,metropolis,-1.33651982,3.79489082e-04,100
2614,Row-Update,mps2,-1.33751576,7.81031540e-05,100
2614,Hybrid,mixture2,-1.33746504,8.34533018e-05,100
2615,Metropolis,metropolis,-1.33652299,3.80402550e-04,100
2615,Row-Update,mps2,-1.33752134,7.59922760e-05,100
2615,Hybrid,mixture2,-1.33747830,8.28745293e-05,100
2616,Metropolis,metropolis,-1.33650712,3.79736828e-04,100
2616,Row-Update,mps2,-1.33752995,7.96404975e-05,100
2616,Hybrid,mixture2,-1.33745962,8.31020128e-05,100
2617,Metropolis,metropolis,-1.33652520,3.80244541e-04,100
2617,Row-Update,mps2,-1.33752323,7.63832239e-05,100
2617,Hybrid,mixture2,-1.33746019,8.33357369e-05,100
2618,Metropolis,metropolis,-1.33651715,3.79422323e-04,100
2618,Row-Update,mps2,-1.33752868,7.49038176e-05,100
2618,Hybrid,mixture2,-1.33746135,8.26581510e-05,100
2619,Metropolis,metropolis,-1.33649252,3.80467767e-04,100
2619,Row-Update,mps2,-1.33752263,7.65586007e-05,100
2619,Hybrid,mixture2,-1.33746304,8.30886610e-05,100
2620,Metropolis,metropolis,-1.33652191,3.79917142e-04,100
2620,Row-Update,mps2,-1.33750333,8.72450893e-05,100
2620,Hybrid,mixture2,-1.33745896,8.41527287e-05,100
2621,Metropolis,metropolis,-1.33652841,3.80757896e-04,100
2621,Row-Update,mps2,-1.33751159,7.94335387e-05,100
2621,Hybrid,mixture2,-1.33745976,8.30002157e-05,100
2622,Metropolis,metropolis,-1.33650165,3.80199567e-04,100
2622,Row-Update,mps2,-1.33752012,7.87352853e-05,100
2622,Hybrid,mixture2,-1.33745899,8.40935582e-05,100
2623,Metropolis,metropolis,-1.33652162,3.79691148e-04,100
2623,Row-Update,mps2,-1.33750862,7.89021090e-05,100
2623,Hybrid,mixture2,-1.33745590,8.46314451e-05,100
2624,Metropolis,metropolis,-1.33651576,3.80148226e-04,100
2624,Row-Update,mps2,-1.33753493,7.58419020e-05,100
2624,Hybrid,mixture2,-1.33745471,8.28433394e-05,100
2625,Metropolis,metropolis,-1.33652375,3.80016638e-04,100
2625,Row-Update,mps2,-1.33751538,7.64130763e-05,100
2625,Hybrid,mixture2,-1.33744507,8.43530728e-05,100
2626,Metropolis,metropolis,-1.33651724,3.80317419e-04,100
2626,Row-Update,mps2,-1.33751888,7.77820292e-05,100
2626,Hybrid,mixture2,-1.33747456,8.31891261e-05,100
2627,Metropolis,metropolis,-1.33650954,3.80151746e-04,100
2627,Row-Update,mps2,-1.33752876,7.86541626e-05,100
2627,Hybrid,mixture2,-1.33745901,8.29735519e-05,100
2628,Metropolis,metropolis,-1.33651077,3.79909888e-04,100
2628,Row-Update,mps2,-1.33753961,7.41398097e-05,100
2628,Hybrid,mixture2,-1.33746411,8.27870317e-05,100
2629,Metropolis,metropolis,-1.33650009,3.79781911e-04,100
2629,Row-Update,mps2,-1.33751690,7.53926709e-05,100
2629,Hybrid,mixture2,-1.33747658,8.35741848e-05,100
2630,Metropolis,metropolis,-1.33650765,3.80132174e-04,100
2630,Row-Update,mps2,-1.33751641,7.81527033e-05,100
2630,Hybrid,mixture2,-1.33746416,8.23682060e-05,100
2631,Metropolis,metropolis,-1.33650471,3.80060431e-04,100
2631,Row-Update,mps2,-1.33751779,7.67686744e-05,100
2631,Hybrid,mixture2,-1.33746581,8.40138436e-05,100
2632,Metropolis,metropolis,-1.33650642,3.79942260e-04,100
2632,Row-Update,mps2,-1.33753186,7.63740955e-05,100
2632,Hybrid,mixture2,-1.33747575,8.24377637e-05,100
2633,Metropolis,metropolis,-1.33651173,3.79413402e-04,100
2633,Row-Update,mps2,-1.33750976,7.91014413e-05,100
2633,Hybrid,mixture2,-1.33746317,8.33186403e-05,100
2634,Metropolis,metropolis,-1.33651351,3.79977059e-04,100
2634,Row-Update,mps2,-1.33748603,9.50017294e-05,100
2634,Hybrid,mixture2,-1.33745364,8.41711023e-05,100
2635,Metropolis,metropolis,-1.33651167,3.79843961e-04,100
2635,Row-Update,mps2,-1.33748887,9.71194982e-05,100
2635,Hybrid,mixture2,-1.33746439,8.41001630e-05,100
2636,Metropolis,metropolis,-1.33651267,3.80446309e-04,100
2636,Row-Update,mps2,-1.33748169,9.53878382e-05,100
2636,Hybrid,mixture2,-1.33745013,8.41863860e-05,100
2637,Metropolis,metropolis,-1.33651813,3.79831554e-04,100
2637,Row-Update,mps2,-1.33751837,8.19499635e-05,100
2637,Hybrid,mixture2,-1.33745694,8.29084806e-05,100
2638,Metropolis,metropolis,-1.33652048,3.79762674e-04,100
2638,Row-Update,mps2,-1.33752612,7.85506687e-05,100
2638,Hybrid,mixture2,-1.33745160,8.29538414e-05,100
2639,Metropolis,metropolis,-1.33651793,3.79858238e-04,100
2639,Row-Update,mps2,-1.33749799,8.56897975e-05,100
2639,Hybrid,mixture2,-1.33746210,8.50911329e-05,100
2640,Metropolis,metropolis,-1.33652240,3.80208190e-04,100
2640,Row-Update,mps2,-1.33751537,8.04003043e-05,100
2640,Hybrid,mixture2,-1.33746319,8.39778885e-05,100
2641,Metropolis,metropolis,-1.33653227,3.79508461e-04,100
2641,Row-Update,mps2,-1.33752350,7.79659306e-05,100
2641,Hybrid,mixture2,-1.33746005,8.46351288e-05,100
2642,Metropolis,metropolis,-1.33652508,3.79647199e-04,100
2642,Row-Update,mps2,-1.33751291,7.96156078e-05,100
2642,Hybrid,mixture2,-1.33745767,8.32874372e-05,100
2643,Metropolis,metropolis,-1.33652191,3.80506541e-04,100
2643,Row-Update,mps2,-1.33752137,7.76880479e-05,100
2643,Hybrid,mixture2,-1.33746997,8.29454579e-05,100
2644,Metropolis,metropolis,-1.33653038,3.79968953e-04,100
2644,Row-Update,mps2,-1.33750075,7.99686311e-05,100
2644,Hybrid,mixture2,-1.33746451,8.26357655e-05,100
2645,Metropolis,metropolis,-1.33652845,3.80671630e-04,100
2645,Row-Update,mps2,-1.33752001,8.03368910e-05,100
2645,Hybrid,mixture2,-1.33746761,8.33375585e-05,100
2646,Metropolis,metropolis,-1.33651978,3.79842580e-04,100
2646,Row-Update,mps2,-1.33751346,8.04826224e-05,100
2646,Hybrid,mixture2,-1.33746287,8.26425678e-05,100
2647,Metropolis,metropolis,-1.33652337,3.80532728e-04,100
2647,Row-Update,mps2,-1.33750874,8.01920556e-05,100
2647,Hybrid,mixture2,-1.33747328,8.18165421e-05,100
2648,Metropolis,metropolis,-1.33651382,3.80068406e-04,100
2648,Row-Update,mps2,-1.33751007,8.29321675e-05,100
2648,Hybrid,mixture2,-1.33746069,8.25738094e-05,100
2649,Metropolis,metropolis,-1.33651835,3.80230034e-04,100
2649,Row-Update,mps2,-1.33753038,7.65008890e-05,100
2649,Hybrid,mixture2,-1.33746286,8.27894727e-05,100
2650,Metropolis,metropolis,-1.33651550,3.80724451e-04,100
2650,Row-Update,mps2,-1.33751521,8.06421765e-05,100
2650,Hybrid,mixture2,-1.33745747,8.24602315e-05,100
2651,Metropolis,metropolis,-1.33652240,3.80939899e-04,100
2651,Row-Update,mps2,-1.33753069,7.71600539e-05,100
2651,Hybrid,mixture2,-1.33745709,8.52175917e-05,100
2652,Metropolis,metropolis,-1.33651984,3.80113504e-04,100
2652,Row-Update,mps2,-1.33750863,7.84992574e-05,100
2652,Hybrid,mixture2,-1.33745936,8.23292549e-05,100
2653,Metropolis,metropolis,-1.33651419,3.80308004e-04,100
2653,Row-Update,mps2,-1.33752005,7.79711120e-05,100
2653,Hybrid,mixture2,-1.33745950,8.24608336e-05,100
2654,Metropolis,metropolis,-1.33653247,3.80777743e-04,100
2654,Row-Update,mps2,-1.33752263,7.78912090e-05,100
2654,Hybrid,mixture2,-1.33747209,8.19823218e-05,100
2655,Metropolis,metropolis,-1.33652211,3.80528545e-04,100
2655,Row-Update,mps2,-1.33753080,7.85100463e-05,100
2655,Hybrid,mixture2,-1.33746877,8.20742785e-05,100
2656,Metropolis,metropolis,-1.33652088,3.80435398e-04,100
2656,Row-Update,mps2,-1.33752262,7.74440897e-05,100
2656,Hybrid,mixture2,-1.33747090,8.18595771e-05,100
2657,Metropolis,metropolis,-1.33652270,3.79782210e-04,100
2657,Row-Update,mps2,-1.33753125,7.77992441e-05,100
2657,Hybrid,mixture2,-1.33744701,8.30471352e-05,100
2658,Metropolis,metropolis,-1.33651888,3.80412402e-04,100
2658,Row-Update,mps2,-1.33752281,7.84875575e-05,100
2658,Hybrid,mixture2,-1.33746752,8.01424916e-05,100
2659,Metropolis,metropolis,-1.33651717,3.80158086e-04,100
2659,Row-Update,mps2,-1.33752238,7.70643320e-05,100
2659,Hybrid,mixture2,-1.33747507,8.19154225e-05,100
2660,Metropolis,metropolis,-1.33651384,3.79948988e-04,100
2660,Row-Update,mps2,-1.33751929,7.68656665e-05,100
2660,Hybrid,mixture2,-1.33746644,8.26249121e-05,100
2661,Metropolis,metropolis,-1.33651454,3.80518741e-04,100
2661,Row-Update,mps2,-1.33752806,7.61826559e-05,100
2661,Hybrid,mixture2,-1.33746759,8.18211913e-05,100
2662,Metropolis,metropolis,-1.33654852,3.80710423e-04,100
2662,Row-Update,mps2,-1.33753715,7.61406024e-05,100
2662,Hybrid,mixture2,-1.33745153,8.40371622e-05,100
2663,Metropolis,metropolis,-1.33651884,3.80321696e-04,100
2663,Row-Update,mps2,-1.33753452,7.71259503e-05,100
2663,Hybrid,mixture2,-1.33746139,8.21311187e-05,100
2664,Metropolis,metropolis,-1.33652504,3.80662007e-04,100
2664,Row-Update,mps2,-1.33754062,7.47501718e-05,100
2664,Hybrid,mixture2,-1.33747847,8.17746467e-05,100
2665,Metropolis,metropolis,-1.33651998,3.80498771e-04,100
2665,Row-Update,mps2,-1.33752723,7.73640847e-05,100
2665,Hybrid,mixture2,-1.33748307,8.14444142e-05,100
2666,Metropolis,metropolis,-1.33653093,3.79984092e-04,100
2666,Row-Update,mps2,-1.33752071,7.70899529e-05,100
2666,Hybrid,mixture2,-1.33748695,8.16593252e-05,100
2667,Metropolis,metropolis,-1.33652306,3.80704629e-04,100
2667,Row-Update,mps2,-1.33753142,7.78073863e-05,100
2667,Hybrid,mixture2,-1.33748200,8.16592205e-05,100
2668,Metropolis,metropolis,-1.33651467,3.80752310e-04,100
2668,Row-Update,mps2,-1.33753458,7.81148738e-05,100
2668,Hybrid,mixture2,-1.33746467,8.28346682e-05,100
2669,Metropolis,metropolis,-1.33651295,3.80141983e-04,100
2669,Row-Update,mps2,-1.33752714,7.84675694e-05,100
2669,Hybrid,mixture2,-1.33747909,8.16319224e-05,100
2670,Metropolis,metropolis,-1.33649995,3.80898062e-04,100
2670,Row-Update,mps2,-1.33753328,7.84664429e-05,100
2670,Hybrid,mixture2,-1.33747478,8.28533146e-05,100
2671,Metropolis,metropolis,-1.33649956,3.80569901e-04,100
2671,Row-Update,mps2,-1.33752864,7.89924414e-05,100
2671,Hybrid,mixture2,-1.33748043,8.18016907e-05,100
2672,Metropolis,metropolis,-1.33651485,3.80044258e-04,100
2672,Row-Update,mps2,-1.33752760,7.90014563e-05,100
2672,Hybrid,mixture2,-1.33746246,8.23582241e-05,100
2673,Metropolis,metropolis,-1.33650151,3.80147635e-04,100
2673,Row-Update,mps2,-1.33753359,7.61795361e-05,100
2673,Hybrid,mixture2,-1.33748818,8.14053181e-05,100
2674,Metropolis,metropolis,-1.33651878,3.79630353e-04,100
2674,Row-Update,mps2,-1.33752403,7.79644293e-05,100
2674,Hybrid,mixture2,-1.33747219,8.34647007e-05,100
2675,Metropolis,metropolis,-1.33649676,3.80437819e-04,100
2675,Row-Update,mps2,-1.33751445,8.27856885e-05,100
2675,Hybrid,mixture2,-1.33746666,8.45502923e-05,100
2676,Metropolis,metropolis,-1.33651087,3.80496589e-04,100
2676,Row-Update,mps2,-1.33751187,8.19848889e-05,100
2676,Hybrid,mixture2,-1.33745558,8.39804714e-05,100
2677,Metropolis,metropolis,-1.33652419,3.80753658e-04,100
2677,Row-Update,mps2,-1.33751251,8.08733449e-05,100
2677,Hybrid,mixture2,-1.33745533,8.40411356e-05,100
2678,Metropolis,metropolis,-1.33652563,3.80410430e-04,100
2678,Row-Update,mps2,-1.33750792,8.13485026e-05,100
2678,Hybrid,mixture2,-1.33746955,8.21165696e-05,100
2679,Metropolis,metropolis,-1.33652002,3.79831275e-04,100
2679,Row-Update,mps2,-1.33752621,7.90106725e-05,100
2679,Hybrid,mixture2,-1.33747866,8.31444157e-05,100
2680,Metropolis,metropolis,-1.33651425,3.80458008e-04,100
2680,Row-Update,mps2,-1.33753636,7.61189401e-05,100
2680,Hybrid,mixture2,-1.33747941,8.25259020e-05,100
2681,Metropolis,metropolis,-1.33650524,3.80801806e-04,100
2681,Row-Update,mps2,-1.33752651,7.90059906e-05,100
2681,Hybrid,mixture2,-1.33747297,8.17405785e-05,100
2682,Metropolis,metropolis,-1.33653446,3.80251362e-04,100
2682,Row-Update,mps2,-1.33754225,7.65117098e-05,100
2682,Hybrid,mixture2,-1.33747141,8.26600353e-05,100
2683,Metropolis,metropolis,-1.33652030,3.79840237e-04,100
2683,Row-Update,mps2,-1.33754267,7.74426450e-05,100
2683,Hybrid,mixture2,-1.33747305,8.29776580e-05,100
2684,Metropolis,metropolis,-1.33652289,3.80266402e-04,100
2684,Row-Update,mps2,-1.33754478,7.45400731e-05,100
2684,Hybrid,mixture2,-1.33747852,8.28715236e-05,100
2685,Metropolis,metropolis,-1.33652346,3.80248819e-04,100
2685,Row-Update,mps2,-1.33753476,7.90240351e-05,100
2685,Hybrid,mixture2,-1.33747143,8.33289229e-05,100
2686,Metropolis,metropolis,-1.33652731,3.80283710e-04,100
2686,Row-Update,mps2,-1.33755065,7.53872190e-05,100
2686,Hybrid,mixture2,-1.33747360,8.28908129e-05,100
2687,Metropolis,metropolis,-1.33653235,3.80305000e-04,100
2687,Row-Update,mps2,-1.33751146,8.34434523e-05,100
2687,Hybrid,mixture2,-1.33747080,8.27618440e-05,100
2688,Metropolis,metropolis,-1.33651584,3.80322950e-04,100
2688,Row-Update,mps2,-1.33751794,8.32749520e-05,100
2688,Hybrid,mixture2,-1.33746674,8.43089114e-05,100
2689,Metropolis,metropolis,-1.33653286,3.80110114e-04,100
2689,Row-Update,mps2,-1.33750959,8.08365049e-05,100
2689,Hybrid,mixture2,-1.33746344,8.32522729e-05,100
2690,Metropolis,metropolis,-1.33653630,3.79859037e-04,100
2690,Row-Update,mps2,-1.33752378,8.12648920e-05,100
2690,Hybrid,mixture2,-1.33747669,8.38120249e-05,100
2691,Metropolis,metropolis,-1.33653085,3.80222598e-04,100
2691,Row-Update,mps2,-1.33754758,7.69681415e-05,100
2691,Hybrid,mixture2,-1.33747266,8.31358191e-05,100
2692,Metropolis,metropolis,-1.33654127,3.80486635e-04,100
2692,Row-Update,mps2,-1.33755040,7.56663801e-05,100
2692,Hybrid,mixture2,-1.33747927,8.36988274e-05,100
2693,Metropolis,metropolis,-1.33653153,3.80322055e-04,100
2693,Row-Update,mps2,-1.33755125,7.69665307e-05,100
2693,Hybrid,mixture2,-1.33748204,8.27941744e-05,100
2694,Metropolis,metropolis,-1.33653696,3.79935647e-04,100
2694,Row-Update,mps2,-1.33752906,7.98385446e-05,100
2694,Hybrid,mixture2,-1.33747847,8.42405096e-05,100
2695,Metropolis,metropolis,-1.33653071,3.80112548e-04,100
2695,Row-Update,mps2,-1.33752334,8.03601637e-05,100
2695,Hybrid,mixture2,-1.33747378,8.44973792e-05,100
2696,Metropolis,metropolis,-1.33653289,3.80468499e-04,100
2696,Row-Update,mps2,-1.33753071,8.02137016e-05,100
2696,Hybrid,mixture2,-1.33748564,8.26359064e-05,100
2697,Metropolis,metropolis,-1.33653720,3.80134159e-04,100
2697,Row-Update,mps2,-1.33752833,8.22261355e-05,100
2697,Hybrid,mixture2,-1.33749963,8.29782553e-05,100
2698,Metropolis,metropolis,-1.33652188,3.80500473e-04,100
2698,Row-Update,mps2,-1.33751753,8.11043091e-05,100
2698,Hybrid,mixture2,-1.33748653,8.39638742e-05,100
2699,Metropolis,metropolis,-1.33653128,3.80197615e-04,100
2699,Row-Update,mps2,-1.33750078,8.83754232e-05,100
2699,Hybrid,mixture2,-1.33748338,8.29328884e-05,100
2700,Metropolis,metropolis,-1.33651931,3.80459274e-04,100
2700,Row-Update,mps2,-1.33749757,9.19502769e-05,100
2700,Hybrid,mixture2,-1.33748268,8.18477339e-05,100
2701,Metropolis,metropolis,-1.33651450,3.80272563e-04,100
2701,Row-Update,mps2,-1.33747509,9.60141855e-05,100
2701,Hybrid,mixture2,-1.33748605,8.34725815e-05,100
2702,Metropolis,metropolis,-1.33651572,3.80570332e-04,100
2702,Row-Update,mps2,-1.33748320,9.08645986e-05,100
2702,Hybrid,mixture2,-1.33748533,8.57953235e-05,100
2703,Metropolis,metropolis,-1.33651516,3.80597903e-04,100
2703,Row-Update,mps2,-1.33750022,8.55043650e-05,100
2703,Hybrid,mixture2,-1.33746539,8.45129143e-05,100
2704,Metropolis,metropolis,-1.33652562,3.80592236e-04,100
2704,Row-Update,mps2,-1.33750216,8.74383455e-05,100
2704,Hybrid,mixture2,-1.33745975,8.67428626e-05,100
2705,Metropolis,metropolis,-1.33651528,3.80706049e-04,100
2705,Row-Update,mps2,-1.33750613,8.61154056e-05,100
2705,Hybrid,mixture2,-1.33747998,8.52366315e-05,100
2706,Metropolis,metropolis,-1.33653039,3.80607853e-04,100
2706,Row-Update,mps2,-1.33750627,8.55885737e-05,100
2706,Hybrid,mixture2,-1.33746808,8.46948079e-05,100
2707,Metropolis,metropolis,-1.33652916,3.80423585e-04,100
2707,Row-Update,mps2,-1.33751632,8.05377930e-05,100
2707,Hybrid,mixture2,-1.33750195,8.25811940e-05,100
2708,Metropolis,metropolis,-1.33653043,3.80384829e-04,100
2708,Row-Update,mps2,-1.33751361,8.24462442e-05,100
2708,Hybrid,mixture2,-1.33748640,8.34738366e-05,100
2709,Metropolis,metropolis,-1.33652702,3.80926259e-04,100
2709,Row-Update,mps2,-1.33752539,7.91631711e-05,100
2709,Hybrid,mixture2,-1.33749122,8.12891907e-05,100
2710,Metropolis,metropolis,-1.33653165,3.80214290e-04,100
2710,Row-Update,mps2,-1.33752775,7.72355432e-05,100
2710,Hybrid,mixture2,-1.33748821,8.29410012e-05,100
2711,Metropolis,metropolis,-1.33654003,3.80364299e-04,100
2711,Row-Update,mps2,-1.33753105,7.82423359e-05,100
2711,Hybrid,mixture2,-1.33749926,8.29015189e-05,100
2712,Metropolis,metropolis,-1.33651520,3.81041445e-04,100
2712,Row-Update,mps2,-1.33752242,8.11000134e-05,100
2712,Hybrid,mixture2,-1.33748499,8.30320320e-05,100
2713,Metropolis,metropolis,-1.33652991,3.80868884e-04,100
2713,Row-Update,mps2,-1.33752581,8.11900888e-05,100
2713,Hybrid,mixture2,-1.33747182,8.42490251e-05,100
2714,Metropolis,metropolis,-1.33653052,3.79900557e-04,100
2714,Row-Update,mps2,-1.33753452,7.62959788e-05,100
2714,Hybrid,mixture2,-1.33748770,8.24995729e-05,100
2715,Metropolis,metropolis,-1.33652760,3.79626980e-04,100
2715,Row-Update,mps2,-1.33753899,7.67380338e-05,100
2715,Hybrid,mixture2,-1.33748357,8.35411501e-05,100
2716,Metropolis,metropolis,-1.33652640,3.80393580e-04,100
2716,Row-Update,mps2,-1.33754127,7.72399035e-05,100
2716,Hybrid,mixture2,-1.33748198,8.23458747e-05,100
2717,Metropolis,metropolis,-1.33652728,3.80327621e-04,100
2717,Row-Update,mps2,-1.33753106,7.79891704e-05,100
2717,Hybrid,mixture2,-1.33748649,8.39627640e-05,100
2718,Metropolis,metropolis,-1.33650763,3.80308145e-04,100
2718,Row-Update,mps2,-1.33754425,7.48490857e-05,100
2718,Hybrid,mixture2,-1.33748432,8.31096928e-05,100
2719,Metropolis,metropolis,-1.33652703,3.80311233e-04,100
2719,Row-Update,mps2,-1.33750725,8.63245780e-05,100
2719,Hybrid,mixture2,-1.33749596,8.27210645e-05,100
2720,Metropolis,metropolis,-1.33653168,3.80312654e-04,100
2720,Row-Update,mps2,-1.33751999,8.31055329e-05,100
2720,Hybrid,mixture2,-1.33748013,8.28797424e-05,100
2721,Metropolis,metropolis,-1.33653426,3.79822652e-04,100
2721,Row-Update,mps2,-1.33753324,8.12580848e-05,100
2721,Hybrid,mixture2,-1.33748881,8.26075396e-05,100
2722,Metropolis,metropolis,-1.33652352,3.80178517e-04,100
2722,Row-Update,mps2,-1.33753887,7.88450971e-05,100
2722,Hybrid,mixture2,-1.33749563,8.28101941e-05,100
2723,Metropolis,metropolis,-1.33651928,3.80536737e-04,100
2723,Row-Update,mps2,-1.33754564,7.75083170e-05,100
2723,Hybrid,mixture2,-1.33749172,8.26767340e-05,100
2724,Metropolis,metropolis,-1.33652254,3.80371196e-04,100
2724,Row-Update,mps2,-1.33752072,7.98599376e-05,100
2724,Hybrid,mixture2,-1.33748906,8.29704668e-05,100
2725,Metropolis,metropolis,-1.33651527,3.80592768e-04,100
2725,Row-Update,mps2,-1.33753991,7.55853504e-05,100
2725,Hybrid,mixture2,-1.33747533,8.29284732e-05,100
2726,Metropolis,metropolis,-1.33652433,3.80144380e-04,100
2726,Row-Update,mps2,-1.33754789,7.64519009e-05,100
2726,Hybrid,mixture2,-1.33749558,8.17883909e-05,100
2727,Metropolis,metropolis,-1.33654353,3.79954748e-04,100
2727,Row-Update,mps2,-1.33750446,8.51574384e-05,100
2727,Hybrid,mixture2,-1.33749488,8.16481076e-05,100
2728,Metropolis,metropolis,-1.33656133,3.80494776e-04,100
2728,Row-Update,mps2,-1.33752834,7.78907220e-05,100
2728,Hybrid,mixture2,-1.33749390,8.08113763e-05,100
2729,Metropolis,metropolis,-1.33653401,3.80225553e-04,100
2729,Row-Update,mps2,-1.33754667,7.47814440e-05,100
2729,Hybrid,mixture2,-1.33748384,8.19183362e-05,100
2730,Metropolis,metropolis,-1.33653655,3.79756730e-04,100
2730,Row-Update,mps2,-1.33756235,7.30816543e-05,100
2730,Hybrid,mixture2,-1.33749580,8.06845571e-05,100
2731,Metropolis,metropolis,-1.33653362,3.80431626e-04,100
2731,Row-Update,mps2,-1.33753575,7.65243084e-05,100
2731,Hybrid,mixture2,-1.33748965,8.23977386e-05,100
2732,Metropolis,metropolis,-1.33653523,3.80073677e-04,100
2732,Row-Update,mps2,-1.33752639,7.76339346e-05,100
2732,Hybrid,mixture2,-1.33748127,8.14947114e-05,100
2733,Metropolis,metropolis,-1.33653183,3.80493732e-04,100
2733,Row-Update,mps2,-1.33755203,7.48873479e-05,100
2733,Hybrid,mixture2,-1.33749535,8.27421627e-05,100
2734,Metropolis,metropolis,-1.33653443,3.79947052e-04,100
2734,Row-Update,mps2,-1.33754261,7.51154406e-05,100
2734,Hybrid,mixture2,-1.33749098,8.26940351e-05,100
2735,Metropolis,metropolis,-1.33652584,3.80148291e-04,100
2735,Row-Update,mps2,-1.33755088,7.54845743e-05,100
2735,Hybrid,mixture2,-1.33748673,8.32569696e-05,100
2736,Metropolis,metropolis,-1.33653220,3.79832718e-04,100
2736,Row-Update,mps2,-1.33754849,7.54576169e-05,100
2736,Hybrid,mixture2,-1.33747649,8.25178631e-05,100
2737,Metropolis,metropolis,-1.33653261,3.79946186e-04,100
2737,Row-Update,mps2,-1.33755913,7.18561344e-05,100
2737,Hybrid,mixture2,-1.33748567,8.33255494e-05,100
2738,Metropolis,metropolis,-1.33653282,3.80043168e-04,100
2738,Row-Update,mps2,-1.33756004,7.30219831e-05,100
2738,Hybrid,mixture2,-1.33749685,8.19778693e-05,100
2739,Metropolis,metropolis,-1.33652716,3.80229035e-04,100
2739,Row-Update,mps2,-1.33755623,7.28501161e-05,100
2739,Hybrid,mixture2,-1.33748690,8.25617458e-05,100
2740,Metropolis,metropolis,-1.33653266,3.80219354e-04,100
2740,Row-Update,mps2,-1.33755537,7.56120985e-05,100
2740,Hybrid,mixture2,-1.33749899,8.21416218e-05,100
2741,Metropolis,metropolis,-1.33652533,3.80205764e-04,100
2741,Row-Update,mps2,-1.33756038,7.30320335e-05,100
2741,Hybrid,mixture2,-1.33748678,8.27999121e-05,100
2742,Metropolis,metropolis,-1.33653476,3.80473234e-04,100
2742,Row-Update,mps2,-1.33752747,7.73345432e-05,100
2742,Hybrid,mixture2,-1.33749547,8.13874146e-05,100
2743,Metropolis,metropolis,-1.33652891,3.80294317e-04,100
2743,Row-Update,mps2,-1.33751738,8.16532737e-05,100
2743,Hybrid,mixture2,-1.33748113,8.38396467e-05,100
2744,Metropolis,metropolis,-1.33653394,3.79921064e-04,100
2744,Row-Update,mps2,-1.33753603,8.04176316e-05,100
2744,Hybrid,mixture2,-1.33748773,8.14614826e-05,100
2745,Metropolis,metropolis,-1.33652064,3.80556273e-04,100
2745,Row-Update,mps2,-1.33753270,7.85388271e-05,100
2745,Hybrid,mixture2,-1.33748997,8.19028678e-05,100
2746,Metropolis,metropolis,-1.33651937,3.80359652e-04,100
2746,Row-Update,mps2,-1.33755156,7.57897816e-05,100
2746,Hybrid,mixture2,-1.33749152,8.30815013e-05,100
2747,Metropolis,metropolis,-1.33651697,3.80338274e-04,100
2747,Row-Update,mps2,-1.33753600,8.05609085e-05,100
2747,Hybrid,mixture2,-1.33748804,8.34797562e-05,100
2748,Metropolis,metropolis,-1.33652367,3.80215268e-04,100
2748,Row-Update,mps2,-1.33754291,7.62823355e-05,100
2748,Hybrid,mixture2,-1.33748956,8.34292520e-05,100
2749,Metropolis,metropolis,-1.33651935,3.80357571e-04,100
2749,Row-Update,mps2,-1.33754445,7.74746555e-05,100
2749,Hybrid,mixture2,-1.33747384,8.31773268e-05,100
2750,Metropolis,metropolis,-1.33652035,3.80226525e-04,100
2750,Row-Update,mps2,-1.33753228,8.05513260e-05,100
2750,Hybrid,mixture2,-1.33748793,8.26781126e-05,100
2751,Metropolis,metropolis,-1.33652253,3.80448540e-04,100
2751,Row-Update,mps2,-1.33754473,7.45945051e-05,100
2751,Hybrid,mixture2,-1.33747511,8.33350110e-05,100
2752,Metropolis,metropolis,-1.33652196,3.80930624e-04,100
2752,Row-Update,mps2,-1.33751980,8.10529425e-05,100
2752,Hybrid,mixture2,-1.33747914,8.33153419e-05,100
2753,Metropolis,metropolis,-1.33653729,3.79878087e-04,100
2753,Row-Update,mps2,-1.33753697,8.08410463e-05,100
2753,Hybrid,mixture2,-1.33747878,8.33913309e-05,100
2754,Metropolis,metropolis,-1.33651646,3.80045380e-04,100
2754,Row-Update,mps2,-1.33752862,7.76556802e-05,100
2754,Hybrid,mixture2,-1.33747932,8.26962911e-05,100
2755,Metropolis,metropolis,-1.33653043,3.80072227e-04,100
2755,Row-Update,mps2,-1.33753228,7.51316994e-05,100
2755,Hybrid,mixture2,-1.33749943,8.26638199e-05,100
2756,Metropolis,metropolis,-1.33652399,3.80300192e-04,100
2756,Row-Update,mps2,-1.33754622,7.56732353e-05,100
2756,Hybrid,mixture2,-1.33749306,8.20367104e-05,100
2757,Metropolis,metropolis,-1.33652785,3.80030091e-04,100
2757,Row-Update,mps2,-1.33755082,7.39467155e-05,100
2757,Hybrid,mixture2,-1.33748222,8.27725808e-05,100
2758,Metropolis,metropolis,-1.33652596,3.79909108e-04,100
2758,Row-Update,mps2,-1.33755897,7.34022634e-05,100
2758,Hybrid,mixture2,-1.33750244,8.22166502e-05,100
2759,Metropolis,metropolis,-1.33651480,3.80881077e-04,100
2759,Row-Update,mps2,-1.33755937,7.41063225e-05,100
2759,Hybrid,mixture2,-1.33748740,8.25484196e-05,100
2760,Metropolis,metropolis,-1.33652177,3.79905864e-04,100
2760,Row-Update,mps2,-1.33755159,7.34850752e-05,100
2760,Hybrid,mixture2,-1.33750559,8.19760403e-05,100
2761,Metropolis,metropolis,-1.33650894,3.80758614e-04,100
2761,Row-Update,mps2,-1.33754912,7.59328579e-05,100
2761,Hybrid,mixture2,-1.33749255,8.24217252e-05,100
2762,Metropolis,metropolis,-1.33651313,3.80271977e-04,100
2762,Row-Update,mps2,-1.33759237,8.44636845e-05,100
2762,Hybrid,mixture2,-1.33749473,8.15366057e-05,100
2763,Metropolis,metropolis,-1.33652011,3.80197979e-04,100
2763,Row-Update,mps2,-1.33754861,7.55638714e-05,100
2763,Hybrid,mixture2,-1.33749662,8.21511062e-05,100
2764,Metropolis,metropolis,-1.33652070,3.80702494e-04,100
2764,Row-Update,mps2,-1.33753269,7.72887257e-05,100
2764,Hybrid,mixture2,-1.33749258,8.24327748e-05,100
2765,Metropolis,metropolis,-1.33651974,3.80499747e-04,100
2765,Row-Update,mps2,-1.33753797,7.86209346e-05,100
2765,Hybrid,mixture2,-1.33749372,8.15090797e-05,100
2766,Metropolis,metropolis,-1.33653141,3.80313283e-04,100
2766,Row-Update,mps2,-1.33751657,8.05333327e-05,100
2766,Hybrid,mixture2,-1.33749581,8.14042282e-05,100
2767,Metropolis,metropolis,-1.33652924,3.80467703e-04,100
2767,Row-Update,mps2,-1.33752212,8.26679898e-05,100
2767,Hybrid,mixture2,-1.33750443,8.14548091e-05,100
2768,Metropolis,metropolis,-1.33652966,3.79550269e-04,100
2768,Row-Update,mps2,-1.33753757,7.85106430e-05,100
2768,Hybrid,mixture2,-1.33749271,8.09310688e-05,100
2769,Metropolis,metropolis,-1.33652559,3.79776040e-04,100
2769,Row-Update,mps2,-1.33753198,7.70330602e-05,100
2769,Hybrid,mixture2,-1.33748771,8.26037819e-05,100
2770,Metropolis,metropolis,-1.33653081,3.79865674e-04,100
2770,Row-Update,mps2,-1.33752636,7.80681115e-05,100
2770,Hybrid,mixture2,-1.33748474,8.32368344e-05,100
2771,Metropolis,metropolis,-1.33651199,3.80248143e-04,100
2771,Row-Update,mps2,-1.33753021,7.59582488e-05,100
2771,Hybrid,mixture2,-1.33749431,8.32112776e-05,100
2772,Metropolis,metropolis,-1.33651368,3.80707060e-04,100
2772,Row-Update,mps2,-1.33753936,7.58967208e-05,100
2772,Hybrid,mixture2,-1.33747753,8.43169419e-05,100
2773,Metropolis,metropolis,-1.33652575,3.80485421e-04,100
2773,Row-Update,mps2,-1.33755481,7.38065153e-05,100
2773,Hybrid,mixture2,-1.33748163,8.37497161e-05,100
2774,Metropolis,metropolis,-1.33651764,3.80397310e-04,100
2774,Row-Update,mps2,-1.33753285,7.54676528e-05,100
2774,Hybrid,mixture2,-1.33748400,8.27963927e-05,100
2775,Metropolis,metropolis,-1.33650902,3.80694002e-04,100
2775,Row-Update,mps2,-1.33754805,7.70995417e-05,100
2775,Hybrid,mixture2,-1.33748681,8.38614110e-05,100
2776,Metropolis,metropolis,-1.33651344,3.80519418e-04,100
2776,Row-Update,mps2,-1.33755361,7.66603774e-05,100
2776,Hybrid,mixture2,-1.33747950,8.41730435e-05,100
2777,Metropolis,metropolis,-1.33652620,3.80752268e-04,100
2777,Row-Update,mps2,-1.33755870,7.53719189e-05,100
2777,Hybrid,mixture2,-1.33748794,8.37356472e-05,100
2778,Metropolis,metropolis,-1.33653201,3.80332279e-04,100
2778,Row-Update,mps2,-1.33754885,7.57022015e-05,100
2778,Hybrid,mixture2,-1.33748764,8.20300430e-05,100
2779,Metropolis,metropolis,-1.33653530,3.79769755e-04,100
2779,Row-Update,mps2,-1.33754922,7.34023632e-05,100
2779,Hybrid,mixture2,-1.33749590,8.16599161e-05,100
2780,Metropolis,metropolis,-1.33652533,3.80646258e-04,100
2780,Row-Update,mps2,-1.33754659,7.48637194e-05,100
2780,Hybrid,mixture2,-1.33749390,8.07642638e-05,100
2781,Metropolis,metropolis,-1.33652989,3.79956673e-04,100
2781,Row-Update,mps2,-1.33756973,7.31157946e-05,100
2781,Hybrid,mixture2,-1.33749382,8.31060551e-05,100
2782,Metropolis,metropolis,-1.33652818,3.80144024e-04,100
2782,Row-Update,mps2,-1.33756665,7.28133771e-05,100
2782,Hybrid,mixture2,-1.33749606,8.23339439e-05,100
2783,Metropolis,metropolis,-1.33651929,3.80473479e-04,100
2783,Row-Update,mps2,-1.33754396,7.52903376e-05,100
2783,Hybrid,mixture2,-1.33748978,8.28285857e-05,100
2784,Metropolis,metropolis,-1.33651430,3.80342556e-04,100
2784,Row-Update,mps2,-1.33754571,7.48448906e-05,100
2784,Hybrid,mixture2,-1.33749652,8.17752633e-05,100
2785,Metropolis,metropolis,-1.33651000,3.80573748e-04,100
2785,Row-Update,mps2,-1.33756838,7.27434839e-05,100
2785,Hybrid,mixture2,-1.33748774,8.31248655e-05,100
2786,Metropolis,metropolis,-1.33649326,3.81041723e-04,100
2786,Row-Update,mps2,-1.33755428,7.55380003e-05,100
2786,Hybrid,mixture2,-1.33747370,8.34942098e-05,100
2787,Metropolis,metropolis,-1.33651078,3.80323102e-04,100
2787,Row-Update,mps2,-1.33755199,7.40767851e-05,100
2787,Hybrid,mixture2,-1.33748450,8.27409990e-05,100
2788,Metropolis,metropolis,-1.33652191,3.80213509e-04,100
2788,Row-Update,mps2,-1.33754685,7.66531708e-05,100
2788,Hybrid,mixture2,-1.33749639,8.14257108e-05,100
2789,Metropolis,metropolis,-1.33653852,3.80204578e-04,100
2789,Row-Update,mps2,-1.33756034,7.51866987e-05,100
2789,Hybrid,mixture2,-1.33748550,8.28883185e-05,100
2790,Metropolis,metropolis,-1.33653791,3.80427875e-04,100
2790,Row-Update,mps2,-1.33753553,7.93087110e-05,100
2790,Hybrid,mixture2,-1.33749876,8.14882451e-05,100
2791,Metropolis,metropolis,-1.33652838,3.80456917e-04,100
2791,Row-Update,mps2,-1.33754858,7.61698485e-05,100
2791,Hybrid,mixture2,-1.33748220,8.20636954e-05,100
2792,Metropolis,metropolis,-1.33653571,3.79942379e-04,100
2792,Row-Update,mps2,-1.33752579,7.71375826e-05,100
2792,Hybrid,mixture2,-1.33747963,8.36435088e-05,100
2793,Metropolis,metropolis,-1.33652928,3.80541237e-04,100
2793,Row-Update,mps2,-1.33754908,7.56650158e-05,100
2793,Hybrid,mixture2,-1.33748797,8.33809445e-05,100
2794,Metropolis,metropolis,-1.33653889,3.80117728e-04,100
2794,Row-Update,mps2,-1.33755768,7.52727808e-05,100
2794,Hybrid,mixture2,-1.33747962,8.36481863e-05,100
2795,Metropolis,metropolis,-1.33654560,3.80051830e-04,100
2795,Row-Update,mps2,-1.33756141,7.43808441e-05,100
2795,Hybrid,mixture2,-1.33749349,8.35677127e-05,100
2796,Metropolis,metropolis,-1.33652903,3.80046651e-04,100
2796,Row-Update,mps2,-1.33754741,7.47507166e-05,100
2796,Hybrid,mixture2,-1.33749053,8.20044304e-05,100
2797,Metropolis,metropolis,-1.33652961,3.79816359e-04,100
2797,Row-Update,mps2,-1.33755379,7.53949331e-05,100
2797,Hybrid,mixture2,-1.33747642,8.43384785e-05,100
2798,Metropolis,metropolis,-1.33652449,3.80632136e-04,100
2798,Row-Update,mps2,-1.33755335,7.42303238e-05,100
2798,Hybrid,mixture2,-1.33748371,8.38972291e-05,100
2799,Metropolis,metropolis,-1.33653064,3.80838405e-04,100
2799,Row-Update,mps2,-1.33755377,7.65291016e-05,100
2799,Hybrid,mixture2,-1.33748045,8.44770041e-05,100
2800,Metropolis,metropolis,-1.33652650,3.80524068e-04,100
2800,Row-Update,mps2,-1.33755483,7.59890671e-05,100
2800,Hybrid,mixture2,-1.33749049,8.11135085e-05,100
2801,Metropolis,metropolis,-1.33654293,3.80249289e-04,100
2801,Row-Update,mps2,-1.33755420,7.74512618e-05,100
2801,Hybrid,mixture2,-1.33750183,8.25576815e-05,100
2802,Metropolis,metropolis,-1.33654138,3.79828336e-04,100
2802,Row-Update,mps2,-1.33756754,7.42172887e-05,100
2802,Hybrid,mixture2,-1.33748719,8.24187664e-05,100
2803,Metropolis,metropolis,-1.33654197,3.80423853e-04,100
2803,Row-Update,mps2,-1.33756489,7.39112486e-05,100
2803,Hybrid,mixture2,-1.33749018,8.28064422e-05,100
2804,Metropolis,metropolis,-1.33654921,3.79804100e-04,100
2804,Row-Update,mps2,-1.33756838,7.30809181e-05,100
2804,Hybrid,mixture2,-1.33748625,8.29637389e-05,100
2805,Metropolis,metropolis,-1.33653707,3.80113158e-04,100
2805,Row-Update,mps2,-1.33757166,7.17156988e-05,100
2805,Hybrid,mixture2,-1.33747308,8.45727701e-05,100
2806,Metropolis,metropolis,-1.33653052,3.80482208e-04,100
2806,Row-Update,mps2,-1.33754659,7.37590070e-05,100
2806,Hybrid,mixture2,-1.33749203,8.21537651e-05,100
2807,Metropolis,metropolis,-1.33653200,3.79962012e-04,100
2807,Row-Update,mps2,-1.33755396,7.32168416e-05,100
2807,Hybrid,mixture2,-1.33747307,8.35068158e-05,100
2808,Metropolis,metropolis,-1.33652849,3.80568903e-04,100
2808,Row-Update,mps2,-1.33755918,7.38968206e-05,100
2808,Hybrid,mixture2,-1.33748490,8.29734699e-05,100
2809,Metropolis,metropolis,-1.33652776,3.79930986e-04,100
2809,Row-Update,mps2,-1.33756977,7.21662923e-05,100
2809,Hybrid,mixture2,-1.33748144,8.28878924e-05,100
2810,Metropolis,metropolis,-1.33652589,3.80328843e-04,100
2810,Row-Update,mps2,-1.33759331,7.13774140e-05,100
2810,Hybrid,mixture2,-1.33748522,8.36291528e-05,100
2811,Metropolis,metropolis,-1.33652750,3.80358653e-04,100
2811,Row-Update,mps2,-1.33757479,7.33351225e-05,100
2811,Hybrid,mixture2,-1.33748316,8.40774500e-05,100
2812,Metropolis,metropolis,-1.33652837,3.80647708e-04,100
2812,Row-Update,mps2,-1.33757245,7.18039222e-05,100
2812,Hybrid,mixture2,-1.33748940,8.38649087e-05,100
2813,Metropolis,metropolis,-1.33649883,3.81089655e-04,100
2813,Row-Update,mps2,-1.33756703,7.37594157e-05,100
2813,Hybrid,mixture2,-1.33750471,8.33640497e-05,100
2814,Metropolis,metropolis,-1.33650318,3.80738785e-04,100
2814,Row-Update,mps2,-1.33755707,7.34438819e-05,100
2814,Hybrid,mixture2,-1.33747689,8.49554106e-05,100
2815,Metropolis,metropolis,-1.33652343,3.80339379e-04,100
2815,Row-Update,mps2,-1.33758416,7.30654057e-05,100
2815,Hybrid,mixture2,-1.33748794,8.49364959e-05,100
2816,Metropolis,metropolis,-1.33651639,3.80254694e-04,100
2816,Row-Update,mps2,-1.33758613,7.14239273e-05,100
2816,Hybrid,mixture2,-1.33747191,8.46804252e-05,100
2817,Metropolis,metropolis,-1.33652724,3.80250261e-04,100
2817,Row-Update,mps2,-1.33757443,7.16701616e-05,100
2817,Hybrid,mixture2,-1.33748192,8.36783948e-05,100
2818,Metropolis,metropolis,-1.33652200,3.80917838e-04,100
2818,Row-Update,mps2,-1.33758140,7.33088894e-05,100
2818,Hybrid,mixture2,-1.33747609,8.44512523e-05,100
2819,Metropolis,metropolis,-1.33652631,3.80493617e-04,100
2819,Row-Update,mps2,-1.33758252,7.28007769e-05,100
2819,Hybrid,mixture2,-1.33749110,8.37783319e-05,100
2820,Metropolis,metropolis,-1.33649814,3.80993629e-04,100
2820,Row-Update,mps2,-1.33757382,7.38702968e-05,100
2820,Hybrid,mixture2,-1.33748970,8.20304697e-05,100
2821,Metropolis,metropolis,-1.33652267,3.80102242e-04,100
2821,Row-Update,mps2,-1.33755989,7.52546247e-05,100
2821,Hybrid,mixture2,-1.33748686,8.20028292e-05,100
2822,Metropolis,metropolis,-1.33652146,3.80071642e-04,100
2822,Row-Update,mps2,-1.33757234,7.44318726e-05,100
2822,Hybrid,mixture2,-1.33748812,8.30399625e-05,100
2823,Metropolis,metropolis,-1.33651728,3.80155355e-04,100
2823,Row-Update,mps2,-1.33757947,7.37035038e-05,100
2823,Hybrid,mixture2,-1.33749154,8.27143439e-05,100
2824,Metropolis,metropolis,-1.33653107,3.79931143e-04,100
2824,Row-Update,mps2,-1.33757462,7.33551737e-05,100
2824,Hybrid,mixture2,-1.33748726,8.34631049e-05,100
2825,Metropolis,metropolis,-1.33651670,3.79461811e-04,100
2825,Row-Update,mps2,-1.33758202,7.28165158e-05,100
2825,Hybrid,mixture2,-1.33750562,8.36570464e-05,100
2826,Metropolis,metropolis,-1.33652526,3.80272700e-04,100
2826,Row-Update,mps2,-1.33755231,7.56760024e-05,100
2826,Hybrid,mixture2,-1.33748636,8.35781509e-05,100
2827,Metropolis,metropolis,-1.33652515,3.80711518e-04,100
2827,Row-Update,mps2,-1.33757551,7.24518572e-05,100
2827,Hybrid,mixture2,-1.33749439,8.28450373e-05,100
2828,Metropolis,metropolis,-1.33651836,3.80699635e-04,100
2828,Row-Update,mps2,-1.33758250,7.24749362e-05,100
2828,Hybrid,mixture2,-1.33749151,8.33163696e-05,100
2829,Metropolis,metropolis,-1.33651553,3.80765998e-04,100
2829,Row-Update,mps2,-1.33757444,7.57882870e-05,100
2829,Hybrid,mixture2,-1.33751004,8.12940208e-05,100
2830,Metropolis,metropolis,-1.33652317,3.80672722e-04,100
2830,Row-Update,mps2,-1.33756878,7.51923046e-05,100
2830,Hybrid,mixture2,-1.33749165,8.27939531e-05,100
2831,Metropolis,metropolis,-1.33649906,3.81008468e-04,100
2831,Row-Update,mps2,-1.33759413,7.26473319e-05,100
2831,Hybrid,mixture2,-1.33749104,8.37793475e-05,100
2832,Metropolis,metropolis,-1.33651587,3.80920966e-04,100
2832,Row-Update,mps2,-1.33758411,7.29878669e-05,100
2832,Hybrid,mixture2,-1.33748932,8.30719551e-05,100
2833,Metropolis,metropolis,-1.33653404,3.79924785e-04,100
2833,Row-Update,mps2,-1.33758284,7.38302518e-05,100
2833,Hybrid,mixture2,-1.33749588,8.34925332e-05,100
2834,Metropolis,metropolis,-1.33653053,3.79777360e-04,100
2834,Row-Update,mps2,-1.33759243,7.41956466e-05,100
2834,Hybrid,mixture2,-1.33748329,8.30019582e-05,100
2835,Metropolis,metropolis,-1.33653934,3.79784949e-04,100
2835,Row-Update,mps2,-1.33757484,7.51858534e-05,100
2835,Hybrid,mixture2,-1.33748117,8.47694941e-05,100
2836,Metropolis,metropolis,-1.33654190,3.80093466e-04,100
2836,Row-Update,mps2,-1.33757522,7.51881644e-05,100
2836,Hybrid,mixture2,-1.33748999,8.25975872e-05,100
2837,Metropolis,metropolis,-1.33654199,3.80148404e-04,100
2837,Row-Update,mps2,-1.33758313,7.63146118e-05,100
2837,Hybrid,mixture2,-1.33749566,8.47048688e-05,100
2838,Metropolis,metropolis,-1.33653340,3.80813965e-04,100
2838,Row-Update,mps2,-1.33758466,7.38188151e-05,100
2838,Hybrid,mixture2,-1.33748703,8.34405438e-05,100
2839,Metropolis,metropolis,-1.33652774,3.80304232e-04,100
2839,Row-Update,mps2,-1.33756312,7.65486686e-05,100
2839,Hybrid,mixture2,-1.33749004,8.38558214e-05,100
2840,Metropolis,metropolis,-1.33652453,3.80031130e-04,100
2840,Row-Update,mps2,-1.33756262,7.63627159e-05,100
2840,Hybrid,mixture2,-1.33748242,8.26511360e-05,100
2841,Metropolis,metropolis,-1.33652694,3.80294109e-04,100
2841,Row-Update,mps2,-1.33756927,7.55651340e-05,100
2841,Hybrid,mixture2,-1.33748981,8.25498270e-05,100
2842,Metropolis,metropolis,-1.33651661,3.82781483e-04,100
2842,Row-Update,mps2,-1.33757133,7.50358850e-05,100
2842,Hybrid,mixture2,-1.33748185,8.36813895e-05,100
2843,Metropolis,metropolis,-1.33651360,3.80052862e-04,100
2843,Row-Update,mps2,-1.33757342,7.53149654e-05,100
2843,Hybrid,mixture2,-1.33749337,8.32529826e-05,100
2844,Metropolis,metropolis,-1.33651212,3.81048770e-04,100
2844,Row-Update,mps2,-1.33757625,7.50330826e-05,100
2844,Hybrid,mixture2,-1.33749338,8.27673927e-05,100
2845,Metropolis,metropolis,-1.33652461,3.80709758e-04,100
2845,Row-Update,mps2,-1.33758626,7.36499023e-05,100
2845,Hybrid,mixture2,-1.33749543,8.25853746e-05,100
2846,Metropolis,metropolis,-1.33651406,3.80420958e-04,100
2846,Row-Update,mps2,-1.33756983,7.34780763e-05,100
2846,Hybrid,mixture2,-1.33749553,8.23567645e-05,100
2847,Metropolis,metropolis,-1.33650447,3.80845578e-04,100
2847,Row-Update,mps2,-1.33757114,7.46885653e-05,100
2847,Hybrid,mixture2,-1.33749115,8.40611963e-05,100
2848,Metropolis,metropolis,-1.33650859,3.80998399e-04,100
2848,Row-Update,mps2,-1.33756991,7.47589494e-05,100
2848,Hybrid,mixture2,-1.33750059,8.21603685e-05,100
2849,Metropolis,metropolis,-1.33651304,3.80462489e-04,100
2849,Row-Update,mps2,-1.33758224,7.35955456e-05,100
2849,Hybrid,mixture2,-1.33750080,8.24797450e-05,100
2850,Metropolis,metropolis,-1.33649012,3.81592988e-04,100
2850,Row-Update,mps2,-1.33756658,7.47523731e-05,100
2850,Hybrid,mixture2,-1.33748806,8.39066894e-05,100
2851,Metropolis,metropolis,-1.33650232,3.80908620e-04,100
2851,Row-Update,mps2,-1.33758065,7.31488793e-05,100
2851,Hybrid,mixture2,-1.33748817,8.35419042e-05,100
2852,Metropolis,metropolis,-1.33651306,3.80428548e-04,100
2852,Row-Update,mps2,-1.33757783,7.55811721e-05,100
2852,Hybrid,mixture2,-1.33749764,8.11031393e-05,100
2853,Metropolis,metropolis,-1.33652697,3.80143811e-04,100
2853,Row-Update,mps2,-1.33758049,7.47976775e-05,100
2853,Hybrid,mixture2,-1.33750515,8.11356900e-05,100
2854,Metropolis,metropolis,-1.33652998,3.80448775e-04,100
2854,Row-Update,mps2,-1.33758459,7.44166318e-05,100
2854,Hybrid,mixture2,-1.33749244,8.41787534e-05,100
2855,Metropolis,metropolis,-1.33653717,3.80702670e-04,100
2855,Row-Update,mps2,-1.33759176,7.33281417e-05,100
2855,Hybrid,mixture2,-1.33749133,8.17704373e-05,100
2856,Metropolis,metropolis,-1.33652919,3.80401152e-04,100
2856,Row-Update,mps2,-1.33757882,7.51997595e-05,100
2856,Hybrid,mixture2,-1.33749188,8.24580883e-05,100
2857,Metropolis,metropolis,-1.33653766,3.80540444e-04,100
2857,Row-Update,mps2,-1.33759324,7.43099125e-05,100
2857,Hybrid,mixture2,-1.33747735,8.41341591e-05,100
2858,Metropolis,metropolis,-1.33654126,3.80395481e-04,100
2858,Row-Update,mps2,-1.33759534,7.33734506e-05,100
2858,Hybrid,mixture2,-1.33748772,8.38699425e-05,100
2859,Metropolis,metropolis,-1.33654190,3.79846289e-04,100
2859,Row-Update,mps2,-1.33758680,7.75086239e-05,100
2859,Hybrid,mixture2,-1.33749228,8.29137732e-05,100
2860,Metropolis,metropolis,-1.33653980,3.79633314e-04,100
2860,Row-Update,mps2,-1.33758603,7.70336773e-05,100
2860,Hybrid,mixture2,-1.33749169,8.28448136e-05,100
2861,Metropolis,metropolis,-1.33653557,3.79260663e-04,100
2861,Row-Update,mps2,-1.33757834,7.47252071e-05,100
2861,Hybrid,mixture2,-1.33750105,8.24958687e-05,100
2862,Metropolis,metropolis,-1.33653507,3.79764707e-04,100
2862,Row-Update,mps2,-1.33760064,7.32851869e-05,100
2862,Hybrid,mixture2,-1.33748962,8.29340499e-05,100
2863,Metropolis,metropolis,-1.33653136,3.80299858e-04,100
2863,Row-Update,mps2,-1.33759529,7.31366476e-05,100
2863,Hybrid,mixture2,-1.33748419,8.52427940e-05,100
2864,Metropolis,metropolis,-1.33651703,3.80025735e-04,100
2864,Row-Update,mps2,-1.33759697,7.38770329e-05,100
2864,Hybrid,mixture2,-1.33749520,8.29136573e-05,100
2865,Metropolis,metropolis,-1.33652623,3.79718110e-04,100
2865,Row-Update,mps2,-1.33758679,7.30416021e-05,100
2865,Hybrid,mixture2,-1.33749522,8.16554602e-05,100
2866,Metropolis,metropolis,-1.33653179,3.79313037e-04,100
2866,Row-Update,mps2,-1.33759864,7.22303997e-05,100
2866,Hybrid,mixture2,-1.33749090,8.27924182e-05,100
2867,Metropolis,metropolis,-1.33653467,3.80318637e-04,100
2867,Row-Update,mps2,-1.33757798,7.74611118e-05,100
2867,Hybrid,mixture2,-1.33749442,8.22872383e-05,100
2868,Metropolis,metropolis,-1.33652958,3.80271575e-04,100
2868,Row-Update,mps2,-1.33759456,7.39094808e-05,100
2868,Hybrid,mixture2,-1.33749544,8.31559207e-05,100
2869,Metropolis,metropolis,-1.33653058,3.80277038e-04,100
2869,Row-Update,mps2,-1.33759100,7.39336081e-05,100
2869,Hybrid,mixture2,-1.33751132,7.99344295e-05,100
2870,Metropolis,metropolis,-1.33653308,3.80319879e-04,100
2870,Row-Update,mps2,-1.33758914,7.45844934e-05,100
2870,Hybrid,mixture2,-1.33751293,8.10265822e-05,100
2871,Metropolis,metropolis,-1.33650794,3.81124894e-04,100
2871,Row-Update,mps2,-1.33760878,7.16902463e-05,100
2871,Hybrid,mixture2,-1.33749941,7.95801960e-05,100
2872,Metropolis,metropolis,-1.33652055,3.80433900e-04,100
2872,Row-Update,mps2,-1.33760628,7.39945629e-05,100
2872,Hybrid,mixture2,-1.33750005,8.10142054e-05,100
2873,Metropolis,metropolis,-1.33651398,3.81012808e-04,100
2873,Row-Update,mps2,-1.33759127,7.20057543e-05,100
2873,Hybrid,mixture2,-1.33748989,8.19622001e-05,100
2874,Metropolis,metropolis,-1.33650339,3.81284204e-04,100
2874,Row-Update,mps2,-1.33759753,7.26008304e-05,100
2874,Hybrid,mixture2,-1.33749790,8.25025373e-05,100
2875,Metropolis,metropolis,-1.33649673,3.82110458e-04,100
2875,Row-Update,mps2,-1.33759648,7.33229514e-05,100
2875,Hybrid,mixture2,-1.33749005,8.28442565e-05,100
2876,Metropolis,metropolis,-1.33652300,3.80733581e-04,100
2876,Row-Update,mps2,-1.33760273,7.20596190e-05,100
2876,Hybrid,mixture2,-1.33750905,7.98626881e-05,100
2877,Metropolis,metropolis,-1.33651851,3.80522349e-04,100
2877,Row-Update,mps2,-1.33758597,7.31748212e-05,100
2877,Hybrid,mixture2,-1.33749427,8.18143159e-05,100
2878,Metropolis,metropolis,-1.33651228,3.82192114e-04,100
2878,Row-Update,mps2,-1.33759265,7.31258686e-05,100
2878,Hybrid,mixture2,-1.33750229,8.15269855e-05,100
2879,Metropolis,metropolis,-1.33652082,3.80752529e-04,100
2879,Row-Update,mps2,-1.33757098,7.77398214e-05,100
2879,Hybrid,mixture2,-1.33749644,8.16247717e-05,100
2880,Metropolis,metropolis,-1.33651228,3.81377713e-04,100
2880,Row-Update,mps2,-1.33757993,7.74269690e-05,100
2880,Hybrid,mixture2,-1.33747952,8.36165308e-05,100
2881,Metropolis,metropolis,-1.33650813,3.80355419e-04,100
2881,Row-Update,mps2,-1.33758030,7.78293477e-05,100
2881,Hybrid,mixture2,-1.33749957,8.16787457e-05,100
2882,Metropolis,metropolis,-1.33651888,3.80561836e-04,100
2882,Row-Update,mps2,-1.33758659,7.58337430e-05,100
2882,Hybrid,mixture2,-1.33749837,8.18323399e-05,100
2883,Metropolis,metropolis,-1.33653089,3.80591648e-04,100
2883,Row-Update,mps2,-1.33758937,7.50156807e-05,100
2883,Hybrid,mixture2,-1.33749419,8.31627374e-05,100
2884,Metropolis,metropolis,-1.33653183,3.79986359e-04,100
2884,Row-Update,mps2,-1.33758624,7.46656393e-05,100
2884,Hybrid,mixture2,-1.33749376,8.25100762e-05,100
2885,Metropolis,metropolis,-1.33653950,3.80361616e-04,100
2885,Row-Update,mps2,-1.33759378,7.29653303e-05,100
2885,Hybrid,mixture2,-1.33749345,8.14217946e-05,100
2886,Metropolis,metropolis,-1.33653400,3.80410656e-04,100
2886,Row-Update,mps2,-1.33759929,7.30731952e-05,100
2886,Hybrid,mixture2,-1.33750210,8.28267523e-05,100
2887,Metropolis,metropolis,-1.33652800,3.79965567e-04,100
2887,Row-Update,mps2,-1.33758825,7.62777512e-05,100
2887,Hybrid,mixture2,-1.33749104,8.35715742e-05,100
2888,Metropolis,metropolis,-1.33653790,3.79929862e-04,100
2888,Row-Update,mps2,-1.33757820,7.48081294e-05,100
2888,Hybrid,mixture2,-1.33748285,8.30570412e-05,100
2889,Metropolis,metropolis,-1.33652866,3.80603016e-04,100
2889,Row-Update,mps2,-1.33759490,7.51968255e-05,100
2889,Hybrid,mixture2,-1.33749733,8.10738595e-05,100
2890,Metropolis,metropolis,-1.33652972,3.80072437e-04,100
2890,Row-Update,mps2,-1.33759406,7.31086043e-05,100
2890,Hybrid,mixture2,-1.33749998,8.27362518e-05,100
2891,Metropolis,metropolis,-1.33653551,3.79125807e-04,100
2891,Row-Update,mps2,-1.33759941,7.32133840e-05,100
2891,Hybrid,mixture2,-1.33750483,8.16152475e-05,100
2892,Metropolis,metropolis,-1.33654153,3.80429249e-04,100
2892,Row-Update,mps2,-1.33760082,7.27450891e-05,100
2892,Hybrid,mixture2,-1.33750199,8.17126467e-05,100
2893,Metropolis,metropolis,-1.33652764,3.80480619e-04,100
2893,Row-Update,mps2,-1.33759933,7.30549722e-05,100
2893,Hybrid,mixture2,-1.33750209,8.17397560e-05,100
2894,Metropolis,metropolis,-1.33652433,3.80865186e-04,100
2894,Row-Update,mps2,-1.33761398,7.04736942e-05,100
2894,Hybrid,mixture2,-1.33749373,8.34139156e-05,100
2895,Metropolis,metropolis,-1.33652094,3.80367549e-04,100
2895,Row-Update,mps2,-1.33760815,7.21877469e-05,100
2895,Hybrid,mixture2,-1.33747960,8.43552356e-05,100
2896,Metropolis,metropolis,-1.33652464,3.80438093e-04,100
2896,Row-Update,mps2,-1.33759975,7.32707128e-05,100
2896,Hybrid,mixture2,-1.33749242,8.34530686e-05,100
2897,Metropolis,metropolis,-1.33653498,3.80834411e-04,100
2897,Row-Update,mps2,-1.33761001,7.19796464e-05,100
2897,Hybrid,mixture2,-1.33747124,8.53788855e-05,100
2898,Metropolis,metropolis,-1.33651410,3.81550840e-04,100
2898,Row-Update,mps2,-1.33761488,7.15833404e-05,100
2898,Hybrid,mixture2,-1.33749090,8.29090977e-05,100
2899,Metropolis,metropolis,-1.33650816,3.83181648e-04,100
2899,Row-Update,mps2,-1.33759042,7.29305005e-05,100
2899,Hybrid,mixture2,-1.33748747,8.50311560e-05,100
2900,Metropolis,metropolis,-1.33646532,3.85157593e-04,100
2900,Row-Update,mps2,-1.33760482,7.23272671e-05,100
2900,Hybrid,mixture2,-1.33749212,8.29640648e-05,100
2901,Metropolis,metropolis,-1.33649586,3.82528473e-04,100
2901,Row-Update,mps2,-1.33760397,7.23522434e-05,100
2901,Hybrid,mixture2,-1.33750203,8.19797432e-05,100
2902,Metropolis,metropolis,-1.33650552,3.82301411e-04,100
2902,Row-Update,mps2,-1.33761020,7.15458710e-05,100
2902,Hybrid,mixture2,-1.33750714,8.07813575e-05,100
2903,Metropolis,metropolis,-1.33652514,3.81473754e-04,100
2903,Row-Update,mps2,-1.33759463,7.22812276e-05,100
2903,Hybrid,mixture2,-1.33749310,8.11920016e-05,100
2904,Metropolis,metropolis,-1.33652663,3.81156635e-04,100
2904,Row-Update,mps2,-1.33760695,7.21673771e-05,100
2904,Hybrid,mixture2,-1.33750995,8.00156943e-05,100
2905,Metropolis,metropolis,-1.33652196,3.80622328e-04,100
2905,Row-Update,mps2,-1.33759549,7.33610432e-05,100
2905,Hybrid,mixture2,-1.33750460,8.07879653e-05,100
2906,Metropolis,metropolis,-1.33654560,3.80369978e-04,100
2906,Row-Update,mps2,-1.33760878,7.37777107e-05,100
2906,Hybrid,mixture2,-1.33750693,8.08099067e-05,100
2907,Metropolis,metropolis,-1.33649172,3.84077137e-04,100
2907,Row-Update,mps2,-1.33760028,7.41017081e-05,100
2907,Hybrid,mixture2,-1.33750972,8.07502744e-05,100
2908,Metropolis,metropolis,-1.33652817,3.81361714e-04,100
2908,Row-Update,mps2,-1.33758224,7.59962455e-05,100
2908,Hybrid,mixture2,-1.33749871,8.19600359e-05,100
2909,Metropolis,metropolis,-1.33651827,3.81185589e-04,100
2909,Row-Update,mps2,-1.33759229,7.32799002e-05,100
2909,Hybrid,mixture2,-1.33750151,8.21668771e-05,100
2910,Metropolis,metropolis,-1.33652027,3.81872886e-04,100
2910,Row-Update,mps2,-1.33759760,7.15537801e-05,100
2910,Hybrid,mixture2,-1.33749788,8.23409247e-05,100
2911,Metropolis,metropolis,-1.33646298,3.92207012e-04,100
2911,Row-Update,mps2,-1.33759089,7.20389672e-05,100
2911,Hybrid,mixture2,-1.33750401,8.30188753e-05,100
2912,Metropolis,metropolis,-1.33650631,3.83245499e-04,100
2912,Row-Update,mps2,-1.33760080,7.19767577e-05,100
2912,Hybrid,mixture2,-1.33750090,8.06329195e-05,100
2913,Metropolis,metropolis,-1.33651416,3.81889144e-04,100
2913,Row-Update,mps2,-1.33759685,7.19616217e-05,100
2913,Hybrid,mixture2,-1.33750877,8.06898036e-05,100
2914,Metropolis,metropolis,-1.33652585,3.80870348e-04,100
2914,Row-Update,mps2,-1.33760823,7.19720072e-05,100
2914,Hybrid,mixture2,-1.33750842,8.03851335e-05,100
2915,Metropolis,metropolis,-1.33651744,3.80743756e-04,100
2915,Row-Update,mps2,-1.33758751,7.35641517e-05,100
2915,Hybrid,mixture2,-1.33750526,8.07620501e-05,100
2916,Metropolis,metropolis,-1.33652095,3.80473246e-04,100
2916,Row-Update,mps2,-1.33758909,7.36538651e-05,100
2916,Hybrid,mixture2,-1.33750184,8.14157429e-05,100
2917,Metropolis,metropolis,-1.33652142,3.80406553e-04,100
2917,Row-Update,mps2,-1.33760408,7.19911797e-05,100
2917,Hybrid,mixture2,-1.33749003,8.12028151e-05,100
2918,Metropolis,metropolis,-1.33654484,3.80244360e-04,100
2918,Row-Update,mps2,-1.33759899,7.23214894e-05,100
2918,Hybrid,mixture2,-1.33749330,8.31373173e-05,100
2919,Metropolis,metropolis,-1.33652583,3.80527934e-04,100
2919,Row-Update,mps2,-1.33760653,7.11303647e-05,100
2919,Hybrid,mixture2,-1.33749223,8.23869048e-05,100
2920,Metropolis,metropolis,-1.33653097,3.80247882e-04,100
2920,Row-Update,mps2,-1.33760305,7.31205457e-05,100
2920,Hybrid,mixture2,-1.33749663,8.33509300e-05,100
2921,Metropolis,metropolis,-1.33652877,3.80903904e-04,100
2921,Row-Update,mps2,-1.33760777,7.36476878e-05,100
2921,Hybrid,mixture2,-1.33749655,8.21744347e-05,100
2922,Metropolis,metropolis,-1.33653712,3.80290421e-04,100
2922,Row-Update,mps2,-1.33761624,7.11551885e-05,100
2922,Hybrid,mixture2,-1.33750300,8.25914236e-05,100
2923,Metropolis,metropolis,-1.33652672,3.80547161e-04,100
2923,Row-Update,mps2,-1.33761280,7.22678410e-05,100
2923,Hybrid,mixture2,-1.33749644,8.13030064e-05,100
2924,Metropolis,metropolis,-1.33654466,3.80260900e-04,100
2924,Row-Update,mps2,-1.33761818,7.08386971e-05,100
2924,Hybrid,mixture2,-1.33749291,8.13244382e-05,100
2925,Metropolis,metropolis,-1.33654791,3.80024473e-04,100
2925,Row-Update,mps2,-1.33761446,7.16333154e-05,100
2925,Hybrid,mixture2,-1.33748984,8.25671359e-05,100
2926,Metropolis,metropolis,-1.33654387,3.80292307e-04,100
2926,Row-Update,mps2,-1.33760775,7.22546519e-05,100
2926,Hybrid,mixture2,-1.33749731,8.11543158e-05,100
2927,Metropolis,metropolis,-1.33654479,3.80627002e-04,100
2927,Row-Update,mps2,-1.33761435,7.08941064e-05,100
2927,Hybrid,mixture2,-1.33750291,8.04838595e-05,100
2928,Metropolis,metropolis,-1.33653721,3.80365765e-04,100
2928,Row-Update,mps2,-1.33761211,7.42769712e-05,100
2928,Hybrid,mixture2,-1.33750250,8.17461646e-05,100
2929,Metropolis,metropolis,-1.33655008,3.80069085e-04,100
2929,Row-Update,mps2,-1.33758957,7.39874326e-05,100
2929,Hybrid,mixture2,-1.33750349,8.15367011e-05,100
2930,Metropolis,metropolis,-1.33653935,3.80740252e-04,100
2930,Row-Update,mps2,-1.33760316,7.15561767e-05,100
2930,Hybrid,mixture2,-1.33750519,8.07018339e-05,100
2931,Metropolis,metropolis,-1.33655116,3.79611700e-04,100
2931,Row-Update,mps2,-1.33760748,7.22184301e-05,100
2931,Hybrid,mixture2,-1.33751244,7.79329048e-05,100
2932,Metropolis,metropolis,-1.33653458,3.79960874e-04,100
2932,Row-Update,mps2,-1.33761139,7.26347929e-05,100
2932,Hybrid,mixture2,-1.33751790,7.93537526e-05,100
2933,Metropolis,metropolis,-1.33653471,3.79970012e-04,100
2933,Row-Update,mps2,-1.33760091,7.46096243e-05,100
2933,Hybrid,mixture2,-1.33751194,7.94388141e-05,100
2934,Metropolis,metropolis,-1.33653224,3.79766247e-04,100
2934,Row-Update,mps2,-1.33760425,7.46881795e-05,100
2934,Hybrid,mixture2,-1.33750983,7.92853362e-05,100
2935,Metropolis,metropolis,-1.33654333,3.80214482e-04,100
2935,Row-Update,mps2,-1.33761116,7.27277265e-05,100
2935,Hybrid,mixture2,-1.33751540,7.96432455e-05,100
2936,Metropolis,metropolis,-1.33653927,3.80289352e-04,100
2936,Row-Update,mps2,-1.33759456,7.34397678e-05,100
2936,Hybrid,mixture2,-1.33751054,8.09305751e-05,100
2937,Metropolis,metropolis,-1.33654008,3.80270521e-04,100
2937,Row-Update,mps2,-1.33760478,7.34313774e-05,100
2937,Hybrid,mixture2,-1.33749818,8.10687407e-05,100
2938,Metropolis,metropolis,-1.33653592,3.80469846e-04,100
2938,Row-Update,mps2,-1.33759280,7.49041726e-05,100
2938,Hybrid,mixture2,-1.33751372,8.03914055e-05,100
2939,Metropolis,metropolis,-1.33654113,3.80242463e-04,100
2939,Row-Update,mps2,-1.33758246,7.53774873e-05,100
2939,Hybrid,mixture2,-1.33751976,7.98581102e-05,100
2940,Metropolis,metropolis,-1.33652981,3.80368893e-04,100
2940,Row-Update,mps2,-1.33759749,7.27928115e-05,100
2940,Hybrid,mixture2,-1.33751147,8.02154039e-05,100
2941,Metropolis,metropolis,-1.33653580,3.80574147e-04,100
2941,Row-Update,mps2,-1.33758817,7.39671171e-05,100
2941,Hybrid,mixture2,-1.33751219,8.04915519e-05,100
2942,Metropolis,metropolis,-1.33652896,3.80863967e-04,100
2942,Row-Update,mps2,-1.33759479,7.71382707e-05,100
2942,Hybrid,mixture2,-1.33750472,8.22611774e-05,100
2943,Metropolis,metropolis,-1.33651682,3.81047297e-04,100
2943,Row-Update,mps2,-1.33759242,7.53265180e-05,100
2943,Hybrid,mixture2,-1.33751940,8.22695321e-05,100
2944,Metropolis,metropolis,-1.33653023,3.81124206e-04,100
2944,Row-Update,mps2,-1.33759524,7.36745594e-05,100
2944,Hybrid,mixture2,-1.33750629,8.07800151e-05,100
2945,Metropolis,metropolis,-1.33652561,3.81263014e-04,100
2945,Row-Update,mps2,-1.33759871,7.39461861e-05,100
2945,Hybrid,mixture2,-1.33751406,8.04962360e-05,100
2946,Metropolis,metropolis,-1.33652811,3.81096760e-04,100
2946,Row-Update,mps2,-1.33760104,7.35850123e-05,100
2946,Hybrid,mixture2,-1.33751333,8.01550916e-05,100
2947,Metropolis,metropolis,-1.33652610,3.81010446e-04,100
2947,Row-Update,mps2,-1.33761001,7.31653203e-05,100
2947,Hybrid,mixture2,-1.33750642,8.06907039e-05,100
2948,Metropolis,metropolis,-1.33653177,3.80891260e-04,100
2948,Row-Update,mps2,-1.33760692,7.45462745e-05,100
2948,Hybrid,mixture2,-1.33749202,8.10654885e-05,100
2949,Metropolis,metropolis,-1.33654132,3.80390908e-04,100
2949,Row-Update,mps2,-1.33760296,7.44059379e-05,100
2949,Hybrid,mixture2,-1.33749840,8.18572006e-05,100
2950,Metropolis,metropolis,-1.33653357,3.80870913e-04,100
2950,Row-Update,mps2,-1.33761740,7.24459200e-05,100
2950,Hybrid,mixture2,-1.33749983,8.33623699e-05,100
2951,Metropolis,metropolis,-1.33653160,3.81057337e-04,100
2951,Row-Update,mps2,-1.33761743,7.14716579e-05,100
2951,Hybrid,mixture2,-1.33750792,8.16009316e-05,100
2952,Metropolis,metropolis,-1.33653512,3.80359184e-04,100
2952,Row-Update,mps2,-1.33762157,7.14850834e-05,100
2952,Hybrid,mixture2,-1.33748961,8.27290909e-05,100
2953,Metropolis,metropolis,-1.33649899,3.85018289e-04,100
2953,Row-Update,mps2,-1.33761404,7.20636887e-05,100
2953,Hybrid,mixture2,-1.33751636,7.97546966e-05,100
2954,Metropolis,metropolis,-1.33651017,3.83310450e-04,100
2954,Row-Update,mps2,-1.33760951,7.38028204e-05,100
2954,Hybrid,mixture2,-1.33751620,7.98683585e-05,100
2955,Metropolis,metropolis,-1.33652901,3.81517733e-04,100
2955,Row-Update,mps2,-1.33761099,7.20293418e-05,100
2955,Hybrid,mixture2,-1.33750128,8.12203461e-05,100
2956,Metropolis,metropolis,-1.33654089,3.81138777e-04,100
2956,Row-Update,mps2,-1.33761670,7.20491960e-05,100
2956,Hybrid,mixture2,-1.33748587,8.13861727e-05,100
2957,Metropolis,metropolis,-1.33651922,3.81429896e-04,100
2957,Row-Update,mps2,-1.33761908,7.30600427e-05,100
2957,Hybrid,mixture2,-1.33748937,8.21435878e-05,100
2958,Metropolis,metropolis,-1.33653414,3.81029707e-04,100
2958,Row-Update,mps2,-1.33761695,7.12381695e-05,100
2958,Hybrid,mixture2,-1.33748243,8.08769051e-05,100
2959,Metropolis,metropolis,-1.33654061,3.80381691e-04,100
2959,Row-Update,mps2,-1.33760160,7.61304025e-05,100
2959,Hybrid,mixture2,-1.33750179,8.01680436e-05,100
2960,Metropolis,metropolis,-1.33653001,3.80789539e-04,100
2960,Row-Update,mps2,-1.33761505,7.54961603e-05,100
2960,Hybrid,mixture2,-1.33749209,8.21046995e-05,100
2961,Metropolis,metropolis,-1.33651039,3.82703754e-04,100
2961,Row-Update,mps2,-1.33759504,7.61000981e-05,100
2961,Hybrid,mixture2,-1.33748362,8.17284068e-05,100
2962,Metropolis,metropolis,-1.33648862,3.87451123e-04,100
2962,Row-Update,mps2,-1.33761038,7.39696236e-05,100
2962,Hybrid,mixture2,-1.33748421,8.13391589e-05,100
2963,Metropolis,metropolis,-1.33646988,3.88787815e-04,100
2963,Row-Update,mps2,-1.33760143,7.46450813e-05,100
2963,Hybrid,mixture2,-1.33749951,8.10326572e-05,100
2964,Metropolis,metropolis,-1.33648192,3.86793053e-04,100
2964,Row-Update,mps2,-1.33760705,7.28589016e-05,100
2964,Hybrid,mixture2,-1.33748875,8.15755600e-05,100
2965,Metropolis,metropolis,-1.33648401,3.86331173e-04,100
2965,Row-Update,mps2,-1.33759907,7.50537343e-05,100
2965,Hybrid,mixture2,-1.33748901,8.23841518e-05,100
2966,Metropolis,metropolis,-1.33648209,3.86335512e-04,100
2966,Row-Update,mps2,-1.33760475,7.18056029e-05,100
2966,Hybrid,mixture2,-1.33749483,8.21890997e-05,100
2967,Metropolis,metropolis,-1.33648384,3.86520284e-04,100
2967,Row-Update,mps2,-1.33762067,7.21566451e-05,100
2967,Hybrid,mixture2,-1.33749728,8.25951002e-05,100
2968,Metropolis,metropolis,-1.33650404,3.85154984e-04,100
2968,Row-Update,mps2,-1.33762006,7.27900605e-05,100
2968,Hybrid,mixture2,-1.33749047,8.15986641e-05,100
2969,Metropolis,metropolis,-1.33647706,3.87661299e-04,100
2969,Row-Update,mps2,-1.33761441,7.23768288e-05,100
2969,Hybrid,mixture2,-1.33749358,8.31137665e-05,100
2970,Metropolis,metropolis,-1.33649831,3.84047788e-04,100
2970,Row-Update,mps2,-1.33760657,7.09932964e-05,100
2970,Hybrid,mixture2,-1.33749875,8.13492579e-05,100
2971,Metropolis,metropolis,-1.33648843,3.84771055e-04,100
2971,Row-Update,mps2,-1.33761372,7.21161772e-05,100
2971,Hybrid,mixture2,-1.33748929,8.23726254e-05,100
2972,Metropolis,metropolis,-1.33649336,3.83769625e-04,100
2972,Row-Update,mps2,-1.33760710,7.25826326e-05,100
2972,Hybrid,mixture2,-1.33749574,8.21887817e-05,100
2973,Metropolis,metropolis,-1.33650227,3.83681322e-04,100
2973,Row-Update,mps2,-1.33760426,7.24346214e-05,100
2973,Hybrid,mixture2,-1.33749954,8.29148002e-05,100
2974,Metropolis,metropolis,-1.33651253,3.82049710e-04,100
2974,Row-Update,mps2,-1.33762032,7.12854592e-05,100
2974,Hybrid,mixture2,-1.33750682,8.14876873e-05,100
2975,Metropolis,metropolis,-1.33652609,3.81450119e-04,100
2975,Row-Update,mps2,-1.33761975,7.12912093e-05,100
2975,Hybrid,mixture2,-1.33752429,7.99797976e-05,100
2976,Metropolis,metropolis,-1.33649051,3.82636570e-04,100
2976,Row-Update,mps2,-1.33763017,7.00479716e-05,100
2976,Hybrid,mixture2,-1.33749882,8.02799167e-05,100
2977,Metropolis,metropolis,-1.33650601,3.81419031e-04,100
2977,Row-Update,mps2,-1.33761992,7.17613197e-05,100
2977,Hybrid,mixture2,-1.33752023,8.04797133e-05,100
2978,Metropolis,metropolis,-1.33650991,3.81497037e-04,100
2978,Row-Update,mps2,-1.33762948,7.15021133e-05,100
2978,Hybrid,mixture2,-1.33751479,8.03484034e-05,100
2979,Metropolis,metropolis,-1.33652633,3.80823911e-04,100
2979,Row-Update,mps2,-1.33761449,7.11664974e-05,100
2979,Hybrid,mixture2,-1.33750440,8.18341658e-05,100
2980,Metropolis,metropolis,-1.33650609,3.81324344e-04,100
2980,Row-Update,mps2,-1.33762029,7.03122423e-05,100
2980,Hybrid,mixture2,-1.33749785,8.20809233e-05,100
2981,Metropolis,metropolis,-1.33652275,3.81915979e-04,100
2981,Row-Update,mps2,-1.33761902,6.87023905e-05,100
2981,Hybrid,mixture2,-1.33750820,8.11546855e-05,100
2982,Metropolis,metropolis,-1.33652940,3.79810046e-04,100
2982,Row-Update,mps2,-1.33762041,7.04095060e-05,100
2982,Hybrid,mixture2,-1.33751060,8.15002076e-05,100
2983,Metropolis,metropolis,-1.33654068,3.80421821e-04,100
2983,Row-Update,mps2,-1.33761740,6.82372532e-05,100
2983,Hybrid,mixture2,-1.33751222,8.07769256e-05,100
2984,Metropolis,metropolis,-1.33654675,3.79848054e-04,100
2984,Row-Update,mps2,-1.33761876,7.08860524e-05,100
2984,Hybrid,mixture2,-1.33751308,8.11246944e-05,100
2985,Metropolis,metropolis,-1.33654780,3.80543119e-04,100
2985,Row-Update,mps2,-1.33761448,7.12646245e-05,100
2985,Hybrid,mixture2,-1.33750808,8.09058269e-05,100
2986,Metropolis,metropolis,-1.33655557,3.79916233e-04,100
2986,Row-Update,mps2,-1.33762483,7.16415253e-05,100
2986,Hybrid,mixture2,-1.33749665,8.25126693e-05,100
2987,Metropolis,metropolis,-1.33655135,3.79215163e-04,100
2987,Row-Update,mps2,-1.33760597,7.27168176e-05,100
2987,Hybrid,mixture2,-1.33750537,8.20268123e-05,100
2988,Metropolis,metropolis,-1.33656390,3.79762445e-04,100
2988,Row-Update,mps2,-1.33761966,7.22706950e-05,100
2988,Hybrid,mixture2,-1.33750823,8.08520746e-05,100
2989,Metropolis,metropolis,-1.33654551,3.80038024e-04,100
2989,Row-Update,mps2,-1.33761881,7.40471111e-05,100
2989,Hybrid,mixture2,-1.33749749,8.27032786e-05,100
2990,Metropolis,metropolis,-1.33654561,3.80062464e-04,100
2990,Row-Update,mps2,-1.33761683,7.43521041e-05,100
2990,Hybrid,mixture2,-1.33751389,8.19531071e-05,100
2991,Metropolis,metropolis,-1.33654008,3.80151007e-04,100
2991,Row-Update,mps2,-1.33761114,7.45288954e-05,100
2991,Hybrid,mixture2,-1.33750683,8.15189420e-05,100
2992,Metropolis,metropolis,-1.33655442,3.80140836e-04,100
2992,Row-Update,mps2,-1.33762822,7.31947187e-05,100
2992,Hybrid,mixture2,-1.33749924,8.23433511e-05,100
2993,Metropolis,metropolis,-1.33655257,3.80120908e-04,100
2993,Row-Update,mps2,-1.33759917,7.56855393e-05,100
2993,Hybrid,mixture2,-1.33751421,8.08314483e-05,100
2994,Metropolis,metropolis,-1.33654923,3.80088185e-04,100
2994,Row-Update,mps2,-1.33762808,7.19305620e-05,100
2994,Hybrid,mixture2,-1.33751521,8.10842092e-05,100
2995,Metropolis,metropolis,-1.33655856,3.80523018e-04,100
2995,Row-Update,mps2,-1.33761515,7.26723660e-05,100
2995,Hybrid,mixture2,-1.33749660,8.04701968e-05,100
2996,Metropolis,metropolis,-1.33656045,3.80351474e-04,100
2996,Row-Update,mps2,-1.33760506,7.46796240e-05,100
2996,Hybrid,mixture2,-1.33750190,8.37660555e-05,100
2997,Metropolis,metropolis,-1.33657183,3.80276125e-04,100
2997,Row-Update,mps2,-1.33761629,7.29511635e-05,100
2997,Hybrid,mixture2,-1.33751330,8.20703068e-05,100
2998,Metropolis,metropolis,-1.33656463,3.80452384e-04,100
2998,Row-Update,mps2,-1.33761659,7.39332541e-05,100
2998,Hybrid,mixture2,-1.33751694,8.11314253e-05,100
2999,Metropolis,metropolis,-1.33655942,3.79997214e-04,100
2999,Row-Update,mps2,-1.33761361,7.27217982e-05,100
2999,Hybrid,mixture2,-1.33750482,8.11128198e-05,100
3000,Metropolis,metropolis,-1.33656447,3.80031692e-04,100
3000,Row-Update,mps2,-1.33760781,7.16455684e-05,100
3000,Hybrid,mixture2,-1.33750377,8.21176172e-05,100
3001,Metropolis,metropolis,-1.33656764,3.80630988e-04,100
3001,Row-Update,mps2,-1.33762283,7.08649097e-05,100
3001,Hybrid,mixture2,-1.33750263,8.30196686e-05,100
3002,Metropolis,metropolis,-1.33656340,3.80803233e-04,100
3002,Row-Update,mps2,-1.33762641,7.16814761e-05,100
3002,Hybrid,mixture2,-1.33750583,8.08956253e-05,100
3003,Metropolis,metropolis,-1.33656754,3.80524088e-04,100
3003,Row-Update,mps2,-1.33762164,7.10148827e-05,100
3003,Hybrid,mixture2,-1.33750108,8.24417871e-05,100
3004,Metropolis,metropolis,-1.33656103,3.80346459e-04,100
3004,Row-Update,mps2,-1.33760946,7.20612202e-05,100
3004,Hybrid,mixture2,-1.33749247,8.30894328e-05,100
3005,Metropolis,metropolis,-1.33655981,3.80250741e-04,100
3005,Row-Update,mps2,-1.33762190,7.16853748e-05,100
3005,Hybrid,mixture2,-1.33750940,8.13883439e-05,100
3006,Metropolis,metropolis,-1.33655771,3.80278457e-04,100
3006,Row-Update,mps2,-1.33762415,7.11027801e-05,100
3006,Hybrid,mixture2,-1.33750500,8.20035599e-05,100
3007,Metropolis,metropolis,-1.33657241,3.80595772e-04,100
3007,Row-Update,mps2,-1.33762666,7.20358105e-05,100
3007,Hybrid,mixture2,-1.33751500,8.07855506e-05,100
3008,Metropolis,metropolis,-1.33656432,3.81130242e-04,100
3008,Row-Update,mps2,-1.33761651,7.21174278e-05,100
3008,Hybrid,mixture2,-1.33751519,8.10422815e-05,100
3009,Metropolis,metropolis,-1.33656926,3.80409115e-04,100
3009,Row-Update,mps2,-1.33760386,7.39717699e-05,100
3009,Hybrid,mixture2,-1.33751015,8.14293866e-05,100
3010,Metropolis,metropolis,-1.33655608,3.80613647e-04,100
3010,Row-Update,mps2,-1.33761534,7.48893005e-05,100
3010,Hybrid,mixture2,-1.33751891,8.00380203e-05,100
3011,Metropolis,metropolis,-1.33657304,3.80754037e-04,100
3011,Row-Update,mps2,-1.33761938,7.32205760e-05,100
3011,Hybrid,mixture2,-1.33750757,8.16833832e-05,100
3012,Metropolis,metropolis,-1.33655920,3.80866006e-04,100
3012,Row-Update,mps2,-1.33760593,7.12323449e-05,100
3012,Hybrid,mixture2,-1.33750942,8.01568911e-05,100
3013,Metropolis,metropolis,-1.33655686,3.80739941e-04,100
3013,Row-Update,mps2,-1.33759937,7.23665666e-05,100
3013,Hybrid,mixture2,-1.33750078,8.18713292e-05,100
3014,Metropolis,metropolis,-1.33656416,3.81389926e-04,100
3014,Row-Update,mps2,-1.33760723,7.45755548e-05,100
3014,Hybrid,mixture2,-1.33750772,8.12017719e-05,100
3015,Metropolis,metropolis,-1.33656155,3.81057532e-04,100
3015,Row-Update,mps2,-1.33761138,7.44459750e-05,100
3015,Hybrid,mixture2,-1.33751265,8.10257485e-05,100
3016,Metropolis,metropolis,-1.33656004,3.80733709e-04,100
3016,Row-Update,mps2,-1.33762043,7.09540139e-05,100
3016,Hybrid,mixture2,-1.33751382,8.15039143e-05,100
3017,Metropolis,metropolis,-1.33656301,3.80739044e-04,100
3017,Row-Update,mps2,-1.33763733,7.00668885e-05,100
3017,Hybrid,mixture2,-1.33751439,8.07583127e-05,100
3018,Metropolis,metropolis,-1.33656488,3.80787477e-04,100
3018,Row-Update,mps2,-1.33762021,6.99176191e-05,100
3018,Hybrid,mixture2,-1.33752033,8.03758074e-05,100
3019,Metropolis,metropolis,-1.33657270,3.80085766e-04,100
3019,Row-Update,mps2,-1.33760727,7.36387224e-05,100
3019,Hybrid,mixture2,-1.33750956,8.07664600e-05,100
3020,Metropolis,metropolis,-1.33656834,3.80520921e-04,100
3020,Row-Update,mps2,-1.33761458,7.19782715e-05,100
3020,Hybrid,mixture2,-1.33752165,8.01245738e-05,100
3021,Metropolis,metropolis,-1.33658469,3.80688168e-04,100
3021,Row-Update,mps2,-1.33761441,7.29071281e-05,100
3021,Hybrid,mixture2,-1.33751847,8.10220878e-05,100
3022,Metropolis,metropolis,-1.33658253,3.80363420e-04,100
3022,Row-Update,mps2,-1.33761610,7.10041167e-05,100
3022,Hybrid,mixture2,-1.33751492,8.15927128e-05,100
3023,Metropolis,metropolis,-1.33658212,3.80203806e-04,100
3023,Row-Update,mps2,-1.33761619,7.22554913e-05,100
3023,Hybrid,mixture2,-1.33750018,8.20980883e-05,100
3024,Metropolis,metropolis,-1.33657479,3.80518805e-04,100
3024,Row-Update,mps2,-1.33762306,7.31782054e-05,100
3024,Hybrid,mixture2,-1.33750420,8.18999328e-05,100
3025,Metropolis,metropolis,-1.33657754,3.80601741e-04,100
3025,Row-Update,mps2,-1.33762267,7.30288305e-05,100
3025,Hybrid,mixture2,-1.33750206,8.28074902e-05,100
3026,Metropolis,metropolis,-1.33657275,3.80622514e-04,100
3026,Row-Update,mps2,-1.33763031,7.38649611e-05,100
3026,Hybrid,mixture2,-1.33750092,8.00308015e-05,100
3027,Metropolis,metropolis,-1.33656837,3.80607183e-04,100
3027,Row-Update,mps2,-1.33762995,7.28212220e-05,100
3027,Hybrid,mixture2,-1.33749602,8.23878081e-05,100
3028,Metropolis,metropolis,-1.33657478,3.79798518e-04,100
3028,Row-Update,mps2,-1.33761872,7.61850307e-05,100
3028,Hybrid,mixture2,-1.33751490,8.27373082e-05,100
3029,Metropolis,metropolis,-1.33639312,4.19732171e-04,100
3029,Row-Update,mps2,-1.33761492,7.26897356e-05,100
3029,Hybrid,mixture2,-1.33749990,8.27696097e-05,100
3030,Metropolis,metropolis,-1.33657693,3.80473529e-04,100
3030,Row-Update,mps2,-1.33761334,7.35819975e-05,100
3030,Hybrid,mixture2,-1.33749468,8.40655994e-05,100
3031,Metropolis,metropolis,-1.33657885,3.80215567e-04,100
3031,Row-Update,mps2,-1.33762118,7.44999937e-05,100
3031,Hybrid,mixture2,-1.33751255,8.13359803e-05,100
3032,Metropolis,metropolis,-1.33657449,3.79951824e-04,100
3032,Row-Update,mps2,-1.33762966,7.15078374e-05,100
3032,Hybrid,mixture2,-1.33752716,8.01137965e-05,100
3033,Metropolis,metropolis,-1.33657767,3.79961821e-04,100
3033,Row-Update,mps2,-1.33762310,7.14924175e-05,100
3033,Hybrid,mixture2,-1.33751188,8.01706978e-05,100
3034,Metropolis,metropolis,-1.33657626,3.80653581e-04,100
3034,Row-Update,mps2,-1.33762109,7.19422406e-05,100
3034,Hybrid,mixture2,-1.33750882,8.00262179e-05,100
3035,Metropolis,metropolis,-1.33657868,3.80270964e-04,100
3035,Row-Update,mps2,-1.33762044,7.33173585e-05,100
3035,Hybrid,mixture2,-1.33749939,8.09093459e-05,100
3036,Metropolis,metropolis,-1.33658379,3.80040702e-04,100
3036,Row-Update,mps2,-1.33762571,7.36395134e-05,100
3036,Hybrid,mixture2,-1.33750748,8.22416404e-05,100
3037,Metropolis,metropolis,-1.33656910,3.80616785e-04,100
3037,Row-Update,mps2,-1.33762813,7.27565165e-05,100
3037,Hybrid,mixture2,-1.33751355,8.18016448e-05,100
3038,Metropolis,metropolis,-1.33656690,3.80107389e-04,100
3038,Row-Update,mps2,-1.33761450,7.25984296e-05,100
3038,Hybrid,mixture2,-1.33749649,8.20162367e-05,100
3039,Metropolis,metropolis,-1.33657410,3.80429319e-04,100
3039,Row-Update,mps2,-1.33762580,7.06820859e-05,100
3039,Hybrid,mixture2,-1.33750191,8.33904456e-05,100
3040,Metropolis,metropolis,-1.33657307,3.80420214e-04,100
3040,Row-Update,mps2,-1.33762731,6.97397696e-05,100
3040,Hybrid,mixture2,-1.33750159,8.20743311e-05,100
3041,Metropolis,metropolis,-1.33657328,3.80896546e-04,100
3041,Row-Update,mps2,-1.33761466,7.34185867e-05,100
3041,Hybrid,mixture2,-1.33750175,8.23722829e-05,100
3042,Metropolis,metropolis,-1.33656820,3.80600817e-04,100
3042,Row-Update,mps2,-1.33762610,7.20105562e-05,100
3042,Hybrid,mixture2,-1.33751252,7.99902353e-05,100
3043,Metropolis,metropolis,-1.33656893,3.80308750e-04,100
3043,Row-Update,mps2,-1.33762288,7.22671229e-05,100
3043,Hybrid,mixture2,-1.33751294,8.22603417e-05,100
3044,Metropolis,metropolis,-1.33656652,3.80511036e-04,100
3044,Row-Update,mps2,-1.33762004,7.39503876e-05,100
3044,Hybrid,mixture2,-1.33750666,8.21429518e-05,100
3045,Metropolis,metropolis,-1.33657830,3.80618587e-04,100
3045,Row-Update,mps2,-1.33762484,7.26876843e-05,100
3045,Hybrid,mixture2,-1.33751022,8.19132562e-05,100
3046,Metropolis,metropolis,-1.33657482,3.80728584e-04,100
3046,Row-Update,mps2,-1.33761547,7.42480175e-05,100
3046,Hybrid,mixture2,-1.33750058,8.22717526e-05,100
3047,Metropolis,metropolis,-1.33657404,3.80898541e-04,100
3047,Row-Update,mps2,-1.33761624,7.27297406e-05,100
3047,Hybrid,mixture2,-1.33750223,8.16141126e-05,100
3048,Metropolis,metropolis,-1.33658237,3.81258414e-04,100
3048,Row-Update,mps2,-1.33761358,7.58565021e-05,100
3048,Hybrid,mixture2,-1.33751054,8.02898624e-05,100
3049,Metropolis,metropolis,-1.33657131,3.80801544e-04,100
3049,Row-Update,mps2,-1.33761436,7.56889701e-05,100
3049,Hybrid,mixture2,-1.33751426,7.88003086e-05,100
3050,Metropolis,metropolis,-1.33657785,3.80793003e-04,100
3050,Row-Update,mps2,-1.33761290,7.35425094e-05,100
3050,Hybrid,mixture2,-1.33750915,8.09688895e-05,100
3051,Metropolis,metropolis,-1.33657202,3.80405408e-04,100
3051,Row-Update,mps2,-1.33760538,7.38780525e-05,100
3051,Hybrid,mixture2,-1.33750606,8.09384043e-05,100
3052,Metropolis,metropolis,-1.33657236,3.80421092e-04,100
3052,Row-Update,mps2,-1.33761623,7.27655680e-05,100
3052,Hybrid,mixture2,-1.33751353,8.09052991e-05,100
3053,Metropolis,metropolis,-1.33656626,3.79859060e-04,100
3053,Row-Update,mps2,-1.33760455,7.47357114e-05,100
3053,Hybrid,mixture2,-1.33750058,8.07096804e-05,100
3054,Metropolis,metropolis,-1.33657433,3.80535807e-04,100
3054,Row-Update,mps2,-1.33761248,7.59239782e-05,100
3054,Hybrid,mixture2,-1.33750459,8.23589496e-05,100
3055,Metropolis,metropolis,-1.33657117,3.80487226e-04,100
3055,Row-Update,mps2,-1.33760671,7.72117617e-05,100
3055,Hybrid,mixture2,-1.33748740,8.36867989e-05,100
3056,Metropolis,metropolis,-1.33656879,3.80131031e-04,100
3056,Row-Update,mps2,-1.33760856,7.35184966e-05,100
3056,Hybrid,mixture2,-1.33749529,8.44657174e-05,100
3057,Metropolis,metropolis,-1.33657655,3.80649278e-04,100
3057,Row-Update,mps2,-1.33761093,7.38426674e-05,100
3057,Hybrid,mixture2,-1.33749015,8.40841778e-05,100
3058,Metropolis,metropolis,-1.33657663,3.81095006e-04,100
3058,Row-Update,mps2,-1.33761119,7.29250970e-05,100
3058,Hybrid,mixture2,-1.33750521,8.14151244e-05,100
3059,Metropolis,metropolis,-1.33657320,3.80424428e-04,100
3059,Row-Update,mps2,-1.33760424,7.28809360e-05,100
3059,Hybrid,mixture2,-1.33751124,8.24692564e-05,100
3060,Metropolis,metropolis,-1.33657951,3.79959752e-04,100
3060,Row-Update,mps2,-1.33763109,7.06428694e-05,100
3060,Hybrid,mixture2,-1.33750451,8.18028655e-05,100
3061,Metropolis,metropolis,-1.33657546,3.80595757e-04,100
3061,Row-Update,mps2,-1.33762093,7.15866609e-05,100
3061,Hybrid,mixture2,-1.33750881,8.33885056e-05,100
3062,Metropolis,metropolis,-1.33656098,3.80335560e-04,100
3062,Row-Update,mps2,-1.33761916,7.16304185e-05,100
3062,Hybrid,mixture2,-1.33751089,8.13476428e-05,100
3063,Metropolis,metropolis,-1.33656886,3.79605073e-04,100
3063,Row-Update,mps2,-1.33762594,7.12033324e-05,100
3063,Hybrid,mixture2,-1.33750712,8.17228563e-05,100
3064,Metropolis,metropolis,-1.33656308,3.80619553e-04,100
3064,Row-Update,mps2,-1.33762376,7.09620091e-05,100
3064,Hybrid,mixture2,-1.33751658,7.99034815e-05,100
3065,Metropolis,metropolis,-1.33656836,3.80665796e-04,100
3065,Row-Update,mps2,-1.33762012,6.92873462e-05,100
3065,Hybrid,mixture2,-1.33749196,8.62731212e-05,100
3066,Metropolis,metropolis,-1.33655877,3.80776437e-04,100
3066,Row-Update,mps2,-1.33761924,7.08246625e-05,100
3066,Hybrid,mixture2,-1.33752208,8.14142975e-05,100
3067,Metropolis,metropolis,-1.33655535,3.80036367e-04,100
3067,Row-Update,mps2,-1.33762957,7.01310386e-05,100
3067,Hybrid,mixture2,-1.33750012,8.14771149e-05,100
3068,Metropolis,metropolis,-1.33656450,3.80314098e-04,100
3068,Row-Update,mps2,-1.33762537,6.89565873e-05,100
3068,Hybrid,mixture2,-1.33751092,8.05161289e-05,100
3069,Metropolis,metropolis,-1.33654860,3.80605617e-04,100
3069,Row-Update,mps2,-1.33761705,7.30132192e-05,100
3069,Hybrid,mixture2,-1.33750286,8.12165756e-05,100
3070,Metropolis,metropolis,-1.33657496,3.80170764e-04,100
3070,Row-Update,mps2,-1.33761899,7.23035705e-05,100
3070,Hybrid,mixture2,-1.33751087,8.16265412e-05,100
3071,Metropolis,metropolis,-1.33656314,3.79670826e-04,100
3071,Row-Update,mps2,-1.33761926,7.33838885e-05,100
3071,Hybrid,mixture2,-1.33751479,7.95509814e-05,100
3072,Metropolis,metropolis,-1.33657001,3.80525218e-04,100
3072,Row-Update,mps2,-1.33761389,7.42170152e-05,100
3072,Hybrid,mixture2,-1.33749949,8.06982401e-05,100
3073,Metropolis,metropolis,-1.33657857,3.80587743e-04,100
3073,Row-Update,mps2,-1.33760771,7.43871740e-05,100
3073,Hybrid,mixture2,-1.33751732,8.07566122e-05,100
3074,Metropolis,metropolis,-1.33658219,3.80569476e-04,100
3074,Row-Update,mps2,-1.33762182,7.08102999e-05,100
3074,Hybrid,mixture2,-1.33750700,8.12504416e-05,100
3075,Metropolis,metropolis,-1.33657432,3.80217703e-04,100
3075,Row-Update,mps2,-1.33762682,7.17464588e-05,100
3075,Hybrid,mixture2,-1.33750326,8.37437098e-05,100
3076,Metropolis,metropolis,-1.33657331,3.80294782e-04,100
3076,Row-Update,mps2,-1.33761586,7.29389835e-05,100
3076,Hybrid,mixture2,-1.33750711,8.22349672e-05,100
3077,Metropolis,metropolis,-1.33655963,3.80289368e-04,100
3077,Row-Update,mps2,-1.33762132,7.26038825e-05,100
3077,Hybrid,mixture2,-1.33749924,8.32707208e-05,100
3078,Metropolis,metropolis,-1.33656922,3.80568854e-04,100
3078,Row-Update,mps2,-1.33762608,7.21891889e-05,100
3078,Hybrid,mixture2,-1.33749498,8.34760589e-05,100
3079,Metropolis,metropolis,-1.33657522,3.79915374e-04,100
3079,Row-Update,mps2,-1.33762563,7.38237348e-05,100
3079,Hybrid,mixture2,-1.33750189,8.34082986e-05,100
3080,Metropolis,metropolis,-1.33657371,3.80488913e-04,100
3080,Row-Update,mps2,-1.33761610,7.40584304e-05,100
3080,Hybrid,mixture2,-1.33750343,8.28358977e-05,100
3081,Metropolis,metropolis,-1.33657565,3.80674362e-04,100
3081,Row-Update,mps2,-1.33761291,7.35697399e-05,100
3081,Hybrid,mixture2,-1.33749020,8.29378253e-05,100
3082,Metropolis,metropolis,-1.33657819,3.80264405e-04,100
3082,Row-Update,mps2,-1.33761892,7.31438861e-05,100
3082,Hybrid,mixture2,-1.33750828,8.20887814e-05,100
3083,Metropolis,metropolis,-1.33657109,3.80423084e-04,100
3083,Row-Update,mps2,-1.33760232,7.54925927e-05,100
3083,Hybrid,mixture2,-1.33751028,8.17307018e-05,100
3084,Metropolis,metropolis,-1.33657317,3.80185925e-04,100
3084,Row-Update,mps2,-1.33761757,7.26056418e-05,100
3084,Hybrid,mixture2,-1.33750902,8.18693210e-05,100
3085,Metropolis,metropolis,-1.33657351,3.80389125e-04,100
3085,Row-Update,mps2,-1.33761765,7.26130867e-05,100
3085,Hybrid,mixture2,-1.33750656,8.15696312e-05,100
3086,Metropolis,metropolis,-1.33657533,3.79975373e-04,100
3086,Row-Update,mps2,-1.33761498,7.32489637e-05,100
3086,Hybrid,mixture2,-1.33750316,8.19898841e-05,100
3087,Metropolis,metropolis,-1.33656809,3.80553971e-04,100
3087,Row-Update,mps2,-1.33761653,7.29742642e-05,100
3087,Hybrid,mixture2,-1.33751241,8.17918254e-05,100
3088,Metropolis,metropolis,-1.33657475,3.80212080e-04,100
3088,Row-Update,mps2,-1.33761511,7.44004304e-05,100
3088,Hybrid,mixture2,-1.33750459,8.24546889e-05,100
3089,Metropolis,metropolis,-1.33657669,3.80409335e-04,100
3089,Row-Update,mps2,-1.33762242,7.27776533e-05,100
3089,Hybrid,mixture2,-1.33750268,8.10224924e-05,100
3090,Metropolis,metropolis,-1.33656503,3.80083442e-04,100
3090,Row-Update,mps2,-1.33762512,7.28778594e-05,100
3090,Hybrid,mixture2,-1.33750363,8.18613110e-05,100
3091,Metropolis,metropolis,-1.33657723,3.80214637e-04,100
3091,Row-Update,mps2,-1.33762450,7.23508201e-05,100
3091,Hybrid,mixture2,-1.33750888,8.32212458e-05,100
3092,Metropolis,metropolis,-1.33657504,3.80405496e-04,100
3092,Row-Update,mps2,-1.33762077,7.16543916e-05,100
3092,Hybrid,mixture2,-1.33750026,8.10009073e-05,100
3093,Metropolis,metropolis,-1.33656979,3.80159154e-04,100
3093,Row-Update,mps2,-1.33761518,7.26757298e-05,100
3093,Hybrid,mixture2,-1.33750344,7.99993053e-05,100
3094,Metropolis,metropolis,-1.33656854,3.79903548e-04,100
3094,Row-Update,mps2,-1.33763566,7.17253565e-05,100
3094,Hybrid,mixture2,-1.33751330,8.11889673e-05,100
3095,Metropolis,metropolis,-1.33657069,3.80259833e-04,100
3095,Row-Update,mps2,-1.33761739,7.31073067e-05,100
3095,Hybrid,mixture2,-1.33750983,8.02963067e-05,100
3096,Metropolis,metropolis,-1.33656280,3.80293335e-04,100
3096,Row-Update,mps2,-1.33762480,7.37744749e-05,100
3096,Hybrid,mixture2,-1.33750006,8.23580310e-05,100
3097,Metropolis,metropolis,-1.33655969,3.79897530e-04,100
3097,Row-Update,mps2,-1.33762001,7.19221741e-05,100
3097,Hybrid,mixture2,-1.33749860,8.18929010e-05,100
3098,Metropolis,metropolis,-1.33657493,3.79876445e-04,100
3098,Row-Update,mps2,-1.33762528,7.46420860e-05,100
3098,Hybrid,mixture2,-1.33750699,8.12481560e-05,100
3099,Metropolis,metropolis,-1.33658405,3.80766978e-04,100
3099,Row-Update,mps2,-1.33762319,7.25861968e-05,100
3099,Hybrid,mixture2,-1.33749730,8.17569399e-05,100
3100,Metropolis,metropolis,-1.33657937,3.80209182e-04,100
3100,Row-Update,mps2,-1.33763099,7.19649019e-05,100
3100,Hybrid,mixture2,-1.33750438,7.98075756e-05,100
3101,Metropolis,metropolis,-1.33657480,3.80097051e-04,100
3101,Row-Update,mps2,-1.33762826,7.00746043e-05,100
3101,Hybrid,mixture2,-1.33750326,8.08038613e-05,100
3102,Metropolis,metropolis,-1.33658062,3.79151989e-04,100
3102,Row-Update,mps2,-1.33763210,7.13602484e-05,100
3102,Hybrid,mixture2,-1.33750315,8.10174107e-05,100
3103,Metropolis,metropolis,-1.33658946,3.79997303e-04,100
3103,Row-Update,mps2,-1.33761671,7.27893032e-05,100
3103,Hybrid,mixture2,-1.33750213,8.25127820e-05,100
3104,Metropolis,metropolis,-1.33658764,3.80447842e-04,100
3104,Row-Update,mps2,-1.33763438,7.39340976e-05,100
3104,Hybrid,mixture2,-1.33749826,8.21850116e-05,100
3105,Metropolis,metropolis,-1.33658953,3.80229501e-04,100
3105,Row-Update,mps2,-1.33761224,7.47750327e-05,100
3105,Hybrid,mixture2,-1.33749229,8.17302963e-05,100
3106,Metropolis,metropolis,-1.33659251,3.80441202e-04,100
3106,Row-Update,mps2,-1.33762723,7.54610214e-05,100
3106,Hybrid,mixture2,-1.33749275,8.19492153e-05,100
3107,Metropolis,metropolis,-1.33659063,3.80491309e-04,100
3107,Row-Update,mps2,-1.33763916,7.21541815e-05,100
3107,Hybrid,mixture2,-1.33749721,8.14832928e-05,100
3108,Metropolis,metropolis,-1.33658719,3.80543605e-04,100
3108,Row-Update,mps2,-1.33762605,7.21232056e-05,100
3108,Hybrid,mixture2,-1.33750786,8.08966277e-05,100
3109,Metropolis,metropolis,-1.33658834,3.80727131e-04,100
3109,Row-Update,mps2,-1.33761098,7.40595717e-05,100
3109,Hybrid,mixture2,-1.33750019,8.23404358e-05,100
3110,Metropolis,metropolis,-1.33658305,3.79929376e-04,100
3110,Row-Update,mps2,-1.33762256,7.04802848e-05,100
3110,Hybrid,mixture2,-1.33751168,8.01891124e-05,100
3111,Metropolis,metropolis,-1.33658633,3.80284168e-04,100
3111,Row-Update,mps2,-1.33762656,7.18399404e-05,100
3111,Hybrid,mixture2,-1.33751308,7.93266570e-05,100
3112,Metropolis,metropolis,-1.33658098,3.80745289e-04,100
3112,Row-Update,mps2,-1.33761177,7.42403313e-05,100
3112,Hybrid,mixture2,-1.33750589,8.07987735e-05,100
3113,Metropolis,metropolis,-1.33657593,3.80906948e-04,100
3113,Row-Update,mps2,-1.33762896,7.33820742e-05,100
3113,Hybrid,mixture2,-1.33750105,8.20675739e-05,100
3114,Metropolis,metropolis,-1.33657687,3.80631047e-04,100
3114,Row-Update,mps2,-1.33762197,7.37266220e-05,100
3114,Hybrid,mixture2,-1.33752464,8.02100060e-05,100
3115,Metropolis,metropolis,-1.33656503,3.80555196e-04,100
3115,Row-Update,mps2,-1.33762395,7.50438416e-05,100
3115,Hybrid,mixture2,-1.33751708,7.98943420e-05,100
3116,Metropolis,metropolis,-1.33657136,3.81156521e-04,100
3116,Row-Update,mps2,-1.33760738,7.84019736e-05,100
3116,Hybrid,mixture2,-1.33750603,8.06167865e-05,100
3117,Metropolis,metropolis,-1.33657383,3.80567889e-04,100
3117,Row-Update,mps2,-1.33760970,7.86078888e-05,100
3117,Hybrid,mixture2,-1.33750686,8.08233631e-05,100
3118,Metropolis,metropolis,-1.33657897,3.80292402e-04,100
3118,Row-Update,mps2,-1.33762244,7.95449344e-05,100
3118,Hybrid,mixture2,-1.33752194,7.96115393e-05,100
3119,Metropolis,metropolis,-1.33658298,3.80574830e-04,100
3119,Row-Update,mps2,-1.33762730,7.47646765e-05,100
3119,Hybrid,mixture2,-1.33749526,8.16199741e-05,100
3120,Metropolis,metropolis,-1.33657986,3.80384580e-04,100
3120,Row-Update,mps2,-1.33762161,7.41381540e-05,100
3120,Hybrid,mixture2,-1.33750287,8.10637231e-05,100
3121,Metropolis,metropolis,-1.33658719,3.80364316e-04,100
3121,Row-Update,mps2,-1.33762407,7.31394680e-05,100
3121,Hybrid,mixture2,-1.33748740,8.42134657e-05,100
3122,Metropolis,metropolis,-1.33657193,3.79892038e-04,100
3122,Row-Update,mps2,-1.33762297,7.12449812e-05,100
3122,Hybrid,mixture2,-1.33752379,7.93701011e-05,100
3123,Metropolis,metropolis,-1.33658074,3.80592183e-04,100
3123,Row-Update,mps2,-1.33761843,7.18279393e-05,100
3123,Hybrid,mixture2,-1.33752066,8.08859659e-05,100
3124,Metropolis,metropolis,-1.33657728,3.79869150e-04,100
3124,Row-Update,mps2,-1.33762861,7.04910724e-05,100
3124,Hybrid,mixture2,-1.33753154,7.91874478e-05,100
3125,Metropolis,metropolis,-1.33656800,3.80635397e-04,100
3125,Row-Update,mps2,-1.33763390,6.96106205e-05,100
3125,Hybrid,mixture2,-1.33753087,8.00730714e-05,100
3126,Metropolis,metropolis,-1.33657040,3.80181953e-04,100
3126,Row-Update,mps2,-1.33763106,7.11140081e-05,100
3126,Hybrid,mixture2,-1.33752048,7.92171891e-05,100
3127,Metropolis,metropolis,-1.33657141,3.80290108e-04,100
3127,Row-Update,mps2,-1.33763478,7.09677223e-05,100
3127,Hybrid,mixture2,-1.33752530,7.88188862e-05,100
3128,Metropolis,metropolis,-1.33657013,3.80482390e-04,100
3128,Row-Update,mps2,-1.33763096,7.00982958e-05,100
3128,Hybrid,mixture2,-1.33752857,7.94647506e-05,100
3129,Metropolis,metropolis,-1.33655633,3.80997279e-04,100
3129,Row-Update,mps2,-1.33761915,7.29407014e-05,100
3129,Hybrid,mixture2,-1.33752657,7.81595830e-05,100
3130,Metropolis,metropolis,-1.33658349,3.80685401e-04,100
3130,Row-Update,mps2,-1.33763828,7.14441011e-05,100
3130,Hybrid,mixture2,-1.33753580,7.82837910e-05,100
3131,Metropolis,metropolis,-1.33657749,3.80335852e-04,100
3131,Row-Update,mps2,-1.33763287,7.01201781e-05,100
3131,Hybrid,mixture2,-1.33753122,7.93796026e-05,100
3132,Metropolis,metropolis,-1.33657494,3.80635028e-04,100
3132,Row-Update,mps2,-1.33762596,7.26684443e-05,100
3132,Hybrid,mixture2,-1.33753763,7.79826064e-05,100
3133,Metropolis,metropolis,-1.33657521,3.79934524e-04,100
3133,Row-Update,mps2,-1.33761955,7.05345575e-05,100
3133,Hybrid,mixture2,-1.33751692,7.99194196e-05,100
3134,Metropolis,metropolis,-1.33657473,3.79850505e-04,100
3134,Row-Update,mps2,-1.33761762,7.04472864e-05,100
3134,Hybrid,mixture2,-1.33752720,7.90025039e-05,100
3135,Metropolis,metropolis,-1.33658569,3.80072608e-04,100
3135,Row-Update,mps2,-1.33762748,6.96250576e-05,100
3135,Hybrid,mixture2,-1.33752093,7.96566949e-05,100
3136,Metropolis,metropolis,-1.33658621,3.80295166e-04,100
3136,Row-Update,mps2,-1.33761995,7.09279987e-05,100
3136,Hybrid,mixture2,-1.33752313,7.86028015e-05,100
3137,Metropolis,metropolis,-1.33657823,3.79930105e-04,100
3137,Row-Update,mps2,-1.33762679,7.14205019e-05,100
3137,Hybrid,mixture2,-1.33752245,7.96374389e-05,100
3138,Metropolis,metropolis,-1.33657711,3.80198674e-04,100
3138,Row-Update,mps2,-1.33763054,7.13652606e-05,100
3138,Hybrid,mixture2,-1.33752315,7.91991625e-05,100
3139,Metropolis,metropolis,-1.33657270,3.80485904e-04,100
3139,Row-Update,mps2,-1.33762932,7.23257183e-05,100
3139,Hybrid,mixture2,-1.33751381,7.99644282e-05,100
3140,Metropolis,metropolis,-1.33656154,3.79726626e-04,100
3140,Row-Update,mps2,-1.33762669,7.07589562e-05,100
3140,Hybrid,mixture2,-1.33752352,7.92092130e-05,100
3141,Metropolis,metropolis,-1.33657292,3.80233296e-04,100
3141,Row-Update,mps2,-1.33763493,7.13416452e-05,100
3141,Hybrid,mixture2,-1.33752878,7.94901785e-05,100
3142,Metropolis,metropolis,-1.33657164,3.80074399e-04,100
3142,Row-Update,mps2,-1.33763633,7.05498329e-05,100
3142,Hybrid,mixture2,-1.33752452,7.92780287e-05,100
3143,Metropolis,metropolis,-1.33656901,3.80852703e-04,100
3143,Row-Update,mps2,-1.33763652,7.11927159e-05,100
3143,Hybrid,mixture2,-1.33751771,8.19698946e-05,100
3144,Metropolis,metropolis,-1.33657079,3.80153835e-04,100
3144,Row-Update,mps2,-1.33764001,6.97193439e-05,100
3144,Hybrid,mixture2,-1.33751846,8.00610484e-05,100
3145,Metropolis,metropolis,-1.33657099,3.80768129e-04,100
3145,Row-Update,mps2,-1.33763185,6.88094301e-05,100
3145,Hybrid,mixture2,-1.33751090,8.11981382e-05,100
3146,Metropolis,metropolis,-1.33657172,3.80490685e-04,100
3146,Row-Update,mps2,-1.33763963,7.02652282e-05,100
3146,Hybrid,mixture2,-1.33753385,8.27877257e-05,100
3147,Metropolis,metropolis,-1.33658850,3.81091362e-04,100
3147,Row-Update,mps2,-1.33763910,7.03225288e-05,100
3147,Hybrid,mixture2,-1.33751575,8.10914451e-05,100
3148,Metropolis,metropolis,-1.33658120,3.80749088e-04,100
3148,Row-Update,mps2,-1.33763601,7.04563274e-05,100
3148,Hybrid,mixture2,-1.33751733,8.03744224e-05,100
3149,Metropolis,metropolis,-1.33657521,3.80267654e-04,100
3149,Row-Update,mps2,-1.33763683,7.08833352e-05,100
3149,Hybrid,mixture2,-1.33751099,7.91574399e-05,100
3150,Metropolis,metropolis,-1.33658262,3.80581940e-04,100
3150,Row-Update,mps2,-1.33764875,6.99586878e-05,100
3150,Hybrid,mixture2,-1.33751655,8.02281557e-05,100
3151,Metropolis,metropolis,-1.33658109,3.80547235e-04,100
3151,Row-Update,mps2,-1.33764491,6.89673063e-05,100
3151,Hybrid,mixture2,-1.33752466,8.11378948e-05,100
3152,Metropolis,metropolis,-1.33656973,3.80581197e-04,100
3152,Row-Update,mps2,-1.33765483,6.83799850e-05,100
3152,Hybrid,mixture2,-1.33751670,8.07183165e-05,100
3153,Metropolis,metropolis,-1.33658290,3.81134572e-04,100
3153,Row-Update,mps2,-1.33764639,6.99689894e-05,100
3153,Hybrid,mixture2,-1.33750763,8.12928237e-05,100
3154,Metropolis,metropolis,-1.33658438,3.80552400e-04,100
3154,Row-Update,mps2,-1.33764711,6.90287480e-05,100
3154,Hybrid,mixture2,-1.33750741,8.08585765e-05,100
3155,Metropolis,metropolis,-1.33658330,3.80104904e-04,100
3155,Row-Update,mps2,-1.33764708,6.88963945e-05,100
3155,Hybrid,mixture2,-1.33751254,8.02493493e-05,100
3156,Metropolis,metropolis,-1.33656997,3.80579118e-04,100
3156,Row-Update,mps2,-1.33765297,6.93833012e-05,100
3156,Hybrid,mixture2,-1.33752704,8.02236536e-05,100
3157,Metropolis,metropolis,-1.33659053,3.81072014e-04,100
3157,Row-Update,mps2,-1.33764540,6.82048905e-05,100
3157,Hybrid,mixture2,-1.33751325,7.97039743e-05,100
3158,Metropolis,metropolis,-1.33658337,3.80195563e-04,100
3158,Row-Update,mps2,-1.33763819,6.94809104e-05,100
3158,Hybrid,mixture2,-1.33751504,8.08308436e-05,100
3159,Metropolis,metropolis,-1.33657683,3.80048517e-04,100
3159,Row-Update,mps2,-1.33765031,6.96040169e-05,100
3159,Hybrid,mixture2,-1.33752644,7.99240495e-05,100
3160,Metropolis,metropolis,-1.33658698,3.80711408e-04,100
3160,Row-Update,mps2,-1.33763604,7.07777941e-05,100
3160,Hybrid,mixture2,-1.33752797,8.08515854e-05,100
3161,Metropolis,metropolis,-1.33658599,3.80051751e-04,100
3161,Row-Update,mps2,-1.33763544,7.24853500e-05,100
3161,Hybrid,mixture2,-1.33752312,8.05540510e-05,100
3162,Metropolis,metropolis,-1.33658282,3.80189159e-04,100
3162,Row-Update,mps2,-1.33763304,7.01569998e-05,100
3162,Hybrid,mixture2,-1.33752864,7.95025292e-05,100
3163,Metropolis,metropolis,-1.33658480,3.80220213e-04,100
3163,Row-Update,mps2,-1.33764972,7.06634312e-05,100
3163,Hybrid,mixture2,-1.33752748,7.98835493e-05,100
3164,Metropolis,metropolis,-1.33657898,3.80296278e-04,100
3164,Row-Update,mps2,-1.33763996,7.05124501e-05,100
3164,Hybrid,mixture2,-1.33752023,8.04018472e-05,100
3165,Metropolis,metropolis,-1.33658669,3.80555650e-04,100
3165,Row-Update,mps2,-1.33762654,7.04021492e-05,100
3165,Hybrid,mixture2,-1.33750987,8.22142766e-05,100
3166,Metropolis,metropolis,-1.33658539,3.80874256e-04,100
3166,Row-Update,mps2,-1.33763318,7.25548422e-05,100
3166,Hybrid,mixture2,-1.33752363,7.92015261e-05,100
3167,Metropolis,metropolis,-1.33657972,3.80956338e-04,100
3167,Row-Update,mps2,-1.33763428,7.23313967e-05,100
3167,Hybrid,mixture2,-1.33753068,7.98146436e-05,100
3168,Metropolis,metropolis,-1.33657252,3.80307195e-04,100
3168,Row-Update,mps2,-1.33763199,6.97348646e-05,100
3168,Hybrid,mixture2,-1.33752818,7.98357807e-05,100
3169,Metropolis,metropolis,-1.33657223,3.80460236e-04,100
3169,Row-Update,mps2,-1.33764326,7.15324237e-05,100
3169,Hybrid,mixture2,-1.33751189,7.96570314e-05,100
3170,Metropolis,metropolis,-1.33657706,3.80606545e-04,100
3170,Row-Update,mps2,-1.33764000,7.25978444e-05,100
3170,Hybrid,mixture2,-1.33751414,8.09889025e-05,100
3171,Metropolis,metropolis,-1.33658692,3.81162316e-04,100
3171,Row-Update,mps2,-1.33763497,7.35174332e-05,100
3171,Hybrid,mixture2,-1.33751697,8.17814109e-05,100
3172,Metropolis,metropolis,-1.33658692,3.81053251e-04,100
3172,Row-Update,mps2,-1.33763577,7.36115422e-05,100
3172,Hybrid,mixture2,-1.33752359,7.94878571e-05,100
3173,Metropolis,metropolis,-1.33658644,3.80605581e-04,100
3173,Row-Update,mps2,-1.33763350,7.19250653e-05,100
3173,Hybrid,mixture2,-1.33751811,8.14865153e-05,100
3174,Metropolis,metropolis,-1.33659047,3.81249607e-04,100
3174,Row-Update,mps2,-1.33765318,6.90843480e-05,100
3174,Hybrid,mixture2,-1.33752400,7.99525878e-05,100
3175,Metropolis,metropolis,-1.33659472,3.81078457e-04,100
3175,Row-Update,mps2,-1.33762996,7.35385695e-05,100
3175,Hybrid,mixture2,-1.33752774,7.99682390e-05,100
3176,Metropolis,metropolis,-1.33658959,3.80779926e-04,100
3176,Row-Update,mps2,-1.33763769,7.10647035e-05,100
3176,Hybrid,mixture2,-1.33753772,7.89895411e-05,100
3177,Metropolis,metropolis,-1.33659345,3.81068736e-04,100
3177,Row-Update,mps2,-1.33762840,7.26544216e-05,100
3177,Hybrid,mixture2,-1.33753417,7.81020076e-05,100
3178,Metropolis,metropolis,-1.33659120,3.80822775e-04,100
3178,Row-Update,mps2,-1.33763657,7.22365132e-05,100
3178,Hybrid,mixture2,-1.33752765,7.82051505e-05,100
3179,Metropolis,metropolis,-1.33659789,3.81170940e-04,100
3179,Row-Update,mps2,-1.33764353,7.22586807e-05,100
3179,Hybrid,mixture2,-1.33752569,7.89607927e-05,100
3180,Metropolis,metropolis,-1.33659469,3.80917835e-04,100
3180,Row-Update,mps2,-1.33763127,7.15253322e-05,100
3180,Hybrid,mixture2,-1.33753542,7.83996891e-05,100
3181,Metropolis,metropolis,-1.33660271,3.81038412e-04,100
3181,Row-Update,mps2,-1.33764202,7.05714991e-05,100
3181,Hybrid,mixture2,-1.33752055,8.14526817e-05,100
3182,Metropolis,metropolis,-1.33659877,3.80784943e-04,100
3182,Row-Update,mps2,-1.33762051,7.28878594e-05,100
3182,Hybrid,mixture2,-1.33752943,7.89102231e-05,100
3183,Metropolis,metropolis,-1.33659878,3.80783461e-04,100
3183,Row-Update,mps2,-1.33763216,7.06062471e-05,100
3183,Hybrid,mixture2,-1.33752508,7.87099284e-05,100
3184,Metropolis,metropolis,-1.33659138,3.80712908e-04,100
3184,Row-Update,mps2,-1.33763807,7.05438012e-05,100
3184,Hybrid,mixture2,-1.33752520,7.89530687e-05,100
3185,Metropolis,metropolis,-1.33659001,3.80664982e-04,100
3185,Row-Update,mps2,-1.33763578,6.91607398e-05,100
3185,Hybrid,mixture2,-1.33753135,7.92393974e-05,100
3186,Metropolis,metropolis,-1.33659791,3.80604613e-04,100
3186,Row-Update,mps2,-1.33763620,6.97230297e-05,100
3186,Hybrid,mixture2,-1.33752646,7.99754795e-05,100
3187,Metropolis,metropolis,-1.33659583,3.81069103e-04,100
3187,Row-Update,mps2,-1.33763287,7.16031153e-05,100
3187,Hybrid,mixture2,-1.33753822,7.77521152e-05,100
3188,Metropolis,metropolis,-1.33659435,3.80851480e-04,100
3188,Row-Update,mps2,-1.33763156,7.29712321e-05,100
3188,Hybrid,mixture2,-1.33753524,7.88008767e-05,100
3189,Metropolis,metropolis,-1.33660036,3.80621340e-04,100
3189,Row-Update,mps2,-1.33762419,7.03753484e-05,100
3189,Hybrid,mixture2,-1.33753288,7.98749233e-05,100
3190,Metropolis,metropolis,-1.33658347,3.81283955e-04,100
3190,Row-Update,mps2,-1.33763565,7.26053594e-05,100
3190,Hybrid,mixture2,-1.33753787,7.81213213e-05,100
3191,Metropolis,metropolis,-1.33660422,3.80487892e-04,100
3191,Row-Update,mps2,-1.33762881,7.31827929e-05,100
3191,Hybrid,mixture2,-1.33752314,7.91475179e-05,100
3192,Metropolis,metropolis,-1.33659898,3.80885537e-04,100
3192,Row-Update,mps2,-1.33761737,7.35534936e-05,100
3192,Hybrid,mixture2,-1.33751762,7.98767945e-05,100
3193,Metropolis,metropolis,-1.33659925,3.80606748e-04,100
3193,Row-Update,mps2,-1.33762329,7.43061050e-05,100
3193,Hybrid,mixture2,-1.33754398,7.84389246e-05,100
3194,Metropolis,metropolis,-1.33659003,3.80055787e-04,100
3194,Row-Update,mps2,-1.33761454,7.46702206e-05,100
3194,Hybrid,mixture2,-1.33753397,7.85260483e-05,100
3195,Metropolis,metropolis,-1.33659754,3.80989742e-04,100
3195,Row-Update,mps2,-1.33762628,7.17691435e-05,100
3195,Hybrid,mixture2,-1.33753036,7.85696492e-05,100
3196,Metropolis,metropolis,-1.33659338,3.81115174e-04,100
3196,Row-Update,mps2,-1.33763514,7.15706307e-05,100
3196,Hybrid,mixture2,-1.33752501,7.92724107e-05,100
3197,Metropolis,metropolis,-1.33659065,3.80920269e-04,100
3197,Row-Update,mps2,-1.33762846,7.29592307e-05,100
3197,Hybrid,mixture2,-1.33753337,7.80560122e-05,100
3198,Metropolis,metropolis,-1.33658976,3.81223375e-04,100
3198,Row-Update,mps2,-1.33763417,7.09433658e-05,100
3198,Hybrid,mixture2,-1.33753567,7.85854119e-05,100
3199,Metropolis,metropolis,-1.33658965,3.80796811e-04,100
3199,Row-Update,mps2,-1.33762448,7.25900920e-05,100
3199,Hybrid,mixture2,-1.33752191,7.90547216e-05,100
3200,Metropolis,metropolis,-1.33659891,3.81143673e-04,100
3200,Row-Update,mps2,-1.33763657,7.10082794e-05,100
3200,Hybrid,mixture2,-1.33753798,7.99410085e-05,100
3201,Metropolis,metropolis,-1.33658282,3.79882933e-04,100
3201,Row-Update,mps2,-1.33764931,6.94230575e-05,100
3201,Hybrid,mixture2,-1.33751762,8.02045725e-05,100
3202,Metropolis,metropolis,-1.33659469,3.80834091e-04,100
3202,Row-Update,mps2,-1.33763349,7.19428321e-05,100
3202,Hybrid,mixture2,-1.33751857,8.04223127e-05,100
3203,Metropolis,metropolis,-1.33659912,3.80305323e-04,100
3203,Row-Update,mps2,-1.33764846,6.96337102e-05,100
3203,Hybrid,mixture2,-1.33752193,8.06245343e-05,100
3204,Metropolis,metropolis,-1.33659837,3.80512860e-04,100
3204,Row-Update,mps2,-1.33764647,6.88860518e-05,100
3204,Hybrid,mixture2,-1.33752601,7.95109309e-05,100
3205,Metropolis,metropolis,-1.33659413,3.80578255e-04,100
3205,Row-Update,mps2,-1.33763485,7.10844659e-05,100
3205,Hybrid,mixture2,-1.33753375,7.87093264e-05,100
3206,Metropolis,metropolis,-1.33660045,3.81045468e-04,100
3206,Row-Update,mps2,-1.33764238,7.08445756e-05,100
3206,Hybrid,mixture2,-1.33753055,7.99438710e-05,100
3207,Metropolis,metropolis,-1.33660184,3.80889495e-04,100
3207,Row-Update,mps2,-1.33762713,7.21281990e-05,100
3207,Hybrid,mixture2,-1.33752355,7.93692809e-05,100
3208,Metropolis,metropolis,-1.33659915,3.80573651e-04,100
3208,Row-Update,mps2,-1.33762867,7.03815279e-05,100
3208,Hybrid,mixture2,-1.33752839,7.93491787e-05,100
3209,Metropolis,metropolis,-1.33660119,3.80489814e-04,100
3209,Row-Update,mps2,-1.33763760,7.15044026e-05,100
3209,Hybrid,mixture2,-1.33753731,7.87833249e-05,100
3210,Metropolis,metropolis,-1.33660710,3.80330006e-04,100
3210,Row-Update,mps2,-1.33763380,7.16866551e-05,100
3210,Hybrid,mixture2,-1.33753060,7.96568130e-05,100
3211,Metropolis,metropolis,-1.33660289,3.81220655e-04,100
3211,Row-Update,mps2,-1.33765699,7.09275066e-05,100
3211,Hybrid,mixture2,-1.33753488,7.93820852e-05,100
3212,Metropolis,metropolis,-1.33660650,3.80701572e-04,100
3212,Row-Update,mps2,-1.33763785,6.95983793e-05,100
3212,Hybrid,mixture2,-1.33752526,8.12482804e-05,100
3213,Metropolis,metropolis,-1.33659506,3.80502517e-04,100
3213,Row-Update,mps2,-1.33763328,7.13104207e-05,100
3213,Hybrid,mixture2,-1.33753472,8.02446580e-05,100
3214,Metropolis,metropolis,-1.33659336,3.80898616e-04,100
3214,Row-Update,mps2,-1.33763501,7.09429998e-05,100
3214,Hybrid,mixture2,-1.33752525,7.97540889e-05,100
3215,Metropolis,metropolis,-1.33659489,3.80959293e-04,100
3215,Row-Update,mps2,-1.33763666,7.07737789e-05,100
3215,Hybrid,mixture2,-1.33752465,7.97643874e-05,100
3216,Metropolis,metropolis,-1.33659466,3.80648554e-04,100
3216,Row-Update,mps2,-1.33764141,6.93934603e-05,100
3216,Hybrid,mixture2,-1.33752893,7.89332497e-05,100
3217,Metropolis,metropolis,-1.33659558,3.80699258e-04,100
3217,Row-Update,mps2,-1.33763786,7.29284545e-05,100
3217,Hybrid,mixture2,-1.33753286,7.94592220e-05,100
3218,Metropolis,metropolis,-1.33659616,3.80647691e-04,100
3218,Row-Update,mps2,-1.33761344,7.49583522e-05,100
3218,Hybrid,mixture2,-1.33753804,7.87693944e-05,100
3219,Metropolis,metropolis,-1.33659971,3.80827541e-04,100
3219,Row-Update,mps2,-1.33762659,7.45914062e-05,100
3219,Hybrid,mixture2,-1.33753531,7.94142425e-05,100
3220,Metropolis,metropolis,-1.33659700,3.80660823e-04,100
3220,Row-Update,mps2,-1.33761933,7.55354569e-05,100
3220,Hybrid,mixture2,-1.33753173,7.97634102e-05,100
3221,Metropolis,metropolis,-1.33659667,3.80304127e-04,100
3221,Row-Update,mps2,-1.33762514,7.30334766e-05,100
3221,Hybrid,mixture2,-1.33753672,7.99192857e-05,100
3222,Metropolis,metropolis,-1.33660110,3.79766032e-04,100
3222,Row-Update,mps2,-1.33762738,7.40616706e-05,100
3222,Hybrid,mixture2,-1.33753913,7.89036714e-05,100
3223,Metropolis,metropolis,-1.33660098,3.80709062e-04,100
3223,Row-Update,mps2,-1.33763837,7.27149549e-05,100
3223,Hybrid,mixture2,-1.33753036,7.93203622e-05,100
3224,Metropolis,metropolis,-1.33659829,3.80817547e-04,100
3224,Row-Update,mps2,-1.33762076,7.58693809e-05,100
3224,Hybrid,mixture2,-1.33752401,8.06967043e-05,100
3225,Metropolis,metropolis,-1.33659862,3.81019702e-04,100
3225,Row-Update,mps2,-1.33763866,7.24592281e-05,100
3225,Hybrid,mixture2,-1.33753129,7.94493093e-05,100
3226,Metropolis,metropolis,-1.33660423,3.80863057e-04,100
3226,Row-Update,mps2,-1.33762364,7.41868380e-05,100
3226,Hybrid,mixture2,-1.33752785,8.05495263e-05,100
3227,Metropolis,metropolis,-1.33659738,3.80138891e-04,100
3227,Row-Update,mps2,-1.33763683,7.42380027e-05,100
3227,Hybrid,mixture2,-1.33751980,7.87321403e-05,100
3228,Metropolis,metropolis,-1.33659987,3.80793041e-04,100
3228,Row-Update,mps2,-1.33762686,7.41320551e-05,100
3228,Hybrid,mixture2,-1.33753418,7.89219374e-05,100
3229,Metropolis,metropolis,-1.33660074,3.80412108e-04,100
3229,Row-Update,mps2,-1.33762418,7.20414190e-05,100
3229,Hybrid,mixture2,-1.33753028,7.94639900e-05,100
3230,Metropolis,metropolis,-1.33660407,3.80764114e-04,100
3230,Row-Update,mps2,-1.33763304,7.30714454e-05,100
3230,Hybrid,mixture2,-1.33752914,8.07317683e-05,100
3231,Metropolis,metropolis,-1.33659916,3.80495742e-04,100
3231,Row-Update,mps2,-1.33762985,7.24680736e-05,100
3231,Hybrid,mixture2,-1.33752580,8.00617314e-05,100
3232,Metropolis,metropolis,-1.33659876,3.80719992e-04,100
3232,Row-Update,mps2,-1.33763369,7.12164921e-05,100
3232,Hybrid,mixture2,-1.33752395,8.07846554e-05,100
3233,Metropolis,metropolis,-1.33660317,3.81045352e-04,100
3233,Row-Update,mps2,-1.33763273,7.07437686e-05,100
3233,Hybrid,mixture2,-1.33753361,8.03794041e-05,100
3234,Metropolis,metropolis,-1.33659455,3.80480166e-04,100
3234,Row-Update,mps2,-1.33763339,7.04391598e-05,100
3234,Hybrid,mixture2,-1.33753702,7.90875221e-05,100
3235,Metropolis,metropolis,-1.33660060,3.80285085e-04,100
3235,Row-Update,mps2,-1.33763348,7.15785188e-05,100
3235,Hybrid,mixture2,-1.33752673,7.92439285e-05,100
3236,Metropolis,metropolis,-1.33660574,3.80992315e-04,100
3236,Row-Update,mps2,-1.33762928,7.15595717e-05,100
3236,Hybrid,mixture2,-1.33753375,7.96460970e-05,100
3237,Metropolis,metropolis,-1.33661039,3.80583338e-04,100
3237,Row-Update,mps2,-1.33761749,7.32657713e-05,100
3237,Hybrid,mixture2,-1.33754718,7.77185212e-05,100
3238,Metropolis,metropolis,-1.33660848,3.80743945e-04,100
3238,Row-Update,mps2,-1.33763567,7.10218880e-05,100
3238,Hybrid,mixture2,-1.33753177,7.96851136e-05,100
3239,Metropolis,metropolis,-1.33660306,3.80982069e-04,100
3239,Row-Update,mps2,-1.33761612,7.35025070e-05,100
3239,Hybrid,mixture2,-1.33753122,7.95524334e-05,100
3240,Metropolis,metropolis,-1.33660047,3.80809434e-04,100
3240,Row-Update,mps2,-1.33761742,7.37493021e-05,100
3240,Hybrid,mixture2,-1.33754087,7.75506121e-05,100
3241,Metropolis,metropolis,-1.33659837,3.80825530e-04,100
3241,Row-Update,mps2,-1.33762767,7.28228237e-05,100
3241,Hybrid,mixture2,-1.33753399,7.80970061e-05,100
3242,Metropolis,metropolis,-1.33659611,3.81324990e-04,100
3242,Row-Update,mps2,-1.33762855,7.05956934e-05,100
3242,Hybrid,mixture2,-1.33753213,7.93076034e-05,100
3243,Metropolis,metropolis,-1.33659660,3.80650395e-04,100
3243,Row-Update,mps2,-1.33762602,7.24114037e-05,100
3243,Hybrid,mixture2,-1.33754034,7.86685102e-05,100
3244,Metropolis,metropolis,-1.33660530,3.80600035e-04,100
3244,Row-Update,mps2,-1.33762705,7.21921925e-05,100
3244,Hybrid,mixture2,-1.33754304,7.78037339e-05,100
3245,Metropolis,metropolis,-1.33660026,3.80824850e-04,100
3245,Row-Update,mps2,-1.33763284,7.13553807e-05,100
3245,Hybrid,mixture2,-1.33754626,7.79933041e-05,100
3246,Metropolis,metropolis,-1.33659549,3.80980493e-04,100
3246,Row-Update,mps2,-1.33764043,7.05842472e-05,100
3246,Hybrid,mixture2,-1.33753174,7.89971336e-05,100
3247,Metropolis,metropolis,-1.33659895,3.80706518e-04,100
3247,Row-Update,mps2,-1.33763247,7.23723490e-05,100
3247,Hybrid,mixture2,-1.33752641,7.85363665e-05,100
3248,Metropolis,metropolis,-1.33659884,3.80641443e-04,100
3248,Row-Update,mps2,-1.33763299,6.99916001e-05,100
3248,Hybrid,mixture2,-1.33754190,7.91747378e-05,100
3249,Metropolis,metropolis,-1.33659802,3.80927030e-04,100
3249,Row-Update,mps2,-1.33763348,7.04232032e-05,100
3249,Hybrid,mixture2,-1.33753886,7.79255664e-05,100
3250,Metropolis,metropolis,-1.33660541,3.81011142e-04,100
3250,Row-Update,mps2,-1.33762445,7.05228526e-05,100
3250,Hybrid,mixture2,-1.33752967,7.99582432e-05,100
3251,Metropolis,metropolis,-1.33659958,3.81131032e-04,100
3251,Row-Update,mps2,-1.33763259,6.95321324e-05,100
3251,Hybrid,mixture2,-1.33754790,7.81333662e-05,100
3252,Metropolis,metropolis,-1.33660241,3.80827779e-04,100
3252,Row-Update,mps2,-1.33763904,6.84287746e-05,100
3252,Hybrid,mixture2,-1.33753547,7.99131472e-05,100
3253,Metropolis,metropolis,-1.33659832,3.80743460e-04,100
3253,Row-Update,mps2,-1.33763686,6.94227309e-05,100
3253,Hybrid,mixture2,-1.33754222,7.83802167e-05,100
3254,Metropolis,metropolis,-1.33659503,3.80500795e-04,100
3254,Row-Update,mps2,-1.33763906,6.83759275e-05,100
3254,Hybrid,mixture2,-1.33754214,7.84480137e-05,100
3255,Metropolis,metropolis,-1.33659476,3.81285676e-04,100
3255,Row-Update,mps2,-1.33763344,7.05671054e-05,100
3255,Hybrid,mixture2,-1.33753958,7.81951913e-05,100
3256,Metropolis,metropolis,-1.33659646,3.81520447e-04,100
3256,Row-Update,mps2,-1.33764064,6.96905482e-05,100
3256,Hybrid,mixture2,-1.33754369,7.84022348e-05,100
3257,Metropolis,metropolis,-1.33659376,3.81184699e-04,100
3257,Row-Update,mps2,-1.33763986,6.93719765e-05,100
3257,Hybrid,mixture2,-1.33753645,7.82334659e-05,100
3258,Metropolis,metropolis,-1.33659631,3.81137511e-04,100
3258,Row-Update,mps2,-1.33763368,7.03457893e-05,100
3258,Hybrid,mixture2,-1.33754143,8.00802814e-05,100
3259,Metropolis,metropolis,-1.33660170,3.79958676e-04,100
3259,Row-Update,mps2,-1.33763360,7.25995217e-05,100
3259,Hybrid,mixture2,-1.33753479,8.09728385e-05,100
3260,Metropolis,metropolis,-1.33660516,3.80988366e-04,100
3260,Row-Update,mps2,-1.33763347,7.11113980e-05,100
3260,Hybrid,mixture2,-1.33751948,8.21689540e-05,100
3261,Metropolis,metropolis,-1.33660838,3.81038986e-04,100
3261,Row-Update,mps2,-1.33763902,7.04056717e-05,100
3261,Hybrid,mixture2,-1.33751488,8.33853594e-05,100
3262,Metropolis,metropolis,-1.33660942,3.80770911e-04,100
3262,Row-Update,mps2,-1.33763622,7.07471560e-05,100
3262,Hybrid,mixture2,-1.33752843,8.25913552e-05,100
3263,Metropolis,metropolis,-1.33660727,3.80954920e-04,100
3263,Row-Update,mps2,-1.33763368,7.22071905e-05,100
3263,Hybrid,mixture2,-1.33753732,7.95384912e-05,100
3264,Metropolis,metropolis,-1.33660830,3.81033123e-04,100
3264,Row-Update,mps2,-1.33761878,7.56969129e-05,100
3264,Hybrid,mixture2,-1.33754465,8.03836106e-05,100
3265,Metropolis,metropolis,-1.33660296,3.80557740e-04,100
3265,Row-Update,mps2,-1.33760519,7.96224363e-05,100
3265,Hybrid,mixture2,-1.33753274,7.89615527e-05,100
3266,Metropolis,metropolis,-1.33660000,3.81275339e-04,100
3266,Row-Update,mps2,-1.33762689,7.36786141e-05,100
3266,Hybrid,mixture2,-1.33754180,7.94217127e-05,100
3267,Metropolis,metropolis,-1.33660380,3.81032172e-04,100
3267,Row-Update,mps2,-1.33764488,7.15111704e-05,100
3267,Hybrid,mixture2,-1.33754299,7.82446751e-05,100
3268,Metropolis,metropolis,-1.33660088,3.80853266e-04,100
3268,Row-Update,mps2,-1.33763665,7.06210607e-05,100
3268,Hybrid,mixture2,-1.33753995,7.89163466e-05,100
3269,Metropolis,metropolis,-1.33659466,3.80828204e-04,100
3269,Row-Update,mps2,-1.33763135,7.22168731e-05,100
3269,Hybrid,mixture2,-1.33754732,7.84992556e-05,100
3270,Metropolis,metropolis,-1.33660744,3.80875586e-04,100
3270,Row-Update,mps2,-1.33763659,7.12507232e-05,100
3270,Hybrid,mixture2,-1.33754930,7.81836981e-05,100
3271,Metropolis,metropolis,-1.33660034,3.81275455e-04,100
3271,Row-Update,mps2,-1.33763410,7.04044570e-05,100
3271,Hybrid,mixture2,-1.33754947,7.75754051e-05,100
3272,Metropolis,metropolis,-1.33660281,3.81041667e-04,100
3272,Row-Update,mps2,-1.33763856,6.98666221e-05,100
3272,Hybrid,mixture2,-1.33753614,7.84653090e-05,100
3273,Metropolis,metropolis,-1.33660371,3.80836236e-04,100
3273,Row-Update,mps2,-1.33763283,7.10082009e-05,100
3273,Hybrid,mixture2,-1.33754411,7.77991806e-05,100
3274,Metropolis,metropolis,-1.33659723,3.80859302e-04,100
3274,Row-Update,mps2,-1.33763986,7.07979870e-05,100
3274,Hybrid,mixture2,-1.33753154,7.89930004e-05,100
3275,Metropolis,metropolis,-1.33660282,3.80942570e-04,100
3275,Row-Update,mps2,-1.33765462,6.86566985e-05,100
3275,Hybrid,mixture2,-1.33753729,7.88788712e-05,100
3276,Metropolis,metropolis,-1.33660066,3.81702702e-04,100
3276,Row-Update,mps2,-1.33763383,6.98037717e-05,100
3276,Hybrid,mixture2,-1.33754174,7.83058795e-05,100
3277,Metropolis,metropolis,-1.33660866,3.81363202e-04,100
3277,Row-Update,mps2,-1.33764585,6.84406919e-05,100
3277,Hybrid,mixture2,-1.33750935,8.58335604e-05,100
3278,Metropolis,metropolis,-1.33660145,3.80785309e-04,100
3278,Row-Update,mps2,-1.33763709,6.93463288e-05,100
3278,Hybrid,mixture2,-1.33753095,7.94053197e-05,100
3279,Metropolis,metropolis,-1.33660489,3.80921697e-04,100
3279,Row-Update,mps2,-1.33763138,7.08565292e-05,100
3279,Hybrid,mixture2,-1.33753681,7.79329357e-05,100
3280,Metropolis,metropolis,-1.33660695,3.79948703e-04,100
3280,Row-Update,mps2,-1.33764094,7.04848317e-05,100
3280,Hybrid,mixture2,-1.33753923,7.89178597e-05,100
3281,Metropolis,metropolis,-1.33660588,3.80942474e-04,100
3281,Row-Update,mps2,-1.33762615,7.35185596e-05,100
3281,Hybrid,mixture2,-1.33754250,7.86609492e-05,100
3282,Metropolis,metropolis,-1.33661522,3.81480093e-04,100
3282,Row-Update,mps2,-1.33762977,7.22888083e-05,100
3282,Hybrid,mixture2,-1.33753523,7.99015030e-05,100
3283,Metropolis,metropolis,-1.33661193,3.81329745e-04,100
3283,Row-Update,mps2,-1.33762796,6.97068609e-05,100
3283,Hybrid,mixture2,-1.33754631,7.80486368e-05,100
3284,Metropolis,metropolis,-1.33660888,3.80859220e-04,100
3284,Row-Update,mps2,-1.33763414,7.08405560e-05,100
3284,Hybrid,mixture2,-1.33755349,7.78233879e-05,100
3285,Metropolis,metropolis,-1.33660085,3.81365372e-04,100
3285,Row-Update,mps2,-1.33762745,7.13296916e-05,100
3285,Hybrid,mixture2,-1.33755100,7.73163593e-05,100
3286,Metropolis,metropolis,-1.33660500,3.80127548e-04,100
3286,Row-Update,mps2,-1.33762682,7.05355473e-05,100
3286,Hybrid,mixture2,-1.33754724,7.77798011e-05,100
3287,Metropolis,metropolis,-1.33660176,3.80692166e-04,100
3287,Row-Update,mps2,-1.33762548,7.23845810e-05,100
3287,Hybrid,mixture2,-1.33755295,7.70592313e-05,100
3288,Metropolis,metropolis,-1.33659599,3.81014244e-04,100
3288,Row-Update,mps2,-1.33761732,7.33613736e-05,100
3288,Hybrid,mixture2,-1.33754824,7.71907634e-05,100
3289,Metropolis,metropolis,-1.33660101,3.81176903e-04,100
3289,Row-Update,mps2,-1.33762654,7.22667570e-05,100
3289,Hybrid,mixture2,-1.33754893,7.85664002e-05,100
3290,Metropolis,metropolis,-1.33660632,3.80764629e-04,100
3290,Row-Update,mps2,-1.33762975,7.31713207e-05,100
3290,Hybrid,mixture2,-1.33754289,7.81349279e-05,100
3291,Metropolis,metropolis,-1.33660810,3.80877174e-04,100
3291,Row-Update,mps2,-1.33762447,7.26471592e-05,100
3291,Hybrid,mixture2,-1.33754900,7.75111393e-05,100
3292,Metropolis,metropolis,-1.33660309,3.80792991e-04,100
3292,Row-Update,mps2,-1.33764087,7.16945443e-05,100
3292,Hybrid,mixture2,-1.33754803,7.71548883e-05,100
3293,Metropolis,metropolis,-1.33660400,3.80924504e-04,100
3293,Row-Update,mps2,-1.33764030,7.42463540e-05,100
3293,Hybrid,mixture2,-1.33753738,7.83855829e-05,100
3294,Metropolis,metropolis,-1.33660273,3.81258257e-04,100
3294,Row-Update,mps2,-1.33762581,7.69734444e-05,100
3294,Hybrid,mixture2,-1.33753126,8.01444627e-05,100
3295,Metropolis,metropolis,-1.33659824,3.80730370e-04,100
3295,Row-Update,mps2,-1.33764361,7.22875401e-05,100
3295,Hybrid,mixture2,-1.33752634,7.96727188e-05,100
3296,Metropolis,metropolis,-1.33660223,3.80888194e-04,100
3296,Row-Update,mps2,-1.33763972,7.35053898e-05,100
3296,Hybrid,mixture2,-1.33752669,8.08251497e-05,100
3297,Metropolis,metropolis,-1.33660470,3.80755445e-04,100
3297,Row-Update,mps2,-1.33764581,7.03156339e-05,100
3297,Hybrid,mixture2,-1.33752492,7.96066586e-05,100
3298,Metropolis,metropolis,-1.33660466,3.80432071e-04,100
3298,Row-Update,mps2,-1.33764147,7.15300065e-05,100
3298,Hybrid,mixture2,-1.33753206,8.00812769e-05,100
3299,Metropolis,metropolis,-1.33660482,3.81132582e-04,100
3299,Row-Update,mps2,-1.33763922,7.46562644e-05,100
3299,Hybrid,mixture2,-1.33752639,7.96746770e-05,100
3300,Metropolis,metropolis,-1.33660662,3.80513504e-04,100
3300,Row-Update,mps2,-1.33763722,7.10659649e-05,100
3300,Hybrid,mixture2,-1.33754054,7.85302943e-05,100
3301,Metropolis,metropolis,-1.33659906,3.80605606e-04,100
3301,Row-Update,mps2,-1.33764328,7.13932198e-05,100
3301,Hybrid,mixture2,-1.33752888,7.85864913e-05,100
3302,Metropolis,metropolis,-1.33659076,3.80603795e-04,100
3302,Row-Update,mps2,-1.33764095,7.16121499e-05,100
3302,Hybrid,mixture2,-1.33753114,7.92440209e-05,100
3303,Metropolis,metropolis,-1.33659930,3.81025855e-04,100
3303,Row-Update,mps2,-1.33764144,7.11795005e-05,100
3303,Hybrid,mixture2,-1.33754534,7.91446086e-05,100
3304,Metropolis,metropolis,-1.33660047,3.80960215e-04,100
3304,Row-Update,mps2,-1.33763151,7.28007680e-05,100
3304,Hybrid,mixture2,-1.33754698,7.77154373e-05,100
3305,Metropolis,metropolis,-1.33660235,3.80499358e-04,100
3305,Row-Update,mps2,-1.33765932,6.70562837e-05,100
3305,Hybrid,mixture2,-1.33754346,7.79390868e-05,100
3306,Metropolis,metropolis,-1.33660264,3.80668082e-04,100
3306,Row-Update,mps2,-1.33763834,7.32172774e-05,100
3306,Hybrid,mixture2,-1.33753895,7.82646889e-05,100
3307,Metropolis,metropolis,-1.33659907,3.81099192e-04,100
3307,Row-Update,mps2,-1.33763785,7.19684481e-05,100
3307,Hybrid,mixture2,-1.33754574,7.74071917e-05,100
3308,Metropolis,metropolis,-1.33659764,3.80402197e-04,100
3308,Row-Update,mps2,-1.33763382,7.31763236e-05,100
3308,Hybrid,mixture2,-1.33754358,7.86444113e-05,100
3309,Metropolis,metropolis,-1.33661159,3.80987024e-04,100
3309,Row-Update,mps2,-1.33761961,7.44361906e-05,100
3309,Hybrid,mixture2,-1.33753766,7.90152071e-05,100
3310,Metropolis,metropolis,-1.33660798,3.80819581e-04,100
3310,Row-Update,mps2,-1.33762590,7.33227260e-05,100
3310,Hybrid,mixture2,-1.33753809,7.77325802e-05,100
3311,Metropolis,metropolis,-1.33660684,3.81136320e-04,100
3311,Row-Update,mps2,-1.33761714,7.45009269e-05,100
3311,Hybrid,mixture2,-1.33753383,7.90099156e-05,100
3312,Metropolis,metropolis,-1.33660551,3.81034765e-04,100
3312,Row-Update,mps2,-1.33763416,7.15304333e-05,100
3312,Hybrid,mixture2,-1.33753114,7.96347206e-05,100
3313,Metropolis,metropolis,-1.33660786,3.80786405e-04,100
3313,Row-Update,mps2,-1.33763309,7.30584922e-05,100
3313,Hybrid,mixture2,-1.33753806,7.90669282e-05,100
3314,Metropolis,metropolis,-1.33660889,3.80602517e-04,100
3314,Row-Update,mps2,-1.33763616,7.20780164e-05,100
3314,Hybrid,mixture2,-1.33752026,8.08402512e-05,100
3315,Metropolis,metropolis,-1.33661659,3.81285409e-04,100
3315,Row-Update,mps2,-1.33763192,7.30431997e-05,100
3315,Hybrid,mixture2,-1.33752597,8.02454169e-05,100
3316,Metropolis,metropolis,-1.33660586,3.80732835e-04,100
3316,Row-Update,mps2,-1.33762618,7.26187680e-05,100
3316,Hybrid,mixture2,-1.33753320,7.95673297e-05,100
3317,Metropolis,metropolis,-1.33661147,3.81217832e-04,100
3317,Row-Update,mps2,-1.33762724,7.51779481e-05,100
3317,Hybrid,mixture2,-1.33752639,8.08346275e-05,100
3318,Metropolis,metropolis,-1.33660632,3.81293877e-04,100
3318,Row-Update,mps2,-1.33762232,7.82431763e-05,100
3318,Hybrid,mixture2,-1.33752886,7.96144796e-05,100
3319,Metropolis,metropolis,-1.33660167,3.80655527e-04,100
3319,Row-Update,mps2,-1.33763636,7.17327767e-05,100
3319,Hybrid,mixture2,-1.33751632,8.12406485e-05,100
3320,Metropolis,metropolis,-1.33660427,3.80601424e-04,100
3320,Row-Update,mps2,-1.33763597,7.09894967e-05,100
3320,Hybrid,mixture2,-1.33752336,7.99050328e-05,100
3321,Metropolis,metropolis,-1.33661183,3.80892673e-04,100
3321,Row-Update,mps2,-1.33764745,7.08313307e-05,100
3321,Hybrid,mixture2,-1.33752863,8.00888481e-05,100
3322,Metropolis,metropolis,-1.33660306,3.80685838e-04,100
3322,Row-Update,mps2,-1.33763241,7.17343204e-05,100
3322,Hybrid,mixture2,-1.33753866,7.81262132e-05,100
3323,Metropolis,metropolis,-1.33661431,3.79683692e-04,100
3323,Row-Update,mps2,-1.33763354,7.09473907e-05,100
3323,Hybrid,mixture2,-1.33755037,7.68278280e-05,100
3324,Metropolis,metropolis,-1.33661016,3.80881165e-04,100
3324,Row-Update,mps2,-1.33764306,6.93787453e-05,100
3324,Hybrid,mixture2,-1.33754065,7.79743892e-05,100
3325,Metropolis,metropolis,-1.33661615,3.80958229e-04,100
3325,Row-Update,mps2,-1.33763284,7.03968632e-05,100
3325,Hybrid,mixture2,-1.33754827,7.85627729e-05,100
3326,Metropolis,metropolis,-1.33660664,3.80447125e-04,100
3326,Row-Update,mps2,-1.33764040,7.00189819e-05,100
3326,Hybrid,mixture2,-1.33754554,7.73675519e-05,100
3327,Metropolis,metropolis,-1.33660313,3.80937133e-04,100
3327,Row-Update,mps2,-1.33763567,6.90707683e-05,100
3327,Hybrid,mixture2,-1.33754229,7.78128007e-05,100
3328,Metropolis,metropolis,-1.33660478,3.80543175e-04,100
3328,Row-Update,mps2,-1.33764011,7.04761969e-05,100
3328,Hybrid,mixture2,-1.33754284,7.83767999e-05,100
3329,Metropolis,metropolis,-1.33660246,3.80787490e-04,100
3329,Row-Update,mps2,-1.33763707,7.02191511e-05,100
3329,Hybrid,mixture2,-1.33754360,7.77376979e-05,100
3330,Metropolis,metropolis,-1.33660860,3.80896599e-04,100
3330,Row-Update,mps2,-1.33764022,6.96653547e-05,100
3330,Hybrid,mixture2,-1.33754494,7.77505764e-05,100
3331,Metropolis,metropolis,-1.33660678,3.80914119e-04,100
3331,Row-Update,mps2,-1.33763180,7.14421787e-05,100
3331,Hybrid,mixture2,-1.33754948,7.79922473e-05,100
3332,Metropolis,metropolis,-1.33660515,3.80534792e-04,100
3332,Row-Update,mps2,-1.33763347,7.09274324e-05,100
3332,Hybrid,mixture2,-1.33753608,7.78981279e-05,100
3333,Metropolis,metropolis,-1.33660397,3.81184347e-04,100
3333,Row-Update,mps2,-1.33762422,7.25527138e-05,100
3333,Hybrid,mixture2,-1.33755231,7.82849859e-05,100
3334,Metropolis,metropolis,-1.33661331,3.80620785e-04,100
3334,Row-Update,mps2,-1.33763076,7.29444842e-05,100
3334,Hybrid,mixture2,-1.33755229,7.69333408e-05,100
3335,Metropolis,metropolis,-1.33661122,3.81313051e-04,100
3335,Row-Update,mps2,-1.33762930,7.22446343e-05,100
3335,Hybrid,mixture2,-1.33755127,7.85575628e-05,100
3336,Metropolis,metropolis,-1.33660667,3.80679312e-04,100
3336,Row-Update,mps2,-1.33761191,7.73748963e-05,100
3336,Hybrid,mixture2,-1.33755070,7.83726616e-05,100
3337,Metropolis,metropolis,-1.33660835,3.81399974e-04,100
3337,Row-Update,mps2,-1.33762057,7.44809420e-05,100
3337,Hybrid,mixture2,-1.33753731,7.90402198e-05,100
3338,Metropolis,metropolis,-1.33661081,3.80918625e-04,100
3338,Row-Update,mps2,-1.33762576,7.28500094e-05,100
3338,Hybrid,mixture2,-1.33754035,7.86382125e-05,100
3339,Metropolis,metropolis,-1.33660734,3.79742658e-04,100
3339,Row-Update,mps2,-1.33763359,7.04260687e-05,100
3339,Hybrid,mixture2,-1.33752545,7.99401748e-05,100
3340,Metropolis,metropolis,-1.33660709,3.80650542e-04,100
3340,Row-Update,mps2,-1.33763873,7.05621668e-05,100
3340,Hybrid,mixture2,-1.33753763,7.83190073e-05,100
3341,Metropolis,metropolis,-1.33660251,3.80512157e-04,100
3341,Row-Update,mps2,-1.33764458,6.90165747e-05,100
3341,Hybrid,mixture2,-1.33753339,7.80855299e-05,100
3342,Metropolis,metropolis,-1.33660242,3.81043838e-04,100
3342,Row-Update,mps2,-1.33764458,6.86420445e-05,100
3342,Hybrid,mixture2,-1.33754018,7.83233675e-05,100
3343,Metropolis,metropolis,-1.33660190,3.81130289e-04,100
3343,Row-Update,mps2,-1.33764761,6.72717039e-05,100
3343,Hybrid,mixture2,-1.33753640,7.80762411e-05,100
3344,Metropolis,metropolis,-1.33660746,3.80352950e-04,100
3344,Row-Update,mps2,-1.33765281,6.95360402e-05,100
3344,Hybrid,mixture2,-1.33754578,7.74856039e-05,100
3345,Metropolis,metropolis,-1.33660206,3.81223948e-04,100
3345,Row-Update,mps2,-1.33765237,6.72943696e-05,100
3345,Hybrid,mixture2,-1.33753261,7.90713062e-05,100
3346,Metropolis,metropolis,-1.33660352,3.80919225e-04,100
3346,Row-Update,mps2,-1.33763529,7.07466213e-05,100
3346,Hybrid,mixture2,-1.33754238,7.90577934e-05,100
3347,Metropolis,metropolis,-1.33659803,3.81063622e-04,100
3347,Row-Update,mps2,-1.33763016,7.01907949e-05,100
3347,Hybrid,mixture2,-1.33753850,7.85034153e-05,100
3348,Metropolis,metropolis,-1.33660146,3.81065191e-04,100
3348,Row-Update,mps2,-1.33764227,6.94513775e-05,100
3348,Hybrid,mixture2,-1.33754343,7.87522295e-05,100
3349,Metropolis,metropolis,-1.33660068,3.80727483e-04,100
3349,Row-Update,mps2,-1.33765006,6.91067509e-05,100
3349,Hybrid,mixture2,-1.33753691,7.96234436e-05,100
3350,Metropolis,metropolis,-1.33659526,3.81424555e-04,100
3350,Row-Update,mps2,-1.33765370,6.91034360e-05,100
3350,Hybrid,mixture2,-1.33754375,7.91123954e-05,100
3351,Metropolis,metropolis,-1.33660720,3.81349014e-04,100
3351,Row-Update,mps2,-1.33764432,6.84048281e-05,100
3351,Hybrid,mixture2,-1.33753451,8.01140241e-05,100
3352,Metropolis,metropolis,-1.33660091,3.80644443e-04,100
3352,Row-Update,mps2,-1.33763716,7.02952962e-05,100
3352,Hybrid,mixture2,-1.33753118,8.04005582e-05,100
3353,Metropolis,metropolis,-1.33660582,3.80714221e-04,100
3353,Row-Update,mps2,-1.33763033,7.24896721e-05,100
3353,Hybrid,mixture2,-1.33753030,7.96542950e-05,100
3354,Metropolis,metropolis,-1.33659523,3.81028395e-04,100
3354,Row-Update,mps2,-1.33763801,7.12182181e-05,100
3354,Hybrid,mixture2,-1.33753480,8.00527436e-05,100
3355,Metropolis,metropolis,-1.33659920,3.80677562e-04,100
3355,Row-Update,mps2,-1.33763576,7.03346276e-05,100
3355,Hybrid,mixture2,-1.33754545,7.91466135e-05,100
3356,Metropolis,metropolis,-1.33659988,3.80313027e-04,100
3356,Row-Update,mps2,-1.33763131,7.27435175e-05,100
3356,Hybrid,mixture2,-1.33753339,7.84243777e-05,100
3357,Metropolis,metropolis,-1.33660124,3.80833493e-04,100
3357,Row-Update,mps2,-1.33765497,6.86554031e-05,100
3357,Hybrid,mixture2,-1.33754409,7.89636815e-05,100
3358,Metropolis,metropolis,-1.33660350,3.80673500e-04,100
3358,Row-Update,mps2,-1.33763757,7.07150253e-05,100
3358,Hybrid,mixture2,-1.33753543,8.00365912e-05,100
3359,Metropolis,metropolis,-1.33660794,3.80662971e-04,100
3359,Row-Update,mps2,-1.33763675,7.11526611e-05,100
3359,Hybrid,mixture2,-1.33753676,7.86646012e-05,100
3360,Metropolis,metropolis,-1.33660991,3.80755282e-04,100
3360,Row-Update,mps2,-1.33762803,7.43233037e-05,100
3360,Hybrid,mixture2,-1.33754249,7.87317258e-05,100
3361,Metropolis,metropolis,-1.33661296,3.81123027e-04,100
3361,Row-Update,mps2,-1.33763928,6.88845649e-05,100
3361,Hybrid,mixture2,-1.33753956,7.90953701e-05,100
3362,Metropolis,metropolis,-1.33660947,3.80974011e-04,100
3362,Row-Update,mps2,-1.33764616,6.86451973e-05,100
3362,Hybrid,mixture2,-1.33753510,7.85559371e-05,100
3363,Metropolis,metropolis,-1.33660936,3.80818685e-04,100
3363,Row-Update,mps2,-1.33763475,7.14039426e-05,100
3363,Hybrid,mixture2,-1.33754178,7.77723012e-05,100
3364,Metropolis,metropolis,-1.33660343,3.80433432e-04,100
3364,Row-Update,mps2,-1.33763100,6.95142088e-05,100
3364,Hybrid,mixture2,-1.33755098,7.77062783e-05,100
3365,Metropolis,metropolis,-1.33660559,3.80968268e-04,100
3365,Row-Update,mps2,-1.33765902,6.94086115e-05,100
3365,Hybrid,mixture2,-1.33753081,7.85278450e-05,100
3366,Metropolis,metropolis,-1.33660258,3.80138508e-04,100
3366,Row-Update,mps2,-1.33764656,6.99389784e-05,100
3366,Hybrid,mixture2,-1.33754414,7.86435979e-05,100
3367,Metropolis,metropolis,-1.33660686,3.80412363e-04,100
3367,Row-Update,mps2,-1.33763362,7.10984258e-05,100
3367,Hybrid,mixture2,-1.33753931,7.82597800e-05,100
3368,Metropolis,metropolis,-1.33660715,3.80846503e-04,100
3368,Row-Update,mps2,-1.33762931,7.20085424e-05,100
3368,Hybrid,mixture2,-1.33755868,7.74623100e-05,100
3369,Metropolis,metropolis,-1.33660858,3.80772635e-04,100
3369,Row-Update,mps2,-1.33763584,7.19364038e-05,100
3369,Hybrid,mixture2,-1.33754855,7.72095034e-05,100
3370,Metropolis,metropolis,-1.33660623,3.79989611e-04,100
3370,Row-Update,mps2,-1.33763658,7.16437146e-05,100
3370,Hybrid,mixture2,-1.33754390,7.87432603e-05,100
3371,Metropolis,metropolis,-1.33659976,3.80365015e-04,100
3371,Row-Update,mps2,-1.33762964,7.24193133e-05,100
3371,Hybrid,mixture2,-1.33754405,7.73701431e-05,100
3372,Metropolis,metropolis,-1.33660667,3.80387344e-04,100
3372,Row-Update,mps2,-1.33764238,7.07745141e-05,100
3372,Hybrid,mixture2,-1.33754356,7.92916961e-05,100
3373,Metropolis,metropolis,-1.33660012,3.80693855e-04,100
3373,Row-Update,mps2,-1.33764338,7.11554418e-05,100
3373,Hybrid,mixture2,-1.33753963,7.85416753e-05,100
3374,Metropolis,metropolis,-1.33660053,3.80396556e-04,100
3374,Row-Update,mps2,-1.33765109,6.93544498e-05,100
3374,Hybrid,mixture2,-1.33754640,7.83413497e-05,100
3375,Metropolis,metropolis,-1.33659346,3.81040581e-04,100
3375,Row-Update,mps2,-1.33764720,6.90426246e-05,100
3375,Hybrid,mixture2,-1.33754648,7.90672829e-05,100
3376,Metropolis,metropolis,-1.33659967,3.81100506e-04,100
3376,Row-Update,mps2,-1.33764767,6.95940734e-05,100
3376,Hybrid,mixture2,-1.33755210,7.79507517e-05,100
3377,Metropolis,metropolis,-1.33660951,3.80526561e-04,100
3377,Row-Update,mps2,-1.33763560,7.07756633e-05,100
3377,Hybrid,mixture2,-1.33754998,7.72728521e-05,100
3378,Metropolis,metropolis,-1.33660775,3.80932744e-04,100
3378,Row-Update,mps2,-1.33765256,6.97258072e-05,100
3378,Hybrid,mixture2,-1.33757662,7.82810053e-05,100
3379,Metropolis,metropolis,-1.33660613,3.80641278e-04,100
3379,Row-Update,mps2,-1.33763283,7.55502507e-05,100
3379,Hybrid,mixture2,-1.33756285,7.70282912e-05,100
3380,Metropolis,metropolis,-1.33660711,3.80705802e-04,100
3380,Row-Update,mps2,-1.33765468,7.02901090e-05,100
3380,Hybrid,mixture2,-1.33756393,7.63327849e-05,100
3381,Metropolis,metropolis,-1.33660959,3.81237436e-04,100
3381,Row-Update,mps2,-1.33764398,7.04998051e-05,100
3381,Hybrid,mixture2,-1.33756148,7.63583061e-05,100
3382,Metropolis,metropolis,-1.33660397,3.80643120e-04,100
3382,Row-Update,mps2,-1.33764374,7.14944500e-05,100
3382,Hybrid,mixture2,-1.33756313,7.68425798e-05,100
3383,Metropolis,metropolis,-1.33661153,3.79968107e-04,100
3383,Row-Update,mps2,-1.33762794,7.47984353e-05,100
3383,Hybrid,mixture2,-1.33755251,7.80461041e-05,100
3384,Metropolis,metropolis,-1.33659949,3.81129336e-04,100
3384,Row-Update,mps2,-1.33763991,7.43289128e-05,100
3384,Hybrid,mixture2,-1.33755549,7.73479670e-05,100
3385,Metropolis,metropolis,-1.33659299,3.80897629e-04,100
3385,Row-Update,mps2,-1.33763325,7.37976808e-05,100
3385,Hybrid,mixture2,-1.33756563,7.73030189e-05,100
3386,Metropolis,metropolis,-1.33660810,3.80910180e-04,100
3386,Row-Update,mps2,-1.33763722,7.48150425e-05,100
3386,Hybrid,mixture2,-1.33755066,7.81526283e-05,100
3387,Metropolis,metropolis,-1.33660095,3.80742435e-04,100
3387,Row-Update,mps2,-1.33762918,7.30259625e-05,100
3387,Hybrid,mixture2,-1.33755468,7.64265274e-05,100
3388,Metropolis,metropolis,-1.33660803,3.81016944e-04,100
3388,Row-Update,mps2,-1.33762916,7.35973619e-05,100
3388,Hybrid,mixture2,-1.33754566,7.80978517e-05,100
3389,Metropolis,metropolis,-1.33659122,3.81110186e-04,100
3389,Row-Update,mps2,-1.33764166,7.33351524e-05,100
3389,Hybrid,mixture2,-1.33753939,7.81035430e-05,100
3390,Metropolis,metropolis,-1.33659276,3.81146961e-04,100
3390,Row-Update,mps2,-1.33764258,7.23176437e-05,100
3390,Hybrid,mixture2,-1.33754510,7.90478309e-05,100
3391,Metropolis,metropolis,-1.33659685,3.81128745e-04,100
3391,Row-Update,mps2,-1.33764244,7.27428875e-05,100
3391,Hybrid,mixture2,-1.33756117,7.74305023e-05,100
3392,Metropolis,metropolis,-1.33659608,3.81061682e-04,100
3392,Row-Update,mps2,-1.33763161,7.39100956e-05,100
3392,Hybrid,mixture2,-1.33755960,7.76800755e-05,100
3393,Metropolis,metropolis,-1.33660039,3.80665255e-04,100
3393,Row-Update,mps2,-1.33764131,6.95680447e-05,100
3393,Hybrid,mixture2,-1.33755470,7.67662747e-05,100
3394,Metropolis,metropolis,-1.33659892,3.80572282e-04,100
3394,Row-Update,mps2,-1.33764058,7.07076635e-05,100
3394,Hybrid,mixture2,-1.33757077,7.65038837e-05,100
3395,Metropolis,metropolis,-1.33659882,3.81261616e-04,100
3395,Row-Update,mps2,-1.33764715,7.00818989e-05,100
3395,Hybrid,mixture2,-1.33755117,7.68757823e-05,100
3396,Metropolis,metropolis,-1.33660000,3.80722387e-04,100
3396,Row-Update,mps2,-1.33764702,6.97297462e-05,100
3396,Hybrid,mixture2,-1.33756861,7.59952556e-05,100
3397,Metropolis,metropolis,-1.33659404,3.80904411e-04,100
3397,Row-Update,mps2,-1.33764388,7.02825112e-05,100
3397,Hybrid,mixture2,-1.33756129,7.64143525e-05,100
3398,Metropolis,metropolis,-1.33659850,3.80922422e-04,100
3398,Row-Update,mps2,-1.33765073,7.07405138e-05,100
3398,Hybrid,mixture2,-1.33756125,7.75560359e-05,100
3399,Metropolis,metropolis,-1.33659620,3.81451077e-04,100
3399,Row-Update,mps2,-1.33764269,7.00878858e-05,100
3399,Hybrid,mixture2,-1.33755826,7.61937560e-05,100
3400,Metropolis,metropolis,-1.33660176,3.81153034e-04,100
3400,Row-Update,mps2,-1.33760886,8.07202978e-05,100
3400,Hybrid,mixture2,-1.33756370,7.66459581e-05,100
3401,Metropolis,metropolis,-1.33660038,3.80632037e-04,100
3401,Row-Update,mps2,-1.33762174,7.23900945e-05,100
3401,Hybrid,mixture2,-1.33755064,7.71376170e-05,100
3402,Metropolis,metropolis,-1.33659319,3.80850048e-04,100
3402,Row-Update,mps2,-1.33762815,7.29002509e-05,100
3402,Hybrid,mixture2,-1.33753964,7.87030140e-05,100
3403,Metropolis,metropolis,-1.33660180,3.81199389e-04,100
3403,Row-Update,mps2,-1.33762907,7.13698707e-05,100
3403,Hybrid,mixture2,-1.33754833,7.79522549e-05,100
3404,Metropolis,metropolis,-1.33659982,3.80635575e-04,100
3404,Row-Update,mps2,-1.33762958,7.53547006e-05,100
3404,Hybrid,mixture2,-1.33755163,7.82380198e-05,100
3405,Metropolis,metropolis,-1.33659699,3.80824283e-04,100
3405,Row-Update,mps2,-1.33764262,7.10059141e-05,100
3405,Hybrid,mixture2,-1.33754411,7.90790240e-05,100
3406,Metropolis,metropolis,-1.33659550,3.80426078e-04,100
3406,Row-Update,mps2,-1.33765014,7.08123192e-05,100
3406,Hybrid,mixture2,-1.33752268,8.06971507e-05,100
3407,Metropolis,metropolis,-1.33660256,3.80478478e-04,100
3407,Row-Update,mps2,-1.33765098,7.00019143e-05,100
3407,Hybrid,mixture2,-1.33755032,7.86220571e-05,100
3408,Metropolis,metropolis,-1.33660360,3.80806971e-04,100
3408,Row-Update,mps2,-1.33765039,6.94679036e-05,100
3408,Hybrid,mixture2,-1.33754708,7.83530746e-05,100
3409,Metropolis,metropolis,-1.33660341,3.80685266e-04,100
3409,Row-Update,mps2,-1.33762989,7.24929088e-05,100
3409,Hybrid,mixture2,-1.33755889,7.73436746e-05,100
3410,Metropolis,metropolis,-1.33659696,3.80693718e-04,100
3410,Row-Update,mps2,-1.33765001,7.01446065e-05,100
3410,Hybrid,mixture2,-1.33756413,7.64047782e-05,100
3411,Metropolis,metropolis,-1.33660291,3.80125747e-04,100
3411,Row-Update,mps2,-1.33763798,7.17214499e-05,100
3411,Hybrid,mixture2,-1.33755713,7.65231124e-05,100
3412,Metropolis,metropolis,-1.33659977,3.80870149e-04,100
3412,Row-Update,mps2,-1.33762780,7.45185464e-05,100
3412,Hybrid,mixture2,-1.33754160,7.68184528e-05,100
3413,Metropolis,metropolis,-1.33660173,3.80596422e-04,100
3413,Row-Update,mps2,-1.33764393,7.00586046e-05,100
3413,Hybrid,mixture2,-1.33755074,7.67677086e-05,100
3414,Metropolis,metropolis,-1.33659872,3.80502048e-04,100
3414,Row-Update,mps2,-1.33763647,6.99035290e-05,100
3414,Hybrid,mixture2,-1.33755655,7.77142528e-05,100
3415,Metropolis,metropolis,-1.33660238,3.80643171e-04,100
3415,Row-Update,mps2,-1.33763389,7.05740494e-05,100
3415,Hybrid,mixture2,-1.33755122,7.71773379e-05,100
3416,Metropolis,metropolis,-1.33661871,3.81781365e-04,100
3416,Row-Update,mps2,-1.33763146,7.17034146e-05,100
3416,Hybrid,mixture2,-1.33754941,7.76647687e-05,100
3417,Metropolis,metropolis,-1.33660545,3.80970251e-04,100
3417,Row-Update,mps2,-1.33762367,7.04249728e-05,100
3417,Hybrid,mixture2,-1.33753505,7.85578522e-05,100
3418,Metropolis,metropolis,-1.33659861,3.80765272e-04,100
3418,Row-Update,mps2,-1.33763850,6.85929389e-05,100
3418,Hybrid,mixture2,-1.33755484,7.68376430e-05,100
3419,Metropolis,metropolis,-1.33659170,3.80498396e-04,100
3419,Row-Update,mps2,-1.33764982,6.83820155e-05,100
3419,Hybrid,mixture2,-1.33752672,7.89613052e-05,100
3420,Metropolis,metropolis,-1.33660055,3.81214552e-04,100
3420,Row-Update,mps2,-1.33764714,6.83688138e-05,100
3420,Hybrid,mixture2,-1.33754354,7.85909028e-05,100
3421,Metropolis,metropolis,-1.33659052,3.81365249e-04,100
3421,Row-Update,mps2,-1.33764791,6.93907087e-05,100
3421,Hybrid,mixture2,-1.33754068,7.86976070e-05,100
3422,Metropolis,metropolis,-1.33660181,3.80820541e-04,100
3422,Row-Update,mps2,-1.33764205,6.92129595e-05,100
3422,Hybrid,mixture2,-1.33755028,7.80740275e-05,100
3423,Metropolis,metropolis,-1.33660287,3.80833590e-04,100
3423,Row-Update,mps2,-1.33763365,6.90585362e-05,100
3423,Hybrid,mixture2,-1.33753730,7.91989909e-05,100
3424,Metropolis,metropolis,-1.33659940,3.81405204e-04,100
3424,Row-Update,mps2,-1.33762700,7.20925590e-05,100
3424,Hybrid,mixture2,-1.33754284,7.91340196e-05,100
3425,Metropolis,metropolis,-1.33660318,3.80822554e-04,100
3425,Row-Update,mps2,-1.33761990,7.65670031e-05,100
3425,Hybrid,mixture2,-1.33754827,7.77701113e-05,100
3426,Metropolis,metropolis,-1.33660118,3.81182161e-04,100
3426,Row-Update,mps2,-1.33762719,7.38982289e-05,100
3426,Hybrid,mixture2,-1.33754130,7.86927191e-05,100
3427,Metropolis,metropolis,-1.33660295,3.81590507e-04,100
3427,Row-Update,mps2,-1.33763436,7.13319450e-05,100
3427,Hybrid,mixture2,-1.33754328,7.83027525e-05,100
3428,Metropolis,metropolis,-1.33660730,3.80753923e-04,100
3428,Row-Update,mps2,-1.33763412,7.27881334e-05,100
3428,Hybrid,mixture2,-1.33755410,7.68338994e-05,100
3429,Metropolis,metropolis,-1.33659968,3.81347675e-04,100
3429,Row-Update,mps2,-1.33762831,7.29525055e-05,100
3429,Hybrid,mixture2,-1.33755163,7.78677129e-05,100
3430,Metropolis,metropolis,-1.33659902,3.81447994e-04,100
3430,Row-Update,mps2,-1.33764086,7.14186209e-05,100
3430,Hybrid,mixture2,-1.33755875,7.68976953e-05,100
3431,Metropolis,metropolis,-1.33659804,3.81298276e-04,100
3431,Row-Update,mps2,-1.33764083,7.09543927e-05,100
3431,Hybrid,mixture2,-1.33755799,7.72404321e-05,100
3432,Metropolis,metropolis,-1.33659889,3.81510467e-04,100
3432,Row-Update,mps2,-1.33763416,7.14290786e-05,100
3432,Hybrid,mixture2,-1.33755554,7.63593588e-05,100
3433,Metropolis,metropolis,-1.33659727,3.80868470e-04,100
3433,Row-Update,mps2,-1.33763544,7.15329668e-05,100
3433,Hybrid,mixture2,-1.33755587,7.84096895e-05,100
3434,Metropolis,metropolis,-1.33660706,3.80842777e-04,100
3434,Row-Update,mps2,-1.33764066,7.08199869e-05,100
3434,Hybrid,mixture2,-1.33756471,7.78362616e-05,100
3435,Metropolis,metropolis,-1.33660476,3.81420870e-04,100
3435,Row-Update,mps2,-1.33762917,7.30700659e-05,100
3435,Hybrid,mixture2,-1.33755420,7.74618316e-05,100
3436,Metropolis,metropolis,-1.33660778,3.80321125e-04,100
3436,Row-Update,mps2,-1.33762798,7.29870155e-05,100
3436,Hybrid,mixture2,-1.33755768,7.79812684e-05,100
3437,Metropolis,metropolis,-1.33660892,3.81077579e-04,100
3437,Row-Update,mps2,-1.33761774,7.16928756e-05,100
3437,Hybrid,mixture2,-1.33755661,7.80058789e-05,100
3438,Metropolis,metropolis,-1.33661053,3.80878267e-04,100
3438,Row-Update,mps2,-1.33763244,7.06421667e-05,100
3438,Hybrid,mixture2,-1.33755457,7.71846012e-05,100
3439,Metropolis,metropolis,-1.33660358,3.81192667e-04,100
3439,Row-Update,mps2,-1.33759548,8.67175025e-05,100
3439,Hybrid,mixture2,-1.33755149,8.09279842e-05,100
3440,Metropolis,metropolis,-1.33660591,3.80687546e-04,100
3440,Row-Update,mps2,-1.33760585,7.73106705e-05,100
3440,Hybrid,mixture2,-1.33755226,7.75627590e-05,100
3441,Metropolis,metropolis,-1.33660855,3.80753017e-04,100
3441,Row-Update,mps2,-1.33762617,7.39321032e-05,100
3441,Hybrid,mixture2,-1.33754999,7.89419171e-05,100
3442,Metropolis,metropolis,-1.33660314,3.80917075e-04,100
3442,Row-Update,mps2,-1.33763013,7.21372180e-05,100
3442,Hybrid,mixture2,-1.33755114,7.64407134e-05,100
3443,Metropolis,metropolis,-1.33659888,3.81397742e-04,100
3443,Row-Update,mps2,-1.33763451,6.97823411e-05,100
3443,Hybrid,mixture2,-1.33755437,7.78691026e-05,100
3444,Metropolis,metropolis,-1.33660720,3.81366837e-04,100
3444,Row-Update,mps2,-1.33764135,7.00740850e-05,100
3444,Hybrid,mixture2,-1.33754209,7.71835540e-05,100
3445,Metropolis,metropolis,-1.33660295,3.81010773e-04,100
3445,Row-Update,mps2,-1.33763553,7.02068457e-05,100
3445,Hybrid,mixture2,-1.33755599,7.83462456e-05,100
3446,Metropolis,metropolis,-1.33660243,3.80531574e-04,100
3446,Row-Update,mps2,-1.33763075,7.08701390e-05,100
3446,Hybrid,mixture2,-1.33754522,7.89242873e-05,100
3447,Metropolis,metropolis,-1.33661033,3.81281186e-04,100
3447,Row-Update,mps2,-1.33763475,7.53316172e-05,100
3447,Hybrid,mixture2,-1.33755021,8.02656217e-05,100
3448,Metropolis,metropolis,-1.33660108,3.81253604e-04,100
3448,Row-Update,mps2,-1.33763193,7.25216283e-05,100
3448,Hybrid,mixture2,-1.33754527,7.97579363e-05,100
3449,Metropolis,metropolis,-1.33660926,3.80660349e-04,100
3449,Row-Update,mps2,-1.33764302,7.05620288e-05,100
3449,Hybrid,mixture2,-1.33755405,7.96265040e-05,100
3450,Metropolis,metropolis,-1.33660538,3.81105255e-04,100
3450,Row-Update,mps2,-1.33763754,7.12162884e-05,100
3450,Hybrid,mixture2,-1.33754803,7.90557279e-05,100
3451,Metropolis,metropolis,-1.33660874,3.81275084e-04,100
3451,Row-Update,mps2,-1.33763731,7.07604206e-05,100
3451,Hybrid,mixture2,-1.33755160,7.71183443e-05,100
3452,Metropolis,metropolis,-1.33659997,3.80876661e-04,100
3452,Row-Update,mps2,-1.33765266,6.84235349e-05,100
3452,Hybrid,mixture2,-1.33756658,7.66619455e-05,100
3453,Metropolis,metropolis,-1.33661090,3.81138499e-04,100
3453,Row-Update,mps2,-1.33764925,6.93671148e-05,100
3453,Hybrid,mixture2,-1.33756144,7.78520388e-05,100
3454,Metropolis,metropolis,-1.33660501,3.81210756e-04,100
3454,Row-Update,mps2,-1.33765186,7.03042589e-05,100
3454,Hybrid,mixture2,-1.33755855,7.71553885e-05,100
3455,Metropolis,metropolis,-1.33661342,3.81207876e-04,100
3455,Row-Update,mps2,-1.33764627,7.17791229e-05,100
3455,Hybrid,mixture2,-1.33756022,7.69409715e-05,100
3456,Metropolis,metropolis,-1.33660637,3.80953130e-04,100
3456,Row-Update,mps2,-1.33764462,7.07245320e-05,100
3456,Hybrid,mixture2,-1.33756078,7.71814022e-05,100
3457,Metropolis,metropolis,-1.33661147,3.80824893e-04,100
3457,Row-Update,mps2,-1.33764566,7.08952711e-05,100
3457,Hybrid,mixture2,-1.33756535,7.73043755e-05,100
3458,Metropolis,metropolis,-1.33660717,3.81461932e-04,100
3458,Row-Update,mps2,-1.33765399,6.68718503e-05,100
3458,Hybrid,mixture2,-1.33756849,7.75186597e-05,100
3459,Metropolis,metropolis,-1.33659775,3.81027257e-04,100
3459,Row-Update,mps2,-1.33764930,6.97783455e-05,100
3459,Hybrid,mixture2,-1.33756608,7.76997998e-05,100
3460,Metropolis,metropolis,-1.33659908,3.81287000e-04,100
3460,Row-Update,mps2,-1.33765068,6.82935287e-05,100
3460,Hybrid,mixture2,-1.33756324,7.68642552e-05,100
3461,Metropolis,metropolis,-1.33660009,3.81054187e-04,100
3461,Row-Update,mps2,-1.33763846,7.06762482e-05,100
3461,Hybrid,mixture2,-1.33755802,7.80875313e-05,100
3462,Metropolis,metropolis,-1.33660793,3.80914393e-04,100
3462,Row-Update,mps2,-1.33763394,7.12956549e-05,100
3462,Hybrid,mixture2,-1.33756308,7.65578225e-05,100
3463,Metropolis,metropolis,-1.33661000,3.81066059e-04,100
3463,Row-Update,mps2,-1.33763489,7.21818468e-05,100
3463,Hybrid,mixture2,-1.33755903,7.81557533e-05,100
3464,Metropolis,metropolis,-1.33659852,3.81000491e-04,100
3464,Row-Update,mps2,-1.33763431,7.24024273e-05,100
3464,Hybrid,mixture2,-1.33755487,7.68888428e-05,100
3465,Metropolis,metropolis,-1.33660893,3.81366260e-04,100
3465,Row-Update,mps2,-1.33763721,7.13951986e-05,100
3465,Hybrid,mixture2,-1.33756695,7.70290663e-05,100
3466,Metropolis,metropolis,-1.33660420,3.80919186e-04,100
3466,Row-Update,mps2,-1.33763360,7.44695388e-05,100
3466,Hybrid,mixture2,-1.33756397,7.66264189e-05,100
3467,Metropolis,metropolis,-1.33660608,3.81487065e-04,100
3467,Row-Update,mps2,-1.33763468,7.15384367e-05,100
3467,Hybrid,mixture2,-1.33754994,7.85881952e-05,100
3468,Metropolis,metropolis,-1.33659685,3.81035028e-04,100
3468,Row-Update,mps2,-1.33764336,7.16766313e-05,100
3468,Hybrid,mixture2,-1.33754572,7.80969014e-05,100
3469,Metropolis,metropolis,-1.33659996,3.80808171e-04,100
3469,Row-Update,mps2,-1.33762858,7.24832349e-05,100
3469,Hybrid,mixture2,-1.33753530,8.06658201e-05,100
3470,Metropolis,metropolis,-1.33660999,3.80857460e-04,100
3470,Row-Update,mps2,-1.33764443,7.19745405e-05,100
3470,Hybrid,mixture2,-1.33754917,7.78117104e-05,100
3471,Metropolis,metropolis,-1.33659061,3.80915691e-04,100
3471,Row-Update,mps2,-1.33763133,7.38811499e-05,100
3471,Hybrid,mixture2,-1.33755413,7.86079621e-05,100
3472,Metropolis,metropolis,-1.33659860,3.80888472e-04,100
3472,Row-Update,mps2,-1.33763728,7.42976181e-05,100
3472,Hybrid,mixture2,-1.33755094,7.64773291e-05,100
3473,Metropolis,metropolis,-1.33660363,3.81115859e-04,100
3473,Row-Update,mps2,-1.33763167,7.30038604e-05,100
3473,Hybrid,mixture2,-1.33755239,7.61407870e-05,100
3474,Metropolis,metropolis,-1.33660715,3.81177130e-04,100
3474,Row-Update,mps2,-1.33762072,7.59081536e-05,100
3474,Hybrid,mixture2,-1.33756347,7.58952398e-05,100
3475,Metropolis,metropolis,-1.33660491,3.80753303e-04,100
3475,Row-Update,mps2,-1.33764727,6.96683546e-05,100
3475,Hybrid,mixture2,-1.33754574,7.66722860e-05,100
3476,Metropolis,metropolis,-1.33660541,3.80468885e-04,100
3476,Row-Update,mps2,-1.33762727,7.47019257e-05,100
3476,Hybrid,mixture2,-1.33754334,7.73561728e-05,100
3477,Metropolis,metropolis,-1.33660482,3.80810181e-04,100
3477,Row-Update,mps2,-1.33764693,7.12656375e-05,100
3477,Hybrid,mixture2,-1.33754196,7.78528843e-05,100
3478,Metropolis,metropolis,-1.33660626,3.80655245e-04,100
3478,Row-Update,mps2,-1.33764805,7.06634480e-05,100
3478,Hybrid,mixture2,-1.33755504,7.73348694e-05,100
3479,Metropolis,metropolis,-1.33659938,3.81143669e-04,100
3479,Row-Update,mps2,-1.33762972,7.27349519e-05,100
3479,Hybrid,mixture2,-1.33755496,7.71046625e-05,100
3480,Metropolis,metropolis,-1.33661182,3.81078827e-04,100
3480,Row-Update,mps2,-1.33764643,7.07883117e-05,100
3480,Hybrid,mixture2,-1.33755273,7.71624308e-05,100
3481,Metropolis,metropolis,-1.33661088,3.81072171e-04,100
3481,Row-Update,mps2,-1.33764337,7.11135183e-05,100
3481,Hybrid,mixture2,-1.33755975,7.72981340e-05,100
3482,Metropolis,metropolis,-1.33660739,3.81022430e-04,100
3482,Row-Update,mps2,-1.33764237,7.14108701e-05,100
3482,Hybrid,mixture2,-1.33756388,7.66372804e-05,100
3483,Metropolis,metropolis,-1.33660384,3.81056262e-04,100
3483,Row-Update,mps2,-1.33762624,7.33393286e-05,100
3483,Hybrid,mixture2,-1.33756984,7.77127677e-05,100
3484,Metropolis,metropolis,-1.33661554,3.80603587e-04,100
3484,Row-Update,mps2,-1.33764755,7.07365822e-05,100
3484,Hybrid,mixture2,-1.33756058,7.76414173e-05,100
3485,Metropolis,metropolis,-1.33661030,3.81030338e-04,100
3485,Row-Update,mps2,-1.33764803,7.14532109e-05,100
3485,Hybrid,mixture2,-1.33756701,7.66262632e-05,100
3486,Metropolis,metropolis,-1.33659768,3.81116720e-04,100
3486,Row-Update,mps2,-1.33765256,7.14262722e-05,100
3486,Hybrid,mixture2,-1.33755641,7.77026250e-05,100
3487,Metropolis,metropolis,-1.33660368,3.80845252e-04,100
3487,Row-Update,mps2,-1.33764377,7.06807956e-05,100
3487,Hybrid,mixture2,-1.33756280,7.72235480e-05,100
3488,Metropolis,metropolis,-1.33660346,3.80815792e-04,100
3488,Row-Update,mps2,-1.33763051,7.30392750e-05,100
3488,Hybrid,mixture2,-1.33756041,7.64284875e-05,100
3489,Metropolis,metropolis,-1.33659862,3.81060997e-04,100
3489,Row-Update,mps2,-1.33765576,7.15513851e-05,100
3489,Hybrid,mixture2,-1.33755519,7.71156721e-05,100
3490,Metropolis,metropolis,-1.33659558,3.81525767e-04,100
3490,Row-Update,mps2,-1.33764207,7.16588020e-05,100
3490,Hybrid,mixture2,-1.33756821,7.66220940e-05,100
3491,Metropolis,metropolis,-1.33659627,3.80790107e-04,100
3491,Row-Update,mps2,-1.33762620,7.35172506e-05,100
3491,Hybrid,mixture2,-1.33756012,7.75930498e-05,100
3492,Metropolis,metropolis,-1.33659451,3.81036438e-04,100
3492,Row-Update,mps2,-1.33765106,7.01294083e-05,100
3492,Hybrid,mixture2,-1.33757123,7.63313756e-05,100
3493,Metropolis,metropolis,-1.33660370,3.81318030e-04,100
3493,Row-Update,mps2,-1.33765229,7.17269387e-05,100
3493,Hybrid,mixture2,-1.33756032,7.69808297e-05,100
3494,Metropolis,metropolis,-1.33660889,3.80699530e-04,100
3494,Row-Update,mps2,-1.33765601,6.99814835e-05,100
3494,Hybrid,mixture2,-1.33756458,7.88351491e-05,100
3495,Metropolis,metropolis,-1.33660475,3.80824683e-04,100
3495,Row-Update,mps2,-1.33765679,7.17353793e-05,100
3495,Hybrid,mixture2,-1.33756996,7.69753313e-05,100
3496,Metropolis,metropolis,-1.33660708,3.81245145e-04,100
3496,Row-Update,mps2,-1.33764606,7.09370449e-05,100
3496,Hybrid,mixture2,-1.33756324,7.66945715e-05,100
3497,Metropolis,metropolis,-1.33660562,3.80643069e-04,100
3497,Row-Update,mps2,-1.33765870,7.00866733e-05,100
3497,Hybrid,mixture2,-1.33756212,7.66991938e-05,100
3498,Metropolis,metropolis,-1.33660890,3.81298852e-04,100
3498,Row-Update,mps2,-1.33765773,6.94191865e-05,100
3498,Hybrid,mixture2,-1.33756589,7.69253073e-05,100
3499,Metropolis,metropolis,-1.33660723,3.80601817e-04,100
3499,Row-Update,mps2,-1.33764483,7.00529226e-05,100
3499,Hybrid,mixture2,-1.33756986,7.67430340e-05,100
3500,Metropolis,metropolis,-1.33660384,3.80428656e-04,100
3500,Row-Update,mps2,-1.33764583,7.04039076e-05,100
3500,Hybrid,mixture2,-1.33756357,7.61704114e-05,100
3501,Metropolis,metropolis,-1.33660870,3.80724500e-04,100
3501,Row-Update,mps2,-1.33764815,7.03614725e-05,100
3501,Hybrid,mixture2,-1.33757427,7.71643803e-05,100
3502,Metropolis,metropolis,-1.33660966,3.80737475e-04,100
3502,Row-Update,mps2,-1.33762792,7.30119499e-05,100
3502,Hybrid,mixture2,-1.33756737,7.66218006e-05,100
3503,Metropolis,metropolis,-1.33661078,3.80910786e-04,100
3503,Row-Update,mps2,-1.33764701,6.95865021e-05,100
3503,Hybrid,mixture2,-1.33757289,7.59652440e-05,100
3504,Metropolis,metropolis,-1.33660623,3.80988400e-04,100
3504,Row-Update,mps2,-1.33764443,6.85609299e-05,100
3504,Hybrid,mixture2,-1.33756386,7.59954005e-05,100
3505,Metropolis,metropolis,-1.33660224,3.80922989e-04,100
3505,Row-Update,mps2,-1.33763909,6.96328277e-05,100
3505,Hybrid,mixture2,-1.33755150,7.72787725e-05,100
3506,Metropolis,metropolis,-1.33660637,3.81027306e-04,100
3506,Row-Update,mps2,-1.33765892,6.87749282e-05,100
3506,Hybrid,mixture2,-1.33756509,7.80209447e-05,100
3507,Metropolis,metropolis,-1.33660225,3.80775032e-04,100
3507,Row-Update,mps2,-1.33765241,7.05352334e-05,100
3507,Hybrid,mixture2,-1.33755978,7.80467969e-05,100
3508,Metropolis,metropolis,-1.33661077,3.80769685e-04,100
3508,Row-Update,mps2,-1.33764250,6.97814927e-05,100
3508,Hybrid,mixture2,-1.33756825,7.75401743e-05,100
3509,Metropolis,metropolis,-1.33661320,3.81532102e-04,100
3509,Row-Update,mps2,-1.33765313,7.01652944e-05,100
3509,Hybrid,mixture2,-1.33755948,7.70914336e-05,100
3510,Metropolis,metropolis,-1.33660675,3.81069859e-04,100
3510,Row-Update,mps2,-1.33763531,7.27391823e-05,100
3510,Hybrid,mixture2,-1.33756296,7.79951691e-05,100
3511,Metropolis,metropolis,-1.33661633,3.81072895e-04,100
3511,Row-Update,mps2,-1.33763994,7.04711131e-05,100
3511,Hybrid,mixture2,-1.33756805,7.71549471e-05,100
3512,Metropolis,metropolis,-1.33661587,3.80750388e-04,100
3512,Row-Update,mps2,-1.33764587,7.05160672e-05,100
3512,Hybrid,mixture2,-1.33757113,7.70498632e-05,100
3513,Metropolis,metropolis,-1.33661295,3.80741256e-04,100
3513,Row-Update,mps2,-1.33765415,7.10257820e-05,100
3513,Hybrid,mixture2,-1.33755612,7.87699971e-05,100
3514,Metropolis,metropolis,-1.33661469,3.81282403e-04,100
3514,Row-Update,mps2,-1.33764953,7.04559261e-05,100
3514,Hybrid,mixture2,-1.33756183,7.88998979e-05,100
3515,Metropolis,metropolis,-1.33661285,3.80802374e-04,100
3515,Row-Update,mps2,-1.33764265,6.96312849e-05,100
3515,Hybrid,mixture2,-1.33755937,7.80547535e-05,100
3516,Metropolis,metropolis,-1.33661720,3.81132583e-04,100
3516,Row-Update,mps2,-1.33765357,6.98675328e-05,100
3516,Hybrid,mixture2,-1.33755551,7.93997056e-05,100
3517,Metropolis,metropolis,-1.33660882,3.80984376e-04,100
3517,Row-Update,mps2,-1.33764986,7.01646305e-05,100
3517,Hybrid,mixture2,-1.33755506,7.76519734e-05,100
3518,Metropolis,metropolis,-1.33661451,3.80575206e-04,100
3518,Row-Update,mps2,-1.33763893,7.20382266e-05,100
3518,Hybrid,mixture2,-1.33755652,7.75933032e-05,100
3519,Metropolis,metropolis,-1.33661255,3.80737125e-04,100
3519,Row-Update,mps2,-1.33763832,7.44666764e-05,100
3519,Hybrid,mixture2,-1.33755258,7.68396718e-05,100
3520,Metropolis,metropolis,-1.33661730,3.81303911e-04,100
3520,Row-Update,mps2,-1.33765791,7.01205149e-05,100
3520,Hybrid,mixture2,-1.33755891,7.65873502e-05,100
3521,Metropolis,metropolis,-1.33662301,3.80854532e-04,100
3521,Row-Update,mps2,-1.33766051,7.09674619e-05,100
3521,Hybrid,mixture2,-1.33756106,7.68833445e-05,100
3522,Metropolis,metropolis,-1.33662380,3.80733614e-04,100
3522,Row-Update,mps2,-1.33765179,7.12486214e-05,100
3522,Hybrid,mixture2,-1.33757868,7.59558843e-05,100
3523,Metropolis,metropolis,-1.33661513,3.80853053e-04,100
3523,Row-Update,mps2,-1.33765701,7.02336984e-05,100
3523,Hybrid,mixture2,-1.33757253,7.72042953e-05,100
3524,Metropolis,metropolis,-1.33661851,3.80846298e-04,100
3524,Row-Update,mps2,-1.33765455,6.96773432e-05,100
3524,Hybrid,mixture2,-1.33755683,7.76351538e-05,100
3525,Metropolis,metropolis,-1.33660795,3.80857856e-04,100
3525,Row-Update,mps2,-1.33765593,7.02717708e-05,100
3525,Hybrid,mixture2,-1.33756517,7.59613449e-05,100
3526,Metropolis,metropolis,-1.33661338,3.80961639e-04,100
3526,Row-Update,mps2,-1.33766659,6.80000394e-05,100
3526,Hybrid,mixture2,-1.33757064,7.78350210e-05,100
3527,Metropolis,metropolis,-1.33660898,3.81134278e-04,100
3527,Row-Update,mps2,-1.33766099,6.93375614e-05,100
3527,Hybrid,mixture2,-1.33757151,7.64220528e-05,100
3528,Metropolis,metropolis,-1.33660851,3.80772967e-04,100
3528,Row-Update,mps2,-1.33766255,6.92031771e-05,100
3528,Hybrid,mixture2,-1.33757725,7.63946648e-05,100
3529,Metropolis,metropolis,-1.33660311,3.81514259e-04,100
3529,Row-Update,mps2,-1.33765486,6.95756805e-05,100
3529,Hybrid,mixture2,-1.33757484,7.59329147e-05,100
3530,Metropolis,metropolis,-1.33661273,3.81147278e-04,100
3530,Row-Update,mps2,-1.33766293,6.88162166e-05,100
3530,Hybrid,mixture2,-1.33756752,7.60700612e-05,100
3531,Metropolis,metropolis,-1.33660891,3.81061039e-04,100
3531,Row-Update,mps2,-1.33766656,6.74478747e-05,100
3531,Hybrid,mixture2,-1.33756160,7.80357263e-05,100
3532,Metropolis,metropolis,-1.33661910,3.80797181e-04,100
3532,Row-Update,mps2,-1.33766612,6.80108127e-05,100
3532,Hybrid,mixture2,-1.33757669,7.73238556e-05,100
3533,Metropolis,metropolis,-1.33661004,3.80833378e-04,100
3533,Row-Update,mps2,-1.33766217,6.99952840e-05,100
3533,Hybrid,mixture2,-1.33757075,7.61695786e-05,100
3534,Metropolis,metropolis,-1.33660824,3.81433053e-04,100
3534,Row-Update,mps2,-1.33766844,6.81915284e-05,100
3534,Hybrid,mixture2,-1.33757599,7.64121130e-05,100
3535,Metropolis,metropolis,-1.33661061,3.80860443e-04,100
3535,Row-Update,mps2,-1.33765176,6.95452648e-05,100
3535,Hybrid,mixture2,-1.33756721,7.70604135e-05,100
3536,Metropolis,metropolis,-1.33660867,3.81069643e-04,100
3536,Row-Update,mps2,-1.33766056,6.89691134e-05,100
3536,Hybrid,mixture2,-1.33757149,7.76037677e-05,100
3537,Metropolis,metropolis,-1.33660980,3.80840887e-04,100
3537,Row-Update,mps2,-1.33764339,6.94008954e-05,100
3537,Hybrid,mixture2,-1.33756639,7.73852499e-05,100
3538,Metropolis,metropolis,-1.33660320,3.81110049e-04,100
3538,Row-Update,mps2,-1.33765961,6.88457031e-05,100
3538,Hybrid,mixture2,-1.33757150,7.64110813e-05,100
3539,Metropolis,metropolis,-1.33660844,3.81296508e-04,100
3539,Row-Update,mps2,-1.33766380,6.85803026e-05,100
3539,Hybrid,mixture2,-1.33755846,7.70486014e-05,100
3540,Metropolis,metropolis,-1.33660703,3.81390398e-04,100
3540,Row-Update,mps2,-1.33765825,6.89467861e-05,100
3540,Hybrid,mixture2,-1.33756682,7.68606160e-05,100
3541,Metropolis,metropolis,-1.33661385,3.81273656e-04,100
3541,Row-Update,mps2,-1.33765270,6.85089409e-05,100
3541,Hybrid,mixture2,-1.33756097,7.70376819e-05,100
3542,Metropolis,metropolis,-1.33660602,3.81242335e-04,100
3542,Row-Update,mps2,-1.33765576,7.04455360e-05,100
3542,Hybrid,mixture2,-1.33756120,7.58624103e-05,100
3543,Metropolis,metropolis,-1.33660950,3.81050888e-04,100
3543,Row-Update,mps2,-1.33765308,7.04507914e-05,100
3543,Hybrid,mixture2,-1.33756039,7.65580649e-05,100
3544,Metropolis,metropolis,-1.33661436,3.80814345e-04,100
3544,Row-Update,mps2,-1.33765176,6.97932173e-05,100
3544,Hybrid,mixture2,-1.33756989,7.63546972e-05,100
3545,Metropolis,metropolis,-1.33660433,3.81007339e-04,100
3545,Row-Update,mps2,-1.33765863,6.94900104e-05,100
3545,Hybrid,mixture2,-1.33757090,7.60594402e-05,100
3546,Metropolis,metropolis,-1.33660377,3.80833561e-04,100
3546,Row-Update,mps2,-1.33764483,6.96133635e-05,100
3546,Hybrid,mixture2,-1.33757948,7.62177373e-05,100
3547,Metropolis,metropolis,-1.33660323,3.80931221e-04,100
3547,Row-Update,mps2,-1.33766008,6.85169523e-05,100
3547,Hybrid,mixture2,-1.33755529,7.72846078e-05,100
3548,Metropolis,metropolis,-1.33660945,3.80795353e-04,100
3548,Row-Update,mps2,-1.33765482,6.91810842e-05,100
3548,Hybrid,mixture2,-1.33757250,7.60768449e-05,100
3549,Metropolis,metropolis,-1.33661334,3.81017802e-04,100
3549,Row-Update,mps2,-1.33765209,7.00193559e-05,100
3549,Hybrid,mixture2,-1.33754681,7.79639587e-05,100
3550,Metropolis,metropolis,-1.33660487,3.80703276e-04,100
3550,Row-Update,mps2,-1.33765755,6.98160239e-05,100
3550,Hybrid,mixture2,-1.33755194,7.81813152e-05,100
3551,Metropolis,metropolis,-1.33661673,3.81111397e-04,100
3551,Row-Update,mps2,-1.33765992,6.89593853e-05,100
3551,Hybrid,mixture2,-1.33756309,7.65562593e-05,100
3552,Metropolis,metropolis,-1.33660791,3.81132898e-04,100
3552,Row-Update,mps2,-1.33765319,6.91545956e-05,100
3552,Hybrid,mixture2,-1.33756508,7.61820383e-05,100
3553,Metropolis,metropolis,-1.33660781,3.81176864e-04,100
3553,Row-Update,mps2,-1.33765312,6.95756029e-05,100
3553,Hybrid,mixture2,-1.33757302,7.58873138e-05,100
3554,Metropolis,metropolis,-1.33660962,3.80546019e-04,100
3554,Row-Update,mps2,-1.33766200,6.98618677e-05,100
3554,Hybrid,mixture2,-1.33757536,7.55136430e-05,100
3555,Metropolis,metropolis,-1.33661280,3.80904726e-04,100
3555,Row-Update,mps2,-1.33765878,7.06820452e-05,100
3555,Hybrid,mixture2,-1.33758607,7.54770051e-05,100
3556,Metropolis,metropolis,-1.33661513,3.81284402e-04,100
3556,Row-Update,mps2,-1.33765840,7.21349016e-05,100
3556,Hybrid,mixture2,-1.33755894,7.70572215e-05,100
3557,Metropolis,metropolis,-1.33661357,3.80999818e-04,100
3557,Row-Update,mps2,-1.33765539,7.13882075e-05,100
3557,Hybrid,mixture2,-1.33757188,7.58612138e-05,100
3558,Metropolis,metropolis,-1.33660183,3.80493410e-04,100
3558,Row-Update,mps2,-1.33766154,6.98955459e-05,100
3558,Hybrid,mixture2,-1.33756614,7.72852319e-05,100
3559,Metropolis,metropolis,-1.33660896,3.80899227e-04,100
3559,Row-Update,mps2,-1.33765972,7.02800931e-05,100
3559,Hybrid,mixture2,-1.33757445,7.71260263e-05,100
3560,Metropolis,metropolis,-1.33660739,3.81062662e-04,100
3560,Row-Update,mps2,-1.33765908,6.92132792e-05,100
3560,Hybrid,mixture2,-1.33757359,7.70888101e-05,100
3561,Metropolis,metropolis,-1.33660445,3.81042053e-04,100
3561,Row-Update,mps2,-1.33765562,6.86090954e-05,100
3561,Hybrid,mixture2,-1.33757988,7.56912330e-05,100
3562,Metropolis,metropolis,-1.33660552,3.80727076e-04,100
3562,Row-Update,mps2,-1.33766054,6.73263467e-05,100
3562,Hybrid,mixture2,-1.33757046,7.64483251e-05,100
3563,Metropolis,metropolis,-1.33660367,3.81004591e-04,100
3563,Row-Update,mps2,-1.33766632,6.72291370e-05,100
3563,Hybrid,mixture2,-1.33757366,7.63068158e-05,100
3564,Metropolis,metropolis,-1.33661616,3.80881600e-04,100
3564,Row-Update,mps2,-1.33766514,6.93727784e-05,100
3564,Hybrid,mixture2,-1.33757237,7.80599759e-05,100
3565,Metropolis,metropolis,-1.33661006,3.81103056e-04,100
3565,Row-Update,mps2,-1.33762892,7.86858394e-05,100
3565,Hybrid,mixture2,-1.33757457,7.75257629e-05,100
3566,Metropolis,metropolis,-1.33659738,3.81275489e-04,100
3566,Row-Update,mps2,-1.33764030,7.40614474e-05,100
3566,Hybrid,mixture2,-1.33757709,7.59950006e-05,100
3567,Metropolis,metropolis,-1.33660578,3.80986292e-04,100
3567,Row-Update,mps2,-1.33765035,7.14849524e-05,100
3567,Hybrid,mixture2,-1.33757583,7.64144882e-05,100
3568,Metropolis,metropolis,-1.33660497,3.80816313e-04,100
3568,Row-Update,mps2,-1.33764163,7.04205606e-05,100
3568,Hybrid,mixture2,-1.33755520,7.95990540e-05,100
3569,Metropolis,metropolis,-1.33660375,3.81402351e-04,100
3569,Row-Update,mps2,-1.33764956,7.01270257e-05,100
3569,Hybrid,mixture2,-1.33756370,7.79846724e-05,100
3570,Metropolis,metropolis,-1.33660357,3.80790766e-04,100
3570,Row-Update,mps2,-1.33765723,6.96828583e-05,100
3570,Hybrid,mixture2,-1.33756445,7.73746909e-05,100
3571,Metropolis,metropolis,-1.33660708,3.80940645e-04,100
3571,Row-Update,mps2,-1.33766935,6.82465517e-05,100
3571,Hybrid,mixture2,-1.33757559,7.52070561e-05,100
3572,Metropolis,metropolis,-1.33660702,3.80818744e-04,100
3572,Row-Update,mps2,-1.33766027,6.91917480e-05,100
3572,Hybrid,mixture2,-1.33756148,7.76271777e-05,100
3573,Metropolis,metropolis,-1.33660566,3.80914975e-04,100
3573,Row-Update,mps2,-1.33765191,6.99812252e-05,100
3573,Hybrid,mixture2,-1.33756827,7.63526566e-05,100
3574,Metropolis,metropolis,-1.33659741,3.81529070e-04,100
3574,Row-Update,mps2,-1.33765580,7.12250691e-05,100
3574,Hybrid,mixture2,-1.33757484,7.68901383e-05,100
3575,Metropolis,metropolis,-1.33659290,3.81341860e-04,100
3575,Row-Update,mps2,-1.33764869,7.13488289e-05,100
3575,Hybrid,mixture2,-1.33758921,7.62942254e-05,100
3576,Metropolis,metropolis,-1.33659739,3.81211758e-04,100
3576,Row-Update,mps2,-1.33764609,6.88757041e-05,100
3576,Hybrid,mixture2,-1.33758312,7.62986433e-05,100
3577,Metropolis,metropolis,-1.33659131,3.81356702e-04,100
3577,Row-Update,mps2,-1.33764290,6.84586957e-05,100
3577,Hybrid,mixture2,-1.33757752,7.67409428e-05,100
3578,Metropolis,metropolis,-1.33659477,3.81074241e-04,100
3578,Row-Update,mps2,-1.33761864,8.16334665e-05,100
3578,Hybrid,mixture2,-1.33757592,7.66285582e-05,100
3579,Metropolis,metropolis,-1.33659335,3.81068446e-04,100
3579,Row-Update,mps2,-1.33761741,8.16131348e-05,100
3579,Hybrid,mixture2,-1.33756576,7.78765814e-05,100
3580,Metropolis,metropolis,-1.33660438,3.81120339e-04,100
3580,Row-Update,mps2,-1.33762729,7.74576824e-05,100
3580,Hybrid,mixture2,-1.33757139,7.66747763e-05,100
3581,Metropolis,metropolis,-1.33660741,3.81191959e-04,100
3581,Row-Update,mps2,-1.33763045,7.61178018e-05,100
3581,Hybrid,mixture2,-1.33757590,7.76222048e-05,100
3582,Metropolis,metropolis,-1.33660275,3.81027637e-04,100
3582,Row-Update,mps2,-1.33762399,7.39020473e-05,100
3582,Hybrid,mixture2,-1.33757039,7.72354650e-05,100
3583,Metropolis,metropolis,-1.33660399,3.80550990e-04,100
3583,Row-Update,mps2,-1.33762740,6.93838522e-05,100
3583,Hybrid,mixture2,-1.33756862,7.65316452e-05,100
3584,Metropolis,metropolis,-1.33661120,3.80947255e-04,100
3584,Row-Update,mps2,-1.33762732,7.04128709e-05,100
3584,Hybrid,mixture2,-1.33759150,7.61865095e-05,100
3585,Metropolis,metropolis,-1.33660835,3.80743775e-04,100
3585,Row-Update,mps2,-1.33764188,6.94009285e-05,100
3585,Hybrid,mixture2,-1.33758145,7.65441846e-05,100
3586,Metropolis,metropolis,-1.33660751,3.81019409e-04,100
3586,Row-Update,mps2,-1.33763775,6.98599924e-05,100
3586,Hybrid,mixture2,-1.33758169,7.71033232e-05,100
3587,Metropolis,metropolis,-1.33661312,3.80823112e-04,100
3587,Row-Update,mps2,-1.33762579,7.11351798e-05,100
3587,Hybrid,mixture2,-1.33758103,7.67096948e-05,100
3588,Metropolis,metropolis,-1.33660889,3.80808928e-04,100
3588,Row-Update,mps2,-1.33763426,7.03303542e-05,100
3588,Hybrid,mixture2,-1.33757354,7.75354986e-05,100
3589,Metropolis,metropolis,-1.33660252,3.81017279e-04,100
3589,Row-Update,mps2,-1.33763191,7.18618152e-05,100
3589,Hybrid,mixture2,-1.33757920,7.75402875e-05,100
3590,Metropolis,metropolis,-1.33661186,3.80826651e-04,100
3590,Row-Update,mps2,-1.33764044,7.04874039e-05,100
3590,Hybrid,mixture2,-1.33756117,7.82825822e-05,100
3591,Metropolis,metropolis,-1.33660766,3.80754675e-04,100
3591,Row-Update,mps2,-1.33763940,7.04980693e-05,100
3591,Hybrid,mixture2,-1.33757529,7.78985133e-05,100
3592,Metropolis,metropolis,-1.33660419,3.80548183e-04,100
3592,Row-Update,mps2,-1.33764551,7.08036048e-05,100
3592,Hybrid,mixture2,-1.33756024,7.73689585e-05,100
3593,Metropolis,metropolis,-1.33660303,3.81091725e-04,100
3593,Row-Update,mps2,-1.33765697,6.85677571e-05,100
3593,Hybrid,mixture2,-1.33758552,7.60727461e-05,100
3594,Metropolis,metropolis,-1.33660545,3.80986024e-04,100
3594,Row-Update,mps2,-1.33765229,6.87325260e-05,100
3594,Hybrid,mixture2,-1.33757556,7.67801668e-05,100
3595,Metropolis,metropolis,-1.33660882,3.81186539e-04,100
3595,Row-Update,mps2,-1.33764531,6.92181178e-05,100
3595,Hybrid,mixture2,-1.33758196,7.61481356e-05,100
3596,Metropolis,metropolis,-1.33660971,3.80800916e-04,100
3596,Row-Update,mps2,-1.33764108,6.93139082e-05,100
3596,Hybrid,mixture2,-1.33758328,7.63948228e-05,100
3597,Metropolis,metropolis,-1.33661335,3.80947894e-04,100
3597,Row-Update,mps2,-1.33765162,6.96574571e-05,100
3597,Hybrid,mixture2,-1.33757922,7.69136887e-05,100
3598,Metropolis,metropolis,-1.33661255,3.80740411e-04,100
3598,Row-Update,mps2,-1.33763084,7.48397526e-05,100
3598,Hybrid,mixture2,-1.33757244,7.67475690e-05,100
3599,Metropolis,metropolis,-1.33661184,3.80719206e-04,100
3599,Row-Update,mps2,-1.33764259,7.29097957e-05,100
3599,Hybrid,mixture2,-1.33757428,7.71783053e-05,100
3600,Metropolis,metropolis,-1.33661270,3.80982232e-04,100
3600,Row-Update,mps2,-1.33765308,7.05594596e-05,100
3600,Hybrid,mixture2,-1.33755996,7.72409630e-05,100
3601,Metropolis,metropolis,-1.33661220,3.80187684e-04,100
3601,Row-Update,mps2,-1.33764729,6.91844431e-05,100
3601,Hybrid,mixture2,-1.33758272,7.61352748e-05,100
3602,Metropolis,metropolis,-1.33662228,3.80038433e-04,100
3602,Row-Update,mps2,-1.33765223,6.87300777e-05,100
3602,Hybrid,mixture2,-1.33758015,7.54805865e-05,100
3603,Metropolis,metropolis,-1.33661713,3.80699509e-04,100
3603,Row-Update,mps2,-1.33763899,6.88877065e-05,100
3603,Hybrid,mixture2,-1.33756926,7.68352239e-05,100
3604,Metropolis,metropolis,-1.33661442,3.81456303e-04,100
3604,Row-Update,mps2,-1.33764446,7.11327277e-05,100
3604,Hybrid,mixture2,-1.33758062,7.57340668e-05,100
3605,Metropolis,metropolis,-1.33661176,3.81737746e-04,100
3605,Row-Update,mps2,-1.33764372,7.15682862e-05,100
3605,Hybrid,mixture2,-1.33758517,7.61366786e-05,100
3606,Metropolis,metropolis,-1.33660965,3.80935434e-04,100
3606,Row-Update,mps2,-1.33762629,7.54650482e-05,100
3606,Hybrid,mixture2,-1.33756807,7.83065301e-05,100
3607,Metropolis,metropolis,-1.33661061,3.80913455e-04,100
3607,Row-Update,mps2,-1.33763742,7.32558685e-05,100
3607,Hybrid,mixture2,-1.33757496,7.74182863e-05,100
3608,Metropolis,metropolis,-1.33660560,3.81240156e-04,100
3608,Row-Update,mps2,-1.33765059,6.99191421e-05,100
3608,Hybrid,mixture2,-1.33757471,7.64180618e-05,100
3609,Metropolis,metropolis,-1.33660921,3.81163604e-04,100
3609,Row-Update,mps2,-1.33764729,7.07013709e-05,100
3609,Hybrid,mixture2,-1.33757989,7.73028146e-05,100
3610,Metropolis,metropolis,-1.33660723,3.80637499e-04,100
3610,Row-Update,mps2,-1.33764685,6.99655302e-05,100
3610,Hybrid,mixture2,-1.33759440,7.58058546e-05,100
3611,Metropolis,metropolis,-1.33660806,3.80986940e-04,100
3611,Row-Update,mps2,-1.33763552,7.33151567e-05,100
3611,Hybrid,mixture2,-1.33758062,7.53565237e-05,100
3612,Metropolis,metropolis,-1.33661025,3.81067286e-04,100
3612,Row-Update,mps2,-1.33763921,7.17709673e-05,100
3612,Hybrid,mixture2,-1.33759697,7.52174340e-05,100
3613,Metropolis,metropolis,-1.33661378,3.81192253e-04,100
3613,Row-Update,mps2,-1.33765025,6.95348121e-05,100
3613,Hybrid,mixture2,-1.33758394,7.49481275e-05,100
3614,Metropolis,metropolis,-1.33661504,3.80617378e-04,100
3614,Row-Update,mps2,-1.33765976,7.14569734e-05,100
3614,Hybrid,mixture2,-1.33758105,7.60632354e-05,100
3615,Metropolis,metropolis,-1.33661697,3.80859208e-04,100
3615,Row-Update,mps2,-1.33764430,7.02743577e-05,100
3615,Hybrid,mixture2,-1.33758633,7.60308006e-05,100
3616,Metropolis,metropolis,-1.33661594,3.80704093e-04,100
3616,Row-Update,mps2,-1.33764717,7.09603892e-05,100
3616,Hybrid,mixture2,-1.33758387,7.76477803e-05,100
3617,Metropolis,metropolis,-1.33661970,3.80786770e-04,100
3617,Row-Update,mps2,-1.33765011,6.93916892e-05,100
3617,Hybrid,mixture2,-1.33759308,7.68676857e-05,100
3618,Metropolis,metropolis,-1.33661257,3.80804919e-04,100
3618,Row-Update,mps2,-1.33764920,7.06837031e-05,100
3618,Hybrid,mixture2,-1.33757629,7.84258100e-05,100
3619,Metropolis,metropolis,-1.33660876,3.79936290e-04,100
3619,Row-Update,mps2,-1.33765101,7.06145887e-05,100
3619,Hybrid,mixture2,-1.33757550,7.86389371e-05,100
3620,Metropolis,metropolis,-1.33660718,3.80715795e-04,100
3620,Row-Update,mps2,-1.33763323,7.31571215e-05,100
3620,Hybrid,mixture2,-1.33757422,7.75454370e-05,100
3621,Metropolis,metropolis,-1.33661816,3.81221932e-04,100
3621,Row-Update,mps2,-1.33763496,7.22230513e-05,100
3621,Hybrid,mixture2,-1.33758000,7.64697564e-05,100
3622,Metropolis,metropolis,-1.33661390,3.80497039e-04,100
3622,Row-Update,mps2,-1.33762942,7.54131679e-05,100
3622,Hybrid,mixture2,-1.33759189,7.60336868e-05,100
3623,Metropolis,metropolis,-1.33660712,3.80826223e-04,100
3623,Row-Update,mps2,-1.33763576,7.34381768e-05,100
3623,Hybrid,mixture2,-1.33758477,7.70764281e-05,100
3624,Metropolis,metropolis,-1.33661454,3.80524225e-04,100
3624,Row-Update,mps2,-1.33764124,7.05993565e-05,100
3624,Hybrid,mixture2,-1.33759796,7.58466901e-05,100
3625,Metropolis,metropolis,-1.33660876,3.80894014e-04,100
3625,Row-Update,mps2,-1.33764434,7.06110653e-05,100
3625,Hybrid,mixture2,-1.33759695,7.57705713e-05,100
3626,Metropolis,metropolis,-1.33660879,3.80426062e-04,100
3626,Row-Update,mps2,-1.33765436,7.05989550e-05,100
3626,Hybrid,mixture2,-1.33757503,7.67733477e-05,100
3627,Metropolis,metropolis,-1.33661191,3.81275084e-04,100
3627,Row-Update,mps2,-1.33765978,6.86835706e-05,100
3627,Hybrid,mixture2,-1.33758930,7.52333128e-05,100
3628,Metropolis,metropolis,-1.33661908,3.81100448e-04,100
3628,Row-Update,mps2,-1.33765618,7.10025838e-05,100
3628,Hybrid,mixture2,-1.33758327,7.65399489e-05,100
3629,Metropolis,metropolis,-1.33661564,3.81076189e-04,100
3629,Row-Update,mps2,-1.33765133,7.09405391e-05,100
3629,Hybrid,mixture2,-1.33759174,7.75203291e-05,100
3630,Metropolis,metropolis,-1.33661114,3.81499274e-04,100
3630,Row-Update,mps2,-1.33764513,7.14296176e-05,100
3630,Hybrid,mixture2,-1.33758340,7.70935892e-05,100
3631,Metropolis,metropolis,-1.33661267,3.81023663e-04,100
3631,Row-Update,mps2,-1.33764914,7.01112434e-05,100
3631,Hybrid,mixture2,-1.33758479,7.79095763e-05,100
3632,Metropolis,metropolis,-1.33660802,3.80522210e-04,100
3632,Row-Update,mps2,-1.33766227,6.83623466e-05,100
3632,Hybrid,mixture2,-1.33758055,7.76764945e-05,100
3633,Metropolis,metropolis,-1.33661224,3.80984529e-04,100
3633,Row-Update,mps2,-1.33765833,6.79685692e-05,100
3633,Hybrid,mixture2,-1.33757902,7.81303019e-05,100
3634,Metropolis,metropolis,-1.33661263,3.80607620e-04,100
3634,Row-Update,mps2,-1.33766085,6.87619485e-05,100
3634,Hybrid,mixture2,-1.33759809,7.67123815e-05,100
3635,Metropolis,metropolis,-1.33661174,3.81113071e-04,100
3635,Row-Update,mps2,-1.33765355,6.88463500e-05,100
3635,Hybrid,mixture2,-1.33758154,7.65904608e-05,100
3636,Metropolis,metropolis,-1.33661453,3.81296403e-04,100
3636,Row-Update,mps2,-1.33765665,6.94752565e-05,100
3636,Hybrid,mixture2,-1.33759286,7.65972437e-05,100
3637,Metropolis,metropolis,-1.33661728,3.80515961e-04,100
3637,Row-Update,mps2,-1.33766715,6.91047896e-05,100
3637,Hybrid,mixture2,-1.33758931,7.59596649e-05,100
3638,Metropolis,metropolis,-1.33661120,3.80840938e-04,100
3638,Row-Update,mps2,-1.33766509,6.79722951e-05,100
3638,Hybrid,mixture2,-1.33758545,7.54105208e-05,100
3639,Metropolis,metropolis,-1.33662187,3.81120560e-04,100
3639,Row-Update,mps2,-1.33766375,6.88266328e-05,100
3639,Hybrid,mixture2,-1.33758565,7.64003975e-05,100
3640,Metropolis,metropolis,-1.33661362,3.80877793e-04,100
3640,Row-Update,mps2,-1.33765175,6.79253704e-05,100
3640,Hybrid,mixture2,-1.33757680,7.70501810e-05,100
3641,Metropolis,metropolis,-1.33661193,3.80833755e-04,100
3641,Row-Update,mps2,-1.33766071,6.86704583e-05,100
3641,Hybrid,mixture2,-1.33758778,7.65655376e-05,100
3642,Metropolis,metropolis,-1.33661149,3.81213426e-04,100
3642,Row-Update,mps2,-1.33767066,6.82802237e-05,100
3642,Hybrid,mixture2,-1.33757931,7.64932923e-05,100
3643,Metropolis,metropolis,-1.33660590,3.80852463e-04,100
3643,Row-Update,mps2,-1.33765234,6.93002337e-05,100
3643,Hybrid,mixture2,-1.33758530,7.66841642e-05,100
3644,Metropolis,metropolis,-1.33660845,3.81220396e-04,100
3644,Row-Update,mps2,-1.33767121,6.69536985e-05,100
3644,Hybrid,mixture2,-1.33757848,7.63866722e-05,100
3645,Metropolis,metropolis,-1.33660848,3.81168931e-04,100
3645,Row-Update,mps2,-1.33765395,7.05572718e-05,100
3645,Hybrid,mixture2,-1.33759358,7.60554018e-05,100
3646,Metropolis,metropolis,-1.33661737,3.81168095e-04,100
3646,Row-Update,mps2,-1.33766510,6.85664512e-05,100
3646,Hybrid,mixture2,-1.33758792,7.65824927e-05,100
3647,Metropolis,metropolis,-1.33661996,3.81382825e-04,100
3647,Row-Update,mps2,-1.33766947,6.67270213e-05,100
3647,Hybrid,mixture2,-1.33758350,7.69138199e-05,100
3648,Metropolis,metropolis,-1.33661567,3.81130992e-04,100
3648,Row-Update,mps2,-1.33765819,7.00892667e-05,100
3648,Hybrid,mixture2,-1.33758442,7.64407236e-05,100
3649,Metropolis,metropolis,-1.33660439,3.80954457e-04,100
3649,Row-Update,mps2,-1.33768198,6.66666350e-05,100
3649,Hybrid,mixture2,-1.33759628,7.60259362e-05,100
3650,Metropolis,metropolis,-1.33660855,3.81350945e-04,100
3650,Row-Update,mps2,-1.33767401,6.78861304e-05,100
3650,Hybrid,mixture2,-1.33759826,7.57900583e-05,100
3651,Metropolis,metropolis,-1.33660632,3.80841000e-04,100
3651,Row-Update,mps2,-1.33765651,6.81768050e-05,100
3651,Hybrid,mixture2,-1.33758916,7.65689072e-05,100
3652,Metropolis,metropolis,-1.33661019,3.80522034e-04,100
3652,Row-Update,mps2,-1.33766007,6.78542633e-05,100
3652,Hybrid,mixture2,-1.33759508,7.63972903e-05,100
3653,Metropolis,metropolis,-1.33660823,3.81251623e-04,100
3653,Row-Update,mps2,-1.33765960,6.94417372e-05,100
3653,Hybrid,mixture2,-1.33757828,7.63832051e-05,100
3654,Metropolis,metropolis,-1.33661542,3.81212010e-04,100
3654,Row-Update,mps2,-1.33766364,6.92467097e-05,100
3654,Hybrid,mixture2,-1.33758995,7.65555500e-05,100
3655,Metropolis,metropolis,-1.33661243,3.80795804e-04,100
3655,Row-Update,mps2,-1.33767333,6.81826412e-05,100
3655,Hybrid,mixture2,-1.33758504,7.63037608e-05,100
3656,Metropolis,metropolis,-1.33661358,3.81419513e-04,100
3656,Row-Update,mps2,-1.33766283,6.82422705e-05,100
3656,Hybrid,mixture2,-1.33757992,7.68058650e-05,100
3657,Metropolis,metropolis,-1.33660743,3.80635849e-04,100
3657,Row-Update,mps2,-1.33767456,6.92889930e-05,100
3657,Hybrid,mixture2,-1.33756778,7.69654663e-05,100
3658,Metropolis,metropolis,-1.33660952,3.80224662e-04,100
3658,Row-Update,mps2,-1.33766199,6.76409843e-05,100
3658,Hybrid,mixture2,-1.33757712,7.63375344e-05,100
3659,Metropolis,metropolis,-1.33661479,3.81201861e-04,100
3659,Row-Update,mps2,-1.33766249,6.88098246e-05,100
3659,Hybrid,mixture2,-1.33757722,7.59346189e-05,100
3660,Metropolis,metropolis,-1.33661118,3.81321618e-04,100
3660,Row-Update,mps2,-1.33766445,6.71891178e-05,100
3660,Hybrid,mixture2,-1.33758660,7.52745191e-05,100
3661,Metropolis,metropolis,-1.33661112,3.81330604e-04,100
3661,Row-Update,mps2,-1.33767388,6.77459850e-05,100
3661,Hybrid,mixture2,-1.33759102,7.50339216e-05,100
3662,Metropolis,metropolis,-1.33661422,3.81019351e-04,100
3662,Row-Update,mps2,-1.33765714,7.03016464e-05,100
3662,Hybrid,mixture2,-1.33759709,7.45603496e-05,100
3663,Metropolis,metropolis,-1.33661236,3.81043677e-04,100
3663,Row-Update,mps2,-1.33766053,6.86837854e-05,100
3663,Hybrid,mixture2,-1.33758693,7.57553429e-05,100
3664,Metropolis,metropolis,-1.33662119,3.80887793e-04,100
3664,Row-Update,mps2,-1.33766255,6.82522473e-05,100
3664,Hybrid,mixture2,-1.33757856,7.58333195e-05,100
3665,Metropolis,metropolis,-1.33661178,3.80828183e-04,100
3665,Row-Update,mps2,-1.33767705,6.92033844e-05,100
3665,Hybrid,mixture2,-1.33759006,7.57037410e-05,100
3666,Metropolis,metropolis,-1.33662044,3.80645470e-04,100
3666,Row-Update,mps2,-1.33767660,6.84476376e-05,100
3666,Hybrid,mixture2,-1.33757994,7.53449157e-05,100
3667,Metropolis,metropolis,-1.33662149,3.80931591e-04,100
3667,Row-Update,mps2,-1.33765890,7.05038761e-05,100
3667,Hybrid,mixture2,-1.33758281,7.53267316e-05,100
3668,Metropolis,metropolis,-1.33662045,3.81102395e-04,100
3668,Row-Update,mps2,-1.33767103,6.95230675e-05,100
3668,Hybrid,mixture2,-1.33757925,7.67186432e-05,100
3669,Metropolis,metropolis,-1.33662060,3.81310362e-04,100
3669,Row-Update,mps2,-1.33766473,6.94653128e-05,100
3669,Hybrid,mixture2,-1.33758722,7.59199377e-05,100
3670,Metropolis,metropolis,-1.33661407,3.80919724e-04,100
3670,Row-Update,mps2,-1.33766174,6.96458469e-05,100
3670,Hybrid,mixture2,-1.33758538,7.81363946e-05,100
3671,Metropolis,metropolis,-1.33661638,3.80887406e-04,100
3671,Row-Update,mps2,-1.33765807,6.90894878e-05,100
3671,Hybrid,mixture2,-1.33757961,7.63713132e-05,100
3672,Metropolis,metropolis,-1.33661975,3.80916354e-04,100
3672,Row-Update,mps2,-1.33766094,6.88800652e-05,100
3672,Hybrid,mixture2,-1.33758515,7.73126465e-05,100
3673,Metropolis,metropolis,-1.33662073,3.80745188e-04,100
3673,Row-Update,mps2,-1.33765130,6.99106196e-05,100
3673,Hybrid,mixture2,-1.33757660,7.68184977e-05,100
3674,Metropolis,metropolis,-1.33661920,3.81034170e-04,100
3674,Row-Update,mps2,-1.33765906,6.85832503e-05,100
3674,Hybrid,mixture2,-1.33759154,7.67134941e-05,100
3675,Metropolis,metropolis,-1.33661687,3.81197196e-04,100
3675,Row-Update,mps2,-1.33766115,6.86765942e-05,100
3675,Hybrid,mixture2,-1.33759428,7.59929747e-05,100
3676,Metropolis,metropolis,-1.33661917,3.81626555e-04,100
3676,Row-Update,mps2,-1.33765949,6.68343486e-05,100
3676,Hybrid,mixture2,-1.33758368,7.69332134e-05,100
3677,Metropolis,metropolis,-1.33660999,3.80997468e-04,100
3677,Row-Update,mps2,-1.33766653,6.79525194e-05,100
3677,Hybrid,mixture2,-1.33758310,7.75262588e-05,100
3678,Metropolis,metropolis,-1.33661577,3.80430199e-04,100
3678,Row-Update,mps2,-1.33765716,6.82387589e-05,100
3678,Hybrid,mixture2,-1.33759245,7.70782204e-05,100
3679,Metropolis,metropolis,-1.33661249,3.80946803e-04,100
3679,Row-Update,mps2,-1.33765722,7.03736146e-05,100
3679,Hybrid,mixture2,-1.33759539,7.62341591e-05,100
3680,Metropolis,metropolis,-1.33661009,3.81274674e-04,100
3680,Row-Update,mps2,-1.33765547,7.35382270e-05,100
3680,Hybrid,mixture2,-1.33758953,7.59411593e-05,100
3681,Metropolis,metropolis,-1.33660312,3.80881917e-04,100
3681,Row-Update,mps2,-1.33766264,7.05807777e-05,100
3681,Hybrid,mixture2,-1.33759233,7.61214605e-05,100
3682,Metropolis,metropolis,-1.33660920,3.81065716e-04,100
3682,Row-Update,mps2,-1.33767026,6.67659647e-05,100
3682,Hybrid,mixture2,-1.33758258,7.63851549e-05,100
3683,Metropolis,metropolis,-1.33660772,3.81040099e-04,100
3683,Row-Update,mps2,-1.33768303,6.79343030e-05,100
3683,Hybrid,mixture2,-1.33757780,7.65116719e-05,100
3684,Metropolis,metropolis,-1.33661176,3.80873566e-04,100
3684,Row-Update,mps2,-1.33766778,6.91129601e-05,100
3684,Hybrid,mixture2,-1.33759196,7.55412505e-05,100
3685,Metropolis,metropolis,-1.33661509,3.81372565e-04,100
3685,Row-Update,mps2,-1.33766602,6.86189228e-05,100
3685,Hybrid,mixture2,-1.33758882,7.66202802e-05,100
3686,Metropolis,metropolis,-1.33661098,3.80605008e-04,100
3686,Row-Update,mps2,-1.33766432,6.76181145e-05,100
3686,Hybrid,mixture2,-1.33758485,7.62288962e-05,100
3687,Metropolis,metropolis,-1.33661124,3.80891499e-04,100
3687,Row-Update,mps2,-1.33766889,6.96192368e-05,100
3687,Hybrid,mixture2,-1.33757996,7.74619430e-05,100
3688,Metropolis,metropolis,-1.33661828,3.80615283e-04,100
3688,Row-Update,mps2,-1.33766329,6.89047647e-05,100
3688,Hybrid,mixture2,-1.33757681,7.68781142e-05,100
3689,Metropolis,metropolis,-1.33661972,3.80996079e-04,100
3689,Row-Update,mps2,-1.33765772,7.00366705e-05,100
3689,Hybrid,mixture2,-1.33758459,7.65733947e-05,100
3690,Metropolis,metropolis,-1.33661758,3.81070832e-04,100
3690,Row-Update,mps2,-1.33765965,7.03631269e-05,100
3690,Hybrid,mixture2,-1.33759028,7.64151452e-05,100
3691,Metropolis,metropolis,-1.33662043,3.81504043e-04,100
3691,Row-Update,mps2,-1.33765280,7.11007120e-05,100
3691,Hybrid,mixture2,-1.33759243,7.57138939e-05,100
3692,Metropolis,metropolis,-1.33661624,3.81270202e-04,100
3692,Row-Update,mps2,-1.33766997,6.89328785e-05,100
3692,Hybrid,mixture2,-1.33758496,7.59170115e-05,100
3693,Metropolis,metropolis,-1.33661362,3.80848879e-04,100
3693,Row-Update,mps2,-1.33767167,6.77680831e-05,100
3693,Hybrid,mixture2,-1.33758787,7.51894700e-05,100
3694,Metropolis,metropolis,-1.33661680,3.81296543e-04,100
3694,Row-Update,mps2,-1.33767701,6.83345000e-05,100
3694,Hybrid,mixture2,-1.33759286,7.50709811e-05,100
3695,Metropolis,metropolis,-1.33661769,3.80785138e-04,100
3695,Row-Update,mps2,-1.33766969,6.96050075e-05,100
3695,Hybrid,mixture2,-1.33759327,7.54621089e-05,100
3696,Metropolis,metropolis,-1.33661760,3.80257594e-04,100
3696,Row-Update,mps2,-1.33767265,6.62672488e-05,100
3696,Hybrid,mixture2,-1.33759127,7.63967335e-05,100
3697,Metropolis,metropolis,-1.33661727,3.81200909e-04,100
3697,Row-Update,mps2,-1.33766696,6.93410797e-05,100
3697,Hybrid,mixture2,-1.33759040,7.60165101e-05,100
3698,Metropolis,metropolis,-1.33661017,3.81257476e-04,100
3698,Row-Update,mps2,-1.33766966,6.87332359e-05,100
3698,Hybrid,mixture2,-1.33758693,7.60159071e-05,100
3699,Metropolis,metropolis,-1.33661532,3.81153551e-04,100
3699,Row-Update,mps2,-1.33765888,6.97669405e-05,100
3699,Hybrid,mixture2,-1.33758194,7.68395541e-05,100
3700,Metropolis,metropolis,-1.33661253,3.80874733e-04,100
3700,Row-Update,mps2,-1.33767844,6.71974734e-05,100
3700,Hybrid,mixture2,-1.33758520,7.67291514e-05,100
3701,Metropolis,metropolis,-1.33661362,3.80648266e-04,100
3701,Row-Update,mps2,-1.33766673,6.77145668e-05,100
3701,Hybrid,mixture2,-1.33759077,7.52144836e-05,100
3702,Metropolis,metropolis,-1.33661836,3.80455887e-04,100
3702,Row-Update,mps2,-1.33767142,6.82307277e-05,100
3702,Hybrid,mixture2,-1.33759435,7.55131466e-05,100
3703,Metropolis,metropolis,-1.33661117,3.80897136e-04,100
3703,Row-Update,mps2,-1.33766768,6.76361333e-05,100
3703,Hybrid,mixture2,-1.33758811,7.61662067e-05,100
3704,Metropolis,metropolis,-1.33661564,3.80668220e-04,100
3704,Row-Update,mps2,-1.33767345,6.83917888e-05,100
3704,Hybrid,mixture2,-1.33759496,7.55911087e-05,100
3705,Metropolis,metropolis,-1.33662023,3.81272289e-04,100
3705,Row-Update,mps2,-1.33767273,6.74209603e-05,100
3705,Hybrid,mixture2,-1.33758527,7.63854045e-05,100
3706,Metropolis,metropolis,-1.33661797,3.80780634e-04,100
3706,Row-Update,mps2,-1.33767947,6.72998667e-05,100
3706,Hybrid,mixture2,-1.33758485,7.56643324e-05,100
3707,Metropolis,metropolis,-1.33661942,3.81094184e-04,100
3707,Row-Update,mps2,-1.33768963,6.65486341e-05,100
3707,Hybrid,mixture2,-1.33757631,7.76676302e-05,100
3708,Metropolis,metropolis,-1.33661125,3.80659338e-04,100
3708,Row-Update,mps2,-1.33766312,6.80877059e-05,100
3708,Hybrid,mixture2,-1.33759136,7.62369576e-05,100
3709,Metropolis,metropolis,-1.33661533,3.81020990e-04,100
3709,Row-Update,mps2,-1.33767896,6.56619690e-05,100
3709,Hybrid,mixture2,-1.33759161,7.60580425e-05,100
3710,Metropolis,metropolis,-1.33662017,3.80824968e-04,100
3710,Row-Update,mps2,-1.33767438,6.62589489e-05,100
3710,Hybrid,mixture2,-1.33759257,7.56463425e-05,100
3711,Metropolis,metropolis,-1.33662223,3.80651406e-04,100
3711,Row-Update,mps2,-1.33768180,6.62494775e-05,100
3711,Hybrid,mixture2,-1.33758547,7.60868682e-05,100
3712,Metropolis,metropolis,-1.33661969,3.80839047e-04,100
3712,Row-Update,mps2,-1.33768435,6.62886395e-05,100
3712,Hybrid,mixture2,-1.33757914,7.65409131e-05,100
3713,Metropolis,metropolis,-1.33662260,3.80659353e-04,100
3713,Row-Update,mps2,-1.33768371,6.76138767e-05,100
3713,Hybrid,mixture2,-1.33758816,7.62751267e-05,100
3714,Metropolis,metropolis,-1.33662063,3.80982306e-04,100
3714,Row-Update,mps2,-1.33768000,6.77712616e-05,100
3714,Hybrid,mixture2,-1.33757955,7.74915096e-05,100
3715,Metropolis,metropolis,-1.33662470,3.80870601e-04,100
3715,Row-Update,mps2,-1.33767573,6.77647449e-05,100
3715,Hybrid,mixture2,-1.33758369,7.64576882e-05,100
3716,Metropolis,metropolis,-1.33662493,3.80707832e-04,100
3716,Row-Update,mps2,-1.33768208,6.77201576e-05,100
3716,Hybrid,mixture2,-1.33758612,7.67957493e-05,100
3717,Metropolis,metropolis,-1.33661378,3.80950913e-04,100
3717,Row-Update,mps2,-1.33768744,6.77743611e-05,100
3717,Hybrid,mixture2,-1.33759280,7.65199373e-05,100
3718,Metropolis,metropolis,-1.33661248,3.81334211e-04,100
3718,Row-Update,mps2,-1.33768741,6.64672782e-05,100
3718,Hybrid,mixture2,-1.33759136,7.57790101e-05,100
3719,Metropolis,metropolis,-1.33661188,3.81318397e-04,100
3719,Row-Update,mps2,-1.33768805,6.57468043e-05,100
3719,Hybrid,mixture2,-1.33759331,7.57043614e-05,100
3720,Metropolis,metropolis,-1.33661775,3.81156692e-04,100
3720,Row-Update,mps2,-1.33767931,6.56704381e-05,100
3720,Hybrid,mixture2,-1.33759165,7.53676887e-05,100
3721,Metropolis,metropolis,-1.33661519,3.81015392e-04,100
3721,Row-Update,mps2,-1.33768398,6.65454672e-05,100
3721,Hybrid,mixture2,-1.33759563,7.60845685e-05,100
3722,Metropolis,metropolis,-1.33661790,3.80403583e-04,100
3722,Row-Update,mps2,-1.33768430,6.66801158e-05,100
3722,Hybrid,mixture2,-1.33760069,7.62157228e-05,100
3723,Metropolis,metropolis,-1.33661707,3.80767820e-04,100
3723,Row-Update,mps2,-1.33768584,6.67078729e-05,100
3723,Hybrid,mixture2,-1.33758703,7.60961286e-05,100
3724,Metropolis,metropolis,-1.33661327,3.81196746e-04,100
3724,Row-Update,mps2,-1.33768254,6.72752506e-05,100
3724,Hybrid,mixture2,-1.33758558,7.67246746e-05,100
3725,Metropolis,metropolis,-1.33661429,3.81458495e-04,100
3725,Row-Update,mps2,-1.33767497,6.67342538e-05,100
3725,Hybrid,mixture2,-1.33758239,7.60571272e-05,100
3726,Metropolis,metropolis,-1.33661179,3.81233013e-04,100
3726,Row-Update,mps2,-1.33767539,6.59749331e-05,100
3726,Hybrid,mixture2,-1.33758192,7.58653896e-05,100
3727,Metropolis,metropolis,-1.33661741,3.81360384e-04,100
3727,Row-Update,mps2,-1.33769353,6.35427941e-05,100
3727,Hybrid,mixture2,-1.33758259,7.60861777e-05,100
3728,Metropolis,metropolis,-1.33660791,3.81336391e-04,100
3728,Row-Update,mps2,-1.33767372,6.69496853e-05,100
3728,Hybrid,mixture2,-1.33758538,7.64491350e-05,100
3729,Metropolis,metropolis,-1.33661334,3.81030040e-04,100
3729,Row-Update,mps2,-1.33767721,6.72789062e-05,100
3729,Hybrid,mixture2,-1.33760005,7.67344154e-05,100
3730,Metropolis,metropolis,-1.33662069,3.80807362e-04,100
3730,Row-Update,mps2,-1.33767009,6.82997810e-05,100
3730,Hybrid,mixture2,-1.33759744,7.60729652e-05,100
3731,Metropolis,metropolis,-1.33662451,3.81060353e-04,100
3731,Row-Update,mps2,-1.33767985,6.52332712e-05,100
3731,Hybrid,mixture2,-1.33759207,7.64303693e-05,100
3732,Metropolis,metropolis,-1.33661943,3.80911041e-04,100
3732,Row-Update,mps2,-1.33768318,6.59994201e-05,100
3732,Hybrid,mixture2,-1.33758046,7.69260193e-05,100
3733,Metropolis,metropolis,-1.33661522,3.80893931e-04,100
3733,Row-Update,mps2,-1.33767385,6.59081291e-05,100
3733,Hybrid,mixture2,-1.33757166,7.77802189e-05,100
3734,Metropolis,metropolis,-1.33663250,3.81172405e-04,100
3734,Row-Update,mps2,-1.33766896,6.58678960e-05,100
3734,Hybrid,mixture2,-1.33758817,7.59327043e-05,100
3735,Metropolis,metropolis,-1.33661401,3.80941016e-04,100
3735,Row-Update,mps2,-1.33766412,6.74951245e-05,100
3735,Hybrid,mixture2,-1.33758955,7.72752859e-05,100
3736,Metropolis,metropolis,-1.33661210,3.80993793e-04,100
3736,Row-Update,mps2,-1.33763164,9.01991060e-05,100
3736,Hybrid,mixture2,-1.33757835,7.67886302e-05,100
3737,Metropolis,metropolis,-1.33661712,3.81352153e-04,100
3737,Row-Update,mps2,-1.33767174,6.86104253e-05,100
3737,Hybrid,mixture2,-1.33757874,7.86931962e-05,100
3738,Metropolis,metropolis,-1.33661220,3.80824425e-04,100
3738,Row-Update,mps2,-1.33766354,6.72789680e-05,100
3738,Hybrid,mixture2,-1.33758204,7.80803135e-05,100
3739,Metropolis,metropolis,-1.33661051,3.81119166e-04,100
3739,Row-Update,mps2,-1.33767073,6.79665419e-05,100
3739,Hybrid,mixture2,-1.33757719,7.60587548e-05,100
3740,Metropolis,metropolis,-1.33662028,3.81275016e-04,100
3740,Row-Update,mps2,-1.33766531,7.12148598e-05,100
3740,Hybrid,mixture2,-1.33759439,7.62007795e-05,100
3741,Metropolis,metropolis,-1.33661278,3.81049421e-04,100
3741,Row-Update,mps2,-1.33767701,6.80958786e-05,100
3741,Hybrid,mixture2,-1.33759655,7.63311365e-05,100
3742,Metropolis,metropolis,-1.33661161,3.80700412e-04,100
3742,Row-Update,mps2,-1.33767039,6.90307790e-05,100
3742,Hybrid,mixture2,-1.33759860,7.63814200e-05,100
3743,Metropolis,metropolis,-1.33661684,3.80864651e-04,100
3743,Row-Update,mps2,-1.33766578,6.66882338e-05,100
3743,Hybrid,mixture2,-1.33758707,7.71424763e-05,100
3744,Metropolis,metropolis,-1.33661132,3.81043898e-04,100
3744,Row-Update,mps2,-1.33767608,6.66968248e-05,100
3744,Hybrid,mixture2,-1.33758966,7.79530431e-05,100
3745,Metropolis,metropolis,-1.33661350,3.80864473e-04,100
3745,Row-Update,mps2,-1.33767127,6.89901213e-05,100
3745,Hybrid,mixture2,-1.33758839,7.68551416e-05,100
3746,Metropolis,metropolis,-1.33660951,3.80994395e-04,100
3746,Row-Update,mps2,-1.33767997,6.70973338e-05,100
3746,Hybrid,mixture2,-1.33756456,7.88045021e-05,100
3747,Metropolis,metropolis,-1.33661185,3.80515521e-04,100
3747,Row-Update,mps2,-1.33768390,6.86039517e-05,100
3747,Hybrid,mixture2,-1.33758644,7.74442503e-05,100
3748,Metropolis,metropolis,-1.33661610,3.80845758e-04,100
3748,Row-Update,mps2,-1.33767750,6.85223544e-05,100
3748,Hybrid,mixture2,-1.33760063,7.69339320e-05,100
3749,Metropolis,metropolis,-1.33661793,3.80980876e-04,100
3749,Row-Update,mps2,-1.33767410,6.80368479e-05,100
3749,Hybrid,mixture2,-1.33758401,7.72092438e-05,100
3750,Metropolis,metropolis,-1.33661337,3.80621543e-04,100
3750,Row-Update,mps2,-1.33767010,6.85151656e-05,100
3750,Hybrid,mixture2,-1.33758089,7.77004404e-05,100
3751,Metropolis,metropolis,-1.33661954,3.80624922e-04,100
3751,Row-Update,mps2,-1.33766737,6.88409667e-05,100
3751,Hybrid,mixture2,-1.33758301,7.72927843e-05,100
3752,Metropolis,metropolis,-1.33661800,3.80808577e-04,100
3752,Row-Update,mps2,-1.33767022,6.77956035e-05,100
3752,Hybrid,mixture2,-1.33758753,7.54914326e-05,100
3753,Metropolis,metropolis,-1.33661528,3.80632279e-04,100
3753,Row-Update,mps2,-1.33767312,6.89482582e-05,100
3753,Hybrid,mixture2,-1.33759157,7.64321494e-05,100
3754,Metropolis,metropolis,-1.33661507,3.81210733e-04,100
3754,Row-Update,mps2,-1.33767480,6.93918927e-05,100
3754,Hybrid,mixture2,-1.33759159,7.67709534e-05,100
3755,Metropolis,metropolis,-1.33661793,3.81724972e-04,100
3755,Row-Update,mps2,-1.33767698,6.87426986e-05,100
3755,Hybrid,mixture2,-1.33759054,7.61922424e-05,100
3756,Metropolis,metropolis,-1.33661012,3.81177262e-04,100
3756,Row-Update,mps2,-1.33767424,7.00736445e-05,100
3756,Hybrid,mixture2,-1.33758867,7.77575750e-05,100
3757,Metropolis,metropolis,-1.33662366,3.80673941e-04,100
3757,Row-Update,mps2,-1.33766443,6.94649631e-05,100
3757,Hybrid,mixture2,-1.33758292,7.63903242e-05,100
3758,Metropolis,metropolis,-1.33661880,3.81090630e-04,100
3758,Row-Update,mps2,-1.33767679,7.05517932e-05,100
3758,Hybrid,mixture2,-1.33758509,7.55437872e-05,100
3759,Metropolis,metropolis,-1.33661569,3.80934462e-04,100
3759,Row-Update,mps2,-1.33767730,7.08367786e-05,100
3759,Hybrid,mixture2,-1.33758990,7.63504663e-05,100
3760,Metropolis,metropolis,-1.33661783,3.80380162e-04,100
3760,Row-Update,mps2,-1.33766130,6.94614626e-05,100
3760,Hybrid,mixture2,-1.33759917,7.60666888e-05,100
3761,Metropolis,metropolis,-1.33662116,3.80999888e-04,100
3761,Row-Update,mps2,-1.33767278,6.93904979e-05,100
3761,Hybrid,mixture2,-1.33759114,7.71051765e-05,100
3762,Metropolis,metropolis,-1.33661723,3.81075655e-04,100
3762,Row-Update,mps2,-1.33767608,6.88443622e-05,100
3762,Hybrid,mixture2,-1.33758936,7.60155127e-05,100
3763,Metropolis,metropolis,-1.33660885,3.81334613e-04,100
3763,Row-Update,mps2,-1.33768864,6.73245109e-05,100
3763,Hybrid,mixture2,-1.33758557,7.64049808e-05,100
3764,Metropolis,metropolis,-1.33660714,3.80829669e-04,100
3764,Row-Update,mps2,-1.33768089,6.81242078e-05,100
3764,Hybrid,mixture2,-1.33755656,8.57655243e-05,100
3765,Metropolis,metropolis,-1.33660747,3.81415023e-04,100
3765,Row-Update,mps2,-1.33767599,6.81949345e-05,100
3765,Hybrid,mixture2,-1.33757033,7.67625136e-05,100
3766,Metropolis,metropolis,-1.33661099,3.81229852e-04,100
3766,Row-Update,mps2,-1.33767748,6.67644283e-05,100
3766,Hybrid,mixture2,-1.33758001,7.67447150e-05,100
3767,Metropolis,metropolis,-1.33661014,3.81029185e-04,100
3767,Row-Update,mps2,-1.33767275,7.15237630e-05,100
3767,Hybrid,mixture2,-1.33757742,7.60114948e-05,100
3768,Metropolis,metropolis,-1.33661569,3.80871673e-04,100
3768,Row-Update,mps2,-1.33766912,7.38372585e-05,100
3768,Hybrid,mixture2,-1.33757270,7.70386768e-05,100
3769,Metropolis,metropolis,-1.33661533,3.81186997e-04,100
3769,Row-Update,mps2,-1.33765857,7.02377799e-05,100
3769,Hybrid,mixture2,-1.33758165,7.66294714e-05,100
3770,Metropolis,metropolis,-1.33661504,3.81018955e-04,100
3770,Row-Update,mps2,-1.33767224,7.06238804e-05,100
3770,Hybrid,mixture2,-1.33758659,7.76666862e-05,100
3771,Metropolis,metropolis,-1.33662018,3.80334107e-04,100
3771,Row-Update,mps2,-1.33767239,6.89128639e-05,100
3771,Hybrid,mixture2,-1.33758699,7.59987812e-05,100
3772,Metropolis,metropolis,-1.33661276,3.81222395e-04,100
3772,Row-Update,mps2,-1.33766848,7.00346929e-05,100
3772,Hybrid,mixture2,-1.33757874,7.79157369e-05,100
3773,Metropolis,metropolis,-1.33662198,3.80693548e-04,100
3773,Row-Update,mps2,-1.33766519,7.18966509e-05,100
3773,Hybrid,mixture2,-1.33759226,7.63947654e-05,100
3774,Metropolis,metropolis,-1.33661442,3.81099340e-04,100
3774,Row-Update,mps2,-1.33766693,7.06747312e-05,100
3774,Hybrid,mixture2,-1.33759751,7.74294275e-05,100
3775,Metropolis,metropolis,-1.33662397,3.80911813e-04,100
3775,Row-Update,mps2,-1.33767798,6.75351037e-05,100
3775,Hybrid,mixture2,-1.33758974,7.62800783e-05,100
3776,Metropolis,metropolis,-1.33661656,3.81490500e-04,100
3776,Row-Update,mps2,-1.33766504,6.94635661e-05,100
3776,Hybrid,mixture2,-1.33758254,7.82645142e-05,100
3777,Metropolis,metropolis,-1.33661246,3.80609957e-04,100
3777,Row-Update,mps2,-1.33768147,6.97003135e-05,100
3777,Hybrid,mixture2,-1.33759108,7.66723676e-05,100
3778,Metropolis,metropolis,-1.33661916,3.81062497e-04,100
3778,Row-Update,mps2,-1.33766838,6.84964353e-05,100
3778,Hybrid,mixture2,-1.33759497,7.69247453e-05,100
3779,Metropolis,metropolis,-1.33661893,3.80837885e-04,100
3779,Row-Update,mps2,-1.33767446,6.80646733e-05,100
3779,Hybrid,mixture2,-1.33760375,7.61694657e-05,100
3780,Metropolis,metropolis,-1.33662408,3.81038737e-04,100
3780,Row-Update,mps2,-1.33766085,6.96041636e-05,100
3780,Hybrid,mixture2,-1.33759465,7.58325120e-05,100
3781,Metropolis,metropolis,-1.33661621,3.81089484e-04,100
3781,Row-Update,mps2,-1.33767436,6.83409706e-05,100
3781,Hybrid,mixture2,-1.33759280,7.69355043e-05,100
3782,Metropolis,metropolis,-1.33660991,3.81357871e-04,100
3782,Row-Update,mps2,-1.33768551,6.78268352e-05,100
3782,Hybrid,mixture2,-1.33757788,7.81402304e-05,100
3783,Metropolis,metropolis,-1.33661927,3.81071193e-04,100
3783,Row-Update,mps2,-1.33768019,6.70872905e-05,100
3783,Hybrid,mixture2,-1.33759029,7.72104874e-05,100
3784,Metropolis,metropolis,-1.33661279,3.81178572e-04,100
3784,Row-Update,mps2,-1.33769457,6.75629566e-05,100
3784,Hybrid,mixture2,-1.33759257,7.74978620e-05,100
3785,Metropolis,metropolis,-1.33661548,3.81238602e-04,100
3785,Row-Update,mps2,-1.33769019,6.71009881e-05,100
3785,Hybrid,mixture2,-1.33759263,7.75064923e-05,100
3786,Metropolis,metropolis,-1.33661724,3.80698887e-04,100
3786,Row-Update,mps2,-1.33767892,6.74022112e-05,100
3786,Hybrid,mixture2,-1.33758515,7.79138769e-05,100
3787,Metropolis,metropolis,-1.33661500,3.81132745e-04,100
3787,Row-Update,mps2,-1.33772231,7.90974335e-05,100
3787,Hybrid,mixture2,-1.33758626,7.66766017e-05,100
3788,Metropolis,metropolis,-1.33661742,3.81027108e-04,100
3788,Row-Update,mps2,-1.33768107,6.70964796e-05,100
3788,Hybrid,mixture2,-1.33759122,7.80593836e-05,100
3789,Metropolis,metropolis,-1.33661309,3.81169518e-04,100
3789,Row-Update,mps2,-1.33767877,6.77009799e-05,100
3789,Hybrid,mixture2,-1.33757848,7.66312219e-05,100
3790,Metropolis,metropolis,-1.33661668,3.80727964e-04,100
3790,Row-Update,mps2,-1.33767370,6.65761359e-05,100
3790,Hybrid,mixture2,-1.33759212,7.70972703e-05,100
3791,Metropolis,metropolis,-1.33661361,3.81533554e-04,100
3791,Row-Update,mps2,-1.33768758,6.67120706e-05,100
3791,Hybrid,mixture2,-1.33758155,7.65107554e-05,100
3792,Metropolis,metropolis,-1.33661564,3.80388544e-04,100
3792,Row-Update,mps2,-1.33768731,6.53316642e-05,100
3792,Hybrid,mixture2,-1.33758718,7.76016920e-05,100
3793,Metropolis,metropolis,-1.33661251,3.80965432e-04,100
3793,Row-Update,mps2,-1.33767927,6.75519778e-05,100
3793,Hybrid,mixture2,-1.33758665,7.70240786e-05,100
3794,Metropolis,metropolis,-1.33661088,3.81203171e-04,100
3794,Row-Update,mps2,-1.33766671,6.94093508e-05,100
3794,Hybrid,mixture2,-1.33759322,7.54203361e-05,100
3795,Metropolis,metropolis,-1.33661123,3.80929152e-04,100
3795,Row-Update,mps2,-1.33768024,6.80761530e-05,100
3795,Hybrid,mixture2,-1.33759131,7.57167117e-05,100
3796,Metropolis,metropolis,-1.33661590,3.80884931e-04,100
3796,Row-Update,mps2,-1.33768400,6.69229049e-05,100
3796,Hybrid,mixture2,-1.33760037,7.57838214e-05,100
3797,Metropolis,metropolis,-1.33661725,3.81122400e-04,100
3797,Row-Update,mps2,-1.33768059,6.73916867e-05,100
3797,Hybrid,mixture2,-1.33759139,7.61586103e-05,100
3798,Metropolis,metropolis,-1.33661274,3.81298242e-04,100
3798,Row-Update,mps2,-1.33767842,6.89768722e-05,100
3798,Hybrid,mixture2,-1.33759520,7.62900973e-05,100
3799,Metropolis,metropolis,-1.33661311,3.81294824e-04,100
3799,Row-Update,mps2,-1.33767650,6.95479146e-05,100
3799,Hybrid,mixture2,-1.33758376,7.69556511e-05,100
3800,Metropolis,metropolis,-1.33662066,3.81466029e-04,100
3800,Row-Update,mps2,-1.33767783,6.74806800e-05,100
3800,Hybrid,mixture2,-1.33760250,7.45661865e-05,100
3801,Metropolis,metropolis,-1.33661938,3.81413191e-04,100
3801,Row-Update,mps2,-1.33766802,6.90406171e-05,100
3801,Hybrid,mixture2,-1.33760082,7.62807882e-05,100
3802,Metropolis,metropolis,-1.33661195,3.81417177e-04,100
3802,Row-Update,mps2,-1.33767316,6.83534593e-05,100
3802,Hybrid,mixture2,-1.33759891,7.63951483e-05,100
3803,Metropolis,metropolis,-1.33660661,3.81280381e-04,100
3803,Row-Update,mps2,-1.33765400,7.17065134e-05,100
3803,Hybrid,mixture2,-1.33759921,7.52586157e-05,100
3804,Metropolis,metropolis,-1.33661517,3.81193730e-04,100
3804,Row-Update,mps2,-1.33766905,7.11977690e-05,100
3804,Hybrid,mixture2,-1.33760689,7.55244288e-05,100
3805,Metropolis,metropolis,-1.33661235,3.80770469e-04,100
3805,Row-Update,mps2,-1.33766372,6.98240667e-05,100
3805,Hybrid,mixture2,-1.33759513,7.64484344e-05,100
3806,Metropolis,metropolis,-1.33661887,3.80941820e-04,100
3806,Row-Update,mps2,-1.33767462,6.91843685e-05,100
3806,Hybrid,mixture2,-1.33758591,7.63263214e-05,100
3807,Metropolis,metropolis,-1.33661683,3.80223694e-04,100
3807,Row-Update,mps2,-1.33767399,6.84838892e-05,100
3807,Hybrid,mixture2,-1.33759020,7.58973587e-05,100
3808,Metropolis,metropolis,-1.33662305,3.81257305e-04,100
3808,Row-Update,mps2,-1.33765658,6.94089250e-05,100
3808,Hybrid,mixture2,-1.33758573,7.67862296e-05,100
3809,Metropolis,metropolis,-1.33662021,3.81026909e-04,100
3809,Row-Update,mps2,-1.33767311,7.02643824e-05,100
3809,Hybrid,mixture2,-1.33758948,7.74297756e-05,100
3810,Metropolis,metropolis,-1.33661185,3.81345106e-04,100
3810,Row-Update,mps2,-1.33767010,7.02080848e-05,100
3810,Hybrid,mixture2,-1.33758752,7.74633911e-05,100
3811,Metropolis,metropolis,-1.33661810,3.80949319e-04,100
3811,Row-Update,mps2,-1.33768237,6.77205291e-05,100
3811,Hybrid,mixture2,-1.33758490,7.66166564e-05,100
3812,Metropolis,metropolis,-1.33661828,3.80535982e-04,100
3812,Row-Update,mps2,-1.33767630,7.02731199e-05,100
3812,Hybrid,mixture2,-1.33759884,7.57115818e-05,100
3813,Metropolis,metropolis,-1.33661797,3.80515932e-04,100
3813,Row-Update,mps2,-1.33767569,7.01455964e-05,100
3813,Hybrid,mixture2,-1.33759432,7.60763456e-05,100
3814,Metropolis,metropolis,-1.33661719,3.80994688e-04,100
3814,Row-Update,mps2,-1.33765586,7.22933099e-05,100
3814,Hybrid,mixture2,-1.33758201,7.78103443e-05,100
3815,Metropolis,metropolis,-1.33661565,3.80805472e-04,100
3815,Row-Update,mps2,-1.33767292,6.79134719e-05,100
3815,Hybrid,mixture2,-1.33758627,7.64285863e-05,100
3816,Metropolis,metropolis,-1.33662326,3.81039047e-04,100
3816,Row-Update,mps2,-1.33766526,7.01187839e-05,100
3816,Hybrid,mixture2,-1.33759093,7.68603809e-05,100
3817,Metropolis,metropolis,-1.33661846,3.80881971e-04,100
3817,Row-Update,mps2,-1.33767413,6.98758837e-05,100
3817,Hybrid,mixture2,-1.33758369,7.81574673e-05,100
3818,Metropolis,metropolis,-1.33661692,3.81311534e-04,100
3818,Row-Update,mps2,-1.33766519,7.06357112e-05,100
3818,Hybrid,mixture2,-1.33758560,7.60112134e-05,100
3819,Metropolis,metropolis,-1.33661838,3.80979701e-04,100
3819,Row-Update,mps2,-1.33768009,6.87320572e-05,100
3819,Hybrid,mixture2,-1.33757880,7.91164814e-05,100
3820,Metropolis,metropolis,-1.33662806,3.81203680e-04,100
3820,Row-Update,mps2,-1.33768673,6.73684742e-05,100
3820,Hybrid,mixture2,-1.33759530,7.66443252e-05,100
3821,Metropolis,metropolis,-1.33662063,3.80840153e-04,100
3821,Row-Update,mps2,-1.33767963,6.90362002e-05,100
3821,Hybrid,mixture2,-1.33759784,7.66818569e-05,100
3822,Metropolis,metropolis,-1.33661748,3.80493923e-04,100
3822,Row-Update,mps2,-1.33766043,6.97172284e-05,100
3822,Hybrid,mixture2,-1.33759958,7.66512158e-05,100
3823,Metropolis,metropolis,-1.33661575,3.80816460e-04,100
3823,Row-Update,mps2,-1.33767253,6.87898541e-05,100
3823,Hybrid,mixture2,-1.33758905,7.68802579e-05,100
3824,Metropolis,metropolis,-1.33661686,3.81040969e-04,100
3824,Row-Update,mps2,-1.33767654,6.93497114e-05,100
3824,Hybrid,mixture2,-1.33760427,7.58211413e-05,100
3825,Metropolis,metropolis,-1.33661977,3.80525800e-04,100
3825,Row-Update,mps2,-1.33768276,6.70677102e-05,100
3825,Hybrid,mixture2,-1.33760170,7.56756540e-05,100
3826,Metropolis,metropolis,-1.33662080,3.81045142e-04,100
3826,Row-Update,mps2,-1.33767361,6.82634713e-05,100
3826,Hybrid,mixture2,-1.33759290,7.54739212e-05,100
3827,Metropolis,metropolis,-1.33661127,3.81045978e-04,100
3827,Row-Update,mps2,-1.33767292,6.88149565e-05,100
3827,Hybrid,mixture2,-1.33760810,7.63683196e-05,100
3828,Metropolis,metropolis,-1.33661745,3.80855979e-04,100
3828,Row-Update,mps2,-1.33767806,6.87772546e-05,100
3828,Hybrid,mixture2,-1.33760099,7.66062581e-05,100
3829,Metropolis,metropolis,-1.33661756,3.80428027e-04,100
3829,Row-Update,mps2,-1.33767238,6.68935786e-05,100
3829,Hybrid,mixture2,-1.33759614,7.61857326e-05,100
3830,Metropolis,metropolis,-1.33661428,3.81158584e-04,100
3830,Row-Update,mps2,-1.33766699,6.87820290e-05,100
3830,Hybrid,mixture2,-1.33758664,7.74397999e-05,100
3831,Metropolis,metropolis,-1.33661431,3.80559780e-04,100
3831,Row-Update,mps2,-1.33767795,6.82471129e-05,100
3831,Hybrid,mixture2,-1.33758739,7.60306242e-05,100
3832,Metropolis,metropolis,-1.33661772,3.80782863e-04,100
3832,Row-Update,mps2,-1.33767129,7.01366452e-05,100
3832,Hybrid,mixture2,-1.33759067,7.66350898e-05,100
3833,Metropolis,metropolis,-1.33661169,3.81057366e-04,100
3833,Row-Update,mps2,-1.33767054,6.79271533e-05,100
3833,Hybrid,mixture2,-1.33759225,7.75151796e-05,100
3834,Metropolis,metropolis,-1.33662027,3.80567768e-04,100
3834,Row-Update,mps2,-1.33767529,6.82838778e-05,100
3834,Hybrid,mixture2,-1.33758940,7.67226792e-05,100
3835,Metropolis,metropolis,-1.33661937,3.80917657e-04,100
3835,Row-Update,mps2,-1.33768118,6.60693486e-05,100
3835,Hybrid,mixture2,-1.33760628,7.73547393e-05,100
3836,Metropolis,metropolis,-1.33661835,3.80738518e-04,100
3836,Row-Update,mps2,-1.33768601,6.54445328e-05,100
3836,Hybrid,mixture2,-1.33760472,7.58757557e-05,100
3837,Metropolis,metropolis,-1.33661563,3.80908969e-04,100
3837,Row-Update,mps2,-1.33767328,6.92146162e-05,100
3837,Hybrid,mixture2,-1.33760451,7.56442680e-05,100
3838,Metropolis,metropolis,-1.33661744,3.80779906e-04,100
3838,Row-Update,mps2,-1.33767957,6.87710222e-05,100
3838,Hybrid,mixture2,-1.33760924,7.50439019e-05,100
3839,Metropolis,metropolis,-1.33661680,3.80886495e-04,100
3839,Row-Update,mps2,-1.33767840,6.65797065e-05,100
3839,Hybrid,mixture2,-1.33758605,7.84978762e-05,100
3840,Metropolis,metropolis,-1.33661340,3.80850459e-04,100
3840,Row-Update,mps2,-1.33768063,6.64628177e-05,100
3840,Hybrid,mixture2,-1.33760019,7.74493533e-05,100
3841,Metropolis,metropolis,-1.33661378,3.80901267e-04,100
3841,Row-Update,mps2,-1.33767885,6.75557095e-05,100
3841,Hybrid,mixture2,-1.33759588,7.71370342e-05,100
3842,Metropolis,metropolis,-1.33660796,3.80820465e-04,100
3842,Row-Update,mps2,-1.33767763,6.70433704e-05,100
3842,Hybrid,mixture2,-1.33760046,7.76548244e-05,100
3843,Metropolis,metropolis,-1.33661444,3.80885072e-04,100
3843,Row-Update,mps2,-1.33768249,6.77821507e-05,100
3843,Hybrid,mixture2,-1.33759391,7.78034345e-05,100
3844,Metropolis,metropolis,-1.33661579,3.81040081e-04,100
3844,Row-Update,mps2,-1.33767944,6.77378728e-05,100
3844,Hybrid,mixture2,-1.33759080,7.79074555e-05,100
3845,Metropolis,metropolis,-1.33660962,3.80991081e-04,100
3845,Row-Update,mps2,-1.33768087,6.78538109e-05,100
3845,Hybrid,mixture2,-1.33759456,7.68741001e-05,100
3846,Metropolis,metropolis,-1.33662008,3.80725048e-04,100
3846,Row-Update,mps2,-1.33766792,6.72759277e-05,100
3846,Hybrid,mixture2,-1.33760108,7.57886578e-05,100
3847,Metropolis,metropolis,-1.33662010,3.80755060e-04,100
3847,Row-Update,mps2,-1.33767371,6.79546298e-05,100
3847,Hybrid,mixture2,-1.33759911,7.61610561e-05,100
3848,Metropolis,metropolis,-1.33661662,3.81167314e-04,100
3848,Row-Update,mps2,-1.33766961,6.81262655e-05,100
3848,Hybrid,mixture2,-1.33751692,1.23553044e-04,100
3849,Metropolis,metropolis,-1.33664163,3.81084794e-04,100
3849,Row-Update,mps2,-1.33767117,6.70794451e-05,100
3849,Hybrid,mixture2,-1.33753096,1.15268229e-04,100
3850,Metropolis,metropolis,-1.33661694,3.80727101e-04,100
3850,Row-Update,mps2,-1.33766980,6.72698966e-05,100
3850,Hybrid,mixture2,-1.33752517,1.12802742e-04,100
3851,Metropolis,metropolis,-1.33662052,3.80895140e-04,100
3851,Row-Update,mps2,-1.33767626,6.79150022e-05,100
3851,Hybrid,mixture2,-1.33756260,9.20972584e-05,100
3852,Metropolis,metropolis,-1.33661511,3.81301650e-04,100
3852,Row-Update,mps2,-1.33767961,6.61140148e-05,100
3852,Hybrid,mixture2,-1.33758173,8.59606727e-05,100
3853,Metropolis,metropolis,-1.33662265,3.80599151e-04,100
3853,Row-Update,mps2,-1.33768371,6.76183736e-05,100
3853,Hybrid,mixture2,-1.33757884,7.98650193e-05,100
3854,Metropolis,metropolis,-1.33662440,3.81143251e-04,100
3854,Row-Update,mps2,-1.33767816,6.71700339e-05,100
3854,Hybrid,mixture2,-1.33760375,7.68164662e-05,100
3855,Metropolis,metropolis,-1.33661954,3.81295111e-04,100
3855,Row-Update,mps2,-1.33768277,6.69424172e-05,100
3855,Hybrid,mixture2,-1.33759252,7.65134082e-05,100
3856,Metropolis,metropolis,-1.33662426,3.80603081e-04,100
3856,Row-Update,mps2,-1.33768476,6.51953005e-05,100
3856,Hybrid,mixture2,-1.33759717,7.70450176e-05,100
3857,Metropolis,metropolis,-1.33662380,3.80634134e-04,100
3857,Row-Update,mps2,-1.33768321,6.66295291e-05,100
3857,Hybrid,mixture2,-1.33759010,7.89894514e-05,100
3858,Metropolis,metropolis,-1.33662735,3.80848322e-04,100
3858,Row-Update,mps2,-1.33768576,6.51982952e-05,100
3858,Hybrid,mixture2,-1.33759610,7.87545430e-05,100
3859,Metropolis,metropolis,-1.33662079,3.80899570e-04,100
3859,Row-Update,mps2,-1.33768445,6.58921412e-05,100
3859,Hybrid,mixture2,-1.33759622,7.69585396e-05,100
3860,Metropolis,metropolis,-1.33662052,3.80895295e-04,100
3860,Row-Update,mps2,-1.33768068,6.52555580e-05,100
3860,Hybrid,mixture2,-1.33758667,7.78789614e-05,100
3861,Metropolis,metropolis,-1.33662429,3.80776815e-04,100
3861,Row-Update,mps2,-1.33768695,6.57935940e-05,100
3861,Hybrid,mixture2,-1.33759681,7.77158665e-05,100
3862,Metropolis,metropolis,-1.33662483,3.80655485e-04,100
3862,Row-Update,mps2,-1.33768354,6.48374707e-05,100
3862,Hybrid,mixture2,-1.33757740,8.13789501e-05,100
3863,Metropolis,metropolis,-1.33662643,3.80937324e-04,100
3863,Row-Update,mps2,-1.33767947,6.88847770e-05,100
3863,Hybrid,mixture2,-1.33758707,7.88482203e-05,100
3864,Metropolis,metropolis,-1.33662637,3.80777375e-04,100
3864,Row-Update,mps2,-1.33768947,6.47993663e-05,100
3864,Hybrid,mixture2,-1.33755847,9.61503373e-05,100
3865,Metropolis,metropolis,-1.33662262,3.81292852e-04,100
3865,Row-Update,mps2,-1.33768625,6.57344516e-05,100
3865,Hybrid,mixture2,-1.33754136,9.75753148e-05,100
3866,Metropolis,metropolis,-1.33707857,5.92418760e-04,100
3866,Row-Update,mps2,-1.33767867,6.62963806e-05,100
3866,Hybrid,mixture2,-1.33755380,9.65757076e-05,100
3867,Metropolis,metropolis,-1.33662980,3.80828972e-04,100
3867,Row-Update,mps2,-1.33768908,6.89433583e-05,100
3867,Hybrid,mixture2,-1.33755702,8.95536560e-05,100
3868,Metropolis,metropolis,-1.33662540,3.80916804e-04,100
3868,Row-Update,mps2,-1.33768341,6.70581992e-05,100
3868,Hybrid,mixture2,-1.33757433,8.35351105e-05,100
3869,Metropolis,metropolis,-1.33662353,3.80353823e-04,100
3869,Row-Update,mps2,-1.33766799,7.10648424e-05,100
3869,Hybrid,mixture2,-1.33758024,8.57417271e-05,100
3870,Metropolis,metropolis,-1.33662679,3.80969399e-04,100
3870,Row-Update,mps2,-1.33767003,7.02228572e-05,100
3870,Hybrid,mixture2,-1.33757635,8.31805144e-05,100
3871,Metropolis,metropolis,-1.33663092,3.80979093e-04,100
3871,Row-Update,mps2,-1.33766934,7.19611886e-05,100
3871,Hybrid,mixture2,-1.33757423,8.33300669e-05,100
3872,Metropolis,metropolis,-1.33662082,3.80807637e-04,100
3872,Row-Update,mps2,-1.33767838,7.19591126e-05,100
3872,Hybrid,mixture2,-1.33757364,8.20637420e-05,100
3873,Metropolis,metropolis,-1.33662275,3.80568915e-04,100
3873,Row-Update,mps2,-1.33766810,7.09039739e-05,100
3873,Hybrid,mixture2,-1.33756490,8.87920519e-05,100
3874,Metropolis,metropolis,-1.33662215,3.80509823e-04,100
3874,Row-Update,mps2,-1.33767463,6.95726025e-05,100
3874,Hybrid,mixture2,-1.33757914,8.42771013e-05,100
3875,Metropolis,metropolis,-1.33661937,3.80221711e-04,100
3875,Row-Update,mps2,-1.33767189,6.99519741e-05,100
3875,Hybrid,mixture2,-1.33757893,8.15698414e-05,100
3876,Metropolis,metropolis,-1.33661740,3.80891322e-04,100
3876,Row-Update,mps2,-1.33767606,6.93869344e-05,100
3876,Hybrid,mixture2,-1.33757063,8.16834942e-05,100
3877,Metropolis,metropolis,-1.33661320,3.80289123e-04,100
3877,Row-Update,mps2,-1.33767953,6.81974220e-05,100
3877,Hybrid,mixture2,-1.33755229,9.63866106e-05,100
3878,Metropolis,metropolis,-1.33661334,3.81115319e-04,100
3878,Row-Update,mps2,-1.33767625,7.13377719e-05,100
3878,Hybrid,mixture2,-1.33757163,8.60198622e-05,100
3879,Metropolis,metropolis,-1.33661954,3.80750089e-04,100
3879,Row-Update,mps2,-1.33767001,6.88454000e-05,100
3879,Hybrid,mixture2,-1.33757239,8.28940296e-05,100
3880,Metropolis,metropolis,-1.33661777,3.80855473e-04,100
3880,Row-Update,mps2,-1.33767581,6.90308762e-05,100
3880,Hybrid,mixture2,-1.33760358,7.57917974e-05,100
3881,Metropolis,metropolis,-1.33662059,3.81111158e-04,100
3881,Row-Update,mps2,-1.33768277,6.69789801e-05,100
3881,Hybrid,mixture2,-1.33759857,7.58452242e-05,100
3882,Metropolis,metropolis,-1.33663067,3.80955992e-04,100
3882,Row-Update,mps2,-1.33767929,6.72145033e-05,100
3882,Hybrid,mixture2,-1.33760154,7.62091241e-05,100
3883,Metropolis,metropolis,-1.33661258,3.80723493e-04,100
3883,Row-Update,mps2,-1.33767509,6.67251924e-05,100
3883,Hybrid,mixture2,-1.33759413,7.58666635e-05,100
3884,Metropolis,metropolis,-1.33661364,3.80599834e-04,100
3884,Row-Update,mps2,-1.33768016,6.80098178e-05,100
3884,Hybrid,mixture2,-1.33759226,7.63278616e-05,100
3885,Metropolis,metropolis,-1.33661610,3.80959933e-04,100
3885,Row-Update,mps2,-1.33766724,6.85492596e-05,100
3885,Hybrid,mixture2,-1.33761679,7.56508487e-05,100
3886,Metropolis,metropolis,-1.33662177,3.80778891e-04,100
3886,Row-Update,mps2,-1.33767696,6.74925794e-05,100
3886,Hybrid,mixture2,-1.33760295,7.54119259e-05,100
3887,Metropolis,metropolis,-1.33661598,3.80918151e-04,100
3887,Row-Update,mps2,-1.33768338,6.71130160e-05,100
3887,Hybrid,mixture2,-1.33757948,7.98627322e-05,100
3888,Metropolis,metropolis,-1.33661554,3.80848104e-04,100
3888,Row-Update,mps2,-1.33767997,6.70478657e-05,100
3888,Hybrid,mixture2,-1.33759640,7.58687567e-05,100
3889,Metropolis,metropolis,-1.33662041,3.80400861e-04,100
3889,Row-Update,mps2,-1.33768401,6.68954297e-05,100
3889,Hybrid,mixture2,-1.33759513,7.58447451e-05,100
3890,Metropolis,metropolis,-1.33661035,3.80940182e-04,100
3890,Row-Update,mps2,-1.33767938,6.61644240e-05,100
3890,Hybrid,mixture2,-1.33759098,7.90983665e-05,100
3891,Metropolis,metropolis,-1.33661656,3.80654080e-04,100
3891,Row-Update,mps2,-1.33768793,6.59985978e-05,100
3891,Hybrid,mixture2,-1.33758972,7.70870271e-05,100
3892,Metropolis,metropolis,-1.33662160,3.80902540e-04,100
3892,Row-Update,mps2,-1.33768812,6.60613260e-05,100
3892,Hybrid,mixture2,-1.33758946,7.64454236e-05,100
3893,Metropolis,metropolis,-1.33662640,3.80850394e-04,100
3893,Row-Update,mps2,-1.33768373,6.63752150e-05,100
3893,Hybrid,mixture2,-1.33758555,7.80326443e-05,100
3894,Metropolis,metropolis,-1.33662546,3.80827316e-04,100
3894,Row-Update,mps2,-1.33768444,6.52331177e-05,100
3894,Hybrid,mixture2,-1.33758816,7.66853832e-05,100
3895,Metropolis,metropolis,-1.33662179,3.80637910e-04,100
3895,Row-Update,mps2,-1.33766855,6.71092438e-05,100
3895,Hybrid,mixture2,-1.33758752,7.64397017e-05,100
3896,Metropolis,metropolis,-1.33662238,3.80520035e-04,100
3896,Row-Update,mps2,-1.33767963,6.78726347e-05,100
3896,Hybrid,mixture2,-1.33759544,7.66252923e-05,100
3897,Metropolis,metropolis,-1.33662708,3.81153713e-04,100
3897,Row-Update,mps2,-1.33767078,6.91781021e-05,100
3897,Hybrid,mixture2,-1.33760077,7.71287032e-05,100
3898,Metropolis,metropolis,-1.33662039,3.81050686e-04,100
3898,Row-Update,mps2,-1.33767251,6.92470257e-05,100
3898,Hybrid,mixture2,-1.33759949,7.65305026e-05,100
3899,Metropolis,metropolis,-1.33662491,3.81114471e-04,100
3899,Row-Update,mps2,-1.33768935,6.65241188e-05,100
3899,Hybrid,mixture2,-1.33760077,7.58585239e-05,100
3900,Metropolis,metropolis,-1.33661571,3.80852734e-04,100
3900,Row-Update,mps2,-1.33769035,6.61506526e-05,100
3900,Hybrid,mixture2,-1.33760853,7.43484873e-05,100
3901,Metropolis,metropolis,-1.33661607,3.80999711e-04,100
3901,Row-Update,mps2,-1.33767520,6.81538380e-05,100
3901,Hybrid,mixture2,-1.33760842,7.52342575e-05,100
3902,Metropolis,metropolis,-1.33661521,3.80987519e-04,100
3902,Row-Update,mps2,-1.33768154,6.61768726e-05,100
3902,Hybrid,mixture2,-1.33760153,7.54754785e-05,100
3903,Metropolis,metropolis,-1.33661893,3.81140571e-04,100
3903,Row-Update,mps2,-1.33768462,6.62309994e-05,100
3903,Hybrid,mixture2,-1.33761206,7.52913185e-05,100
3904,Metropolis,metropolis,-1.33662264,3.80790136e-04,100
3904,Row-Update,mps2,-1.33768078,6.76011068e-05,100
3904,Hybrid,mixture2,-1.33760400,7.56229653e-05,100
3905,Metropolis,metropolis,-1.33661701,3.80646996e-04,100
3905,Row-Update,mps2,-1.33767260,6.82951526e-05,100
3905,Hybrid,mixture2,-1.33760799,7.55473378e-05,100
3906,Metropolis,metropolis,-1.33662167,3.80666651e-04,100
3906,Row-Update,mps2,-1.33767669,6.79967150e-05,100
3906,Hybrid,mixture2,-1.33760471,7.53623758e-05,100
3907,Metropolis,metropolis,-1.33662200,3.80762933e-04,100
3907,Row-Update,mps2,-1.33767437,6.77101198e-05,100
3907,Hybrid,mixture2,-1.33760954,7.55609229e-05,100
3908,Metropolis,metropolis,-1.33661004,3.81007443e-04,100
3908,Row-Update,mps2,-1.33768397,6.70794264e-05,100
3908,Hybrid,mixture2,-1.33761237,7.50895776e-05,100
3909,Metropolis,metropolis,-1.33661386,3.81156068e-04,100
3909,Row-Update,mps2,-1.33768366,6.77877081e-05,100
3909,Hybrid,mixture2,-1.33761123,7.43780924e-05,100
3910,Metropolis,metropolis,-1.33662621,3.80771738e-04,100
3910,Row-Update,mps2,-1.33768293,6.68575705e-05,100
3910,Hybrid,mixture2,-1.33761210,7.53156257e-05,100
3911,Metropolis,metropolis,-1.33661571,3.81078187e-04,100
3911,Row-Update,mps2,-1.33768194,6.76581287e-05,100
3911,Hybrid,mixture2,-1.33760635,7.49681908e-05,100
3912,Metropolis,metropolis,-1.33661300,3.80539106e-04,100
3912,Row-Update,mps2,-1.33766799,6.99127849e-05,100
3912,Hybrid,mixture2,-1.33760791,7.59928179e-05,100
3913,Metropolis,metropolis,-1.33662311,3.80462569e-04,100
3913,Row-Update,mps2,-1.33766945,7.28676692e-05,100
3913,Hybrid,mixture2,-1.33760233,7.58625309e-05,100
3914,Metropolis,metropolis,-1.33661677,3.81115182e-04,100
3914,Row-Update,mps2,-1.33766268,7.36975886e-05,100
3914,Hybrid,mixture2,-1.33761185,7.60306416e-05,100
3915,Metropolis,metropolis,-1.33661730,3.80969850e-04,100
3915,Row-Update,mps2,-1.33768174,6.92308630e-05,100
3915,Hybrid,mixture2,-1.33761094,7.54377721e-05,100
3916,Metropolis,metropolis,-1.33662079,3.80533805e-04,100
3916,Row-Update,mps2,-1.33767206,7.17538153e-05,100
3916,Hybrid,mixture2,-1.33762526,7.51312543e-05,100
3917,Metropolis,metropolis,-1.33662237,3.80792786e-04,100
3917,Row-Update,mps2,-1.33756215,1.47920836e-04,100
3917,Hybrid,mixture2,-1.33760806,7.55459065e-05,100
3918,Metropolis,metropolis,-1.33662530,3.80957634e-04,100
3918,Row-Update,mps2,-1.33757853,1.31593458e-04,100
3918,Hybrid,mixture2,-1.33761171,7.54954869e-05,100
3919,Metropolis,metropolis,-1.33661100,3.80763050e-04,100
3919,Row-Update,mps2,-1.33758701,1.24977550e-04,100
3919,Hybrid,mixture2,-1.33760084,7.60397376e-05,100
3920,Metropolis,metropolis,-1.33661657,3.80787005e-04,100
3920,Row-Update,mps2,-1.33761339,1.14302712e-04,100
3920,Hybrid,mixture2,-1.33760727,7.59028580e-05,100
3921,Metropolis,metropolis,-1.33661986,3.81099788e-04,100
3921,Row-Update,mps2,-1.33761739,1.13740210e-04,100
3921,Hybrid,mixture2,-1.33761663,7.57199875e-05,100
3922,Metropolis,metropolis,-1.33661543,3.81173203e-04,100
3922,Row-Update,mps2,-1.33761764,1.06509394e-04,100
3922,Hybrid,mixture2,-1.33760370,7.60077053e-05,100
3923,Metropolis,metropolis,-1.33662093,3.80548286e-04,100
3923,Row-Update,mps2,-1.33759189,1.21010919e-04,100
3923,Hybrid,mixture2,-1.33762286,7.49685855e-05,100
3924,Metropolis,metropolis,-1.33661435,3.80916189e-04,100
3924,Row-Update,mps2,-1.33761192,1.07973798e-04,100
3924,Hybrid,mixture2,-1.33760683,7.53732983e-05,100
3925,Metropolis,metropolis,-1.33661388,3.80672496e-04,100
3925,Row-Update,mps2,-1.33760193,1.18544456e-04,100
3925,Hybrid,mixture2,-1.33760709,7.57619329e-05,100
3926,Metropolis,metropolis,-1.33661772,3.81254137e-04,100
3926,Row-Update,mps2,-1.33758721,1.24486630e-04,100
3926,Hybrid,mixture2,-1.33760186,7.59659696e-05,100
3927,Metropolis,metropolis,-1.33661941,3.81336318e-04,100
3927,Row-Update,mps2,-1.33755186,1.54436634e-04,100
3927,Hybrid,mixture2,-1.33760718,7.48990707e-05,100
3928,Metropolis,metropolis,-1.33661528,3.81363364e-04,100
3928,Row-Update,mps2,-1.33759099,1.16311341e-04,100
3928,Hybrid,mixture2,-1.33760655,7.52976600e-05,100
3929,Metropolis,metropolis,-1.33661531,3.80827552e-04,100
3929,Row-Update,mps2,-1.33760366,1.06847324e-04,100
3929,Hybrid,mixture2,-1.33761830,7.41457168e-05,100
3930,Metropolis,metropolis,-1.33661704,3.81309918e-04,100
3930,Row-Update,mps2,-1.33761134,1.03284833e-04,100
3930,Hybrid,mixture2,-1.33763001,7.48227189e-05,100
3931,Metropolis,metropolis,-1.33661301,3.81032447e-04,100
3931,Row-Update,mps2,-1.33764420,8.18917262e-05,100
3931,Hybrid,mixture2,-1.33761263,7.51820092e-05,100
3932,Metropolis,metropolis,-1.33661834,3.81125929e-04,100
3932,Row-Update,mps2,-1.33765922,7.78353362e-05,100
3932,Hybrid,mixture2,-1.33761926,7.50400280e-05,100
3933,Metropolis,metropolis,-1.33662608,3.80787067e-04,100
3933,Row-Update,mps2,-1.33764201,8.30965686e-05,100
3933,Hybrid,mixture2,-1.33761444,7.60203560e-05,100
3934,Metropolis,metropolis,-1.33661113,3.80838789e-04,100
3934,Row-Update,mps2,-1.33767104,6.94855834e-05,100
3934,Hybrid,mixture2,-1.33762021,7.45994498e-05,100
3935,Metropolis,metropolis,-1.33661064,3.80855186e-04,100
3935,Row-Update,mps2,-1.33766119,6.98785185e-05,100
3935,Hybrid,mixture2,-1.33761555,7.54054698e-05,100
3936,Metropolis,metropolis,-1.33661073,3.81026406e-04,100
3936,Row-Update,mps2,-1.33766723,7.14120643e-05,100
3936,Hybrid,mixture2,-1.33760893,7.61293931e-05,100
3937,Metropolis,metropolis,-1.33661073,3.80839591e-04,100
3937,Row-Update,mps2,-1.33766443,6.96960576e-05,100
3937,Hybrid,mixture2,-1.33760478,7.54660576e-05,100
3938,Metropolis,metropolis,-1.33661215,3.81325137e-04,100
3938,Row-Update,mps2,-1.33766830,7.39880116e-05,100
3938,Hybrid,mixture2,-1.33761499,7.50843386e-05,100
3939,Metropolis,metropolis,-1.33661413,3.81077908e-04,100
3939,Row-Update,mps2,-1.33767605,6.78011645e-05,100
3939,Hybrid,mixture2,-1.33761784,7.51497553e-05,100
3940,Metropolis,metropolis,-1.33660733,3.81742352e-04,100
3940,Row-Update,mps2,-1.33768183,6.69856566e-05,100
3940,Hybrid,mixture2,-1.33761740,7.47570922e-05,100
3941,Metropolis,metropolis,-1.33660493,3.80976297e-04,100
3941,Row-Update,mps2,-1.33767196,6.80926164e-05,100
3941,Hybrid,mixture2,-1.33762446,7.49643571e-05,100
3942,Metropolis,metropolis,-1.33661501,3.81202233e-04,100
3942,Row-Update,mps2,-1.33769898,6.63967520e-05,100
3942,Hybrid,mixture2,-1.33762367,7.52959905e-05,100
3943,Metropolis,metropolis,-1.33661210,3.80804328e-04,100
3943,Row-Update,mps2,-1.33768803,6.56224866e-05,100
3943,Hybrid,mixture2,-1.33762148,7.59062696e-05,100
3944,Metropolis,metropolis,-1.33661287,3.81605583e-04,100
3944,Row-Update,mps2,-1.33769524,6.63811363e-05,100
3944,Hybrid,mixture2,-1.33761226,7.54341318e-05,100
3945,Metropolis,metropolis,-1.33661434,3.81228175e-04,100
3945,Row-Update,mps2,-1.33769247,6.65767760e-05,100
3945,Hybrid,mixture2,-1.33761727,7.65043295e-05,100
3946,Metropolis,metropolis,-1.33661789,3.81244287e-04,100
3946,Row-Update,mps2,-1.33770227,6.46494085e-05,100
3946,Hybrid,mixture2,-1.33760470,7.54109855e-05,100
3947,Metropolis,metropolis,-1.33661540,3.80954000e-04,100
3947,Row-Update,mps2,-1.33770273,6.47945799e-05,100
3947,Hybrid,mixture2,-1.33761307,7.49292443e-05,100
3948,Metropolis,metropolis,-1.33661367,3.81010093e-04,100
3948,Row-Update,mps2,-1.33769704,6.43953129e-05,100
3948,Hybrid,mixture2,-1.33761365,7.51305008e-05,100
3949,Metropolis,metropolis,-1.33661776,3.81474584e-04,100
3949,Row-Update,mps2,-1.33769322,6.53915239e-05,100
3949,Hybrid,mixture2,-1.33761834,7.49695381e-05,100
3950,Metropolis,metropolis,-1.33660951,3.80998200e-04,100
3950,Row-Update,mps2,-1.33769618,6.45497121e-05,100
3950,Hybrid,mixture2,-1.33761776,7.58604509e-05,100
3951,Metropolis,metropolis,-1.33661601,3.81181546e-04,100
3951,Row-Update,mps2,-1.33769203,6.52428110e-05,100
3951,Hybrid,mixture2,-1.33760955,7.59535086e-05,100
3952,Metropolis,metropolis,-1.33661385,3.81158787e-04,100
3952,Row-Update,mps2,-1.33769184,6.55263209e-05,100
3952,Hybrid,mixture2,-1.33761371,7.54505567e-05,100
3953,Metropolis,metropolis,-1.33662018,3.81519610e-04,100
3953,Row-Update,mps2,-1.33769954,6.56691879e-05,100
3953,Hybrid,mixture2,-1.33761575,7.47897763e-05,100
3954,Metropolis,metropolis,-1.33661571,3.81386498e-04,100
3954,Row-Update,mps2,-1.33770056,6.43933112e-05,100
3954,Hybrid,mixture2,-1.33761696,7.51590586e-05,100
3955,Metropolis,metropolis,-1.33661803,3.80578973e-04,100
3955,Row-Update,mps2,-1.33770398,6.63058496e-05,100
3955,Hybrid,mixture2,-1.33760156,7.52050589e-05,100
3956,Metropolis,metropolis,-1.33662181,3.80569849e-04,100
3956,Row-Update,mps2,-1.33770439,6.64664402e-05,100
3956,Hybrid,mixture2,-1.33760518,7.47805844e-05,100
3957,Metropolis,metropolis,-1.33661904,3.80718879e-04,100
3957,Row-Update,mps2,-1.33770566,6.65712489e-05,100
3957,Hybrid,mixture2,-1.33760923,7.50328152e-05,100
3958,Metropolis,metropolis,-1.33662195,3.80574208e-04,100
3958,Row-Update,mps2,-1.33770023,6.51562666e-05,100
3958,Hybrid,mixture2,-1.33761302,7.48062078e-05,100
3959,Metropolis,metropolis,-1.33661641,3.81129301e-04,100
3959,Row-Update,mps2,-1.33770165,6.59434907e-05,100
3959,Hybrid,mixture2,-1.33761310,7.57985042e-05,100
3960,Metropolis,metropolis,-1.33661719,3.81007344e-04,100
3960,Row-Update,mps2,-1.33770279,6.57696969e-05,100
3960,Hybrid,mixture2,-1.33761693,7.45270731e-05,100
3961,Metropolis,metropolis,-1.33662282,3.81103185e-04,100
3961,Row-Update,mps2,-1.33769901,6.72040731e-05,100
3961,Hybrid,mixture2,-1.33760938,7.47722337e-05,100
3962,Metropolis,metropolis,-1.33662228,3.81041503e-04,100
3962,Row-Update,mps2,-1.33769480,6.66848279e-05,100
3962,Hybrid,mixture2,-1.33762079,7.50325013e-05,100
3963,Metropolis,metropolis,-1.33662362,3.81104582e-04,100
3963,Row-Update,mps2,-1.33769978,6.49839609e-05,100
3963,Hybrid,mixture2,-1.33761361,7.54601800e-05,100
3964,Metropolis,metropolis,-1.33661906,3.81016008e-04,100
3964,Row-Update,mps2,-1.33769582,6.67919072e-05,100
3964,Hybrid,mixture2,-1.33761499,7.54882377e-05,100
3965,Metropolis,metropolis,-1.33662522,3.81094564e-04,100
3965,Row-Update,mps2,-1.33769834,6.55862422e-05,100
3965,Hybrid,mixture2,-1.33761419,7.50331750e-05,100
3966,Metropolis,metropolis,-1.33662348,3.80937143e-04,100
3966,Row-Update,mps2,-1.33769762,6.55696812e-05,100
3966,Hybrid,mixture2,-1.33760818,7.53206776e-05,100
3967,Metropolis,metropolis,-1.33662688,3.81156510e-04,100
3967,Row-Update,mps2,-1.33770138,6.53560228e-05,100
3967,Hybrid,mixture2,-1.33760823,7.56646970e-05,100
3968,Metropolis,metropolis,-1.33662437,3.81038484e-04,100
3968,Row-Update,mps2,-1.33770808,6.46121083e-05,100
3968,Hybrid,mixture2,-1.33761456,7.57555206e-05,100
3969,Metropolis,metropolis,-1.33662192,3.81070455e-04,100
3969,Row-Update,mps2,-1.33769455,6.58823601e-05,100
3969,Hybrid,mixture2,-1.33761796,7.50650986e-05,100
3970,Metropolis,metropolis,-1.33661736,3.80874148e-04,100
3970,Row-Update,mps2,-1.33770500,6.48228848e-05,100
3970,Hybrid,mixture2,-1.33761613,7.61817615e-05,100
3971,Metropolis,metropolis,-1.33662074,3.81404608e-04,100
3971,Row-Update,mps2,-1.33770041,6.43873954e-05,100
3971,Hybrid,mixture2,-1.33760868,7.60287408e-05,100
3972,Metropolis,metropolis,-1.33662049,3.80784543e-04,100
3972,Row-Update,mps2,-1.33769041,6.81797954e-05,100
3972,Hybrid,mixture2,-1.33761382,7.46244979e-05,100
3973,Metropolis,metropolis,-1.33661499,3.81335970e-04,100
3973,Row-Update,mps2,-1.33769702,6.71415144e-05,100
3973,Hybrid,mixture2,-1.33761750,7.51831328e-05,100
3974,Metropolis,metropolis,-1.33662991,3.80937506e-04,100
3974,Row-Update,mps2,-1.33771103,6.74537274e-05,100
3974,Hybrid,mixture2,-1.33760882,7.51611434e-05,100
3975,Metropolis,metropolis,-1.33662524,3.81286977e-04,100
3975,Row-Update,mps2,-1.33770047,6.74767972e-05,100
3975,Hybrid,mixture2,-1.33761282,7.52369703e-05,100
3976,Metropolis,metropolis,-1.33662342,3.81001310e-04,100
3976,Row-Update,mps2,-1.33770124,6.53571913e-05,100
3976,Hybrid,mixture2,-1.33761677,7.48899173e-05,100
3977,Metropolis,metropolis,-1.33662083,3.80928562e-04,100
3977,Row-Update,mps2,-1.33769639,6.62965365e-05,100
3977,Hybrid,mixture2,-1.33761190,7.62237911e-05,100
3978,Metropolis,metropolis,-1.33661927,3.81255367e-04,100
3978,Row-Update,mps2,-1.33769314,6.70480754e-05,100
3978,Hybrid,mixture2,-1.33761367,7.53189471e-05,100
3979,Metropolis,metropolis,-1.33661437,3.80641468e-04,100
3979,Row-Update,mps2,-1.33769801,6.67102223e-05,100
3979,Hybrid,mixture2,-1.33761533,7.52004328e-05,100
3980,Metropolis,metropolis,-1.33662252,3.81126545e-04,100
3980,Row-Update,mps2,-1.33770216,6.73442463e-05,100
3980,Hybrid,mixture2,-1.33762187,7.32276339e-05,100
3981,Metropolis,metropolis,-1.33662132,3.81216490e-04,100
3981,Row-Update,mps2,-1.33770331,6.74324632e-05,100
3981,Hybrid,mixture2,-1.33761423,7.45335626e-05,100
3982,Metropolis,metropolis,-1.33661663,3.81083016e-04,100
3982,Row-Update,mps2,-1.33770907,6.61693178e-05,100
3982,Hybrid,mixture2,-1.33762200,7.62808682e-05,100
3983,Metropolis,metropolis,-1.33661712,3.81044150e-04,100
3983,Row-Update,mps2,-1.33768949,6.84604123e-05,100
3983,Hybrid,mixture2,-1.33762014,7.61071053e-05,100
3984,Metropolis,metropolis,-1.33662011,3.81174964e-04,100
3984,Row-Update,mps2,-1.33769253,6.74691083e-05,100
3984,Hybrid,mixture2,-1.33761706,7.46679240e-05,100
3985,Metropolis,metropolis,-1.33661891,3.81124524e-04,100
3985,Row-Update,mps2,-1.33769557,6.77005336e-05,100
3985,Hybrid,mixture2,-1.33760784,7.57665477e-05,100
3986,Metropolis,metropolis,-1.33661687,3.80979421e-04,100
3986,Row-Update,mps2,-1.33770389,6.63821077e-05,100
3986,Hybrid,mixture2,-1.33761314,7.54521489e-05,100
3987,Metropolis,metropolis,-1.33661981,3.80822511e-04,100
3987,Row-Update,mps2,-1.33769985,6.54422435e-05,100
3987,Hybrid,mixture2,-1.33762470,7.50435841e-05,100
3988,Metropolis,metropolis,-1.33661461,3.80843868e-04,100
3988,Row-Update,mps2,-1.33769384,6.62441938e-05,100
3988,Hybrid,mixture2,-1.33761050,7.56668361e-05,100
3989,Metropolis,metropolis,-1.33662141,3.80929195e-04,100
3989,Row-Update,mps2,-1.33768931,6.72185270e-05,100
3989,Hybrid,mixture2,-1.33761597,7.49580583e-05,100
3990,Metropolis,metropolis,-1.33661737,3.81043737e-04,100
3990,Row-Update,mps2,-1.33769493,6.55032782e-05,100
3990,Hybrid,mixture2,-1.33761659,7.49212662e-05,100
3991,Metropolis,metropolis,-1.33662511,3.80808619e-04,100
3991,Row-Update,mps2,-1.33769767,6.43787833e-05,100
3991,Hybrid,mixture2,-1.33761462,7.51205760e-05,100
3992,Metropolis,metropolis,-1.33662213,3.81222582e-04,100
3992,Row-Update,mps2,-1.33770738,6.53330264e-05,100
3992,Hybrid,mixture2,-1.33760849,7.50193045e-05,100
3993,Metropolis,metropolis,-1.33662356,3.81341017e-04,100
3993,Row-Update,mps2,-1.33769545,6.66788179e-05,100
3993,Hybrid,mixture2,-1.33761418,7.47086794e-05,100
3994,Metropolis,metropolis,-1.33662264,3.81048086e-04,100
3994,Row-Update,mps2,-1.33769060,7.00293531e-05,100
3994,Hybrid,mixture2,-1.33761954,7.53993802e-05,100
3995,Metropolis,metropolis,-1.33662820,3.80511633e-04,100
3995,Row-Update,mps2,-1.33770386,6.56345368e-05,100
3995,Hybrid,mixture2,-1.33762258,7.46458660e-05,100
3996,Metropolis,metropolis,-1.33662305,3.81211047e-04,100
3996,Row-Update,mps2,-1.33769993,6.54425451e-05,100
3996,Hybrid,mixture2,-1.33761684,7.50347217e-05,100
3997,Metropolis,metropolis,-1.33662489,3.81020189e-04,100
3997,Row-Update,mps2,-1.33770598,6.55460329e-05,100
3997,Hybrid,mixture2,-1.33761136,7.51093658e-05,100
3998,Metropolis,metropolis,-1.33662229,3.80732715e-04,100
3998,Row-Update,mps2,-1.33770511,6.56981863e-05,100
3998,Hybrid,mixture2,-1.33761083,7.59058385e-05,100
3999,Metropolis,metropolis,-1.33662473,3.80935635e-04,100
3999,Row-Update,mps2,-1.33770172,6.62113848e-05,100
3999,Hybrid,mixture2,-1.33761411,7.53651457e-05,100
4000,Metropolis,metropolis,-1.33662314,3.80675516e-04,100
4000,Row-Update,mps2,-1.33769724,6.65291819e-05,100
4000,Hybrid,mixture2,-1.33761771,7.62218694e-05,100
4001,Metropolis,metropolis,-1.33662156,3.80517096e-04,100
4001,Row-Update,mps2,-1.33769989,6.77533553e-05,100
4001,Hybrid,mixture2,-1.33761935,7.60962032e-05,100
4002,Metropolis,metropolis,-1.33662179,3.80820331e-04,100
4002,Row-Update,mps2,-1.33769429,6.82588711e-05,100
4002,Hybrid,mixture2,-1.33762048,7.56212032e-05,100
4003,Metropolis,metropolis,-1.33662939,3.80542037e-04,100
4003,Row-Update,mps2,-1.33770565,6.70883041e-05,100
4003,Hybrid,mixture2,-1.33761522,7.56868389e-05,100
4004,Metropolis,metropolis,-1.33662020,3.80167781e-04,100
4004,Row-Update,mps2,-1.33770824,6.64217327e-05,100
4004,Hybrid,mixture2,-1.33760785,7.48178307e-05,100
4005,Metropolis,metropolis,-1.33662437,3.80455547e-04,100
4005,Row-Update,mps2,-1.33770966,6.55657201e-05,100
4005,Hybrid,mixture2,-1.33761988,7.49964655e-05,100
4006,Metropolis,metropolis,-1.33661833,3.80400543e-04,100
4006,Row-Update,mps2,-1.33770324,6.72449669e-05,100
4006,Hybrid,mixture2,-1.33761864,7.51317420e-05,100
4007,Metropolis,metropolis,-1.33661251,3.80799117e-04,100
4007,Row-Update,mps2,-1.33769828,6.62804682e-05,100
4007,Hybrid,mixture2,-1.33762150,7.56085818e-05,100
4008,Metropolis,metropolis,-1.33661490,3.80561365e-04,100
4008,Row-Update,mps2,-1.33768748,6.68449397e-05,100
4008,Hybrid,mixture2,-1.33761698,7.59433423e-05,100
4009,Metropolis,metropolis,-1.33662044,3.80705245e-04,100
4009,Row-Update,mps2,-1.33769203,6.85286446e-05,100
4009,Hybrid,mixture2,-1.33762596,7.55744371e-05,100
4010,Metropolis,metropolis,-1.33662699,3.80408771e-04,100
4010,Row-Update,mps2,-1.33768861,6.85876228e-05,100
4010,Hybrid,mixture2,-1.33761478,7.58629831e-05,100
4011,Metropolis,metropolis,-1.33661693,3.80889765e-04,100
4011,Row-Update,mps2,-1.33769417,6.56542781e-05,100
4011,Hybrid,mixture2,-1.33761599,7.66206370e-05,100
4012,Metropolis,metropolis,-1.33661523,3.80817022e-04,100
4012,Row-Update,mps2,-1.33768901,6.57039347e-05,100
4012,Hybrid,mixture2,-1.33761416,7.55227234e-05,100
4013,Metropolis,metropolis,-1.33662385,3.80718952e-04,100
4013,Row-Update,mps2,-1.33768900,6.73553003e-05,100
4013,Hybrid,mixture2,-1.33762152,7.51898366e-05,100
4014,Metropolis,metropolis,-1.33661807,3.80863959e-04,100
4014,Row-Update,mps2,-1.33769401,6.66789419e-05,100
4014,Hybrid,mixture2,-1.33761850,7.53212216e-05,100
4015,Metropolis,metropolis,-1.33661572,3.80735403e-04,100
4015,Row-Update,mps2,-1.33769635,6.66838039e-05,100
4015,Hybrid,mixture2,-1.33761431,7.53131415e-05,100
4016,Metropolis,metropolis,-1.33661704,3.81227643e-04,100
4016,Row-Update,mps2,-1.33769356,6.72587070e-05,100
4016,Hybrid,mixture2,-1.33760840,7.64304243e-05,100
4017,Metropolis,metropolis,-1.33662090,3.81131157e-04,100
4017,Row-Update,mps2,-1.33769884,6.78038013e-05,100
4017,Hybrid,mixture2,-1.33760774,7.54580211e-05,100
4018,Metropolis,metropolis,-1.33662402,3.80965970e-04,100
4018,Row-Update,mps2,-1.33769920,6.53424891e-05,100
4018,Hybrid,mixture2,-1.33761381,7.64427273e-05,100
4019,Metropolis,metropolis,-1.33662587,3.80766176e-04,100
4019,Row-Update,mps2,-1.33769868,6.48578262e-05,100
4019,Hybrid,mixture2,-1.33760940,7.47949717e-05,100
4020,Metropolis,metropolis,-1.33662646,3.80489869e-04,100
4020,Row-Update,mps2,-1.33769491,6.65697272e-05,100
4020,Hybrid,mixture2,-1.33761866,7.56628398e-05,100
4021,Metropolis,metropolis,-1.33662457,3.81164685e-04,100
4021,Row-Update,mps2,-1.33768681,6.70306412e-05,100
4021,Hybrid,mixture2,-1.33761523,7.53398431e-05,100
4022,Metropolis,metropolis,-1.33662184,3.81161324e-04,100
4022,Row-Update,mps2,-1.33769693,6.58884284e-05,100
4022,Hybrid,mixture2,-1.33762026,7.66076666e-05,100
4023,Metropolis,metropolis,-1.33662098,3.81434811e-04,100
4023,Row-Update,mps2,-1.33769229,6.56158006e-05,100
4023,Hybrid,mixture2,-1.33761599,7.67459828e-05,100
4024,Metropolis,metropolis,-1.33662192,3.81093803e-04,100
4024,Row-Update,mps2,-1.33769859,6.67374015e-05,100
4024,Hybrid,mixture2,-1.33761813,7.60588719e-05,100
4025,Metropolis,metropolis,-1.33662520,3.80955163e-04,100
4025,Row-Update,mps2,-1.33769459,6.51981184e-05,100
4025,Hybrid,mixture2,-1.33760763,7.65499305e-05,100
4026,Metropolis,metropolis,-1.33662070,3.81208153e-04,100
4026,Row-Update,mps2,-1.33769966,6.61096263e-05,100
4026,Hybrid,mixture2,-1.33760984,7.65417989e-05,100
4027,Metropolis,metropolis,-1.33662486,3.81144652e-04,100
4027,Row-Update,mps2,-1.33769395,6.69558273e-05,100
4027,Hybrid,mixture2,-1.33760857,7.52882332e-05,100
4028,Metropolis,metropolis,-1.33662749,3.80892474e-04,100
4028,Row-Update,mps2,-1.33769461,6.53690313e-05,100
4028,Hybrid,mixture2,-1.33761704,7.61477877e-05,100
4029,Metropolis,metropolis,-1.33662688,3.80768110e-04,100
4029,Row-Update,mps2,-1.33770658,6.42842414e-05,100
4029,Hybrid,mixture2,-1.33761977,7.51413176e-05,100
4030,Metropolis,metropolis,-1.33661813,3.81155991e-04,100
4030,Row-Update,mps2,-1.33770412,6.47081500e-05,100
4030,Hybrid,mixture2,-1.33761640,7.42103625e-05,100
4031,Metropolis,metropolis,-1.33662139,3.80941144e-04,100
4031,Row-Update,mps2,-1.33770719,6.47673006e-05,100
4031,Hybrid,mixture2,-1.33762170,7.51922427e-05,100
4032,Metropolis,metropolis,-1.33662065,3.81221470e-04,100
4032,Row-Update,mps2,-1.33770657,6.45073463e-05,100
4032,Hybrid,mixture2,-1.33762507,7.53529642e-05,100
4033,Metropolis,metropolis,-1.33662243,3.81224279e-04,100
4033,Row-Update,mps2,-1.33769937,6.39214349e-05,100
4033,Hybrid,mixture2,-1.33762555,7.56439057e-05,100
4034,Metropolis,metropolis,-1.33663118,3.80870772e-04,100
4034,Row-Update,mps2,-1.33770534,6.46633854e-05,100
4034,Hybrid,mixture2,-1.33762217,7.51556766e-05,100
4035,Metropolis,metropolis,-1.33661623,3.80747891e-04,100
4035,Row-Update,mps2,-1.33770508,6.56384265e-05,100
4035,Hybrid,mixture2,-1.33761835,7.51884855e-05,100
4036,Metropolis,metropolis,-1.33662618,3.80812481e-04,100
4036,Row-Update,mps2,-1.33770005,6.44625991e-05,100
4036,Hybrid,mixture2,-1.33762029,7.52433943e-05,100
4037,Metropolis,metropolis,-1.33662184,3.81121915e-04,100
4037,Row-Update,mps2,-1.33769755,6.50965225e-05,100
4037,Hybrid,mixture2,-1.33763068,7.48284371e-05,100
4038,Metropolis,metropolis,-1.33662849,3.81063221e-04,100
4038,Row-Update,mps2,-1.33769521,6.52190799e-05,100
4038,Hybrid,mixture2,-1.33762345,7.45670322e-05,100
4039,Metropolis,metropolis,-1.33662317,3.80810433e-04,100
4039,Row-Update,mps2,-1.33769515,6.46668863e-05,100
4039,Hybrid,mixture2,-1.33761739,7.51874301e-05,100
4040,Metropolis,metropolis,-1.33662813,3.80617909e-04,100
4040,Row-Update,mps2,-1.33769100,6.48856244e-05,100
4040,Hybrid,mixture2,-1.33762136,7.55928114e-05,100
4041,Metropolis,metropolis,-1.33663075,3.81076136e-04,100
4041,Row-Update,mps2,-1.33769427,6.56854389e-05,100
4041,Hybrid,mixture2,-1.33761494,7.57561957e-05,100
4042,Metropolis,metropolis,-1.33662723,3.80925899e-04,100
4042,Row-Update,mps2,-1.33769403,6.59047349e-05,100
4042,Hybrid,mixture2,-1.33761568,7.46755337e-05,100
4043,Metropolis,metropolis,-1.33663322,3.80894002e-04,100
4043,Row-Update,mps2,-1.33771033,6.53130239e-05,100
4043,Hybrid,mixture2,-1.33761329,7.52135140e-05,100
4044,Metropolis,metropolis,-1.33663138,3.80384651e-04,100
4044,Row-Update,mps2,-1.33770344,6.49246634e-05,100
4044,Hybrid,mixture2,-1.33761368,7.53913900e-05,100
4045,Metropolis,metropolis,-1.33662900,3.80799671e-04,100
4045,Row-Update,mps2,-1.33770328,6.56356074e-05,100
4045,Hybrid,mixture2,-1.33761358,7.47222433e-05,100
4046,Metropolis,metropolis,-1.33663006,3.81126202e-04,100
4046,Row-Update,mps2,-1.33770064,6.42264436e-05,100
4046,Hybrid,mixture2,-1.33760744,7.55346972e-05,100
4047,Metropolis,metropolis,-1.33663404,3.81002456e-04,100
4047,Row-Update,mps2,-1.33769586,6.47145088e-05,100
4047,Hybrid,mixture2,-1.33761548,7.51073073e-05,100
4048,Metropolis,metropolis,-1.33663479,3.80938678e-04,100
4048,Row-Update,mps2,-1.33769693,6.79153855e-05,100
4048,Hybrid,mixture2,-1.33760851,7.53429915e-05,100
4049,Metropolis,metropolis,-1.33663251,3.81427211e-04,100
4049,Row-Update,mps2,-1.33770418,6.55200427e-05,100
4049,Hybrid,mixture2,-1.33760673,7.54841393e-05,100
4050,Metropolis,metropolis,-1.33663066,3.81351222e-04,100
4050,Row-Update,mps2,-1.33770078,6.54619525e-05,100
4050,Hybrid,mixture2,-1.33761433,7.59280024e-05,100
4051,Metropolis,metropolis,-1.33663357,3.81147676e-04,100
4051,Row-Update,mps2,-1.33770722,6.49442039e-05,100
4051,Hybrid,mixture2,-1.33760965,7.50519828e-05,100
4052,Metropolis,metropolis,-1.33663577,3.80618218e-04,100
4052,Row-Update,mps2,-1.33769648,6.58726425e-05,100
4052,Hybrid,mixture2,-1.33761551,7.50218227e-05,100
4053,Metropolis,metropolis,-1.33663377,3.81037589e-04,100
4053,Row-Update,mps2,-1.33769536,6.44264643e-05,100
4053,Hybrid,mixture2,-1.33760888,7.54018575e-05,100
4054,Metropolis,metropolis,-1.33663255,3.80775129e-04,100
4054,Row-Update,mps2,-1.33769973,6.50380920e-05,100
4054,Hybrid,mixture2,-1.33761038,7.55338347e-05,100
4055,Metropolis,metropolis,-1.33663108,3.81163470e-04,100
4055,Row-Update,mps2,-1.33769770,6.58717749e-05,100
4055,Hybrid,mixture2,-1.33761363,7.61282508e-05,100
4056,Metropolis,metropolis,-1.33662959,3.81038238e-04,100
4056,Row-Update,mps2,-1.33770788,6.50147889e-05,100
4056,Hybrid,mixture2,-1.33761889,7.60495744e-05,100
4057,Metropolis,metropolis,-1.33662779,3.81266143e-04,100
4057,Row-Update,mps2,-1.33770816,6.39237364e-05,100
4057,Hybrid,mixture2,-1.33761103,7.55044379e-05,100
4058,Metropolis,metropolis,-1.33662861,3.81247721e-04,100
4058,Row-Update,mps2,-1.33770194,6.42441879e-05,100
4058,Hybrid,mixture2,-1.33761519,7.57274657e-05,100
4059,Metropolis,metropolis,-1.33662774,3.80636317e-04,100
4059,Row-Update,mps2,-1.33769565,6.51475158e-05,100
4059,Hybrid,mixture2,-1.33761098,7.53866708e-05,100
4060,Metropolis,metropolis,-1.33663369,3.80570058e-04,100
4060,Row-Update,mps2,-1.33770187,6.61510849e-05,100
4060,Hybrid,mixture2,-1.33760885,7.51975604e-05,100
4061,Metropolis,metropolis,-1.33663555,3.80867010e-04,100
4061,Row-Update,mps2,-1.33769831,6.54660765e-05,100
4061,Hybrid,mixture2,-1.33761179,7.54614256e-05,100
4062,Metropolis,metropolis,-1.33662420,3.80878059e-04,100
4062,Row-Update,mps2,-1.33770104,6.45856325e-05,100
4062,Hybrid,mixture2,-1.33761951,7.59116167e-05,100
4063,Metropolis,metropolis,-1.33663234,3.81044534e-04,100
4063,Row-Update,mps2,-1.33771652,6.50759812e-05,100
4063,Hybrid,mixture2,-1.33761928,7.40852158e-05,100
4064,Metropolis,metropolis,-1.33662595,3.80364697e-04,100
4064,Row-Update,mps2,-1.33770310,6.41906728e-05,100
4064,Hybrid,mixture2,-1.33761651,7.61493276e-05,100
4065,Metropolis,metropolis,-1.33663115,3.81281567e-04,100
4065,Row-Update,mps2,-1.33770608,6.46964584e-05,100
4065,Hybrid,mixture2,-1.33761985,7.48506396e-05,100
4066,Metropolis,metropolis,-1.33662813,3.81056252e-04,100
4066,Row-Update,mps2,-1.33771727,6.44157239e-05,100
4066,Hybrid,mixture2,-1.33761474,7.58628110e-05,100
4067,Metropolis,metropolis,-1.33662732,3.80571044e-04,100
4067,Row-Update,mps2,-1.33771027,6.44447753e-05,100
4067,Hybrid,mixture2,-1.33762848,7.57745250e-05,100
4068,Metropolis,metropolis,-1.33663894,3.81118761e-04,100
4068,Row-Update,mps2,-1.33770339,6.57118408e-05,100
4068,Hybrid,mixture2,-1.33760707,7.91063972e-05,100
4069,Metropolis,metropolis,-1.33662685,3.80557105e-04,100
4069,Row-Update,mps2,-1.33770842,6.52754387e-05,100
4069,Hybrid,mixture2,-1.33761329,7.46140251e-05,100
4070,Metropolis,metropolis,-1.33663400,3.81273021e-04,100
4070,Row-Update,mps2,-1.33770669,6.41620278e-05,100
4070,Hybrid,mixture2,-1.33761362,7.54051217e-05,100
4071,Metropolis,metropolis,-1.33663206,3.80884414e-04,100
4071,Row-Update,mps2,-1.33770916,6.47587379e-05,100
4071,Hybrid,mixture2,-1.33761304,7.48210529e-05,100
4072,Metropolis,metropolis,-1.33662452,3.81125130e-04,100
4072,Row-Update,mps2,-1.33770332,6.48969775e-05,100
4072,Hybrid,mixture2,-1.33762177,7.55643354e-05,100
4073,Metropolis,metropolis,-1.33663043,3.80585622e-04,100
4073,Row-Update,mps2,-1.33770914,6.43856234e-05,100
4073,Hybrid,mixture2,-1.33762546,7.49423739e-05,100
4074,Metropolis,metropolis,-1.33662839,3.81322098e-04,100
4074,Row-Update,mps2,-1.33770572,6.40124931e-05,100
4074,Hybrid,mixture2,-1.33762232,7.50974397e-05,100
4075,Metropolis,metropolis,-1.33663487,3.80935506e-04,100
4075,Row-Update,mps2,-1.33770739,6.48356922e-05,100
4075,Hybrid,mixture2,-1.33761281,7.67205532e-05,100
4076,Metropolis,metropolis,-1.33662828,3.80691674e-04,100
4076,Row-Update,mps2,-1.33771413,6.40504257e-05,100
4076,Hybrid,mixture2,-1.33762156,7.54656818e-05,100
4077,Metropolis,metropolis,-1.33662855,3.80802502e-04,100
4077,Row-Update,mps2,-1.33770996,6.41791696e-05,100
4077,Hybrid,mixture2,-1.33761340,7.57142971e-05,100
4078,Metropolis,metropolis,-1.33663024,3.81227463e-04,100
4078,Row-Update,mps2,-1.33771392,6.37900970e-05,100
4078,Hybrid,mixture2,-1.33761679,7.52365503e-05,100
4079,Metropolis,metropolis,-1.33663058,3.81149630e-04,100
4079,Row-Update,mps2,-1.33770823,6.49542988e-05,100
4079,Hybrid,mixture2,-1.33763094,7.54806493e-05,100
4080,Metropolis,metropolis,-1.33663169,3.81384709e-04,100
4080,Row-Update,mps2,-1.33769506,6.58275636e-05,100
4080,Hybrid,mixture2,-1.33761736,7.55368956e-05,100
4081,Metropolis,metropolis,-1.33662679,3.81179850e-04,100
4081,Row-Update,mps2,-1.33769681,6.42999509e-05,100
4081,Hybrid,mixture2,-1.33761232,7.50130834e-05,100
4082,Metropolis,metropolis,-1.33662750,3.80838892e-04,100
4082,Row-Update,mps2,-1.33770188,6.38907598e-05,100
4082,Hybrid,mixture2,-1.33761137,7.55024319e-05,100
4083,Metropolis,metropolis,-1.33662445,3.81314761e-04,100
4083,Row-Update,mps2,-1.33770219,6.47603114e-05,100
4083,Hybrid,mixture2,-1.33761636,7.56503091e-05,100
4084,Metropolis,metropolis,-1.33663352,3.80787055e-04,100
4084,Row-Update,mps2,-1.33770078,6.44730159e-05,100
4084,Hybrid,mixture2,-1.33761933,7.49623831e-05,100
4085,Metropolis,metropolis,-1.33663638,3.80431986e-04,100
4085,Row-Update,mps2,-1.33770389,6.46451450e-05,100
4085,Hybrid,mixture2,-1.33761811,7.70587267e-05,100
4086,Metropolis,metropolis,-1.33663769,3.80973111e-04,100
4086,Row-Update,mps2,-1.33770537,6.46230855e-05,100
4086,Hybrid,mixture2,-1.33761735,7.68040438e-05,100
4087,Metropolis,metropolis,-1.33663268,3.80843415e-04,100
4087,Row-Update,mps2,-1.33769972,6.54327682e-05,100
4087,Hybrid,mixture2,-1.33762288,7.75465450e-05,100
4088,Metropolis,metropolis,-1.33663449,3.80971982e-04,100
4088,Row-Update,mps2,-1.33769526,6.56436554e-05,100
4088,Hybrid,mixture2,-1.33761381,7.66600739e-05,100
4089,Metropolis,metropolis,-1.33663170,3.80940008e-04,100
4089,Row-Update,mps2,-1.33768978,6.63642701e-05,100
4089,Hybrid,mixture2,-1.33761619,7.65976087e-05,100
4090,Metropolis,metropolis,-1.33663109,3.81055441e-04,100
4090,Row-Update,mps2,-1.33769586,6.54332805e-05,100
4090,Hybrid,mixture2,-1.33761216,7.58782154e-05,100
4091,Metropolis,metropolis,-1.33663269,3.80860238e-04,100
4091,Row-Update,mps2,-1.33769102,6.70151239e-05,100
4091,Hybrid,mixture2,-1.33761451,7.56074944e-05,100
4092,Metropolis,metropolis,-1.33662895,3.81037717e-04,100
4092,Row-Update,mps2,-1.33770508,6.49543001e-05,100
4092,Hybrid,mixture2,-1.33762349,7.54754744e-05,100
4093,Metropolis,metropolis,-1.33664360,3.81308894e-04,100
4093,Row-Update,mps2,-1.33770876,6.56661238e-05,100
4093,Hybrid,mixture2,-1.33762490,7.53076396e-05,100
4094,Metropolis,metropolis,-1.33662839,3.80568087e-04,100
4094,Row-Update,mps2,-1.33769801,6.44560660e-05,100
4094,Hybrid,mixture2,-1.33761784,7.57758829e-05,100
4095,Metropolis,metropolis,-1.33662955,3.81393741e-04,100
4095,Row-Update,mps2,-1.33770243,6.53160427e-05,100
4095,Hybrid,mixture2,-1.33761930,7.57187117e-05,100
4096,Metropolis,metropolis,-1.33662955,3.80884779e-04,100
4096,Row-Update,mps2,-1.33770690,6.46422109e-05,100
4096,Hybrid,mixture2,-1.33761992,7.55242402e-05,100
4097,Metropolis,metropolis,-1.33662916,3.81003840e-04,100
4097,Row-Update,mps2,-1.33769929,6.40782507e-05,100
4097,Hybrid,mixture2,-1.33761642,7.57834527e-05,100
4098,Metropolis,metropolis,-1.33662634,3.81109227e-04,100
4098,Row-Update,mps2,-1.33770521,6.40621210e-05,100
4098,Hybrid,mixture2,-1.33761430,7.65248375e-05,100
4099,Metropolis,metropolis,-1.33663241,3.81358075e-04,100
4099,Row-Update,mps2,-1.33770422,6.41454647e-05,100
4099,Hybrid,mixture2,-1.33761040,7.61837659e-05,100
4100,Metropolis,metropolis,-1.33662328,3.80771353e-04,100
4100,Row-Update,mps2,-1.33770527,6.47862200e-05,100
4100,Hybrid,mixture2,-1.33761376,7.65765375e-05,100
4101,Metropolis,metropolis,-1.33662299,3.80810414e-04,100
4101,Row-Update,mps2,-1.33769549,6.35581465e-05,100
4101,Hybrid,mixture2,-1.33760870,7.62246578e-05,100
4102,Metropolis,metropolis,-1.33662920,3.80643504e-04,100
4102,Row-Update,mps2,-1.33769728,6.46291935e-05,100
4102,Hybrid,mixture2,-1.33762024,7.59235958e-05,100
4103,Metropolis,metropolis,-1.33662508,3.80885229e-04,100
4103,Row-Update,mps2,-1.33770747,6.36826382e-05,100
4103,Hybrid,mixture2,-1.33762962,7.50666185e-05,100
4104,Metropolis,metropolis,-1.33663538,3.80980598e-04,100
4104,Row-Update,mps2,-1.33769518,6.47197452e-05,100
4104,Hybrid,mixture2,-1.33761384,7.49825284e-05,100
4105,Metropolis,metropolis,-1.33662689,3.80946751e-04,100
4105,Row-Update,mps2,-1.33769495,6.47911933e-05,100
4105,Hybrid,mixture2,-1.33761739,7.51532940e-05,100
4106,Metropolis,metropolis,-1.33662892,3.81217436e-04,100
4106,Row-Update,mps2,-1.33768890,6.43604453e-05,100
4106,Hybrid,mixture2,-1.33761746,7.54400795e-05,100
4107,Metropolis,metropolis,-1.33662815,3.81123048e-04,100
4107,Row-Update,mps2,-1.33769899,6.47157254e-05,100
4107,Hybrid,mixture2,-1.33762228,7.55530537e-05,100
4108,Metropolis,metropolis,-1.33662257,3.81274189e-04,100
4108,Row-Update,mps2,-1.33770197,6.50445102e-05,100
4108,Hybrid,mixture2,-1.33761241,7.66467914e-05,100
4109,Metropolis,metropolis,-1.33662254,3.80843648e-04,100
4109,Row-Update,mps2,-1.33769889,6.50058813e-05,100
4109,Hybrid,mixture2,-1.33761612,7.56734012e-05,100
4110,Metropolis,metropolis,-1.33663029,3.81285556e-04,100
4110,Row-Update,mps2,-1.33769612,6.53749858e-05,100
4110,Hybrid,mixture2,-1.33761116,7.53139031e-05,100
4111,Metropolis,metropolis,-1.33663234,3.80534213e-04,100
4111,Row-Update,mps2,-1.33770750,6.45383193e-05,100
4111,Hybrid,mixture2,-1.33761071,7.51665131e-05,100
4112,Metropolis,metropolis,-1.33663230,3.81205180e-04,100
4112,Row-Update,mps2,-1.33770022,6.52854294e-05,100
4112,Hybrid,mixture2,-1.33761138,7.60385641e-05,100
4113,Metropolis,metropolis,-1.33662888,3.81027065e-04,100
4113,Row-Update,mps2,-1.33769273,6.32409930e-05,100
4113,Hybrid,mixture2,-1.33760876,7.53231274e-05,100
4114,Metropolis,metropolis,-1.33662745,3.80448803e-04,100
4114,Row-Update,mps2,-1.33770955,6.39944820e-05,100
4114,Hybrid,mixture2,-1.33761002,7.53947833e-05,100
4115,Metropolis,metropolis,-1.33662219,3.80539260e-04,100
4115,Row-Update,mps2,-1.33769707,6.40164691e-05,100
4115,Hybrid,mixture2,-1.33760923,7.59723028e-05,100
4116,Metropolis,metropolis,-1.33662513,3.81254954e-04,100
4116,Row-Update,mps2,-1.33770122,6.39891272e-05,100
4116,Hybrid,mixture2,-1.33761336,7.65035025e-05,100
4117,Metropolis,metropolis,-1.33662728,3.81289259e-04,100
4117,Row-Update,mps2,-1.33769358,6.40627086e-05,100
4117,Hybrid,mixture2,-1.33760797,7.52685191e-05,100
4118,Metropolis,metropolis,-1.33662932,3.81202175e-04,100
4118,Row-Update,mps2,-1.33770061,6.40285692e-05,100
4118,Hybrid,mixture2,-1.33761524,7.62349183e-05,100
4119,Metropolis,metropolis,-1.33662945,3.80886024e-04,100
4119,Row-Update,mps2,-1.33769866,6.50225726e-05,100
4119,Hybrid,mixture2,-1.33759655,7.53850742e-05,100
4120,Metropolis,metropolis,-1.33662651,3.81257559e-04,100
4120,Row-Update,mps2,-1.33769786,6.35576242e-05,100
4120,Hybrid,mixture2,-1.33760991,7.60258287e-05,100
4121,Metropolis,metropolis,-1.33662407,3.80844082e-04,100
4121,Row-Update,mps2,-1.33769412,6.47756531e-05,100
4121,Hybrid,mixture2,-1.33760635,7.58761071e-05,100
4122,Metropolis,metropolis,-1.33662522,3.81166604e-04,100
4122,Row-Update,mps2,-1.33768947,6.45188327e-05,100
4122,Hybrid,mixture2,-1.33761491,7.48302690e-05,100
4123,Metropolis,metropolis,-1.33663407,3.80952134e-04,100
4123,Row-Update,mps2,-1.33769450,6.43628865e-05,100
4123,Hybrid,mixture2,-1.33760982,7.60042926e-05,100
4124,Metropolis,metropolis,-1.33662895,3.80937813e-04,100
4124,Row-Update,mps2,-1.33770183,6.43310848e-05,100
4124,Hybrid,mixture2,-1.33761546,7.57301062e-05,100
4125,Metropolis,metropolis,-1.33663227,3.81052217e-04,100
4125,Row-Update,mps2,-1.33770069,6.46153891e-05,100
4125,Hybrid,mixture2,-1.33762238,7.50230815e-05,100
4126,Metropolis,metropolis,-1.33662291,3.81273809e-04,100
4126,Row-Update,mps2,-1.33769742,6.49467695e-05,100
4126,Hybrid,mixture2,-1.33761361,7.49031431e-05,100
4127,Metropolis,metropolis,-1.33663070,3.80988278e-04,100
4127,Row-Update,mps2,-1.33769924,6.57256517e-05,100
4127,Hybrid,mixture2,-1.33761725,7.54241170e-05,100
4128,Metropolis,metropolis,-1.33662987,3.81124367e-04,100
4128,Row-Update,mps2,-1.33768793,6.46446907e-05,100
4128,Hybrid,mixture2,-1.33761688,7.44903230e-05,100
4129,Metropolis,metropolis,-1.33663048,3.81211272e-04,100
4129,Row-Update,mps2,-1.33770172,6.38754371e-05,100
4129,Hybrid,mixture2,-1.33762227,7.52812465e-05,100
4130,Metropolis,metropolis,-1.33663229,3.81032276e-04,100
4130,Row-Update,mps2,-1.33770037,6.40053943e-05,100
4130,Hybrid,mixture2,-1.33762241,7.53760225e-05,100
4131,Metropolis,metropolis,-1.33663483,3.81157918e-04,100
4131,Row-Update,mps2,-1.33770059,6.48265772e-05,100
4131,Hybrid,mixture2,-1.33761051,7.60570606e-05,100
4132,Metropolis,metropolis,-1.33663099,3.80735255e-04,100
4132,Row-Update,mps2,-1.33769050,6.61769908e-05,100
4132,Hybrid,mixture2,-1.33761369,7.62175981e-05,100
4133,Metropolis,metropolis,-1.33662939,3.80881410e-04,100
4133,Row-Update,mps2,-1.33770173,6.49886053e-05,100
4133,Hybrid,mixture2,-1.33761334,7.56947282e-05,100
4134,Metropolis,metropolis,-1.33663043,3.80819929e-04,100
4134,Row-Update,mps2,-1.33769875,6.54381620e-05,100
4134,Hybrid,mixture2,-1.33761767,7.52465370e-05,100
4135,Metropolis,metropolis,-1.33663399,3.81083570e-04,100
4135,Row-Update,mps2,-1.33769223,6.37543624e-05,100
4135,Hybrid,mixture2,-1.33762043,7.47525004e-05,100
4136,Metropolis,metropolis,-1.33663255,3.80710135e-04,100
4136,Row-Update,mps2,-1.33769303,6.54314526e-05,100
4136,Hybrid,mixture2,-1.33761879,7.47604714e-05,100
4137,Metropolis,metropolis,-1.33663275,3.80534045e-04,100
4137,Row-Update,mps2,-1.33770737,6.54984305e-05,100
4137,Hybrid,mixture2,-1.33762970,7.44416151e-05,100
4138,Metropolis,metropolis,-1.33662870,3.83376987e-04,100
4138,Row-Update,mps2,-1.33770281,6.44337848e-05,100
4138,Hybrid,mixture2,-1.33762268,7.51520098e-05,100
4139,Metropolis,metropolis,-1.33662801,3.80695196e-04,100
4139,Row-Update,mps2,-1.33768934,6.47007502e-05,100
4139,Hybrid,mixture2,-1.33762059,7.47212471e-05,100
4140,Metropolis,metropolis,-1.33663139,3.81186016e-04,100
4140,Row-Update,mps2,-1.33769750,6.56601552e-05,100
4140,Hybrid,mixture2,-1.33762398,7.52694883e-05,100
4141,Metropolis,metropolis,-1.33663357,3.80867332e-04,100
4141,Row-Update,mps2,-1.33770699,6.43926050e-05,100
4141,Hybrid,mixture2,-1.33760966,7.51753866e-05,100
4142,Metropolis,metropolis,-1.33663014,3.80868106e-04,100
4142,Row-Update,mps2,-1.33769420,6.54771652e-05,100
4142,Hybrid,mixture2,-1.33761624,7.52535417e-05,100
4143,Metropolis,metropolis,-1.33662769,3.81116004e-04,100
4143,Row-Update,mps2,-1.33770373,6.44197970e-05,100
4143,Hybrid,mixture2,-1.33762021,7.53418660e-05,100
4144,Metropolis,metropolis,-1.33662639,3.81079587e-04,100
4144,Row-Update,mps2,-1.33770113,6.44701555e-05,100
4144,Hybrid,mixture2,-1.33761530,7.57559126e-05,100
4145,Metropolis,metropolis,-1.33663306,3.80610355e-04,100
4145,Row-Update,mps2,-1.33771161,6.47107252e-05,100
4145,Hybrid,mixture2,-1.33762280,7.46320050e-05,100
4146,Metropolis,metropolis,-1.33662673,3.80984749e-04,100
4146,Row-Update,mps2,-1.33771040,6.45017073e-05,100
4146,Hybrid,mixture2,-1.33762563,7.45316307e-05,100
4147,Metropolis,metropolis,-1.33663594,3.80768222e-04,100
4147,Row-Update,mps2,-1.33769993,6.44567947e-05,100
4147,Hybrid,mixture2,-1.33761772,7.46578325e-05,100
4148,Metropolis,metropolis,-1.33662803,3.81291001e-04,100
4148,Row-Update,mps2,-1.33769795,6.45466574e-05,100
4148,Hybrid,mixture2,-1.33761755,7.61698841e-05,100
4149,Metropolis,metropolis,-1.33663505,3.80508024e-04,100
4149,Row-Update,mps2,-1.33770230,6.43470493e-05,100
4149,Hybrid,mixture2,-1.33761885,7.61527690e-05,100
4150,Metropolis,metropolis,-1.33663245,3.80975448e-04,100
4150,Row-Update,mps2,-1.33769389,6.50324526e-05,100
4150,Hybrid,mixture2,-1.33761797,7.58115153e-05,100
4151,Metropolis,metropolis,-1.33663016,3.80531550e-04,100
4151,Row-Update,mps2,-1.33769955,6.48854988e-05,100
4151,Hybrid,mixture2,-1.33761671,7.55263454e-05,100
4152,Metropolis,metropolis,-1.33662903,3.80851039e-04,100
4152,Row-Update,mps2,-1.33769273,6.45350686e-05,100
4152,Hybrid,mixture2,-1.33762093,7.56175770e-05,100
4153,Metropolis,metropolis,-1.33663396,3.80963442e-04,100
4153,Row-Update,mps2,-1.33769839,6.50289591e-05,100
4153,Hybrid,mixture2,-1.33761631,7.55853794e-05,100
4154,Metropolis,metropolis,-1.33663654,3.80870393e-04,100
4154,Row-Update,mps2,-1.33770345,6.57093265e-05,100
4154,Hybrid,mixture2,-1.33761573,7.57523795e-05,100
4155,Metropolis,metropolis,-1.33663733,3.80105406e-04,100
4155,Row-Update,mps2,-1.33769227,6.47116940e-05,100
4155,Hybrid,mixture2,-1.33761257,7.58478804e-05,100
4156,Metropolis,metropolis,-1.33663091,3.80781803e-04,100
4156,Row-Update,mps2,-1.33769175,6.48387331e-05,100
4156,Hybrid,mixture2,-1.33762238,7.52588250e-05,100
4157,Metropolis,metropolis,-1.33663264,3.81249456e-04,100
4157,Row-Update,mps2,-1.33769270,6.60018340e-05,100
4157,Hybrid,mixture2,-1.33761405,7.56084515e-05,100
4158,Metropolis,metropolis,-1.33663541,3.81121068e-04,100
4158,Row-Update,mps2,-1.33770360,6.54549923e-05,100
4158,Hybrid,mixture2,-1.33761681,7.59513406e-05,100
4159,Metropolis,metropolis,-1.33663254,3.80527514e-04,100
4159,Row-Update,mps2,-1.33769640,6.57599971e-05,100
4159,Hybrid,mixture2,-1.33761694,7.57798902e-05,100
4160,Metropolis,metropolis,-1.33663514,3.81096298e-04,100
4160,Row-Update,mps2,-1.33769378,6.50721040e-05,100
4160,Hybrid,mixture2,-1.33761306,7.60167372e-05,100
4161,Metropolis,metropolis,-1.33664076,3.80781995e-04,100
4161,Row-Update,mps2,-1.33769182,6.61790481e-05,100
4161,Hybrid,mixture2,-1.33760857,7.60420423e-05,100
4162,Metropolis,metropolis,-1.33663637,3.80807119e-04,100
4162,Row-Update,mps2,-1.33769225,6.61990511e-05,100
4162,Hybrid,mixture2,-1.33762605,7.51714704e-05,100
4163,Metropolis,metropolis,-1.33663677,3.80729801e-04,100
4163,Row-Update,mps2,-1.33769370,6.63857666e-05,100
4163,Hybrid,mixture2,-1.33761899,7.54702113e-05,100
4164,Metropolis,metropolis,-1.33663323,3.80650735e-04,100
4164,Row-Update,mps2,-1.33770217,6.54615399e-05,100
4164,Hybrid,mixture2,-1.33762320,7.48768544e-05,100
4165,Metropolis,metropolis,-1.33663203,3.80820334e-04,100
4165,Row-Update,mps2,-1.33769652,6.62093959e-05,100
4165,Hybrid,mixture2,-1.33761843,7.46770039e-05,100
4166,Metropolis,metropolis,-1.33663092,3.80791724e-04,100
4166,Row-Update,mps2,-1.33768803,6.58024175e-05,100
4166,Hybrid,mixture2,-1.33762740,7.53960402e-05,100
4167,Metropolis,metropolis,-1.33663406,3.81112786e-04,100
4167,Row-Update,mps2,-1.33770195,6.42144284e-05,100
4167,Hybrid,mixture2,-1.33762227,7.51242437e-05,100
4168,Metropolis,metropolis,-1.33663097,3.80422417e-04,100
4168,Row-Update,mps2,-1.33769794,6.50568151e-05,100
4168,Hybrid,mixture2,-1.33760702,7.59215115e-05,100
4169,Metropolis,metropolis,-1.33663207,3.81071597e-04,100
4169,Row-Update,mps2,-1.33770162,6.54377464e-05,100
4169,Hybrid,mixture2,-1.33761710,7.56838323e-05,100
4170,Metropolis,metropolis,-1.33663365,3.80466186e-04,100
4170,Row-Update,mps2,-1.33770420,6.41694390e-05,100
4170,Hybrid,mixture2,-1.33761586,7.59743166e-05,100
4171,Metropolis,metropolis,-1.33663405,3.80527554e-04,100
4171,Row-Update,mps2,-1.33770897,6.47975276e-05,100
4171,Hybrid,mixture2,-1.33761573,7.51898587e-05,100
4172,Metropolis,metropolis,-1.33663227,3.80841677e-04,100
4172,Row-Update,mps2,-1.33770837,6.53512145e-05,100
4172,Hybrid,mixture2,-1.33762168,7.43431413e-05,100
4173,Metropolis,metropolis,-1.33663459,3.80609986e-04,100
4173,Row-Update,mps2,-1.33770879,6.60773400e-05,100
4173,Hybrid,mixture2,-1.33761677,7.52672471e-05,100
4174,Metropolis,metropolis,-1.33663237,3.80865530e-04,100
4174,Row-Update,mps2,-1.33770402,6.61395242e-05,100
4174,Hybrid,mixture2,-1.33761350,7.47043532e-05,100
4175,Metropolis,metropolis,-1.33663793,3.80856248e-04,100
4175,Row-Update,mps2,-1.33770672,6.58416415e-05,100
4175,Hybrid,mixture2,-1.33761748,7.56373588e-05,100
4176,Metropolis,metropolis,-1.33662853,3.80826069e-04,100
4176,Row-Update,mps2,-1.33771063,6.52975482e-05,100
4176,Hybrid,mixture2,-1.33760778,7.58040624e-05,100
4177,Metropolis,metropolis,-1.33662924,3.80753171e-04,100
4177,Row-Update,mps2,-1.33771154,6.53498468e-05,100
4177,Hybrid,mixture2,-1.33761590,7.63539433e-05,100
4178,Metropolis,metropolis,-1.33663052,3.80886139e-04,100
4178,Row-Update,mps2,-1.33770743,6.44699191e-05,100
4178,Hybrid,mixture2,-1.33760896,7.71094202e-05,100
4179,Metropolis,metropolis,-1.33663068,3.80907369e-04,100
4179,Row-Update,mps2,-1.33770006,6.60315787e-05,100
4179,Hybrid,mixture2,-1.33761143,7.61528326e-05,100
4180,Metropolis,metropolis,-1.33662900,3.80729807e-04,100
4180,Row-Update,mps2,-1.33770481,6.63271398e-05,100
4180,Hybrid,mixture2,-1.33761130,7.61122425e-05,100
4181,Metropolis,metropolis,-1.33663493,3.80923127e-04,100
4181,Row-Update,mps2,-1.33770717,6.76870575e-05,100
4181,Hybrid,mixture2,-1.33761331,7.44538185e-05,100
4182,Metropolis,metropolis,-1.33663191,3.80763016e-04,100
4182,Row-Update,mps2,-1.33770711,6.57851505e-05,100
4182,Hybrid,mixture2,-1.33761238,7.53163766e-05,100
4183,Metropolis,metropolis,-1.33663060,3.80961949e-04,100
4183,Row-Update,mps2,-1.33771291,6.80800379e-05,100
4183,Hybrid,mixture2,-1.33761309,7.48784521e-05,100
4184,Metropolis,metropolis,-1.33662669,3.80721975e-04,100
4184,Row-Update,mps2,-1.33769641,6.76384459e-05,100
4184,Hybrid,mixture2,-1.33761620,7.53359852e-05,100
4185,Metropolis,metropolis,-1.33663259,3.80815381e-04,100
4185,Row-Update,mps2,-1.33769892,6.82931811e-05,100
4185,Hybrid,mixture2,-1.33760823,7.52096567e-05,100
4186,Metropolis,metropolis,-1.33662873,3.81203459e-04,100
4186,Row-Update,mps2,-1.33769484,6.90192530e-05,100
4186,Hybrid,mixture2,-1.33761304,7.50999006e-05,100
4187,Metropolis,metropolis,-1.33663241,3.80945969e-04,100
4187,Row-Update,mps2,-1.33769346,6.71353381e-05,100
4187,Hybrid,mixture2,-1.33760603,7.56835355e-05,100
4188,Metropolis,metropolis,-1.33662938,3.81129969e-04,100
4188,Row-Update,mps2,-1.33769807,6.72372645e-05,100
4188,Hybrid,mixture2,-1.33760700,7.56179988e-05,100
4189,Metropolis,metropolis,-1.33662805,3.80821777e-04,100
4189,Row-Update,mps2,-1.33770691,6.73240111e-05,100
4189,Hybrid,mixture2,-1.33760745,7.45657566e-05,100
4190,Metropolis,metropolis,-1.33663429,3.80935467e-04,100
4190,Row-Update,mps2,-1.33770477,6.77344519e-05,100
4190,Hybrid,mixture2,-1.33761425,7.56721759e-05,100
4191,Metropolis,metropolis,-1.33663102,3.80725345e-04,100
4191,Row-Update,mps2,-1.33770369,6.75215071e-05,100
4191,Hybrid,mixture2,-1.33761996,7.49109917e-05,100
4192,Metropolis,metropolis,-1.33663617,3.80562491e-04,100
4192,Row-Update,mps2,-1.33770014,6.81350681e-05,100
4192,Hybrid,mixture2,-1.33761317,7.48355530e-05,100
4193,Metropolis,metropolis,-1.33663149,3.80897366e-04,100
4193,Row-Update,mps2,-1.33769876,7.00826393e-05,100
4193,Hybrid,mixture2,-1.33761846,7.60947903e-05,100
4194,Metropolis,metropolis,-1.33662955,3.81079210e-04,100
4194,Row-Update,mps2,-1.33769789,6.90858101e-05,100
4194,Hybrid,mixture2,-1.33761748,7.55634412e-05,100
4195,Metropolis,metropolis,-1.33663228,3.81019319e-04,100
4195,Row-Update,mps2,-1.33769829,6.88162896e-05,100
4195,Hybrid,mixture2,-1.33761157,7.54842323e-05,100
4196,Metropolis,metropolis,-1.33663302,3.81003070e-04,100
4196,Row-Update,mps2,-1.33769886,6.86136236e-05,100
4196,Hybrid,mixture2,-1.33760945,7.54020870e-05,100
4197,Metropolis,metropolis,-1.33663006,3.80905622e-04,100
4197,Row-Update,mps2,-1.33769889,6.68488304e-05,100
4197,Hybrid,mixture2,-1.33761450,7.50636483e-05,100
4198,Metropolis,metropolis,-1.33663925,3.80950219e-04,100
4198,Row-Update,mps2,-1.33771695,6.72795320e-05,100
4198,Hybrid,mixture2,-1.33761139,7.57712755e-05,100
4199,Metropolis,metropolis,-1.33663330,3.81229009e-04,100
4199,Row-Update,mps2,-1.33770409,6.72871263e-05,100
4199,Hybrid,mixture2,-1.33760934,7.59901469e-05,100
4200,Metropolis,metropolis,-1.33662991,3.80864880e-04,100
4200,Row-Update,mps2,-1.33769130,6.73078828e-05,100
4200,Hybrid,mixture2,-1.33760849,7.58409084e-05,100
4201,Metropolis,metropolis,-1.33663497,3.81006111e-04,100
4201,Row-Update,mps2,-1.33769802,6.87098212e-05,100
4201,Hybrid,mixture2,-1.33760505,7.68758470e-05,100
4202,Metropolis,metropolis,-1.33663412,3.80958875e-04,100
4202,Row-Update,mps2,-1.33771077,6.72380923e-05,100
4202,Hybrid,mixture2,-1.33760219,7.53001716e-05,100
4203,Metropolis,metropolis,-1.33663292,3.81137791e-04,100
4203,Row-Update,mps2,-1.33770260,6.89850008e-05,100
4203,Hybrid,mixture2,-1.33761389,7.51027824e-05,100
4204,Metropolis,metropolis,-1.33663155,3.80021833e-04,100
4204,Row-Update,mps2,-1.33770647,6.56298169e-05,100
4204,Hybrid,mixture2,-1.33761250,7.50409844e-05,100
4205,Metropolis,metropolis,-1.33663312,3.81070548e-04,100
4205,Row-Update,mps2,-1.33770942,6.39821643e-05,100
4205,Hybrid,mixture2,-1.33761465,7.48193627e-05,100
4206,Metropolis,metropolis,-1.33662811,3.81065497e-04,100
4206,Row-Update,mps2,-1.33771353,6.45984157e-05,100
4206,Hybrid,mixture2,-1.33761868,7.55187107e-05,100
4207,Metropolis,metropolis,-1.33663636,3.80875623e-04,100
4207,Row-Update,mps2,-1.33771304,6.35213211e-05,100
4207,Hybrid,mixture2,-1.33761732,7.47673428e-05,100
4208,Metropolis,metropolis,-1.33662930,3.80761202e-04,100
4208,Row-Update,mps2,-1.33771253,6.40585444e-05,100
4208,Hybrid,mixture2,-1.33761137,7.57930682e-05,100
4209,Metropolis,metropolis,-1.33662560,3.80960055e-04,100
4209,Row-Update,mps2,-1.33770755,6.52489962e-05,100
4209,Hybrid,mixture2,-1.33762255,7.45149285e-05,100
4210,Metropolis,metropolis,-1.33662867,3.80846340e-04,100
4210,Row-Update,mps2,-1.33769926,6.56451181e-05,100
4210,Hybrid,mixture2,-1.33761213,7.62592103e-05,100
4211,Metropolis,metropolis,-1.33662992,3.81064035e-04,100
4211,Row-Update,mps2,-1.33770384,6.44326708e-05,100
4211,Hybrid,mixture2,-1.33761722,7.61999628e-05,100
4212,Metropolis,metropolis,-1.33662961,3.80977238e-04,100
4212,Row-Update,mps2,-1.33771089,6.48547868e-05,100
4212,Hybrid,mixture2,-1.33762054,7.56611456e-05,100
4213,Metropolis,metropolis,-1.33663154,3.81215490e-04,100
4213,Row-Update,mps2,-1.33772079,6.53895373e-05,100
4213,Hybrid,mixture2,-1.33761840,7.62703308e-05,100
4214,Metropolis,metropolis,-1.33662895,3.81046273e-04,100
4214,Row-Update,mps2,-1.33771847,6.47402759e-05,100
4214,Hybrid,mixture2,-1.33761310,7.57194988e-05,100
4215,Metropolis,metropolis,-1.33662885,3.80994537e-04,100
4215,Row-Update,mps2,-1.33771110,6.58195868e-05,100
4215,Hybrid,mixture2,-1.33761905,7.59083989e-05,100
4216,Metropolis,metropolis,-1.33661342,3.81202323e-04,100
4216,Row-Update,mps2,-1.33771760,6.58169008e-05,100
4216,Hybrid,mixture2,-1.33761692,7.52307489e-05,100
4217,Metropolis,metropolis,-1.33662667,3.80604969e-04,100
4217,Row-Update,mps2,-1.33771239,6.47182643e-05,100
4217,Hybrid,mixture2,-1.33761691,7.47302684e-05,100
4218,Metropolis,metropolis,-1.33663031,3.80369247e-04,100
4218,Row-Update,mps2,-1.33771440,6.47275167e-05,100
4218,Hybrid,mixture2,-1.33761261,7.49956690e-05,100
4219,Metropolis,metropolis,-1.33663248,3.80974426e-04,100
4219,Row-Update,mps2,-1.33770406,6.44964897e-05,100
4219,Hybrid,mixture2,-1.33762268,7.44588052e-05,100
4220,Metropolis,metropolis,-1.33663158,3.81028831e-04,100
4220,Row-Update,mps2,-1.33770104,6.51980746e-05,100
4220,Hybrid,mixture2,-1.33761947,7.55910768e-05,100
4221,Metropolis,metropolis,-1.33662844,3.81015986e-04,100
4221,Row-Update,mps2,-1.33770098,6.42046474e-05,100
4221,Hybrid,mixture2,-1.33761938,7.49348406e-05,100
4222,Metropolis,metropolis,-1.33662512,3.81049435e-04,100
4222,Row-Update,mps2,-1.33770157,6.53714064e-05,100
4222,Hybrid,mixture2,-1.33761609,7.51639688e-05,100
4223,Metropolis,metropolis,-1.33663719,3.80525721e-04,100
4223,Row-Update,mps2,-1.33770840,6.45636076e-05,100
4223,Hybrid,mixture2,-1.33762546,7.52291114e-05,100
4224,Metropolis,metropolis,-1.33663307,3.80553402e-04,100
4224,Row-Update,mps2,-1.33770444,6.39273003e-05,100
4224,Hybrid,mixture2,-1.33761640,7.59529916e-05,100
4225,Metropolis,metropolis,-1.33663765,3.80740315e-04,100
4225,Row-Update,mps2,-1.33770542,6.48952270e-05,100
4225,Hybrid,mixture2,-1.33761660,7.49681329e-05,100
4226,Metropolis,metropolis,-1.33663418,3.81318099e-04,100
4226,Row-Update,mps2,-1.33770212,6.46128558e-05,100
4226,Hybrid,mixture2,-1.33762477,7.47580909e-05,100
4227,Metropolis,metropolis,-1.33663073,3.80987214e-04,100
4227,Row-Update,mps2,-1.33770981,6.44695965e-05,100
4227,Hybrid,mixture2,-1.33761997,7.64977202e-05,100
4228,Metropolis,metropolis,-1.33663583,3.80549095e-04,100
4228,Row-Update,mps2,-1.33770573,6.49026695e-05,100
4228,Hybrid,mixture2,-1.33761790,7.55883697e-05,100
4229,Metropolis,metropolis,-1.33662534,3.81195253e-04,100
4229,Row-Update,mps2,-1.33770370,6.56016910e-05,100
4229,Hybrid,mixture2,-1.33761963,7.51325073e-05,100
4230,Metropolis,metropolis,-1.33662919,3.80750406e-04,100
4230,Row-Update,mps2,-1.33770898,6.62633940e-05,100
4230,Hybrid,mixture2,-1.33761675,7.55229126e-05,100
4231,Metropolis,metropolis,-1.33662623,3.81223717e-04,100
4231,Row-Update,mps2,-1.33770452,6.58983810e-05,100
4231,Hybrid,mixture2,-1.33761477,7.60057130e-05,100
4232,Metropolis,metropolis,-1.33662257,3.80651520e-04,100
4232,Row-Update,mps2,-1.33770308,6.67560898e-05,100
4232,Hybrid,mixture2,-1.33762348,7.56119981e-05,100
4233,Metropolis,metropolis,-1.33662884,3.81426411e-04,100
4233,Row-Update,mps2,-1.33770939,6.46926722e-05,100
4233,Hybrid,mixture2,-1.33761561,7.70930739e-05,100
4234,Metropolis,metropolis,-1.33663360,3.81018564e-04,100
4234,Row-Update,mps2,-1.33770007,6.56439753e-05,100
4234,Hybrid,mixture2,-1.33762509,7.43420912e-05,100
4235,Metropolis,metropolis,-1.33662761,3.80634155e-04,100
4235,Row-Update,mps2,-1.33771062,6.49504338e-05,100
4235,Hybrid,mixture2,-1.33762154,7.43498277e-05,100
4236,Metropolis,metropolis,-1.33663076,3.81358787e-04,100
4236,Row-Update,mps2,-1.33770920,6.50673164e-05,100
4236,Hybrid,mixture2,-1.33762503,7.50419632e-05,100
4237,Metropolis,metropolis,-1.33663358,3.80916238e-04,100
4237,Row-Update,mps2,-1.33770393,6.49517702e-05,100
4237,Hybrid,mixture2,-1.33762511,7.48596279e-05,100
4238,Metropolis,metropolis,-1.33662347,3.80768913e-04,100
4238,Row-Update,mps2,-1.33770373,6.62830260e-05,100
4238,Hybrid,mixture2,-1.33761924,7.55727765e-05,100
4239,Metropolis,metropolis,-1.33663378,3.80815956e-04,100
4239,Row-Update,mps2,-1.33769891,6.43396616e-05,100
4239,Hybrid,mixture2,-1.33761796,7.47634703e-05,100
4240,Metropolis,metropolis,-1.33663183,3.80936851e-04,100
4240,Row-Update,mps2,-1.33771625,6.51490875e-05,100
4240,Hybrid,mixture2,-1.33761106,7.53506520e-05,100
4241,Metropolis,metropolis,-1.33663014,3.81048786e-04,100
4241,Row-Update,mps2,-1.33771016,6.54698783e-05,100
4241,Hybrid,mixture2,-1.33761746,7.46201989e-05,100
4242,Metropolis,metropolis,-1.33663082,3.80914540e-04,100
4242,Row-Update,mps2,-1.33771018,6.42784652e-05,100
4242,Hybrid,mixture2,-1.33760433,7.51440987e-05,100
4243,Metropolis,metropolis,-1.33662756,3.80835438e-04,100
4243,Row-Update,mps2,-1.33770755,6.42719794e-05,100
4243,Hybrid,mixture2,-1.33762153,7.54622271e-05,100
4244,Metropolis,metropolis,-1.33663482,3.80852633e-04,100
4244,Row-Update,mps2,-1.33770727,6.36000604e-05,100
4244,Hybrid,mixture2,-1.33762194,7.45013574e-05,100
4245,Metropolis,metropolis,-1.33663418,3.80825950e-04,100
4245,Row-Update,mps2,-1.33770926,6.53067952e-05,100
4245,Hybrid,mixture2,-1.33761984,7.47755647e-05,100
4246,Metropolis,metropolis,-1.33662721,3.80899606e-04,100
4246,Row-Update,mps2,-1.33771065,6.42788743e-05,100
4246,Hybrid,mixture2,-1.33762580,7.46732276e-05,100
4247,Metropolis,metropolis,-1.33662992,3.81036943e-04,100
4247,Row-Update,mps2,-1.33771073,6.43483286e-05,100
4247,Hybrid,mixture2,-1.33761971,7.45031494e-05,100
4248,Metropolis,metropolis,-1.33663403,3.80834621e-04,100
4248,Row-Update,mps2,-1.33771468,6.38624938e-05,100
4248,Hybrid,mixture2,-1.33761859,7.52473697e-05,100
4249,Metropolis,metropolis,-1.33662948,3.81128183e-04,100
4249,Row-Update,mps2,-1.33771090,6.25655923e-05,100
4249,Hybrid,mixture2,-1.33762181,7.52657217e-05,100
4250,Metropolis,metropolis,-1.33663152,3.80867266e-04,100
4250,Row-Update,mps2,-1.33770360,6.36883859e-05,100
4250,Hybrid,mixture2,-1.33762389,7.55756218e-05,100
4251,Metropolis,metropolis,-1.33663614,3.80844776e-04,100
4251,Row-Update,mps2,-1.33770568,6.36662722e-05,100
4251,Hybrid,mixture2,-1.33761793,7.57190410e-05,100
4252,Metropolis,metropolis,-1.33663199,3.81695832e-04,100
4252,Row-Update,mps2,-1.33770734,6.38316384e-05,100
4252,Hybrid,mixture2,-1.33761991,7.53374579e-05,100
4253,Metropolis,metropolis,-1.33663314,3.81210723e-04,100
4253,Row-Update,mps2,-1.33771261,6.39023429e-05,100
4253,Hybrid,mixture2,-1.33761780,7.56314131e-05,100
4254,Metropolis,metropolis,-1.33663382,3.80630910e-04,100
4254,Row-Update,mps2,-1.33769590,6.38554108e-05,100
4254,Hybrid,mixture2,-1.33761953,7.51697609e-05,100
4255,Metropolis,metropolis,-1.33663705,3.80629724e-04,100
4255,Row-Update,mps2,-1.33771086,6.34642903e-05,100
4255,Hybrid,mixture2,-1.33762256,7.50531963e-05,100
4256,Metropolis,metropolis,-1.33663423,3.80911072e-04,100
4256,Row-Update,mps2,-1.33770206,6.42709261e-05,100
4256,Hybrid,mixture2,-1.33762066,7.49960399e-05,100
4257,Metropolis,metropolis,-1.33663586,3.80789331e-04,100
4257,Row-Update,mps2,-1.33770787,6.39837193e-05,100
4257,Hybrid,mixture2,-1.33762345,7.52159998e-05,100
4258,Metropolis,metropolis,-1.33662795,3.80987718e-04,100
4258,Row-Update,mps2,-1.33770585,6.36658234e-05,100
4258,Hybrid,mixture2,-1.33762421,7.52240274e-05,100
4259,Metropolis,metropolis,-1.33663345,3.81122738e-04,100
4259,Row-Update,mps2,-1.33771145,6.44795975e-05,100
4259,Hybrid,mixture2,-1.33762606,7.46497722e-05,100
4260,Metropolis,metropolis,-1.33663250,3.81287579e-04,100
4260,Row-Update,mps2,-1.33771076,6.50095081e-05,100
4260,Hybrid,mixture2,-1.33761893,7.55274694e-05,100
4261,Metropolis,metropolis,-1.33663380,3.80823710e-04,100
4261,Row-Update,mps2,-1.33770109,6.40725437e-05,100
4261,Hybrid,mixture2,-1.33762998,7.51930766e-05,100
4262,Metropolis,metropolis,-1.33663068,3.80805072e-04,100
4262,Row-Update,mps2,-1.33769527,6.44428377e-05,100
4262,Hybrid,mixture2,-1.33761063,7.49558069e-05,100
4263,Metropolis,metropolis,-1.33663543,3.80773838e-04,100
4263,Row-Update,mps2,-1.33770717,6.44403174e-05,100
4263,Hybrid,mixture2,-1.33762369,7.44943389e-05,100
4264,Metropolis,metropolis,-1.33663174,3.81027428e-04,100
4264,Row-Update,mps2,-1.33770377,6.34671465e-05,100
4264,Hybrid,mixture2,-1.33761532,7.46498653e-05,100
4265,Metropolis,metropolis,-1.33663208,3.80906377e-04,100
4265,Row-Update,mps2,-1.33770886,6.44413611e-05,100
4265,Hybrid,mixture2,-1.33761908,7.49683856e-05,100
4266,Metropolis,metropolis,-1.33663758,3.80658526e-04,100
4266,Row-Update,mps2,-1.33769663,6.49771698e-05,100
4266,Hybrid,mixture2,-1.33762732,7.53299279e-05,100
4267,Metropolis,metropolis,-1.33663161,3.80901460e-04,100
4267,Row-Update,mps2,-1.33770390,6.45490805e-05,100
4267,Hybrid,mixture2,-1.33761541,7.50396846e-05,100
4268,Metropolis,metropolis,-1.33663143,3.80863975e-04,100
4268,Row-Update,mps2,-1.33770500,6.45484038e-05,100
4268,Hybrid,mixture2,-1.33762099,7.49571036e-05,100
4269,Metropolis,metropolis,-1.33663090,3.81104423e-04,100
4269,Row-Update,mps2,-1.33769151,6.43812485e-05,100
4269,Hybrid,mixture2,-1.33761421,7.47003629e-05,100
4270,Metropolis,metropolis,-1.33662650,3.80935872e-04,100
4270,Row-Update,mps2,-1.33770132,6.37752121e-05,100
4270,Hybrid,mixture2,-1.33762793,7.40060200e-05,100
4271,Metropolis,metropolis,-1.33662913,3.81478968e-04,100
4271,Row-Update,mps2,-1.33770436,6.43754555e-05,100
4271,Hybrid,mixture2,-1.33761331,7.58404865e-05,100
4272,Metropolis,metropolis,-1.33662534,3.81307671e-04,100
4272,Row-Update,mps2,-1.33769593,6.49366931e-05,100
4272,Hybrid,mixture2,-1.33761833,7.53444078e-05,100
4273,Metropolis,metropolis,-1.33662724,3.81240838e-04,100
4273,Row-Update,mps2,-1.33770434,6.45014371e-05,100
4273,Hybrid,mixture2,-1.33761155,7.58091251e-05,100
4274,Metropolis,metropolis,-1.33663039,3.81312828e-04,100
4274,Row-Update,mps2,-1.33769789,6.47035325e-05,100
4274,Hybrid,mixture2,-1.33762443,7.44114288e-05,100
4275,Metropolis,metropolis,-1.33663056,3.81079690e-04,100
4275,Row-Update,mps2,-1.33769790,6.54449028e-05,100
4275,Hybrid,mixture2,-1.33761925,7.55232012e-05,100
4276,Metropolis,metropolis,-1.33662967,3.80947902e-04,100
4276,Row-Update,mps2,-1.33770197,6.54759656e-05,100
4276,Hybrid,mixture2,-1.33762166,7.49188538e-05,100
4277,Metropolis,metropolis,-1.33663414,3.80918163e-04,100
4277,Row-Update,mps2,-1.33770064,6.38402227e-05,100
4277,Hybrid,mixture2,-1.33761937,7.52367701e-05,100
4278,Metropolis,metropolis,-1.33663340,3.80693446e-04,100
4278,Row-Update,mps2,-1.33771047,6.47200195e-05,100
4278,Hybrid,mixture2,-1.33761686,7.50734214e-05,100
4279,Metropolis,metropolis,-1.33662985,3.80907516e-04,100
4279,Row-Update,mps2,-1.33770767,6.42160433e-05,100
4279,Hybrid,mixture2,-1.33760913,7.56757872e-05,100
4280,Metropolis,metropolis,-1.33663260,3.81305437e-04,100
4280,Row-Update,mps2,-1.33769798,6.43496777e-05,100
4280,Hybrid,mixture2,-1.33762337,7.50851375e-05,100
4281,Metropolis,metropolis,-1.33663350,3.80820401e-04,100
4281,Row-Update,mps2,-1.33769852,6.46645436e-05,100
4281,Hybrid,mixture2,-1.33761576,7.41293195e-05,100
4282,Metropolis,metropolis,-1.33663046,3.81045176e-04,100
4282,Row-Update,mps2,-1.33769907,6.40047796e-05,100
4282,Hybrid,mixture2,-1.33761775,7.46099682e-05,100
4283,Metropolis,metropolis,-1.33663335,3.80695010e-04,100
4283,Row-Update,mps2,-1.33770288,6.39688073e-05,100
4283,Hybrid,mixture2,-1.33761732,7.54240676e-05,100
4284,Metropolis,metropolis,-1.33663440,3.80676740e-04,100
4284,Row-Update,mps2,-1.33770245,6.36368053e-05,100
4284,Hybrid,mixture2,-1.33762270,7.56399044e-05,100
4285,Metropolis,metropolis,-1.33663247,3.81261451e-04,100
4285,Row-Update,mps2,-1.33771322,6.32613807e-05,100
4285,Hybrid,mixture2,-1.33761996,7.43232456e-05,100
4286,Metropolis,metropolis,-1.33663248,3.80719522e-04,100
4286,Row-Update,mps2,-1.33771131,6.41253694e-05,100
4286,Hybrid,mixture2,-1.33761337,7.60103923e-05,100
4287,Metropolis,metropolis,-1.33663262,3.81169561e-04,100
4287,Row-Update,mps2,-1.33769518,6.40250176e-05,100
4287,Hybrid,mixture2,-1.33761441,7.46898056e-05,100
4288,Metropolis,metropolis,-1.33663165,3.81483026e-04,100
4288,Row-Update,mps2,-1.33770985,6.46758773e-05,100
4288,Hybrid,mixture2,-1.33761684,7.56520418e-05,100
4289,Metropolis,metropolis,-1.33663528,3.80952100e-04,100
4289,Row-Update,mps2,-1.33770911,6.39852552e-05,100
4289,Hybrid,mixture2,-1.33761787,7.59321326e-05,100
4290,Metropolis,metropolis,-1.33662881,3.80891436e-04,100
4290,Row-Update,mps2,-1.33771682,6.39646870e-05,100
4290,Hybrid,mixture2,-1.33761412,7.60789962e-05,100
4291,Metropolis,metropolis,-1.33663379,3.81217844e-04,100
4291,Row-Update,mps2,-1.33770746,6.41236024e-05,100
4291,Hybrid,mixture2,-1.33760891,7.57994012e-05,100
4292,Metropolis,metropolis,-1.33663520,3.80976469e-04,100
4292,Row-Update,mps2,-1.33771154,6.36819396e-05,100
4292,Hybrid,mixture2,-1.33761486,7.53318930e-05,100
4293,Metropolis,metropolis,-1.33662551,3.80646819e-04,100
4293,Row-Update,mps2,-1.33770505,6.53922325e-05,100
4293,Hybrid,mixture2,-1.33761695,7.46070781e-05,100
4294,Metropolis,metropolis,-1.33663202,3.81030444e-04,100
4294,Row-Update,mps2,-1.33770505,6.39502195e-05,100
4294,Hybrid,mixture2,-1.33760538,7.58652330e-05,100
4295,Metropolis,metropolis,-1.33663194,3.81692777e-04,100
4295,Row-Update,mps2,-1.33769579,6.71281341e-05,100
4295,Hybrid,mixture2,-1.33761430,7.48172041e-05,100
4296,Metropolis,metropolis,-1.33663322,3.81009906e-04,100
4296,Row-Update,mps2,-1.33770096,6.36041992e-05,100
4296,Hybrid,mixture2,-1.33762087,7.52662019e-05,100
4297,Metropolis,metropolis,-1.33663048,3.81220650e-04,100
4297,Row-Update,mps2,-1.33770605,6.36414881e-05,100
4297,Hybrid,mixture2,-1.33761657,7.52988478e-05,100
4298,Metropolis,metropolis,-1.33663652,3.80684103e-04,100
4298,Row-Update,mps2,-1.33771147,6.35963959e-05,100
4298,Hybrid,mixture2,-1.33760627,7.64110100e-05,100
4299,Metropolis,metropolis,-1.33663275,3.80714064e-04,100
4299,Row-Update,mps2,-1.33771007,6.34987149e-05,100
4299,Hybrid,mixture2,-1.33760654,7.61692065e-05,100
4300,Metropolis,metropolis,-1.33663070,3.80847584e-04,100
4300,Row-Update,mps2,-1.33770023,6.29652789e-05,100
4300,Hybrid,mixture2,-1.33761237,7.55536844e-05,100
4301,Metropolis,metropolis,-1.33663402,3.81001836e-04,100
4301,Row-Update,mps2,-1.33771186,6.43993015e-05,100
4301,Hybrid,mixture2,-1.33761752,7.61224299e-05,100
4302,Metropolis,metropolis,-1.33663060,3.80755350e-04,100
4302,Row-Update,mps2,-1.33770293,6.36399363e-05,100
4302,Hybrid,mixture2,-1.33761451,7.48744268e-05,100
4303,Metropolis,metropolis,-1.33663786,3.80624048e-04,100
4303,Row-Update,mps2,-1.33770540,6.46930024e-05,100
4303,Hybrid,mixture2,-1.33761407,7.59726324e-05,100
4304,Metropolis,metropolis,-1.33663012,3.81057311e-04,100
4304,Row-Update,mps2,-1.33771205,6.44764641e-05,100
4304,Hybrid,mixture2,-1.33761493,7.60918274e-05,100
4305,Metropolis,metropolis,-1.33663464,3.80534546e-04,100
4305,Row-Update,mps2,-1.33771361,6.37038655e-05,100
4305,Hybrid,mixture2,-1.33762163,7.50717797e-05,100
4306,Metropolis,metropolis,-1.33662798,3.80770438e-04,100
4306,Row-Update,mps2,-1.33770847,6.40753603e-05,100
4306,Hybrid,mixture2,-1.33762148,7.48266408e-05,100
4307,Metropolis,metropolis,-1.33662956,3.80927888e-04,100
4307,Row-Update,mps2,-1.33771569,6.41170819e-05,100
4307,Hybrid,mixture2,-1.33761680,7.51069061e-05,100
4308,Metropolis,metropolis,-1.33662710,3.80898721e-04,100
4308,Row-Update,mps2,-1.33770134,6.52002672e-05,100
4308,Hybrid,mixture2,-1.33762159,7.44557611e-05,100
4309,Metropolis,metropolis,-1.33663029,3.80929901e-04,100
4309,Row-Update,mps2,-1.33770905,6.41860136e-05,100
4309,Hybrid,mixture2,-1.33761567,7.51022241e-05,100
4310,Metropolis,metropolis,-1.33662484,3.81360930e-04,100
4310,Row-Update,mps2,-1.33770419,6.47541796e-05,100
4310,Hybrid,mixture2,-1.33761961,7.46141238e-05,100
4311,Metropolis,metropolis,-1.33663033,3.81280323e-04,100
4311,Row-Update,mps2,-1.33770992,6.45318588e-05,100
4311,Hybrid,mixture2,-1.33762892,7.49224383e-05,100
4312,Metropolis,metropolis,-1.33662399,3.81114999e-04,100
4312,Row-Update,mps2,-1.33770495,6.50923537e-05,100
4312,Hybrid,mixture2,-1.33761727,7.58858096e-05,100
4313,Metropolis,metropolis,-1.33662855,3.80983387e-04,100
4313,Row-Update,mps2,-1.33770277,6.49669094e-05,100
4313,Hybrid,mixture2,-1.33761104,7.60418712e-05,100
4314,Metropolis,metropolis,-1.33663022,3.81707598e-04,100
4314,Row-Update,mps2,-1.33771303,6.48181376e-05,100
4314,Hybrid,mixture2,-1.33761866,7.48228805e-05,100
4315,Metropolis,metropolis,-1.33662349,3.80819195e-04,100
4315,Row-Update,mps2,-1.33771183,6.43513702e-05,100
4315,Hybrid,mixture2,-1.33761453,7.50499204e-05,100
4316,Metropolis,metropolis,-1.33662795,3.81055291e-04,100
4316,Row-Update,mps2,-1.33770680,6.40956553e-05,100
4316,Hybrid,mixture2,-1.33762500,7.56791178e-05,100
4317,Metropolis,metropolis,-1.33663148,3.80911932e-04,100
4317,Row-Update,mps2,-1.33771130,6.45400322e-05,100
4317,Hybrid,mixture2,-1.33762138,7.52316548e-05,100
4318,Metropolis,metropolis,-1.33663114,3.81483463e-04,100
4318,Row-Update,mps2,-1.33770485,6.45924770e-05,100
4318,Hybrid,mixture2,-1.33761433,7.49640691e-05,100
4319,Metropolis,metropolis,-1.33663309,3.80972857e-04,100
4319,Row-Update,mps2,-1.33770576,6.54301436e-05,100
4319,Hybrid,mixture2,-1.33762179,7.49459939e-05,100
4320,Metropolis,metropolis,-1.33662554,3.80542846e-04,100
4320,Row-Update,mps2,-1.33770332,6.67105898e-05,100
4320,Hybrid,mixture2,-1.33762296,7.49039986e-05,100
4321,Metropolis,metropolis,-1.33662501,3.81035177e-04,100
4321,Row-Update,mps2,-1.33770600,6.49743000e-05,100
4321,Hybrid,mixture2,-1.33762368,7.54390867e-05,100
4322,Metropolis,metropolis,-1.33662189,3.81777886e-04,100
4322,Row-Update,mps2,-1.33770080,6.47536655e-05,100
4322,Hybrid,mixture2,-1.33761654,7.58579097e-05,100
4323,Metropolis,metropolis,-1.33662753,3.80749695e-04,100
4323,Row-Update,mps2,-1.33770408,6.55898562e-05,100
4323,Hybrid,mixture2,-1.33762155,7.56760539e-05,100
4324,Metropolis,metropolis,-1.33662944,3.81007814e-04,100
4324,Row-Update,mps2,-1.33770223,6.47966523e-05,100
4324,Hybrid,mixture2,-1.33762146,7.50523798e-05,100
4325,Metropolis,metropolis,-1.33662922,3.81147962e-04,100
4325,Row-Update,mps2,-1.33770964,6.37588847e-05,100
4325,Hybrid,mixture2,-1.33761640,7.52656587e-05,100
4326,Metropolis,metropolis,-1.33662961,3.80502621e-04,100
4326,Row-Update,mps2,-1.33770157,6.41600360e-05,100
4326,Hybrid,mixture2,-1.33761940,7.52201303e-05,100
4327,Metropolis,metropolis,-1.33663029,3.80909203e-04,100
4327,Row-Update,mps2,-1.33769893,6.42041364e-05,100
4327,Hybrid,mixture2,-1.33762292,7.49899034e-05,100
4328,Metropolis,metropolis,-1.33662774,3.80813805e-04,100
4328,Row-Update,mps2,-1.33770475,6.36848705e-05,100
4328,Hybrid,mixture2,-1.33761857,7.56657504e-05,100
4329,Metropolis,metropolis,-1.33663113,3.81338372e-04,100
4329,Row-Update,mps2,-1.33770464,6.35701178e-05,100
4329,Hybrid,mixture2,-1.33762419,7.56215055e-05,100
4330,Metropolis,metropolis,-1.33663127,3.80787741e-04,100
4330,Row-Update,mps2,-1.33770014,6.33711044e-05,100
4330,Hybrid,mixture2,-1.33761902,7.52200421e-05,100
4331,Metropolis,metropolis,-1.33663047,3.81003821e-04,100
4331,Row-Update,mps2,-1.33769883,6.40792865e-05,100
4331,Hybrid,mixture2,-1.33761500,7.59980420e-05,100
4332,Metropolis,metropolis,-1.33662715,3.80864004e-04,100
4332,Row-Update,mps2,-1.33770827,6.42879773e-05,100
4332,Hybrid,mixture2,-1.33761836,7.52846206e-05,100
4333,Metropolis,metropolis,-1.33662752,3.80847609e-04,100
4333,Row-Update,mps2,-1.33769434,6.50958136e-05,100
4333,Hybrid,mixture2,-1.33762171,7.49636924e-05,100
4334,Metropolis,metropolis,-1.33663217,3.80770602e-04,100
4334,Row-Update,mps2,-1.33770561,6.43790355e-05,100
4334,Hybrid,mixture2,-1.33762074,7.57841216e-05,100
4335,Metropolis,metropolis,-1.33663484,3.81129456e-04,100
4335,Row-Update,mps2,-1.33770417,6.45755268e-05,100
4335,Hybrid,mixture2,-1.33761735,7.52232456e-05,100
4336,Metropolis,metropolis,-1.33662873,3.81323165e-04,100
4336,Row-Update,mps2,-1.33770206,6.37830105e-05,100
4336,Hybrid,mixture2,-1.33761270,7.54925977e-05,100
4337,Metropolis,metropolis,-1.33663222,3.80852729e-04,100
4337,Row-Update,mps2,-1.33770268,6.43683861e-05,100
4337,Hybrid,mixture2,-1.33760803,7.53815745e-05,100
4338,Metropolis,metropolis,-1.33663413,3.80680492e-04,100
4338,Row-Update,mps2,-1.33770800,6.45029970e-05,100
4338,Hybrid,mixture2,-1.33761332,7.52921789e-05,100
4339,Metropolis,metropolis,-1.33663776,3.80713538e-04,100
4339,Row-Update,mps2,-1.33770356,6.49959127e-05,100
4339,Hybrid,mixture2,-1.33761101,7.60470210e-05,100
4340,Metropolis,metropolis,-1.33663244,3.81092868e-04,100
4340,Row-Update,mps2,-1.33770445,6.51466910e-05,100
4340,Hybrid,mixture2,-1.33762298,7.47994190e-05,100
4341,Metropolis,metropolis,-1.33663404,3.81187021e-04,100
4341,Row-Update,mps2,-1.33769986,6.41028660e-05,100
4341,Hybrid,mixture2,-1.33761411,7.48906239e-05,100
4342,Metropolis,metropolis,-1.33662986,3.80494523e-04,100
4342,Row-Update,mps2,-1.33771572,6.31335623e-05,100
4342,Hybrid,mixture2,-1.33761322,7.48523908e-05,100
4343,Metropolis,metropolis,-1.33663757,3.80733700e-04,100
4343,Row-Update,mps2,-1.33770862,6.35254613e-05,100
4343,Hybrid,mixture2,-1.33761604,7.52145347e-05,100
4344,Metropolis,metropolis,-1.33663415,3.81087494e-04,100
4344,Row-Update,mps2,-1.33770782,6.48403429e-05,100
4344,Hybrid,mixture2,-1.33761895,7.49386860e-05,100
4345,Metropolis,metropolis,-1.33663344,3.80995958e-04,100
4345,Row-Update,mps2,-1.33771083,6.51510388e-05,100
4345,Hybrid,mixture2,-1.33761968,7.39152920e-05,100
4346,Metropolis,metropolis,-1.33663780,3.81404567e-04,100
4346,Row-Update,mps2,-1.33771148,6.42010755e-05,100
4346,Hybrid,mixture2,-1.33761630,7.52858980e-05,100
4347,Metropolis,metropolis,-1.33663219,3.81463660e-04,100
4347,Row-Update,mps2,-1.33770262,6.37979208e-05,100
4347,Hybrid,mixture2,-1.33761123,7.62563649e-05,100
4348,Metropolis,metropolis,-1.33662972,3.80870528e-04,100
4348,Row-Update,mps2,-1.33770805,6.45220800e-05,100
4348,Hybrid,mixture2,-1.33762221,7.49642377e-05,100
4349,Metropolis,metropolis,-1.33662846,3.81083285e-04,100
4349,Row-Update,mps2,-1.33770707,6.35764903e-05,100
4349,Hybrid,mixture2,-1.33761511,7.42635266e-05,100
4350,Metropolis,metropolis,-1.33663190,3.81590921e-04,100
4350,Row-Update,mps2,-1.33771082,6.40856660e-05,100
4350,Hybrid,mixture2,-1.33761457,7.44548558e-05,100
4351,Metropolis,metropolis,-1.33663335,3.81058639e-04,100
4351,Row-Update,mps2,-1.33770410,6.35930558e-05,100
4351,Hybrid,mixture2,-1.33762253,7.41804492e-05,100
4352,Metropolis,metropolis,-1.33662973,3.80638381e-04,100
4352,Row-Update,mps2,-1.33770787,6.39642870e-05,100
4352,Hybrid,mixture2,-1.33761928,7.54044748e-05,100
4353,Metropolis,metropolis,-1.33663347,3.80565631e-04,100
4353,Row-Update,mps2,-1.33770744,6.34911679e-05,100
4353,Hybrid,mixture2,-1.33761418,7.47763220e-05,100
4354,Metropolis,metropolis,-1.33663441,3.80829738e-04,100
4354,Row-Update,mps2,-1.33770940,6.38268424e-05,100
4354,Hybrid,mixture2,-1.33761703,7.61321375e-05,100
4355,Metropolis,metropolis,-1.33663321,3.80924012e-04,100
4355,Row-Update,mps2,-1.33769917,6.41152832e-05,100
4355,Hybrid,mixture2,-1.33760995,7.60151308e-05,100
4356,Metropolis,metropolis,-1.33663126,3.80613698e-04,100
4356,Row-Update,mps2,-1.33770542,6.40423770e-05,100
4356,Hybrid,mixture2,-1.33762173,7.62088880e-05,100
4357,Metropolis,metropolis,-1.33663000,3.80993903e-04,100
4357,Row-Update,mps2,-1.33770925,6.31544103e-05,100
4357,Hybrid,mixture2,-1.33761922,7.58580903e-05,100
4358,Metropolis,metropolis,-1.33662551,3.80912008e-04,100
4358,Row-Update,mps2,-1.33769460,6.41142716e-05,100
4358,Hybrid,mixture2,-1.33761532,7.51849037e-05,100
4359,Metropolis,metropolis,-1.33663083,3.81204980e-04,100
4359,Row-Update,mps2,-1.33770854,6.43702733e-05,100
4359,Hybrid,mixture2,-1.33761785,7.54050619e-05,100
4360,Metropolis,metropolis,-1.33662524,3.81361597e-04,100
4360,Row-Update,mps2,-1.33770519,6.46693322e-05,100
4360,Hybrid,mixture2,-1.33761702,7.49333177e-05,100
4361,Metropolis,metropolis,-1.33663087,3.81017023e-04,100
4361,Row-Update,mps2,-1.33770155,6.41424327e-05,100
4361,Hybrid,mixture2,-1.33761537,7.52949523e-05,100
4362,Metropolis,metropolis,-1.33663409,3.81095814e-04,100
4362,Row-Update,mps2,-1.33771232,6.55412712e-05,100
4362,Hybrid,mixture2,-1.33762221,7.48039114e-05,100
4363,Metropolis,metropolis,-1.33662921,3.80603993e-04,100
4363,Row-Update,mps2,-1.33770037,6.45891357e-05,100
4363,Hybrid,mixture2,-1.33761872,7.58169774e-05,100
4364,Metropolis,metropolis,-1.33663341,3.80743427e-04,100
4364,Row-Update,mps2,-1.33770737,6.49160310e-05,100
4364,Hybrid,mixture2,-1.33761602,7.52810418e-05,100
4365,Metropolis,metropolis,-1.33662949,3.80741262e-04,100
4365,Row-Update,mps2,-1.33772034,6.28042123e-05,100
4365,Hybrid,mixture2,-1.33762338,7.53468434e-05,100
4366,Metropolis,metropolis,-1.33663577,3.80839285e-04,100
4366,Row-Update,mps2,-1.33771279,6.41989287e-05,100
4366,Hybrid,mixture2,-1.33761049,7.54877406e-05,100
4367,Metropolis,metropolis,-1.33663044,3.81157899e-04,100
4367,Row-Update,mps2,-1.33770588,6.47821343e-05,100
4367,Hybrid,mixture2,-1.33761683,7.49629493e-05,100
4368,Metropolis,metropolis,-1.33663277,3.80957304e-04,100
4368,Row-Update,mps2,-1.33771294,6.40340037e-05,100
4368,Hybrid,mixture2,-1.33761502,7.50611993e-05,100
4369,Metropolis,metropolis,-1.33663802,3.80794196e-04,100
4369,Row-Update,mps2,-1.33770971,6.24781813e-05,100
4369,Hybrid,mixture2,-1.33762105,7.54026287e-05,100
4370,Metropolis,metropolis,-1.33663508,3.81030977e-04,100
4370,Row-Update,mps2,-1.33771433,6.36724100e-05,100
4370,Hybrid,mixture2,-1.33762321,7.49025441e-05,100
4371,Metropolis,metropolis,-1.33663244,3.81093483e-04,100
4371,Row-Update,mps2,-1.33771230,6.28221239e-05,100
4371,Hybrid,mixture2,-1.33762207,7.51998368e-05,100
4372,Metropolis,metropolis,-1.33663819,3.80476619e-04,100
4372,Row-Update,mps2,-1.33771183,6.31384927e-05,100
4372,Hybrid,mixture2,-1.33761527,7.48986827e-05,100
4373,Metropolis,metropolis,-1.33663646,3.80830479e-04,100
4373,Row-Update,mps2,-1.33771216,6.40975726e-05,100
4373,Hybrid,mixture2,-1.33761396,7.53455530e-05,100
4374,Metropolis,metropolis,-1.33662545,3.80784924e-04,100
4374,Row-Update,mps2,-1.33772081,6.48545473e-05,100
4374,Hybrid,mixture2,-1.33761077,7.56916118e-05,100
4375,Metropolis,metropolis,-1.33662801,3.80735598e-04,100
4375,Row-Update,mps2,-1.33771348,6.27363638e-05,100
4375,Hybrid,mixture2,-1.33761865,7.59359665e-05,100
4376,Metropolis,metropolis,-1.33663700,3.80810312e-04,100
4376,Row-Update,mps2,-1.33771863,6.34659792e-05,100
4376,Hybrid,mixture2,-1.33761239,7.53787289e-05,100
4377,Metropolis,metropolis,-1.33663201,3.80400078e-04,100
4377,Row-Update,mps2,-1.33771622,6.37300039e-05,100
4377,Hybrid,mixture2,-1.33762182,7.49089951e-05,100
4378,Metropolis,metropolis,-1.33662713,3.81095800e-04,100
4378,Row-Update,mps2,-1.33770670,6.39227991e-05,100
4378,Hybrid,mixture2,-1.33762202,7.47389703e-05,100
4379,Metropolis,metropolis,-1.33662909,3.81052258e-04,100
4379,Row-Update,mps2,-1.33769664,6.46969264e-05,100
4379,Hybrid,mixture2,-1.33761713,7.53174364e-05,100
4380,Metropolis,metropolis,-1.33663546,3.81058757e-04,100
4380,Row-Update,mps2,-1.33770533,6.36177380e-05,100
4380,Hybrid,mixture2,-1.33761650,7.60610339e-05,100
4381,Metropolis,metropolis,-1.33662995,3.80586508e-04,100
4381,Row-Update,mps2,-1.33770831,6.28722214e-05,100
4381,Hybrid,mixture2,-1.33761492,7.47657233e-05,100
4382,Metropolis,metropolis,-1.33663051,3.80916012e-04,100
4382,Row-Update,mps2,-1.33771240,6.39533721e-05,100
4382,Hybrid,mixture2,-1.33761836,7.54193718e-05,100
4383,Metropolis,metropolis,-1.33663115,3.81064618e-04,100
4383,Row-Update,mps2,-1.33771075,6.36308678e-05,100
4383,Hybrid,mixture2,-1.33762074,7.54161308e-05,100
4384,Metropolis,metropolis,-1.33662852,3.80915444e-04,100
4384,Row-Update,mps2,-1.33770618,6.32136294e-05,100
4384,Hybrid,mixture2,-1.33762919,7.50853958e-05,100
4385,Metropolis,metropolis,-1.33662827,3.81022766e-04,100
4385,Row-Update,mps2,-1.33769693,6.36947887e-05,100
4385,Hybrid,mixture2,-1.33762089,7.53374398e-05,100
4386,Metropolis,metropolis,-1.33662659,3.81194287e-04,100
4386,Row-Update,mps2,-1.33771200,6.47849625e-05,100
4386,Hybrid,mixture2,-1.33761842,7.52679043e-05,100
4387,Metropolis,metropolis,-1.33663471,3.80657669e-04,100
4387,Row-Update,mps2,-1.33770429,6.34326192e-05,100
4387,Hybrid,mixture2,-1.33761476,7.46940141e-05,100
4388,Metropolis,metropolis,-1.33663121,3.80787069e-04,100
4388,Row-Update,mps2,-1.33771102,6.36526608e-05,100
4388,Hybrid,mixture2,-1.33762955,7.59221345e-05,100
4389,Metropolis,metropolis,-1.33663379,3.80845104e-04,100
4389,Row-Update,mps2,-1.33771132,6.44080313e-05,100
4389,Hybrid,mixture2,-1.33761698,7.56147606e-05,100
4390,Metropolis,metropolis,-1.33663092,3.80991172e-04,100
4390,Row-Update,mps2,-1.33770665,6.36569896e-05,100
4390,Hybrid,mixture2,-1.33761988,7.49799644e-05,100
4391,Metropolis,metropolis,-1.33662580,3.81095055e-04,100
4391,Row-Update,mps2,-1.33771280,6.34889336e-05,100
4391,Hybrid,mixture2,-1.33761503,7.56678059e-05,100
4392,Metropolis,metropolis,-1.33662217,3.80949349e-04,100
4392,Row-Update,mps2,-1.33770661,6.32864636e-05,100
4392,Hybrid,mixture2,-1.33761913,7.59577863e-05,100
4393,Metropolis,metropolis,-1.33662512,3.81118093e-04,100
4393,Row-Update,mps2,-1.33770993,6.39578663e-05,100
4393,Hybrid,mixture2,-1.33761859,7.46369143e-05,100
4394,Metropolis,metropolis,-1.33661891,3.81239417e-04,100
4394,Row-Update,mps2,-1.33770313,6.36869845e-05,100
4394,Hybrid,mixture2,-1.33762197,7.54025180e-05,100
4395,Metropolis,metropolis,-1.33662901,3.80853229e-04,100
4395,Row-Update,mps2,-1.33770461,6.36698019e-05,100
4395,Hybrid,mixture2,-1.33761894,7.56872083e-05,100
4396,Metropolis,metropolis,-1.33663527,3.81089390e-04,100
4396,Row-Update,mps2,-1.33771071,6.32106856e-05,100
4396,Hybrid,mixture2,-1.33761845,7.51634636e-05,100
4397,Metropolis,metropolis,-1.33663144,3.81043166e-04,100
4397,Row-Update,mps2,-1.33771143,6.29738475e-05,100
4397,Hybrid,mixture2,-1.33761674,7.50771136e-05,100
4398,Metropolis,metropolis,-1.33661978,3.81350904e-04,100
4398,Row-Update,mps2,-1.33770621,6.47491993e-05,100
4398,Hybrid,mixture2,-1.33761761,7.49355825e-05,100
4399,Metropolis,metropolis,-1.33663230,3.81147655e-04,100
4399,Row-Update,mps2,-1.33770164,6.49821068e-05,100
4399,Hybrid,mixture2,-1.33761432,7.52807923e-05,100
4400,Metropolis,metropolis,-1.33663126,3.81226557e-04,100
4400,Row-Update,mps2,-1.33770497,6.38474651e-05,100
4400,Hybrid,mixture2,-1.33762332,7.42907410e-05,100
4401,Metropolis,metropolis,-1.33662927,3.81305243e-04,100
4401,Row-Update,mps2,-1.33770813,6.40825688e-05,100
4401,Hybrid,mixture2,-1.33761328,7.65860142e-05,100
4402,Metropolis,metropolis,-1.33663855,3.80467404e-04,100
4402,Row-Update,mps2,-1.33770192,6.42669433e-05,100
4402,Hybrid,mixture2,-1.33762253,7.46818959e-05,100
4403,Metropolis,metropolis,-1.33662819,3.81357192e-04,100
4403,Row-Update,mps2,-1.33770151,6.45789405e-05,100
4403,Hybrid,mixture2,-1.33762897,7.49383698e-05,100
4404,Metropolis,metropolis,-1.33663196,3.80603804e-04,100
4404,Row-Update,mps2,-1.33770933,6.42140221e-05,100
4404,Hybrid,mixture2,-1.33761594,7.56362296e-05,100
4405,Metropolis,metropolis,-1.33662739,3.81084848e-04,100
4405,Row-Update,mps2,-1.33770304,6.37700378e-05,100
4405,Hybrid,mixture2,-1.33761441,7.53664313e-05,100
4406,Metropolis,metropolis,-1.33662749,3.80865423e-04,100
4406,Row-Update,mps2,-1.33770610,6.40710043e-05,100
4406,Hybrid,mixture2,-1.33761718,7.45301009e-05,100
4407,Metropolis,metropolis,-1.33662725,3.81685859e-04,100
4407,Row-Update,mps2,-1.33770057,6.49256195e-05,100
4407,Hybrid,mixture2,-1.33760714,7.45427225e-05,100
4408,Metropolis,metropolis,-1.33662989,3.81070966e-04,100
4408,Row-Update,mps2,-1.33770501,6.40679636e-05,100
4408,Hybrid,mixture2,-1.33761331,7.36529170e-05,100
4409,Metropolis,metropolis,-1.33663182,3.81040666e-04,100
4409,Row-Update,mps2,-1.33770554,6.35484600e-05,100
4409,Hybrid,mixture2,-1.33761714,7.52358027e-05,100
4410,Metropolis,metropolis,-1.33663005,3.80620950e-04,100
4410,Row-Update,mps2,-1.33770597,6.40111223e-05,100
4410,Hybrid,mixture2,-1.33761745,7.49086558e-05,100
4411,Metropolis,metropolis,-1.33662986,3.80843296e-04,100
4411,Row-Update,mps2,-1.33770483,6.38508216e-05,100
4411,Hybrid,mixture2,-1.33761256,7.50963787e-05,100
4412,Metropolis,metropolis,-1.33663418,3.80782324e-04,100
4412,Row-Update,mps2,-1.33770303,6.41690000e-05,100
4412,Hybrid,mixture2,-1.33760739,7.54344382e-05,100
4413,Metropolis,metropolis,-1.33662496,3.80882047e-04,100
4413,Row-Update,mps2,-1.33770735,6.46117923e-05,100
4413,Hybrid,mixture2,-1.33761415,7.51716972e-05,100
4414,Metropolis,metropolis,-1.33663160,3.80849442e-04,100
4414,Row-Update,mps2,-1.33771334,6.62038992e-05,100
4414,Hybrid,mixture2,-1.33762545,7.47442358e-05,100
4415,Metropolis,metropolis,-1.33662493,3.81072254e-04,100
4415,Row-Update,mps2,-1.33770631,6.30318252e-05,100
4415,Hybrid,mixture2,-1.33762280,7.47355066e-05,100
4416,Metropolis,metropolis,-1.33663008,3.80630534e-04,100
4416,Row-Update,mps2,-1.33770878,6.34938487e-05,100
4416,Hybrid,mixture2,-1.33762011,7.46560581e-05,100
4417,Metropolis,metropolis,-1.33663228,3.81189918e-04,100
4417,Row-Update,mps2,-1.33771146,6.34800364e-05,100
4417,Hybrid,mixture2,-1.33762651,7.42972392e-05,100
4418,Metropolis,metropolis,-1.33663009,3.80038405e-04,100
4418,Row-Update,mps2,-1.33770341,6.40669490e-05,100
4418,Hybrid,mixture2,-1.33762702,7.50101642e-05,100
4419,Metropolis,metropolis,-1.33663218,3.80953632e-04,100
4419,Row-Update,mps2,-1.33770606,6.39627159e-05,100
4419,Hybrid,mixture2,-1.33762643,7.51025991e-05,100
4420,Metropolis,metropolis,-1.33663255,3.80786426e-04,100
4420,Row-Update,mps2,-1.33770561,6.47460494e-05,100
4420,Hybrid,mixture2,-1.33762466,7.50031894e-05,100
4421,Metropolis,metropolis,-1.33663716,3.81493834e-04,100
4421,Row-Update,mps2,-1.33771110,6.39854381e-05,100
4421,Hybrid,mixture2,-1.33762524,7.41716477e-05,100
4422,Metropolis,metropolis,-1.33663337,3.80801774e-04,100
4422,Row-Update,mps2,-1.33770732,6.51345180e-05,100
4422,Hybrid,mixture2,-1.33762493,7.51562894e-05,100
4423,Metropolis,metropolis,-1.33663048,3.81372629e-04,100
4423,Row-Update,mps2,-1.33771191,6.37169625e-05,100
4423,Hybrid,mixture2,-1.33762028,7.50124729e-05,100
4424,Metropolis,metropolis,-1.33662431,3.80928307e-04,100
4424,Row-Update,mps2,-1.33769714,6.62234641e-05,100
4424,Hybrid,mixture2,-1.33761661,7.53611331e-05,100
4425,Metropolis,metropolis,-1.33662711,3.80931254e-04,100
4425,Row-Update,mps2,-1.33770005,6.45964854e-05,100
4425,Hybrid,mixture2,-1.33763064,7.44947491e-05,100
4426,Metropolis,metropolis,-1.33662499,3.81119820e-04,100
4426,Row-Update,mps2,-1.33770023,6.52777937e-05,100
4426,Hybrid,mixture2,-1.33762573,7.43841065e-05,100
4427,Metropolis,metropolis,-1.33662869,3.80835315e-04,100
4427,Row-Update,mps2,-1.33769505,6.49699037e-05,100
4427,Hybrid,mixture2,-1.33762598,7.53337070e-05,100
4428,Metropolis,metropolis,-1.33662528,3.80992615e-04,100
4428,Row-Update,mps2,-1.33769288,6.51365754e-05,100
4428,Hybrid,mixture2,-1.33761876,7.47721872e-05,100
4429,Metropolis,metropolis,-1.33662556,3.80738502e-04,100
4429,Row-Update,mps2,-1.33770095,6.48885379e-05,100
4429,Hybrid,mixture2,-1.33762467,7.47225078e-05,100
4430,Metropolis,metropolis,-1.33662923,3.81305346e-04,100
4430,Row-Update,mps2,-1.33770873,6.51381116e-05,100
4430,Hybrid,mixture2,-1.33762703,7.47374214e-05,100
4431,Metropolis,metropolis,-1.33662589,3.81215058e-04,100
4431,Row-Update,mps2,-1.33770730,6.32007995e-05,100
4431,Hybrid,mixture2,-1.33762649,7.42060726e-05,100
4432,Metropolis,metropolis,-1.33663122,3.80922818e-04,100
4432,Row-Update,mps2,-1.33770401,6.54340362e-05,100
4432,Hybrid,mixture2,-1.33761954,7.54245825e-05,100
4433,Metropolis,metropolis,-1.33662780,3.80794732e-04,100
4433,Row-Update,mps2,-1.33770785,6.47977997e-05,100
4433,Hybrid,mixture2,-1.33761967,7.52879480e-05,100
4434,Metropolis,metropolis,-1.33663012,3.80243161e-04,100
4434,Row-Update,mps2,-1.33770593,6.61249810e-05,100
4434,Hybrid,mixture2,-1.33761751,7.50508231e-05,100
4435,Metropolis,metropolis,-1.33662502,3.81037771e-04,100
4435,Row-Update,mps2,-1.33770040,6.49786286e-05,100
4435,Hybrid,mixture2,-1.33761281,7.55457114e-05,100
4436,Metropolis,metropolis,-1.33662913,3.81096942e-04,100
4436,Row-Update,mps2,-1.33770552,6.54541607e-05,100
4436,Hybrid,mixture2,-1.33762033,7.43096943e-05,100
4437,Metropolis,metropolis,-1.33663238,3.81061195e-04,100
4437,Row-Update,mps2,-1.33770387,6.49334317e-05,100
4437,Hybrid,mixture2,-1.33761641,7.40747601e-05,100
4438,Metropolis,metropolis,-1.33662705,3.81417873e-04,100
4438,Row-Update,mps2,-1.33769136,6.52300702e-05,100
4438,Hybrid,mixture2,-1.33761496,7.49544810e-05,100
4439,Metropolis,metropolis,-1.33662946,3.81039177e-04,100
4439,Row-Update,mps2,-1.33769795,6.49767428e-05,100
4439,Hybrid,mixture2,-1.33762706,7.41382158e-05,100
4440,Metropolis,metropolis,-1.33663424,3.80925162e-04,100
4440,Row-Update,mps2,-1.33769945,6.44033962e-05,100
4440,Hybrid,mixture2,-1.33761967,7.50312479e-05,100
4441,Metropolis,metropolis,-1.33663469,3.80974185e-04,100
4441,Row-Update,mps2,-1.33770116,6.33874410e-05,100
4441,Hybrid,mixture2,-1.33762083,7.42840160e-05,100
4442,Metropolis,metropolis,-1.33663024,3.80901455e-04,100
4442,Row-Update,mps2,-1.33770199,6.54247659e-05,100
4442,Hybrid,mixture2,-1.33762232,7.46702109e-05,100
4443,Metropolis,metropolis,-1.33663024,3.80910290e-04,100
4443,Row-Update,mps2,-1.33769529,6.58132477e-05,100
4443,Hybrid,mixture2,-1.33762085,7.45556831e-05,100
4444,Metropolis,metropolis,-1.33663605,3.80823169e-04,100
4444,Row-Update,mps2,-1.33770432,6.60727034e-05,100
4444,Hybrid,mixture2,-1.33762461,7.36767288e-05,100
4445,Metropolis,metropolis,-1.33662802,3.80900503e-04,100
4445,Row-Update,mps2,-1.33770095,6.55715238e-05,100
4445,Hybrid,mixture2,-1.33762294,7.59707876e-05,100
4446,Metropolis,metropolis,-1.33663316,3.81299799e-04,100
4446,Row-Update,mps2,-1.33770479,6.50621130e-05,100
4446,Hybrid,mixture2,-1.33762146,7.51635663e-05,100
4447,Metropolis,metropolis,-1.33662753,3.81120176e-04,100
4447,Row-Update,mps2,-1.33770229,6.46870783e-05,100
4447,Hybrid,mixture2,-1.33762035,7.45232064e-05,100
4448,Metropolis,metropolis,-1.33663145,3.80646488e-04,100
4448,Row-Update,mps2,-1.33770034,6.48490744e-05,100
4448,Hybrid,mixture2,-1.33762046,7.34865422e-05,100
4449,Metropolis,metropolis,-1.33663595,3.80882917e-04,100
4449,Row-Update,mps2,-1.33770971,6.45215308e-05,100
4449,Hybrid,mixture2,-1.33761282,7.47954456e-05,100
4450,Metropolis,metropolis,-1.33663515,3.81026552e-04,100
4450,Row-Update,mps2,-1.33770551,6.53945058e-05,100
4450,Hybrid,mixture2,-1.33761423,7.54926386e-05,100
4451,Metropolis,metropolis,-1.33662828,3.81150626e-04,100
4451,Row-Update,mps2,-1.33770764,6.43429510e-05,100
4451,Hybrid,mixture2,-1.33762800,7.44116477e-05,100
4452,Metropolis,metropolis,-1.33663377,3.81195456e-04,100
4452,Row-Update,mps2,-1.33770575,6.40197396e-05,100
4452,Hybrid,mixture2,-1.33762133,7.51645220e-05,100
4453,Metropolis,metropolis,-1.33663461,3.80597698e-04,100
4453,Row-Update,mps2,-1.33769405,6.41176408e-05,100
4453,Hybrid,mixture2,-1.33761891,7.45547092e-05,100
4454,Metropolis,metropolis,-1.33662790,3.80591604e-04,100
4454,Row-Update,mps2,-1.33769641,6.43792532e-05,100
4454,Hybrid,mixture2,-1.33762695,7.50453381e-05,100
4455,Metropolis,metropolis,-1.33663708,3.80272792e-04,100
4455,Row-Update,mps2,-1.33770209,6.38699597e-05,100
4455,Hybrid,mixture2,-1.33762064,7.50550608e-05,100
4456,Metropolis,metropolis,-1.33662976,3.80767270e-04,100
4456,Row-Update,mps2,-1.33769575,6.61332916e-05,100
4456,Hybrid,mixture2,-1.33762648,7.52599727e-05,100
4457,Metropolis,metropolis,-1.33662995,3.81066431e-04,100
4457,Row-Update,mps2,-1.33770662,6.61509352e-05,100
4457,Hybrid,mixture2,-1.33762146,7.52017608e-05,100
4458,Metropolis,metropolis,-1.33663176,3.81095839e-04,100
4458,Row-Update,mps2,-1.33769751,6.68841013e-05,100
4458,Hybrid,mixture2,-1.33760858,7.56613601e-05,100
4459,Metropolis,metropolis,-1.33663584,3.80797166e-04,100
4459,Row-Update,mps2,-1.33770278,6.63826383e-05,100
4459,Hybrid,mixture2,-1.33761725,7.51771732e-05,100
4460,Metropolis,metropolis,-1.33662738,3.81212197e-04,100
4460,Row-Update,mps2,-1.33770442,6.56929058e-05,100
4460,Hybrid,mixture2,-1.33761890,7.45545852e-05,100
4461,Metropolis,metropolis,-1.33662613,3.81655677e-04,100
4461,Row-Update,mps2,-1.33770120,6.50485391e-05,100
4461,Hybrid,mixture2,-1.33761979,7.51008915e-05,100
4462,Metropolis,metropolis,-1.33662923,3.80640155e-04,100
4462,Row-Update,mps2,-1.33770763,6.56797429e-05,100
4462,Hybrid,mixture2,-1.33762496,7.49543269e-05,100
4463,Metropolis,metropolis,-1.33663437,3.80777657e-04,100
4463,Row-Update,mps2,-1.33770422,6.48262481e-05,100
4463,Hybrid,mixture2,-1.33761915,7.59501575e-05,100
4464,Metropolis,metropolis,-1.33662835,3.80847335e-04,100
4464,Row-Update,mps2,-1.33769889,6.55666560e-05,100
4464,Hybrid,mixture2,-1.33762053,7.45911983e-05,100
4465,Metropolis,metropolis,-1.33663681,3.81056566e-04,100
4465,Row-Update,mps2,-1.33769875,6.62173849e-05,100
4465,Hybrid,mixture2,-1.33762272,7.45362232e-05,100
4466,Metropolis,metropolis,-1.33663210,3.81178140e-04,100
4466,Row-Update,mps2,-1.33770122,6.39525616e-05,100
4466,Hybrid,mixture2,-1.33762417,7.45503210e-05,100
4467,Metropolis,metropolis,-1.33663121,3.80933007e-04,100
4467,Row-Update,mps2,-1.33770889,6.49989852e-05,100
4467,Hybrid,mixture2,-1.33762280,7.48021346e-05,100
4468,Metropolis,metropolis,-1.33662998,3.80762838e-04,100
4468,Row-Update,mps2,-1.33770818,6.40115073e-05,100
4468,Hybrid,mixture2,-1.33762434,7.45740750e-05,100
4469,Metropolis,metropolis,-1.33663276,3.80714235e-04,100
4469,Row-Update,mps2,-1.33770785,6.37852822e-05,100
4469,Hybrid,mixture2,-1.33762694,7.47052997e-05,100
4470,Metropolis,metropolis,-1.33663513,3.80882194e-04,100
4470,Row-Update,mps2,-1.33771245,6.40840788e-05,100
4470,Hybrid,mixture2,-1.33761738,7.43478120e-05,100
4471,Metropolis,metropolis,-1.33663172,3.81174309e-04,100
4471,Row-Update,mps2,-1.33771400,6.44165605e-05,100
4471,Hybrid,mixture2,-1.33763058,7.42592139e-05,100
4472,Metropolis,metropolis,-1.33663393,3.80967091e-04,100
4472,Row-Update,mps2,-1.33770620,6.56914255e-05,100
4472,Hybrid,mixture2,-1.33762761,7.43621597e-05,100
4473,Metropolis,metropolis,-1.33663371,3.81183350e-04,100
4473,Row-Update,mps2,-1.33770579,6.48596648e-05,100
4473,Hybrid,mixture2,-1.33762441,7.44256851e-05,100
4474,Metropolis,metropolis,-1.33662932,3.81159987e-04,100
4474,Row-Update,mps2,-1.33770738,6.46031422e-05,100
4474,Hybrid,mixture2,-1.33763232,7.46546454e-05,100
4475,Metropolis,metropolis,-1.33663640,3.80887432e-04,100
4475,Row-Update,mps2,-1.33770082,6.59916416e-05,100
4475,Hybrid,mixture2,-1.33762570,7.44999309e-05,100
4476,Metropolis,metropolis,-1.33663327,3.80790448e-04,100
4476,Row-Update,mps2,-1.33770826,6.57885916e-05,100
4476,Hybrid,mixture2,-1.33761969,7.47635085e-05,100
4477,Metropolis,metropolis,-1.33663860,3.80678661e-04,100
4477,Row-Update,mps2,-1.33770210,6.53934162e-05,100
4477,Hybrid,mixture2,-1.33762277,7.43143526e-05,100
4478,Metropolis,metropolis,-1.33663429,3.80984937e-04,100
4478,Row-Update,mps2,-1.33770716,6.48101861e-05,100
4478,Hybrid,mixture2,-1.33762228,7.41323885e-05,100
4479,Metropolis,metropolis,-1.33663062,3.80724821e-04,100
4479,Row-Update,mps2,-1.33770175,6.72451042e-05,100
4479,Hybrid,mixture2,-1.33762217,7.45681698e-05,100
4480,Metropolis,metropolis,-1.33663368,3.81446967e-04,100
4480,Row-Update,mps2,-1.33770409,6.58164512e-05,100
4480,Hybrid,mixture2,-1.33761997,7.44688269e-05,100
4481,Metropolis,metropolis,-1.33663566,3.81092786e-04,100
4481,Row-Update,mps2,-1.33770984,6.50441673e-05,100
4481,Hybrid,mixture2,-1.33762110,7.40452965e-05,100
4482,Metropolis,metropolis,-1.33663428,3.80270865e-04,100
4482,Row-Update,mps2,-1.33770231,6.50466549e-05,100
4482,Hybrid,mixture2,-1.33762131,7.47280164e-05,100
4483,Metropolis,metropolis,-1.33663365,3.81008882e-04,100
4483,Row-Update,mps2,-1.33770867,6.62605868e-05,100
4483,Hybrid,mixture2,-1.33762212,7.44361843e-05,100
4484,Metropolis,metropolis,-1.33663302,3.80394534e-04,100
4484,Row-Update,mps2,-1.33769261,6.59033003e-05,100
4484,Hybrid,mixture2,-1.33762845,7.39529730e-05,100
4485,Metropolis,metropolis,-1.33663695,3.81037050e-04,100
4485,Row-Update,mps2,-1.33770333,6.58635083e-05,100
4485,Hybrid,mixture2,-1.33762496,7.42591865e-05,100
4486,Metropolis,metropolis,-1.33663202,3.80928460e-04,100
4486,Row-Update,mps2,-1.33769375,6.63264479e-05,100
4486,Hybrid,mixture2,-1.33762409,7.41366359e-05,100
4487,Metropolis,metropolis,-1.33663402,3.81267418e-04,100
4487,Row-Update,mps2,-1.33770409,6.63786057e-05,100
4487,Hybrid,mixture2,-1.33762361,7.43218151e-05,100
4488,Metropolis,metropolis,-1.33663158,3.81156443e-04,100
4488,Row-Update,mps2,-1.33769493,6.53666918e-05,100
4488,Hybrid,mixture2,-1.33762180,7.45010399e-05,100
4489,Metropolis,metropolis,-1.33663099,3.80788931e-04,100
4489,Row-Update,mps2,-1.33770616,6.47389336e-05,100
4489,Hybrid,mixture2,-1.33763209,7.50014363e-05,100
4490,Metropolis,metropolis,-1.33662640,3.80935732e-04,100
4490,Row-Update,mps2,-1.33770513,6.54552183e-05,100
4490,Hybrid,mixture2,-1.33761730,7.70547448e-05,100
4491,Metropolis,metropolis,-1.33662828,3.80834175e-04,100
4491,Row-Update,mps2,-1.33769237,6.55734489e-05,100
4491,Hybrid,mixture2,-1.33762212,7.49771958e-05,100
4492,Metropolis,metropolis,-1.33663523,3.81218339e-04,100
4492,Row-Update,mps2,-1.33769828,6.55196058e-05,100
4492,Hybrid,mixture2,-1.33762330,7.52639117e-05,100
4493,Metropolis,metropolis,-1.33663146,3.80709053e-04,100
4493,Row-Update,mps2,-1.33769847,6.52827671e-05,100
4493,Hybrid,mixture2,-1.33762835,7.47877805e-05,100
4494,Metropolis,metropolis,-1.33663303,3.80576383e-04,100
4494,Row-Update,mps2,-1.33769867,6.39699163e-05,100
4494,Hybrid,mixture2,-1.33761984,7.52347164e-05,100
4495,Metropolis,metropolis,-1.33663379,3.80848130e-04,100
4495,Row-Update,mps2,-1.33770252,6.48254303e-05,100
4495,Hybrid,mixture2,-1.33762040,7.41960157e-05,100
4496,Metropolis,metropolis,-1.33662749,3.80851112e-04,100
4496,Row-Update,mps2,-1.33770793,6.39863598e-05,100
4496,Hybrid,mixture2,-1.33761522,7.37329836e-05,100
4497,Metropolis,metropolis,-1.33663130,3.80517898e-04,100
4497,Row-Update,mps2,-1.33770453,6.37183687e-05,100
4497,Hybrid,mixture2,-1.33761408,7.54852627e-05,100
4498,Metropolis,metropolis,-1.33663201,3.80866183e-04,100
4498,Row-Update,mps2,-1.33770835,6.33544695e-05,100
4498,Hybrid,mixture2,-1.33761443,7.38264449e-05,100
4499,Metropolis,metropolis,-1.33662953,3.81097640e-04,100
4499,Row-Update,mps2,-1.33770418,6.32651496e-05,100
4499,Hybrid,mixture2,-1.33761655,7.37314504e-05,100
4500,Metropolis,metropolis,-1.33662907,3.80955725e-04,100
4500,Row-Update,mps2,-1.33770751,6.41827643e-05,100
4500,Hybrid,mixture2,-1.33761509,7.44871770e-05,100
4501,Metropolis,metropolis,-1.33663072,3.81348977e-04,100
4501,Row-Update,mps2,-1.33770600,6.39043435e-05,100
4501,Hybrid,mixture2,-1.33761508,7.44369214e-05,100
4502,Metropolis,metropolis,-1.33662844,3.80965665e-04,100
4502,Row-Update,mps2,-1.33770259,6.51435070e-05,100
4502,Hybrid,mixture2,-1.33762609,7.46639892e-05,100
4503,Metropolis,metropolis,-1.33662652,3.81264459e-04,100
4503,Row-Update,mps2,-1.33770675,6.55185274e-05,100
4503,Hybrid,mixture2,-1.33761911,7.43611324e-05,100
4504,Metropolis,metropolis,-1.33662509,3.81719197e-04,100
4504,Row-Update,mps2,-1.33770630,6.54260014e-05,100
4504,Hybrid,mixture2,-1.33762316,7.46132470e-05,100
4505,Metropolis,metropolis,-1.33663141,3.81041117e-04,100
4505,Row-Update,mps2,-1.33770448,6.45731299e-05,100
4505,Hybrid,mixture2,-1.33761582,7.41622402e-05,100
4506,Metropolis,metropolis,-1.33662667,3.80804330e-04,100
4506,Row-Update,mps2,-1.33770781,6.51995841e-05,100
4506,Hybrid,mixture2,-1.33762026,7.48857700e-05,100
4507,Metropolis,metropolis,-1.33663254,3.80910479e-04,100
4507,Row-Update,mps2,-1.33770745,6.57135529e-05,100
4507,Hybrid,mixture2,-1.33762362,7.49512866e-05,100
4508,Metropolis,metropolis,-1.33662660,3.81060536e-04,100
4508,Row-Update,mps2,-1.33769992,6.66658165e-05,100
4508,Hybrid,mixture2,-1.33761611,7.43331729e-05,100
4509,Metropolis,metropolis,-1.33663115,3.80696007e-04,100
4509,Row-Update,mps2,-1.33769819,6.74736070e-05,100
4509,Hybrid,mixture2,-1.33762240,7.44759744e-05,100
4510,Metropolis,metropolis,-1.33663336,3.81006174e-04,100
4510,Row-Update,mps2,-1.33770808,6.89442035e-05,100
4510,Hybrid,mixture2,-1.33762490,7.47736672e-05,100
4511,Metropolis,metropolis,-1.33663566,3.81119365e-04,100
4511,Row-Update,mps2,-1.33771228,6.75828894e-05,100
4511,Hybrid,mixture2,-1.33762370,7.46564063e-05,100
4512,Metropolis,metropolis,-1.33663253,3.81126151e-04,100
4512,Row-Update,mps2,-1.33770303,6.71200613e-05,100
4512,Hybrid,mixture2,-1.33762603,7.46392846e-05,100
4513,Metropolis,metropolis,-1.33663284,3.80835111e-04,100
4513,Row-Update,mps2,-1.33770395,6.69630459e-05,100
4513,Hybrid,mixture2,-1.33761353,7.43283333e-05,100
4514,Metropolis,metropolis,-1.33663756,3.80720952e-04,100
4514,Row-Update,mps2,-1.33769949,6.78754513e-05,100
4514,Hybrid,mixture2,-1.33762361,7.43885941e-05,100
4515,Metropolis,metropolis,-1.33663856,3.81223283e-04,100
4515,Row-Update,mps2,-1.33769683,6.87145892e-05,100
4515,Hybrid,mixture2,-1.33762295,7.39874853e-05,100
4516,Metropolis,metropolis,-1.33663553,3.80428306e-04,100
4516,Row-Update,mps2,-1.33769852,6.69914657e-05,100
4516,Hybrid,mixture2,-1.33761794,7.41929689e-05,100
4517,Metropolis,metropolis,-1.33663547,3.80966887e-04,100
4517,Row-Update,mps2,-1.33771136,6.78441973e-05,100
4517,Hybrid,mixture2,-1.33761903,7.42819097e-05,100
4518,Metropolis,metropolis,-1.33663486,3.81106308e-04,100
4518,Row-Update,mps2,-1.33770111,6.79929054e-05,100
4518,Hybrid,mixture2,-1.33762216,7.39901169e-05,100
4519,Metropolis,metropolis,-1.33663247,3.81349458e-04,100
4519,Row-Update,mps2,-1.33770048,6.67673870e-05,100
4519,Hybrid,mixture2,-1.33762520,7.42200982e-05,100
4520,Metropolis,metropolis,-1.33663283,3.81018726e-04,100
4520,Row-Update,mps2,-1.33769823,6.86193673e-05,100
4520,Hybrid,mixture2,-1.33762603,7.44124068e-05,100
4521,Metropolis,metropolis,-1.33663312,3.81092370e-04,100
4521,Row-Update,mps2,-1.33770438,6.84326100e-05,100
4521,Hybrid,mixture2,-1.33762360,7.46494839e-05,100
4522,Metropolis,metropolis,-1.33663274,3.80954628e-04,100
4522,Row-Update,mps2,-1.33771035,6.76901931e-05,100
4522,Hybrid,mixture2,-1.33763060,7.45109450e-05,100
4523,Metropolis,metropolis,-1.33663357,3.80736152e-04,100
4523,Row-Update,mps2,-1.33770802,6.70453403e-05,100
4523,Hybrid,mixture2,-1.33761749,7.48578485e-05,100
4524,Metropolis,metropolis,-1.33662398,3.81409113e-04,100
4524,Row-Update,mps2,-1.33770656,6.61838609e-05,100
4524,Hybrid,mixture2,-1.33761795,7.43927281e-05,100
4525,Metropolis,metropolis,-1.33663036,3.80760241e-04,100
4525,Row-Update,mps2,-1.33770618,6.64079048e-05,100
4525,Hybrid,mixture2,-1.33762377,7.47981105e-05,100
4526,Metropolis,metropolis,-1.33663583,3.81148031e-04,100
4526,Row-Update,mps2,-1.33770879,6.49549648e-05,100
4526,Hybrid,mixture2,-1.33762413,7.39284761e-05,100
4527,Metropolis,metropolis,-1.33663231,3.80714940e-04,100
4527,Row-Update,mps2,-1.33770765,6.70739784e-05,100
4527,Hybrid,mixture2,-1.33762509,7.52111873e-05,100
4528,Metropolis,metropolis,-1.33663693,3.80477451e-04,100
4528,Row-Update,mps2,-1.33770904,6.57869944e-05,100
4528,Hybrid,mixture2,-1.33762090,7.48532677e-05,100
4529,Metropolis,metropolis,-1.33663305,3.80879447e-04,100
4529,Row-Update,mps2,-1.33770977,6.49612606e-05,100
4529,Hybrid,mixture2,-1.33762707,7.45974980e-05,100
4530,Metropolis,metropolis,-1.33662901,3.80932199e-04,100
4530,Row-Update,mps2,-1.33770548,6.47986059e-05,100
4530,Hybrid,mixture2,-1.33761321,7.47565510e-05,100
4531,Metropolis,metropolis,-1.33663375,3.80956935e-04,100
4531,Row-Update,mps2,-1.33771048,6.50263369e-05,100
4531,Hybrid,mixture2,-1.33761597,7.45322625e-05,100
4532,Metropolis,metropolis,-1.33663510,3.80589632e-04,100
4532,Row-Update,mps2,-1.33770763,6.57088020e-05,100
4532,Hybrid,mixture2,-1.33762317,7.44701360e-05,100
4533,Metropolis,metropolis,-1.33663296,3.80835862e-04,100
4533,Row-Update,mps2,-1.33770869,6.63326394e-05,100
4533,Hybrid,mixture2,-1.33761879,7.50111154e-05,100
4534,Metropolis,metropolis,-1.33663179,3.80773663e-04,100
4534,Row-Update,mps2,-1.33770789,6.50362522e-05,100
4534,Hybrid,mixture2,-1.33761886,7.44798342e-05,100
4535,Metropolis,metropolis,-1.33663671,3.80518704e-04,100
4535,Row-Update,mps2,-1.33770531,6.51347327e-05,100
4535,Hybrid,mixture2,-1.33761892,7.42810085e-05,100
4536,Metropolis,metropolis,-1.33663059,3.81099503e-04,100
4536,Row-Update,mps2,-1.33770651,6.48949644e-05,100
4536,Hybrid,mixture2,-1.33762299,7.49950976e-05,100
4537,Metropolis,metropolis,-1.33663416,3.81011736e-04,100
4537,Row-Update,mps2,-1.33770591,6.61263052e-05,100
4537,Hybrid,mixture2,-1.33762047,7.50758477e-05,100
4538,Metropolis,metropolis,-1.33662833,3.80876243e-04,100
4538,Row-Update,mps2,-1.33771004,6.55348080e-05,100
4538,Hybrid,mixture2,-1.33762011,7.54432155e-05,100
4539,Metropolis,metropolis,-1.33663319,3.80861849e-04,100
4539,Row-Update,mps2,-1.33771083,6.60350882e-05,100
4539,Hybrid,mixture2,-1.33761872,7.44258506e-05,100
4540,Metropolis,metropolis,-1.33663447,3.80591075e-04,100
4540,Row-Update,mps2,-1.33770739,6.61932189e-05,100
4540,Hybrid,mixture2,-1.33761946,7.46027924e-05,100
4541,Metropolis,metropolis,-1.33663282,3.80854952e-04,100
4541,Row-Update,mps2,-1.33770985,6.55929942e-05,100
4541,Hybrid,mixture2,-1.33761560,7.44345114e-05,100
4542,Metropolis,metropolis,-1.33664164,3.80812947e-04,100
4542,Row-Update,mps2,-1.33771266,6.58320850e-05,100
4542,Hybrid,mixture2,-1.33762113,7.46096066e-05,100
4543,Metropolis,metropolis,-1.33663325,3.80677814e-04,100
4543,Row-Update,mps2,-1.33769801,6.68890531e-05,100
4543,Hybrid,mixture2,-1.33762229,7.57450915e-05,100
4544,Metropolis,metropolis,-1.33663630,3.80450773e-04,100
4544,Row-Update,mps2,-1.33770652,6.49470240e-05,100
4544,Hybrid,mixture2,-1.33761948,7.49960637e-05,100
4545,Metropolis,metropolis,-1.33663544,3.80632419e-04,100
4545,Row-Update,mps2,-1.33770451,6.45435777e-05,100
4545,Hybrid,mixture2,-1.33761702,7.46917496e-05,100
4546,Metropolis,metropolis,-1.33664072,3.80573689e-04,100
4546,Row-Update,mps2,-1.33770434,6.48140891e-05,100
4546,Hybrid,mixture2,-1.33761753,7.46512276e-05,100
4547,Metropolis,metropolis,-1.33663776,3.80842475e-04,100
4547,Row-Update,mps2,-1.33770593,6.44782188e-05,100
4547,Hybrid,mixture2,-1.33761912,7.45082869e-05,100
4548,Metropolis,metropolis,-1.33663872,3.79158895e-04,100
4548,Row-Update,mps2,-1.33771151,6.41899199e-05,100
4548,Hybrid,mixture2,-1.33762369,7.46557619e-05,100
4549,Metropolis,metropolis,-1.33663597,3.80672804e-04,100
4549,Row-Update,mps2,-1.33771824,6.32261864e-05,100
4549,Hybrid,mixture2,-1.33761128,7.55529499e-05,100
4550,Metropolis,metropolis,-1.33663803,3.80651482e-04,100
4550,Row-Update,mps2,-1.33772192,6.35301974e-05,100
4550,Hybrid,mixture2,-1.33761947,7.48389718e-05,100
4551,Metropolis,metropolis,-1.33663740,3.80812007e-04,100
4551,Row-Update,mps2,-1.33771244,6.34704373e-05,100
4551,Hybrid,mixture2,-1.33761659,7.45862012e-05,100
4552,Metropolis,metropolis,-1.33663473,3.81323227e-04,100
4552,Row-Update,mps2,-1.33770794,6.38514120e-05,100
4552,Hybrid,mixture2,-1.33762773,7.45487356e-05,100
4553,Metropolis,metropolis,-1.33662917,3.81203588e-04,100
4553,Row-Update,mps2,-1.33771001,6.43766554e-05,100
4553,Hybrid,mixture2,-1.33761722,7.47458764e-05,100
4554,Metropolis,metropolis,-1.33663527,3.80493486e-04,100
4554,Row-Update,mps2,-1.33771953,6.41928720e-05,100
4554,Hybrid,mixture2,-1.33761477,7.49499453e-05,100
4555,Metropolis,metropolis,-1.33663365,3.81029145e-04,100
4555,Row-Update,mps2,-1.33771418,6.35193992e-05,100
4555,Hybrid,mixture2,-1.33761730,7.47101214e-05,100
4556,Metropolis,metropolis,-1.33663475,3.80906479e-04,100
4556,Row-Update,mps2,-1.33771731,6.38274218e-05,100
4556,Hybrid,mixture2,-1.33762444,7.42131823e-05,100
4557,Metropolis,metropolis,-1.33663011,3.81151214e-04,100
4557,Row-Update,mps2,-1.33771011,6.38329975e-05,100
4557,Hybrid,mixture2,-1.33762172,7.43033261e-05,100
4558,Metropolis,metropolis,-1.33663227,3.80460470e-04,100
4558,Row-Update,mps2,-1.33772006,6.27230733e-05,100
4558,Hybrid,mixture2,-1.33761830,7.47935952e-05,100
4559,Metropolis,metropolis,-1.33663287,3.81139101e-04,100
4559,Row-Update,mps2,-1.33770466,6.40111878e-05,100
4559,Hybrid,mixture2,-1.33761845,7.50004886e-05,100
4560,Metropolis,metropolis,-1.33663908,3.80846356e-04,100
4560,Row-Update,mps2,-1.33771743,6.39594328e-05,100
4560,Hybrid,mixture2,-1.33762560,7.45979099e-05,100
4561,Metropolis,metropolis,-1.33663631,3.80752272e-04,100
4561,Row-Update,mps2,-1.33771904,6.26483917e-05,100
4561,Hybrid,mixture2,-1.33761994,7.49510114e-05,100
4562,Metropolis,metropolis,-1.33663198,3.80924690e-04,100
4562,Row-Update,mps2,-1.33771769,6.48650065e-05,100
4562,Hybrid,mixture2,-1.33762693,7.50660342e-05,100
4563,Metropolis,metropolis,-1.33663957,3.80855640e-04,100
4563,Row-Update,mps2,-1.33771337,6.48490055e-05,100
4563,Hybrid,mixture2,-1.33762749,7.54123635e-05,100
4564,Metropolis,metropolis,-1.33663562,3.81151472e-04,100
4564,Row-Update,mps2,-1.33771845,6.41057771e-05,100
4564,Hybrid,mixture2,-1.33762130,7.44146749e-05,100
4565,Metropolis,metropolis,-1.33663768,3.80568571e-04,100
4565,Row-Update,mps2,-1.33771136,6.40889495e-05,100
4565,Hybrid,mixture2,-1.33762406,7.56605354e-05,100
4566,Metropolis,metropolis,-1.33663743,3.80747741e-04,100
4566,Row-Update,mps2,-1.33770339,6.43836396e-05,100
4566,Hybrid,mixture2,-1.33762020,7.52205671e-05,100
4567,Metropolis,metropolis,-1.33664119,3.80948661e-04,100
4567,Row-Update,mps2,-1.33771248,6.56654853e-05,100
4567,Hybrid,mixture2,-1.33762278,7.49716506e-05,100
4568,Metropolis,metropolis,-1.33663644,3.80863376e-04,100
4568,Row-Update,mps2,-1.33770656,6.50087863e-05,100
4568,Hybrid,mixture2,-1.33762899,7.48997848e-05,100
4569,Metropolis,metropolis,-1.33663276,3.80638345e-04,100
4569,Row-Update,mps2,-1.33770726,6.50542217e-05,100
4569,Hybrid,mixture2,-1.33763153,7.41987047e-05,100
4570,Metropolis,metropolis,-1.33663459,3.80646338e-04,100
4570,Row-Update,mps2,-1.33770547,6.47617775e-05,100
4570,Hybrid,mixture2,-1.33762120,7.56525110e-05,100
4571,Metropolis,metropolis,-1.33663853,3.80603941e-04,100
4571,Row-Update,mps2,-1.33770681,6.43433900e-05,100
4571,Hybrid,mixture2,-1.33762143,7.53303854e-05,100
4572,Metropolis,metropolis,-1.33663857,3.80647648e-04,100
4572,Row-Update,mps2,-1.33771306,6.42901440e-05,100
4572,Hybrid,mixture2,-1.33762289,7.46873932e-05,100
4573,Metropolis,metropolis,-1.33664110,3.80633076e-04,100
4573,Row-Update,mps2,-1.33770891,6.49691787e-05,100
4573,Hybrid,mixture2,-1.33762338,7.43577967e-05,100
4574,Metropolis,metropolis,-1.33663955,3.81084188e-04,100
4574,Row-Update,mps2,-1.33769939,6.65928452e-05,100
4574,Hybrid,mixture2,-1.33762272,7.51203450e-05,100
4575,Metropolis,metropolis,-1.33663860,3.80610279e-04,100
4575,Row-Update,mps2,-1.33769961,6.41107136e-05,100
4575,Hybrid,mixture2,-1.33762333,7.46922668e-05,100
4576,Metropolis,metropolis,-1.33663350,3.80324010e-04,100
4576,Row-Update,mps2,-1.33770538,6.43052470e-05,100
4576,Hybrid,mixture2,-1.33761665,7.59045269e-05,100
4577,Metropolis,metropolis,-1.33664220,3.80586918e-04,100
4577,Row-Update,mps2,-1.33771125,6.68591372e-05,100
4577,Hybrid,mixture2,-1.33762366,7.50713583e-05,100
4578,Metropolis,metropolis,-1.33663950,3.80907765e-04,100
4578,Row-Update,mps2,-1.33771794,6.41348787e-05,100
4578,Hybrid,mixture2,-1.33761590,7.45869451e-05,100
4579,Metropolis,metropolis,-1.33663770,3.80865783e-04,100
4579,Row-Update,mps2,-1.33771375,6.42359015e-05,100
4579,Hybrid,mixture2,-1.33761867,7.46485087e-05,100
4580,Metropolis,metropolis,-1.33663789,3.80506306e-04,100
4580,Row-Update,mps2,-1.33770777,6.48822605e-05,100
4580,Hybrid,mixture2,-1.33760850,7.64339511e-05,100
4581,Metropolis,metropolis,-1.33663535,3.80737449e-04,100
4581,Row-Update,mps2,-1.33770816,6.45965303e-05,100
4581,Hybrid,mixture2,-1.33761864,7.47384367e-05,100
4582,Metropolis,metropolis,-1.33663895,3.80691940e-04,100
4582,Row-Update,mps2,-1.33770489,6.54742837e-05,100
4582,Hybrid,mixture2,-1.33762213,7.57096421e-05,100
4583,Metropolis,metropolis,-1.33663899,3.80474603e-04,100
4583,Row-Update,mps2,-1.33769943,6.51937550e-05,100
4583,Hybrid,mixture2,-1.33761843,7.45365967e-05,100
4584,Metropolis,metropolis,-1.33663780,3.80323702e-04,100
4584,Row-Update,mps2,-1.33770012,6.48442041e-05,100
4584,Hybrid,mixture2,-1.33760947,7.48065571e-05,100
4585,Metropolis,metropolis,-1.33664020,3.80800780e-04,100
4585,Row-Update,mps2,-1.33769619,6.46400457e-05,100
4585,Hybrid,mixture2,-1.33762063,7.48641544e-05,100
4586,Metropolis,metropolis,-1.33662927,3.80684943e-04,100
4586,Row-Update,mps2,-1.33770394,6.40242361e-05,100
4586,Hybrid,mixture2,-1.33762490,7.50010932e-05,100
4587,Metropolis,metropolis,-1.33663507,3.80892403e-04,100
4587,Row-Update,mps2,-1.33769754,6.54607820e-05,100
4587,Hybrid,mixture2,-1.33761883,7.45761349e-05,100
4588,Metropolis,metropolis,-1.33663301,3.81361763e-04,100
4588,Row-Update,mps2,-1.33770515,6.44418466e-05,100
4588,Hybrid,mixture2,-1.33762867,7.41604457e-05,100
4589,Metropolis,metropolis,-1.33663481,3.80775625e-04,100
4589,Row-Update,mps2,-1.33769875,6.39465506e-05,100
4589,Hybrid,mixture2,-1.33762088,7.53470324e-05,100
4590,Metropolis,metropolis,-1.33663635,3.81116552e-04,100
4590,Row-Update,mps2,-1.33771006,6.42998657e-05,100
4590,Hybrid,mixture2,-1.33762623,7.58062527e-05,100
4591,Metropolis,metropolis,-1.33663504,3.80846674e-04,100
4591,Row-Update,mps2,-1.33770534,6.53208925e-05,100
4591,Hybrid,mixture2,-1.33762120,7.59805950e-05,100
4592,Metropolis,metropolis,-1.33663799,3.81049073e-04,100
4592,Row-Update,mps2,-1.33768431,6.96959998e-05,100
4592,Hybrid,mixture2,-1.33761927,7.53241841e-05,100
4593,Metropolis,metropolis,-1.33663417,3.80421112e-04,100
4593,Row-Update,mps2,-1.33770283,6.60822576e-05,100
4593,Hybrid,mixture2,-1.33762391,7.45759886e-05,100
4594,Metropolis,metropolis,-1.33663998,3.81056172e-04,100
4594,Row-Update,mps2,-1.33770771,6.66727887e-05,100
4594,Hybrid,mixture2,-1.33761780,7.57054938e-05,100
4595,Metropolis,metropolis,-1.33663797,3.80958333e-04,100
4595,Row-Update,mps2,-1.33770302,6.64740863e-05,100
4595,Hybrid,mixture2,-1.33761699,7.45609033e-05,100
4596,Metropolis,metropolis,-1.33663845,3.80969566e-04,100
4596,Row-Update,mps2,-1.33770152,6.61470453e-05,100
4596,Hybrid,mixture2,-1.33761906,7.54080674e-05,100
4597,Metropolis,metropolis,-1.33663290,3.80722429e-04,100
4597,Row-Update,mps2,-1.33769609,6.57597778e-05,100
4597,Hybrid,mixture2,-1.33762875,7.54870496e-05,100
4598,Metropolis,metropolis,-1.33663015,3.80717772e-04,100
4598,Row-Update,mps2,-1.33769321,6.65671591e-05,100
4598,Hybrid,mixture2,-1.33763611,7.48834940e-05,100
4599,Metropolis,metropolis,-1.33663792,3.80455303e-04,100
4599,Row-Update,mps2,-1.33770747,6.51123581e-05,100
4599,Hybrid,mixture2,-1.33762063,7.49120483e-05,100
4600,Metropolis,metropolis,-1.33663397,3.80389319e-04,100
4600,Row-Update,mps2,-1.33770506,6.63260113e-05,100
4600,Hybrid,mixture2,-1.33762849,7.57239615e-05,100
4601,Metropolis,metropolis,-1.33663090,3.80979900e-04,100
4601,Row-Update,mps2,-1.33770333,6.42599158e-05,100
4601,Hybrid,mixture2,-1.33763125,7.62308855e-05,100
4602,Metropolis,metropolis,-1.33663958,3.80730821e-04,100
4602,Row-Update,mps2,-1.33771041,6.48794232e-05,100
4602,Hybrid,mixture2,-1.33762869,7.39067540e-05,100
4603,Metropolis,metropolis,-1.33663530,3.81139340e-04,100
4603,Row-Update,mps2,-1.33770139,6.42190995e-05,100
4603,Hybrid,mixture2,-1.33761941,7.56229575e-05,100
4604,Metropolis,metropolis,-1.33663179,3.80959445e-04,100
4604,Row-Update,mps2,-1.33770935,6.56899259e-05,100
4604,Hybrid,mixture2,-1.33762707,7.45635117e-05,100
4605,Metropolis,metropolis,-1.33663414,3.80870931e-04,100
4605,Row-Update,mps2,-1.33770046,6.52734398e-05,100
4605,Hybrid,mixture2,-1.33762779,7.44064182e-05,100
4606,Metropolis,metropolis,-1.33663599,3.80835857e-04,100
4606,Row-Update,mps2,-1.33770322,6.51045289e-05,100
4606,Hybrid,mixture2,-1.33762766,7.41655508e-05,100
4607,Metropolis,metropolis,-1.33663907,3.80125377e-04,100
4607,Row-Update,mps2,-1.33771009,6.51258521e-05,100
4607,Hybrid,mixture2,-1.33762730,7.56381905e-05,100
4608,Metropolis,metropolis,-1.33663694,3.80977142e-04,100
4608,Row-Update,mps2,-1.33770221,6.51090391e-05,100
4608,Hybrid,mixture2,-1.33762839,7.40274969e-05,100
4609,Metropolis,metropolis,-1.33664200,3.80356638e-04,100
4609,Row-Update,mps2,-1.33770604,6.55503396e-05,100
4609,Hybrid,mixture2,-1.33762691,7.52753313e-05,100
4610,Metropolis,metropolis,-1.33663490,3.80905907e-04,100
4610,Row-Update,mps2,-1.33769991,6.49327357e-05,100
4610,Hybrid,mixture2,-1.33762835,7.47601397e-05,100
4611,Metropolis,metropolis,-1.33664349,3.80694990e-04,100
4611,Row-Update,mps2,-1.33771129,6.34249796e-05,100
4611,Hybrid,mixture2,-1.33761794,7.46886787e-05,100
4612,Metropolis,metropolis,-1.33663863,3.80850327e-04,100
4612,Row-Update,mps2,-1.33771341,6.41394287e-05,100
4612,Hybrid,mixture2,-1.33762686,7.45036520e-05,100
4613,Metropolis,metropolis,-1.33663890,3.80651998e-04,100
4613,Row-Update,mps2,-1.33770925,6.40751967e-05,100
4613,Hybrid,mixture2,-1.33762583,7.41881343e-05,100
4614,Metropolis,metropolis,-1.33663185,3.81094612e-04,100
4614,Row-Update,mps2,-1.33770807,6.43694568e-05,100
4614,Hybrid,mixture2,-1.33762576,7.47243623e-05,100
4615,Metropolis,metropolis,-1.33663800,3.80593057e-04,100
4615,Row-Update,mps2,-1.33771323,6.39296128e-05,100
4615,Hybrid,mixture2,-1.33762665,7.53709025e-05,100
4616,Metropolis,metropolis,-1.33663607,3.81097482e-04,100
4616,Row-Update,mps2,-1.33771282,6.43069879e-05,100
4616,Hybrid,mixture2,-1.33762693,7.53536422e-05,100
4617,Metropolis,metropolis,-1.33663583,3.80581212e-04,100
4617,Row-Update,mps2,-1.33771307,6.36679583e-05,100
4617,Hybrid,mixture2,-1.33762362,7.52330388e-05,100
4618,Metropolis,metropolis,-1.33662741,3.81304951e-04,100
4618,Row-Update,mps2,-1.33771430,6.43877677e-05,100
4618,Hybrid,mixture2,-1.33762539,7.40699782e-05,100
4619,Metropolis,metropolis,-1.33664008,3.80636981e-04,100
4619,Row-Update,mps2,-1.33771182,6.58083989e-05,100
4619,Hybrid,mixture2,-1.33762375,7.55086756e-05,100
4620,Metropolis,metropolis,-1.33664153,3.80952925e-04,100
4620,Row-Update,mps2,-1.33770251,6.49680409e-05,100
4620,Hybrid,mixture2,-1.33762685,7.46609701e-05,100
4621,Metropolis,metropolis,-1.33664125,3.80714933e-04,100
4621,Row-Update,mps2,-1.33771831,6.43230068e-05,100
4621,Hybrid,mixture2,-1.33762979,7.44860365e-05,100
4622,Metropolis,metropolis,-1.33663547,3.80295753e-04,100
4622,Row-Update,mps2,-1.33771354,6.37865621e-05,100
4622,Hybrid,mixture2,-1.33762457,7.53346000e-05,100
4623,Metropolis,metropolis,-1.33664124,3.80867160e-04,100
4623,Row-Update,mps2,-1.33770846,6.48695666e-05,100
4623,Hybrid,mixture2,-1.33763048,7.50233697e-05,100
4624,Metropolis,metropolis,-1.33663926,3.80879634e-04,100
4624,Row-Update,mps2,-1.33771359,6.34973265e-05,100
4624,Hybrid,mixture2,-1.33762885,7.45988598e-05,100
4625,Metropolis,metropolis,-1.33663766,3.80853829e-04,100
4625,Row-Update,mps2,-1.33771826,6.40741814e-05,100
4625,Hybrid,mixture2,-1.33763584,7.44762917e-05,100
4626,Metropolis,metropolis,-1.33663654,3.80811668e-04,100
4626,Row-Update,mps2,-1.33771108,6.38674758e-05,100
4626,Hybrid,mixture2,-1.33763225,7.39912954e-05,100
4627,Metropolis,metropolis,-1.33663976,3.80548829e-04,100
4627,Row-Update,mps2,-1.33770566,6.42280904e-05,100
4627,Hybrid,mixture2,-1.33763061,7.42440094e-05,100
4628,Metropolis,metropolis,-1.33665164,3.80990936e-04,100
4628,Row-Update,mps2,-1.33771383,6.35938392e-05,100
4628,Hybrid,mixture2,-1.33763112,7.46127907e-05,100
4629,Metropolis,metropolis,-1.33664282,3.80516435e-04,100
4629,Row-Update,mps2,-1.33771317,6.51189409e-05,100
4629,Hybrid,mixture2,-1.33762266,7.50307842e-05,100
4630,Metropolis,metropolis,-1.33663665,3.80755902e-04,100
4630,Row-Update,mps2,-1.33770963,6.52342319e-05,100
4630,Hybrid,mixture2,-1.33762119,7.56788526e-05,100
4631,Metropolis,metropolis,-1.33663683,3.80769240e-04,100
4631,Row-Update,mps2,-1.33770524,6.65799812e-05,100
4631,Hybrid,mixture2,-1.33762443,7.53721062e-05,100
4632,Metropolis,metropolis,-1.33663652,3.80702278e-04,100
4632,Row-Update,mps2,-1.33771170,6.45098338e-05,100
4632,Hybrid,mixture2,-1.33761984,7.52179273e-05,100
4633,Metropolis,metropolis,-1.33663984,3.80582212e-04,100
4633,Row-Update,mps2,-1.33770441,6.46707554e-05,100
4633,Hybrid,mixture2,-1.33763154,7.47093526e-05,100
4634,Metropolis,metropolis,-1.33663642,3.81018163e-04,100
4634,Row-Update,mps2,-1.33770096,6.57555902e-05,100
4634,Hybrid,mixture2,-1.33762041,7.48373681e-05,100
4635,Metropolis,metropolis,-1.33663625,3.81060459e-04,100
4635,Row-Update,mps2,-1.33770935,6.51674450e-05,100
4635,Hybrid,mixture2,-1.33762613,7.49912237e-05,100
4636,Metropolis,metropolis,-1.33663670,3.81290779e-04,100
4636,Row-Update,mps2,-1.33770727,6.59614990e-05,100
4636,Hybrid,mixture2,-1.33762344,7.51918252e-05,100
4637,Metropolis,metropolis,-1.33662872,3.80608046e-04,100
4637,Row-Update,mps2,-1.33771985,6.49310066e-05,100
4637,Hybrid,mixture2,-1.33763373,7.43360749e-05,100
4638,Metropolis,metropolis,-1.33663123,3.81190228e-04,100
4638,Row-Update,mps2,-1.33770935,6.43859378e-05,100
4638,Hybrid,mixture2,-1.33762568,7.47122129e-05,100
4639,Metropolis,metropolis,-1.33663358,3.80793226e-04,100
4639,Row-Update,mps2,-1.33771100,6.46780099e-05,100
4639,Hybrid,mixture2,-1.33761533,7.52851378e-05,100
4640,Metropolis,metropolis,-1.33663270,3.80607943e-04,100
4640,Row-Update,mps2,-1.33771464,6.43229149e-05,100
4640,Hybrid,mixture2,-1.33762635,7.56065175e-05,100
4641,Metropolis,metropolis,-1.33662284,3.80849872e-04,100
4641,Row-Update,mps2,-1.33771445,6.38782870e-05,100
4641,Hybrid,mixture2,-1.33762654,7.45094225e-05,100
4642,Metropolis,metropolis,-1.33663786,3.80628682e-04,100
4642,Row-Update,mps2,-1.33770256,6.47342997e-05,100
4642,Hybrid,mixture2,-1.33762052,7.57560426e-05,100
4643,Metropolis,metropolis,-1.33662591,3.81134687e-04,100
4643,Row-Update,mps2,-1.33770877,6.56742862e-05,100
4643,Hybrid,mixture2,-1.33762592,7.50003906e-05,100
4644,Metropolis,metropolis,-1.33662951,3.80843848e-04,100
4644,Row-Update,mps2,-1.33771193,6.50806246e-05,100
4644,Hybrid,mixture2,-1.33763029,7.44350725e-05,100
4645,Metropolis,metropolis,-1.33663283,3.81202840e-04,100
4645,Row-Update,mps2,-1.33771160,6.51754117e-05,100
4645,Hybrid,mixture2,-1.33763828,7.53166285e-05,100
4646,Metropolis,metropolis,-1.33663873,3.80909510e-04,100
4646,Row-Update,mps2,-1.33770750,6.54484005e-05,100
4646,Hybrid,mixture2,-1.33762027,7.62264347e-05,100
4647,Metropolis,metropolis,-1.33663883,3.80886870e-04,100
4647,Row-Update,mps2,-1.33770688,6.59527739e-05,100
4647,Hybrid,mixture2,-1.33763108,7.51039279e-05,100
4648,Metropolis,metropolis,-1.33663813,3.80815356e-04,100
4648,Row-Update,mps2,-1.33771538,6.55215497e-05,100
4648,Hybrid,mixture2,-1.33763096,7.50585179e-05,100
4649,Metropolis,metropolis,-1.33663233,3.80907035e-04,100
4649,Row-Update,mps2,-1.33771164,6.64523988e-05,100
4649,Hybrid,mixture2,-1.33762539,7.45660344e-05,100
4650,Metropolis,metropolis,-1.33663689,3.80585705e-04,100
4650,Row-Update,mps2,-1.33770529,6.54465770e-05,100
4650,Hybrid,mixture2,-1.33762044,7.49416704e-05,100
4651,Metropolis,metropolis,-1.33663579,3.80889448e-04,100
4651,Row-Update,mps2,-1.33771165,6.52294201e-05,100
4651,Hybrid,mixture2,-1.33763067,7.53590775e-05,100
4652,Metropolis,metropolis,-1.33662936,3.81031252e-04,100
4652,Row-Update,mps2,-1.33772248,6.57535114e-05,100
4652,Hybrid,mixture2,-1.33762096,7.54930313e-05,100
4653,Metropolis,metropolis,-1.33663969,3.80839624e-04,100
4653,Row-Update,mps2,-1.33771142,6.44739543e-05,100
4653,Hybrid,mixture2,-1.33762295,7.46846211e-05,100
4654,Metropolis,metropolis,-1.33663473,3.80730702e-04,100
4654,Row-Update,mps2,-1.33770320,6.50713692e-05,100
4654,Hybrid,mixture2,-1.33761724,7.51648932e-05,100
4655,Metropolis,metropolis,-1.33662518,3.80990158e-04,100
4655,Row-Update,mps2,-1.33770153,6.50443927e-05,100
4655,Hybrid,mixture2,-1.33762745,7.51325974e-05,100
4656,Metropolis,metropolis,-1.33663608,3.80986360e-04,100
4656,Row-Update,mps2,-1.33771101,6.54439928e-05,100
4656,Hybrid,mixture2,-1.33763139,7.46663369e-05,100
4657,Metropolis,metropolis,-1.33662740,3.80932954e-04,100
4657,Row-Update,mps2,-1.33770740,6.51363161e-05,100
4657,Hybrid,mixture2,-1.33762196,7.44212366e-05,100
4658,Metropolis,metropolis,-1.33663922,3.80345452e-04,100
4658,Row-Update,mps2,-1.33770626,6.51659257e-05,100
4658,Hybrid,mixture2,-1.33761754,7.55035289e-05,100
4659,Metropolis,metropolis,-1.33663406,3.81001206e-04,100
4659,Row-Update,mps2,-1.33770737,6.42690037e-05,100
4659,Hybrid,mixture2,-1.33762440,7.41894826e-05,100
4660,Metropolis,metropolis,-1.33663542,3.80971950e-04,100
4660,Row-Update,mps2,-1.33771010,6.46111828e-05,100
4660,Hybrid,mixture2,-1.33762805,7.47435944e-05,100
4661,Metropolis,metropolis,-1.33663502,3.80704372e-04,100
4661,Row-Update,mps2,-1.33770508,6.44516424e-05,100
4661,Hybrid,mixture2,-1.33761665,7.42989911e-05,100
4662,Metropolis,metropolis,-1.33663220,3.81049244e-04,100
4662,Row-Update,mps2,-1.33770568,6.25221178e-05,100
4662,Hybrid,mixture2,-1.33762736,7.40756096e-05,100
4663,Metropolis,metropolis,-1.33663450,3.80959031e-04,100
4663,Row-Update,mps2,-1.33769761,6.45291416e-05,100
4663,Hybrid,mixture2,-1.33762455,7.48467254e-05,100
4664,Metropolis,metropolis,-1.33664050,3.80381852e-04,100
4664,Row-Update,mps2,-1.33770124,6.42321453e-05,100
4664,Hybrid,mixture2,-1.33761919,7.50810020e-05,100
4665,Metropolis,metropolis,-1.33663728,3.80581348e-04,100
4665,Row-Update,mps2,-1.33770657,6.55225479e-05,100
4665,Hybrid,mixture2,-1.33762359,7.47945222e-05,100
4666,Metropolis,metropolis,-1.33663854,3.81023637e-04,100
4666,Row-Update,mps2,-1.33769742,6.53365169e-05,100
4666,Hybrid,mixture2,-1.33762810,7.47603620e-05,100
4667,Metropolis,metropolis,-1.33663287,3.81010331e-04,100
4667,Row-Update,mps2,-1.33770065,6.50998602e-05,100
4667,Hybrid,mixture2,-1.33762869,7.54599233e-05,100
4668,Metropolis,metropolis,-1.33663462,3.80857162e-04,100
4668,Row-Update,mps2,-1.33770448,6.46315627e-05,100
4668,Hybrid,mixture2,-1.33762860,7.40528455e-05,100
4669,Metropolis,metropolis,-1.33663571,3.80576647e-04,100
4669,Row-Update,mps2,-1.33770002,6.55049982e-05,100
4669,Hybrid,mixture2,-1.33762961,7.54828540e-05,100
4670,Metropolis,metropolis,-1.33663953,3.80680649e-04,100
4670,Row-Update,mps2,-1.33769930,6.70097613e-05,100
4670,Hybrid,mixture2,-1.33762345,7.50042768e-05,100
4671,Metropolis,metropolis,-1.33664163,3.80836952e-04,100
4671,Row-Update,mps2,-1.33770275,6.51796159e-05,100
4671,Hybrid,mixture2,-1.33763025,7.46242205e-05,100
4672,Metropolis,metropolis,-1.33663760,3.80924333e-04,100
4672,Row-Update,mps2,-1.33770280,6.32082370e-05,100
4672,Hybrid,mixture2,-1.33762234,7.43451703e-05,100
4673,Metropolis,metropolis,-1.33662990,3.80922371e-04,100
4673,Row-Update,mps2,-1.33769753,6.34810194e-05,100
4673,Hybrid,mixture2,-1.33763359,7.42698744e-05,100
4674,Metropolis,metropolis,-1.33663753,3.81012142e-04,100
4674,Row-Update,mps2,-1.33770365,6.41059749e-05,100
4674,Hybrid,mixture2,-1.33763056,7.52734437e-05,100
4675,Metropolis,metropolis,-1.33663885,3.80345845e-04,100
4675,Row-Update,mps2,-1.33770304,6.33095627e-05,100
4675,Hybrid,mixture2,-1.33763387,7.44468875e-05,100
4676,Metropolis,metropolis,-1.33663343,3.80803568e-04,100
4676,Row-Update,mps2,-1.33770131,6.44888631e-05,100
4676,Hybrid,mixture2,-1.33762554,7.47132759e-05,100
4677,Metropolis,metropolis,-1.33663625,3.80711610e-04,100
4677,Row-Update,mps2,-1.33768964,6.47468345e-05,100
4677,Hybrid,mixture2,-1.33762891,7.44083045e-05,100
4678,Metropolis,metropolis,-1.33663766,3.80813943e-04,100
4678,Row-Update,mps2,-1.33769602,6.41621372e-05,100
4678,Hybrid,mixture2,-1.33762848,7.45518722e-05,100
4679,Metropolis,metropolis,-1.33663668,3.80617967e-04,100
4679,Row-Update,mps2,-1.33770024,6.46985986e-05,100
4679,Hybrid,mixture2,-1.33762591,7.45793895e-05,100
4680,Metropolis,metropolis,-1.33663672,3.80928453e-04,100
4680,Row-Update,mps2,-1.33771275,6.42229058e-05,100
4680,Hybrid,mixture2,-1.33762515,7.45034760e-05,100
4681,Metropolis,metropolis,-1.33663806,3.80912717e-04,100
4681,Row-Update,mps2,-1.33771463,6.43231101e-05,100
4681,Hybrid,mixture2,-1.33761825,7.51364026e-05,100
4682,Metropolis,metropolis,-1.33663544,3.80784899e-04,100
4682,Row-Update,mps2,-1.33770779,6.51148550e-05,100
4682,Hybrid,mixture2,-1.33762594,7.45973016e-05,100
4683,Metropolis,metropolis,-1.33663484,3.80629623e-04,100
4683,Row-Update,mps2,-1.33770161,6.46148868e-05,100
4683,Hybrid,mixture2,-1.33761544,7.52302534e-05,100
4684,Metropolis,metropolis,-1.33663535,3.81134484e-04,100
4684,Row-Update,mps2,-1.33770138,6.50243581e-05,100
4684,Hybrid,mixture2,-1.33762557,7.53539866e-05,100
4685,Metropolis,metropolis,-1.33663850,3.80816470e-04,100
4685,Row-Update,mps2,-1.33770071,6.35853507e-05,100
4685,Hybrid,mixture2,-1.33761959,7.44282113e-05,100
4686,Metropolis,metropolis,-1.33663403,3.80838454e-04,100
4686,Row-Update,mps2,-1.33770534,6.50743062e-05,100
4686,Hybrid,mixture2,-1.33762654,7.47647845e-05,100
4687,Metropolis,metropolis,-1.33663354,3.80900107e-04,100
4687,Row-Update,mps2,-1.33771005,6.43996555e-05,100
4687,Hybrid,mixture2,-1.33762050,7.44651442e-05,100
4688,Metropolis,metropolis,-1.33663419,3.80792555e-04,100
4688,Row-Update,mps2,-1.33770421,6.54103857e-05,100
4688,Hybrid,mixture2,-1.33762355,7.48851971e-05,100
4689,Metropolis,metropolis,-1.33663152,3.81224191e-04,100
4689,Row-Update,mps2,-1.33770468,6.21755171e-05,100
4689,Hybrid,mixture2,-1.33763467,7.48076980e-05,100
4690,Metropolis,metropolis,-1.33663331,3.80764691e-04,100
4690,Row-Update,mps2,-1.33770224,6.39135000e-05,100
4690,Hybrid,mixture2,-1.33763108,7.49418032e-05,100
4691,Metropolis,metropolis,-1.33663390,3.80914954e-04,100
4691,Row-Update,mps2,-1.33770719,6.56199494e-05,100
4691,Hybrid,mixture2,-1.33762621,7.46257409e-05,100
4692,Metropolis,metropolis,-1.33663664,3.81122228e-04,100
4692,Row-Update,mps2,-1.33770557,6.45342187e-05,100
4692,Hybrid,mixture2,-1.33762867,7.44474410e-05,100
4693,Metropolis,metropolis,-1.33663092,3.81053505e-04,100
4693,Row-Update,mps2,-1.33770608,6.48754554e-05,100
4693,Hybrid,mixture2,-1.33762650,7.45189536e-05,100
4694,Metropolis,metropolis,-1.33663766,3.80738664e-04,100
4694,Row-Update,mps2,-1.33770956,6.41481695e-05,100
4694,Hybrid,mixture2,-1.33763246,7.39448112e-05,100
4695,Metropolis,metropolis,-1.33663324,3.80838981e-04,100
4695,Row-Update,mps2,-1.33771415,6.39389573e-05,100
4695,Hybrid,mixture2,-1.33762610,7.45001392e-05,100
4696,Metropolis,metropolis,-1.33662987,3.80957220e-04,100
4696,Row-Update,mps2,-1.33771354,6.39189202e-05,100
4696,Hybrid,mixture2,-1.33762350,7.44225534e-05,100
4697,Metropolis,metropolis,-1.33663894,3.80509165e-04,100
4697,Row-Update,mps2,-1.33770922,6.46958753e-05,100
4697,Hybrid,mixture2,-1.33762393,7.66272395e-05,100
4698,Metropolis,metropolis,-1.33663778,3.80760547e-04,100
4698,Row-Update,mps2,-1.33770938,6.50628628e-05,100
4698,Hybrid,mixture2,-1.33762614,7.50448506e-05,100
4699,Metropolis,metropolis,-1.33664033,3.80794647e-04,100
4699,Row-Update,mps2,-1.33770853,6.42598842e-05,100
4699,Hybrid,mixture2,-1.33762667,7.49141731e-05,100
4700,Metropolis,metropolis,-1.33662839,3.81048165e-04,100
4700,Row-Update,mps2,-1.33770014,6.41412511e-05,100
4700,Hybrid,mixture2,-1.33762210,7.47474141e-05,100
4701,Metropolis,metropolis,-1.33663562,3.80847719e-04,100
4701,Row-Update,mps2,-1.33770799,6.47899803e-05,100
4701,Hybrid,mixture2,-1.33763204,7.43414901e-05,100
4702,Metropolis,metropolis,-1.33663463,3.80548235e-04,100
4702,Row-Update,mps2,-1.33770066,6.52752845e-05,100
4702,Hybrid,mixture2,-1.33762877,7.46218841e-05,100
4703,Metropolis,metropolis,-1.33663336,3.80706556e-04,100
4703,Row-Update,mps2,-1.33769441,6.52440294e-05,100
4703,Hybrid,mixture2,-1.33762634,7.50808002e-05,100
4704,Metropolis,metropolis,-1.33664008,3.80676100e-04,100
4704,Row-Update,mps2,-1.33770236,6.57408226e-05,100
4704,Hybrid,mixture2,-1.33762072,7.53238628e-05,100
4705,Metropolis,metropolis,-1.33664174,3.81002553e-04,100
4705,Row-Update,mps2,-1.33770048,6.50487302e-05,100
4705,Hybrid,mixture2,-1.33762979,7.54537363e-05,100
4706,Metropolis,metropolis,-1.33664072,3.80411437e-04,100
4706,Row-Update,mps2,-1.33770714,6.54505677e-05,100
4706,Hybrid,mixture2,-1.33763093,7.42725036e-05,100
4707,Metropolis,metropolis,-1.33663944,3.80308045e-04,100
4707,Row-Update,mps2,-1.33770994,6.45684747e-05,100
4707,Hybrid,mixture2,-1.33762648,7.43817865e-05,100
4708,Metropolis,metropolis,-1.33663968,3.80791147e-04,100
4708,Row-Update,mps2,-1.33770601,6.45357271e-05,100
4708,Hybrid,mixture2,-1.33763527,7.43408706e-05,100
4709,Metropolis,metropolis,-1.33663979,3.80716093e-04,100
4709,Row-Update,mps2,-1.33770088,6.44302132e-05,100
4709,Hybrid,mixture2,-1.33763517,7.45727291e-05,100
4710,Metropolis,metropolis,-1.33663722,3.80942808e-04,100
4710,Row-Update,mps2,-1.33770931,6.48175647e-05,100
4710,Hybrid,mixture2,-1.33763089,7.42560383e-05,100
4711,Metropolis,metropolis,-1.33663856,3.80521917e-04,100
4711,Row-Update,mps2,-1.33770696,6.39370006e-05,100
4711,Hybrid,mixture2,-1.33763291,7.46757669e-05,100
4712,Metropolis,metropolis,-1.33663474,3.80517208e-04,100
4712,Row-Update,mps2,-1.33770673,6.43821941e-05,100
4712,Hybrid,mixture2,-1.33762252,7.41508173e-05,100
4713,Metropolis,metropolis,-1.33664037,3.80944201e-04,100
4713,Row-Update,mps2,-1.33770354,6.50881505e-05,100
4713,Hybrid,mixture2,-1.33763130,7.56040832e-05,100
4714,Metropolis,metropolis,-1.33663771,3.80912244e-04,100
4714,Row-Update,mps2,-1.33770187,6.55888005e-05,100
4714,Hybrid,mixture2,-1.33762658,7.34569233e-05,100
4715,Metropolis,metropolis,-1.33663804,3.80669373e-04,100
4715,Row-Update,mps2,-1.33769101,6.59215012e-05,100
4715,Hybrid,mixture2,-1.33762973,7.34008692e-05,100
4716,Metropolis,metropolis,-1.33663566,3.81346971e-04,100
4716,Row-Update,mps2,-1.33770337,6.49574230e-05,100
4716,Hybrid,mixture2,-1.33762559,7.42459096e-05,100
4717,Metropolis,metropolis,-1.33663636,3.80860913e-04,100
4717,Row-Update,mps2,-1.33769013,6.70457113e-05,100
4717,Hybrid,mixture2,-1.33762237,7.45368053e-05,100
4718,Metropolis,metropolis,-1.33663591,3.80668499e-04,100
4718,Row-Update,mps2,-1.33770451,6.62346731e-05,100
4718,Hybrid,mixture2,-1.33763003,7.45349512e-05,100
4719,Metropolis,metropolis,-1.33663689,3.80802060e-04,100
4719,Row-Update,mps2,-1.33769651,6.62696349e-05,100
4719,Hybrid,mixture2,-1.33765492,7.31825014e-05,100
4720,Metropolis,metropolis,-1.33663519,3.80595975e-04,100
4720,Row-Update,mps2,-1.33770138,6.46377913e-05,100
4720,Hybrid,mixture2,-1.33762084,7.57273584e-05,100
4721,Metropolis,metropolis,-1.33663536,3.80526201e-04,100
4721,Row-Update,mps2,-1.33770761,6.48408568e-05,100
4721,Hybrid,mixture2,-1.33763534,7.42615852e-05,100
4722,Metropolis,metropolis,-1.33664148,3.80778482e-04,100
4722,Row-Update,mps2,-1.33770101,6.57573272e-05,100
4722,Hybrid,mixture2,-1.33762508,7.51905649e-05,100
4723,Metropolis,metropolis,-1.33664791,3.81012121e-04,100
4723,Row-Update,mps2,-1.33769823,6.66975147e-05,100
4723,Hybrid,mixture2,-1.33763544,7.43026271e-05,100
4724,Metropolis,metropolis,-1.33663421,3.80466056e-04,100
4724,Row-Update,mps2,-1.33769002,6.72483180e-05,100
4724,Hybrid,mixture2,-1.33763393,7.44469715e-05,100
4725,Metropolis,metropolis,-1.33663531,3.80615708e-04,100
4725,Row-Update,mps2,-1.33769775,6.68876985e-05,100
4725,Hybrid,mixture2,-1.33762809,7.45705323e-05,100
4726,Metropolis,metropolis,-1.33664025,3.80660410e-04,100
4726,Row-Update,mps2,-1.33770291,6.53404471e-05,100
4726,Hybrid,mixture2,-1.33763211,7.43400031e-05,100
4727,Metropolis,metropolis,-1.33664273,3.80708208e-04,100
4727,Row-Update,mps2,-1.33769759,6.53078630e-05,100
4727,Hybrid,mixture2,-1.33763313,7.40271932e-05,100
4728,Metropolis,metropolis,-1.33663715,3.80464252e-04,100
4728,Row-Update,mps2,-1.33769322,6.69800846e-05,100
4728,Hybrid,mixture2,-1.33762437,7.42313257e-05,100
4729,Metropolis,metropolis,-1.33664079,3.80549303e-04,100
4729,Row-Update,mps2,-1.33769073,6.54274543e-05,100
4729,Hybrid,mixture2,-1.33762344,7.44947078e-05,100
4730,Metropolis,metropolis,-1.33663694,3.80261248e-04,100
4730,Row-Update,mps2,-1.33769159,6.80364591e-05,100
4730,Hybrid,mixture2,-1.33762597,7.51048389e-05,100
4731,Metropolis,metropolis,-1.33664146,3.80036093e-04,100
4731,Row-Update,mps2,-1.33769159,6.60677376e-05,100
4731,Hybrid,mixture2,-1.33762219,7.41180205e-05,100
4732,Metropolis,metropolis,-1.33664064,3.80625018e-04,100
4732,Row-Update,mps2,-1.33768361,6.70882045e-05,100
4732,Hybrid,mixture2,-1.33763059,7.45341424e-05,100
4733,Metropolis,metropolis,-1.33664777,3.80341992e-04,100
4733,Row-Update,mps2,-1.33770113,6.56852687e-05,100
4733,Hybrid,mixture2,-1.33763088,7.43242129e-05,100
4734,Metropolis,metropolis,-1.33664107,3.80862014e-04,100
4734,Row-Update,mps2,-1.33769553,6.73379328e-05,100
4734,Hybrid,mixture2,-1.33762477,7.43647829e-05,100
4735,Metropolis,metropolis,-1.33664010,3.80858294e-04,100
4735,Row-Update,mps2,-1.33768059,7.00274859e-05,100
4735,Hybrid,mixture2,-1.33762998,7.48537112e-05,100
4736,Metropolis,metropolis,-1.33664268,3.80600362e-04,100
4736,Row-Update,mps2,-1.33770793,6.66211394e-05,100
4736,Hybrid,mixture2,-1.33763255,7.38703160e-05,100
4737,Metropolis,metropolis,-1.33663747,3.80717799e-04,100
4737,Row-Update,mps2,-1.33769832,6.70468285e-05,100
4737,Hybrid,mixture2,-1.33762897,7.39487200e-05,100
4738,Metropolis,metropolis,-1.33664058,3.81258666e-04,100
4738,Row-Update,mps2,-1.33771454,6.56625060e-05,100
4738,Hybrid,mixture2,-1.33762665,7.42985226e-05,100
4739,Metropolis,metropolis,-1.33663774,3.80686876e-04,100
4739,Row-Update,mps2,-1.33770861,6.61060252e-05,100
4739,Hybrid,mixture2,-1.33762805,7.45403695e-05,100
4740,Metropolis,metropolis,-1.33663836,3.80469054e-04,100
4740,Row-Update,mps2,-1.33770263,6.54520885e-05,100
4740,Hybrid,mixture2,-1.33763065,7.44707278e-05,100
4741,Metropolis,metropolis,-1.33663368,3.80995966e-04,100
4741,Row-Update,mps2,-1.33770482,6.41200341e-05,100
4741,Hybrid,mixture2,-1.33762585,7.56485520e-05,100
4742,Metropolis,metropolis,-1.33663369,3.80491936e-04,100
4742,Row-Update,mps2,-1.33770275,6.52202741e-05,100
4742,Hybrid,mixture2,-1.33763116,7.43937950e-05,100
4743,Metropolis,metropolis,-1.33664280,3.80917364e-04,100
4743,Row-Update,mps2,-1.33771628,6.68675737e-05,100
4743,Hybrid,mixture2,-1.33762459,7.44565558e-05,100
4744,Metropolis,metropolis,-1.33663468,3.80699207e-04,100
4744,Row-Update,mps2,-1.33771137,6.48998537e-05,100
4744,Hybrid,mixture2,-1.33762966,7.57655739e-05,100
4745,Metropolis,metropolis,-1.33663726,3.80459625e-04,100
4745,Row-Update,mps2,-1.33770716,6.41277256e-05,100
4745,Hybrid,mixture2,-1.33762897,7.43128305e-05,100
4746,Metropolis,metropolis,-1.33663634,3.81038913e-04,100
4746,Row-Update,mps2,-1.33771158,6.52078456e-05,100
4746,Hybrid,mixture2,-1.33762134,7.52979250e-05,100
4747,Metropolis,metropolis,-1.33663224,3.80717223e-04,100
4747,Row-Update,mps2,-1.33770529,6.48091232e-05,100
4747,Hybrid,mixture2,-1.33762143,7.40048676e-05,100
4748,Metropolis,metropolis,-1.33664476,3.80518882e-04,100
4748,Row-Update,mps2,-1.33770743,6.39306573e-05,100
4748,Hybrid,mixture2,-1.33762786,7.48669127e-05,100
4749,Metropolis,metropolis,-1.33664023,3.80022884e-04,100
4749,Row-Update,mps2,-1.33771051,6.45381777e-05,100
4749,Hybrid,mixture2,-1.33762895,7.39125021e-05,100
4750,Metropolis,metropolis,-1.33663421,3.80934918e-04,100
4750,Row-Update,mps2,-1.33771078,6.46511725e-05,100
4750,Hybrid,mixture2,-1.33763697,7.39040851e-05,100
4751,Metropolis,metropolis,-1.33663823,3.80944180e-04,100
4751,Row-Update,mps2,-1.33771082,6.47978102e-05,100
4751,Hybrid,mixture2,-1.33763737,7.37230732e-05,100
4752,Metropolis,metropolis,-1.33663698,3.80705468e-04,100
4752,Row-Update,mps2,-1.33770796,6.49243733e-05,100
4752,Hybrid,mixture2,-1.33763024,7.48748201e-05,100
4753,Metropolis,metropolis,-1.33664312,3.81104788e-04,100
4753,Row-Update,mps2,-1.33771164,6.48692177e-05,100
4753,Hybrid,mixture2,-1.33762452,7.47185072e-05,100
4754,Metropolis,metropolis,-1.33663663,3.80959573e-04,100
4754,Row-Update,mps2,-1.33770787,6.54767382e-05,100
4754,Hybrid,mixture2,-1.33763075,7.41898010e-05,100
4755,Metropolis,metropolis,-1.33663626,3.80859620e-04,100
4755,Row-Update,mps2,-1.33771392,6.42771475e-05,100
4755,Hybrid,mixture2,-1.33763125,7.39625724e-05,100
4756,Metropolis,metropolis,-1.33664023,3.80443122e-04,100
4756,Row-Update,mps2,-1.33771973,6.42880274e-05,100
4756,Hybrid,mixture2,-1.33762712,7.38258119e-05,100
4757,Metropolis,metropolis,-1.33663699,3.80549433e-04,100
4757,Row-Update,mps2,-1.33771899,6.44968149e-05,100
4757,Hybrid,mixture2,-1.33763492,7.38935384e-05,100
4758,Metropolis,metropolis,-1.33663017,3.80566085e-04,100
4758,Row-Update,mps2,-1.33770750,6.44805626e-05,100
4758,Hybrid,mixture2,-1.33763231,7.49410933e-05,100
4759,Metropolis,metropolis,-1.33663727,3.80622066e-04,100
4759,Row-Update,mps2,-1.33770798,6.47118196e-05,100
4759,Hybrid,mixture2,-1.33763406,7.45272013e-05,100
4760,Metropolis,metropolis,-1.33663541,3.80490856e-04,100
4760,Row-Update,mps2,-1.33771197,6.53420876e-05,100
4760,Hybrid,mixture2,-1.33762253,7.46508033e-05,100
4761,Metropolis,metropolis,-1.33663799,3.80526672e-04,100
4761,Row-Update,mps2,-1.33771091,6.63254426e-05,100
4761,Hybrid,mixture2,-1.33763160,7.41209961e-05,100
4762,Metropolis,metropolis,-1.33664025,3.80794050e-04,100
4762,Row-Update,mps2,-1.33770772,6.46587647e-05,100
4762,Hybrid,mixture2,-1.33762923,7.44886955e-05,100
4763,Metropolis,metropolis,-1.33663593,3.80547313e-04,100
4763,Row-Update,mps2,-1.33772071,6.46802252e-05,100
4763,Hybrid,mixture2,-1.33763098,7.38377289e-05,100
4764,Metropolis,metropolis,-1.33663895,3.80903051e-04,100
4764,Row-Update,mps2,-1.33771510,6.47619834e-05,100
4764,Hybrid,mixture2,-1.33763087,7.47675054e-05,100
4765,Metropolis,metropolis,-1.33663409,3.80686815e-04,100
4765,Row-Update,mps2,-1.33772072,6.52277701e-05,100
4765,Hybrid,mixture2,-1.33763123,7.41047464e-05,100
4766,Metropolis,metropolis,-1.33663772,3.80824633e-04,100
4766,Row-Update,mps2,-1.33770985,6.48501268e-05,100
4766,Hybrid,mixture2,-1.33763406,7.39676428e-05,100
4767,Metropolis,metropolis,-1.33664039,3.80505120e-04,100
4767,Row-Update,mps2,-1.33771122,6.57762288e-05,100
4767,Hybrid,mixture2,-1.33763040,7.36942392e-05,100
4768,Metropolis,metropolis,-1.33663874,3.79551722e-04,100
4768,Row-Update,mps2,-1.33771522,6.49537887e-05,100
4768,Hybrid,mixture2,-1.33763318,7.41912068e-05,100
4769,Metropolis,metropolis,-1.33664336,3.80476257e-04,100
4769,Row-Update,mps2,-1.33772316,6.43123972e-05,100
4769,Hybrid,mixture2,-1.33762484,7.46426066e-05,100
4770,Metropolis,metropolis,-1.33664611,3.80451361e-04,100
4770,Row-Update,mps2,-1.33770761,6.42967007e-05,100
4770,Hybrid,mixture2,-1.33762729,7.41103871e-05,100
4771,Metropolis,metropolis,-1.33663868,3.80591868e-04,100
4771,Row-Update,mps2,-1.33771011,6.47294987e-05,100
4771,Hybrid,mixture2,-1.33762953,7.37177010e-05,100
4772,Metropolis,metropolis,-1.33664169,3.80701877e-04,100
4772,Row-Update,mps2,-1.33770948,6.37956141e-05,100
4772,Hybrid,mixture2,-1.33763481,7.49121114e-05,100
4773,Metropolis,metropolis,-1.33663602,3.81008613e-04,100
4773,Row-Update,mps2,-1.33770208,6.56646031e-05,100
4773,Hybrid,mixture2,-1.33762592,7.49286939e-05,100
4774,Metropolis,metropolis,-1.33663435,3.80582104e-04,100
4774,Row-Update,mps2,-1.33770328,6.47060261e-05,100
4774,Hybrid,mixture2,-1.33762890,7.46647165e-05,100
4775,Metropolis,metropolis,-1.33663548,3.80934146e-04,100
4775,Row-Update,mps2,-1.33770795,6.52314677e-05,100
4775,Hybrid,mixture2,-1.33763261,7.40866194e-05,100
4776,Metropolis,metropolis,-1.33664125,3.80574716e-04,100
4776,Row-Update,mps2,-1.33770927,6.40467932e-05,100
4776,Hybrid,mixture2,-1.33763270,7.43408907e-05,100
4777,Metropolis,metropolis,-1.33663517,3.80768725e-04,100
4777,Row-Update,mps2,-1.33770990,6.30285927e-05,100
4777,Hybrid,mixture2,-1.33762749,7.40271174e-05,100
4778,Metropolis,metropolis,-1.33663642,3.80734127e-04,100
4778,Row-Update,mps2,-1.33770632,6.35451140e-05,100
4778,Hybrid,mixture2,-1.33762151,7.49273167e-05,100
4779,Metropolis,metropolis,-1.33663462,3.81236329e-04,100
4779,Row-Update,mps2,-1.33770435,6.52225968e-05,100
4779,Hybrid,mixture2,-1.33763257,7.43317140e-05,100
4780,Metropolis,metropolis,-1.33663622,3.80731327e-04,100
4780,Row-Update,mps2,-1.33771504,6.39724652e-05,100
4780,Hybrid,mixture2,-1.33762556,7.44725866e-05,100
4781,Metropolis,metropolis,-1.33663617,3.80563957e-04,100
4781,Row-Update,mps2,-1.33771021,6.32538662e-05,100
4781,Hybrid,mixture2,-1.33762030,7.58100481e-05,100
4782,Metropolis,metropolis,-1.33663259,3.80898890e-04,100
4782,Row-Update,mps2,-1.33770345,6.43522208e-05,100
4782,Hybrid,mixture2,-1.33762557,7.47809132e-05,100
4783,Metropolis,metropolis,-1.33663615,3.81083813e-04,100
4783,Row-Update,mps2,-1.33771155,6.44668145e-05,100
4783,Hybrid,mixture2,-1.33762531,7.50715222e-05,100
4784,Metropolis,metropolis,-1.33662855,3.80880720e-04,100
4784,Row-Update,mps2,-1.33771475,6.39078601e-05,100
4784,Hybrid,mixture2,-1.33763069,7.48825029e-05,100
4785,Metropolis,metropolis,-1.33662858,3.81192579e-04,100
4785,Row-Update,mps2,-1.33772144,6.32431587e-05,100
4785,Hybrid,mixture2,-1.33762137,7.50530593e-05,100
4786,Metropolis,metropolis,-1.33663106,3.80953433e-04,100
4786,Row-Update,mps2,-1.33771104,6.46605491e-05,100
4786,Hybrid,mixture2,-1.33762069,7.50711737e-05,100
4787,Metropolis,metropolis,-1.33663304,3.81132651e-04,100
4787,Row-Update,mps2,-1.33771227,6.43534883e-05,100
4787,Hybrid,mixture2,-1.33761960,7.48385679e-05,100
4788,Metropolis,metropolis,-1.33663139,3.80569092e-04,100
4788,Row-Update,mps2,-1.33771766,6.59514274e-05,100
4788,Hybrid,mixture2,-1.33762365,7.43341301e-05,100
4789,Metropolis,metropolis,-1.33662914,3.80971483e-04,100
4789,Row-Update,mps2,-1.33771529,6.42211997e-05,100
4789,Hybrid,mixture2,-1.33762380,7.40754495e-05,100
4790,Metropolis,metropolis,-1.33662619,3.81307964e-04,100
4790,Row-Update,mps2,-1.33770419,6.42189522e-05,100
4790,Hybrid,mixture2,-1.33762491,7.46373706e-05,100
4791,Metropolis,metropolis,-1.33663104,3.81184548e-04,100
4791,Row-Update,mps2,-1.33770382,6.41550690e-05,100
4791,Hybrid,mixture2,-1.33762257,7.43949146e-05,100
4792,Metropolis,metropolis,-1.33663635,3.81141838e-04,100
4792,Row-Update,mps2,-1.33770273,6.47837870e-05,100
4792,Hybrid,mixture2,-1.33762536,7.42761615e-05,100
4793,Metropolis,metropolis,-1.33663025,3.81501488e-04,100
4793,Row-Update,mps2,-1.33770512,6.48770903e-05,100
4793,Hybrid,mixture2,-1.33762660,7.41648035e-05,100
4794,Metropolis,metropolis,-1.33663002,3.81042410e-04,100
4794,Row-Update,mps2,-1.33771095,6.64268014e-05,100
4794,Hybrid,mixture2,-1.33763063,7.37753027e-05,100
4795,Metropolis,metropolis,-1.33663605,3.80642234e-04,100
4795,Row-Update,mps2,-1.33770020,6.39308596e-05,100
4795,Hybrid,mixture2,-1.33762558,7.41957278e-05,100
4796,Metropolis,metropolis,-1.33663577,3.80321024e-04,100
4796,Row-Update,mps2,-1.33771097,6.37516354e-05,100
4796,Hybrid,mixture2,-1.33762392,7.47738218e-05,100
4797,Metropolis,metropolis,-1.33664115,3.80519989e-04,100
4797,Row-Update,mps2,-1.33770986,6.46042540e-05,100
4797,Hybrid,mixture2,-1.33762826,7.49360009e-05,100
4798,Metropolis,metropolis,-1.33663841,3.80666310e-04,100
4798,Row-Update,mps2,-1.33771133,6.46011245e-05,100
4798,Hybrid,mixture2,-1.33762801,7.45033031e-05,100
4799,Metropolis,metropolis,-1.33663264,3.80785848e-04,100
4799,Row-Update,mps2,-1.33770996,6.50664696e-05,100
4799,Hybrid,mixture2,-1.33761827,7.40457580e-05,100
4800,Metropolis,metropolis,-1.33663207,3.81411231e-04,100
4800,Row-Update,mps2,-1.33770615,6.49962502e-05,100
4800,Hybrid,mixture2,-1.33762319,7.43645605e-05,100
4801,Metropolis,metropolis,-1.33663924,3.80862035e-04,100
4801,Row-Update,mps2,-1.33771025,6.43256829e-05,100
4801,Hybrid,mixture2,-1.33762404,7.47219779e-05,100
4802,Metropolis,metropolis,-1.33663980,3.80710187e-04,100
4802,Row-Update,mps2,-1.33771489,6.39778535e-05,100
4802,Hybrid,mixture2,-1.33763046,7.45421028e-05,100
4803,Metropolis,metropolis,-1.33663752,3.80457267e-04,100
4803,Row-Update,mps2,-1.33769885,6.48061230e-05,100
4803,Hybrid,mixture2,-1.33763050,7.43786096e-05,100
4804,Metropolis,metropolis,-1.33663040,3.80286059e-04,100
4804,Row-Update,mps2,-1.33771551,6.53654669e-05,100
4804,Hybrid,mixture2,-1.33762330,7.44316095e-05,100
4805,Metropolis,metropolis,-1.33664261,3.80764933e-04,100
4805,Row-Update,mps2,-1.33771019,6.41682204e-05,100
4805,Hybrid,mixture2,-1.33762771,7.45306399e-05,100
4806,Metropolis,metropolis,-1.33663689,3.80966109e-04,100
4806,Row-Update,mps2,-1.33771280,6.50491483e-05,100
4806,Hybrid,mixture2,-1.33762618,7.45809748e-05,100
4807,Metropolis,metropolis,-1.33664206,3.80971923e-04,100
4807,Row-Update,mps2,-1.33771120,6.53289047e-05,100
4807,Hybrid,mixture2,-1.33762893,7.41093596e-05,100
4808,Metropolis,metropolis,-1.33663944,3.80691198e-04,100
4808,Row-Update,mps2,-1.33771415,6.57464640e-05,100
4808,Hybrid,mixture2,-1.33762984,7.37406951e-05,100
4809,Metropolis,metropolis,-1.33663546,3.80717451e-04,100
4809,Row-Update,mps2,-1.33772644,6.61043236e-05,100
4809,Hybrid,mixture2,-1.33763259,7.47354653e-05,100
4810,Metropolis,metropolis,-1.33663724,3.80559583e-04,100
4810,Row-Update,mps2,-1.33769891,6.53471431e-05,100
4810,Hybrid,mixture2,-1.33762485,7.39736633e-05,100
4811,Metropolis,metropolis,-1.33664240,3.80702823e-04,100
4811,Row-Update,mps2,-1.33771863,6.63686232e-05,100
4811,Hybrid,mixture2,-1.33762470,7.37158208e-05,100
4812,Metropolis,metropolis,-1.33664170,3.80321976e-04,100
4812,Row-Update,mps2,-1.33771227,6.74039159e-05,100
4812,Hybrid,mixture2,-1.33763924,7.42035140e-05,100
4813,Metropolis,metropolis,-1.33664017,3.80417167e-04,100
4813,Row-Update,mps2,-1.33771838,6.57290113e-05,100
4813,Hybrid,mixture2,-1.33762666,7.47800730e-05,100
4814,Metropolis,metropolis,-1.33664322,3.80534748e-04,100
4814,Row-Update,mps2,-1.33771398,6.58217247e-05,100
4814,Hybrid,mixture2,-1.33763160,7.44146290e-05,100
4815,Metropolis,metropolis,-1.33664162,3.80543133e-04,100
4815,Row-Update,mps2,-1.33771238,6.56465908e-05,100
4815,Hybrid,mixture2,-1.33762203,7.46926567e-05,100
4816,Metropolis,metropolis,-1.33663823,3.80947742e-04,100
4816,Row-Update,mps2,-1.33771245,6.70082099e-05,100
4816,Hybrid,mixture2,-1.33762849,7.46737499e-05,100
4817,Metropolis,metropolis,-1.33663772,3.80189211e-04,100
4817,Row-Update,mps2,-1.33771873,6.60048591e-05,100
4817,Hybrid,mixture2,-1.33762170,7.44140030e-05,100
4818,Metropolis,metropolis,-1.33663860,3.80790625e-04,100
4818,Row-Update,mps2,-1.33770810,6.50303214e-05,100
4818,Hybrid,mixture2,-1.33763597,7.42794376e-05,100
4819,Metropolis,metropolis,-1.33663922,3.80751334e-04,100
4819,Row-Update,mps2,-1.33771287,6.45168260e-05,100
4819,Hybrid,mixture2,-1.33763277,7.44856438e-05,100
4820,Metropolis,metropolis,-1.33663616,3.80879569e-04,100
4820,Row-Update,mps2,-1.33770620,6.52362870e-05,100
4820,Hybrid,mixture2,-1.33762481,7.46760668e-05,100
4821,Metropolis,metropolis,-1.33663897,3.80360727e-04,100
4821,Row-Update,mps2,-1.33770517,6.53571267e-05,100
4821,Hybrid,mixture2,-1.33759917,7.98467291e-05,100
4822,Metropolis,metropolis,-1.33663810,3.80293236e-04,100
4822,Row-Update,mps2,-1.33771810,6.40943272e-05,100
4822,Hybrid,mixture2,-1.33763025,7.45523842e-05,100
4823,Metropolis,metropolis,-1.33663606,3.80729721e-04,100
4823,Row-Update,mps2,-1.33771787,6.44685879e-05,100
4823,Hybrid,mixture2,-1.33762110,7.43951124e-05,100
4824,Metropolis,metropolis,-1.33663390,3.80867645e-04,100
4824,Row-Update,mps2,-1.33772233,6.50957901e-05,100
4824,Hybrid,mixture2,-1.33761697,7.50489088e-05,100
4825,Metropolis,metropolis,-1.33663772,3.80689681e-04,100
4825,Row-Update,mps2,-1.33771253,6.36200560e-05,100
4825,Hybrid,mixture2,-1.33761957,7.41297928e-05,100
4826,Metropolis,metropolis,-1.33663767,3.80956855e-04,100
4826,Row-Update,mps2,-1.33770771,6.46065585e-05,100
4826,Hybrid,mixture2,-1.33762635,7.44096748e-05,100
4827,Metropolis,metropolis,-1.33663963,3.80663403e-04,100
4827,Row-Update,mps2,-1.33771401,6.44587802e-05,100
4827,Hybrid,mixture2,-1.33763240,7.43149154e-05,100
4828,Metropolis,metropolis,-1.33664011,3.80802382e-04,100
4828,Row-Update,mps2,-1.33771788,6.39856684e-05,100
4828,Hybrid,mixture2,-1.33762617,7.42545031e-05,100
4829,Metropolis,metropolis,-1.33663892,3.80616508e-04,100
4829,Row-Update,mps2,-1.33771450,6.42165164e-05,100
4829,Hybrid,mixture2,-1.33762928,7.48446092e-05,100
4830,Metropolis,metropolis,-1.33664103,3.80666682e-04,100
4830,Row-Update,mps2,-1.33771118,6.47163184e-05,100
4830,Hybrid,mixture2,-1.33762852,7.42927501e-05,100
4831,Metropolis,metropolis,-1.33664193,3.80692202e-04,100
4831,Row-Update,mps2,-1.33770817,6.48419152e-05,100
4831,Hybrid,mixture2,-1.33762614,7.47717635e-05,100
4832,Metropolis,metropolis,-1.33664117,3.80526037e-04,100
4832,Row-Update,mps2,-1.33771939,6.40006160e-05,100
4832,Hybrid,mixture2,-1.33763060,7.46533527e-05,100
4833,Metropolis,metropolis,-1.33664232,3.80633662e-04,100
4833,Row-Update,mps2,-1.33771339,6.42007450e-05,100
4833,Hybrid,mixture2,-1.33762682,7.51697672e-05,100
4834,Metropolis,metropolis,-1.33664163,3.81058400e-04,100
4834,Row-Update,mps2,-1.33771588,6.54861485e-05,100
4834,Hybrid,mixture2,-1.33762385,7.46827835e-05,100
4835,Metropolis,metropolis,-1.33664059,3.80429600e-04,100
4835,Row-Update,mps2,-1.33771799,6.50635885e-05,100
4835,Hybrid,mixture2,-1.33762957,7.46740302e-05,100
4836,Metropolis,metropolis,-1.33663640,3.81142956e-04,100
4836,Row-Update,mps2,-1.33771244,6.51455574e-05,100
4836,Hybrid,mixture2,-1.33763420,7.44506560e-05,100
4837,Metropolis,metropolis,-1.33663956,3.80447629e-04,100
4837,Row-Update,mps2,-1.33770998,6.41309878e-05,100
4837,Hybrid,mixture2,-1.33763476,7.42133220e-05,100
4838,Metropolis,metropolis,-1.33663684,3.80393944e-04,100
4838,Row-Update,mps2,-1.33771759,6.47863976e-05,100
4838,Hybrid,mixture2,-1.33763102,7.43061426e-05,100
4839,Metropolis,metropolis,-1.33664243,3.80650689e-04,100
4839,Row-Update,mps2,-1.33771111,6.45246321e-05,100
4839,Hybrid,mixture2,-1.33762272,7.44098323e-05,100
4840,Metropolis,metropolis,-1.33664365,3.80365783e-04,100
4840,Row-Update,mps2,-1.33771233,6.44968155e-05,100
4840,Hybrid,mixture2,-1.33762593,7.40532291e-05,100
4841,Metropolis,metropolis,-1.33663710,3.80626988e-04,100
4841,Row-Update,mps2,-1.33770977,6.46943883e-05,100
4841,Hybrid,mixture2,-1.33763229,7.42222493e-05,100
4842,Metropolis,metropolis,-1.33663458,3.80767138e-04,100
4842,Row-Update,mps2,-1.33770809,6.31513201e-05,100
4842,Hybrid,mixture2,-1.33762584,7.43889282e-05,100
4843,Metropolis,metropolis,-1.33663625,3.80496978e-04,100
4843,Row-Update,mps2,-1.33771025,6.35356590e-05,100
4843,Hybrid,mixture2,-1.33762194,7.47972245e-05,100
4844,Metropolis,metropolis,-1.33664198,3.80943595e-04,100
4844,Row-Update,mps2,-1.33771261,6.34563887e-05,100
4844,Hybrid,mixture2,-1.33762806,7.46235549e-05,100
4845,Metropolis,metropolis,-1.33663832,3.80727975e-04,100
4845,Row-Update,mps2,-1.33770305,6.33635195e-05,100
4845,Hybrid,mixture2,-1.33763188,7.47593378e-05,100
4846,Metropolis,metropolis,-1.33664306,3.81057235e-04,100
4846,Row-Update,mps2,-1.33770780,6.38238430e-05,100
4846,Hybrid,mixture2,-1.33763813,7.41454415e-05,100
4847,Metropolis,metropolis,-1.33663559,3.80986238e-04,100
4847,Row-Update,mps2,-1.33769880,6.52774732e-05,100
4847,Hybrid,mixture2,-1.33762996,7.43096333e-05,100
4848,Metropolis,metropolis,-1.33664069,3.80738900e-04,100
4848,Row-Update,mps2,-1.33770806,6.58568029e-05,100
4848,Hybrid,mixture2,-1.33763812,7.46569432e-05,100
4849,Metropolis,metropolis,-1.33664312,3.80521080e-04,100
4849,Row-Update,mps2,-1.33770894,6.42172032e-05,100
4849,Hybrid,mixture2,-1.33763924,7.45553764e-05,100
4850,Metropolis,metropolis,-1.33664161,3.80645737e-04,100
4850,Row-Update,mps2,-1.33770565,6.45529752e-05,100
4850,Hybrid,mixture2,-1.33763308,7.43472773e-05,100
4851,Metropolis,metropolis,-1.33664283,3.80638659e-04,100
4851,Row-Update,mps2,-1.33770270,6.47570544e-05,100
4851,Hybrid,mixture2,-1.33762685,7.45748613e-05,100
4852,Metropolis,metropolis,-1.33663508,3.80496643e-04,100
4852,Row-Update,mps2,-1.33771176,6.47721000e-05,100
4852,Hybrid,mixture2,-1.33763131,7.41216001e-05,100
4853,Metropolis,metropolis,-1.33663936,3.80572794e-04,100
4853,Row-Update,mps2,-1.33770769,6.52853138e-05,100
4853,Hybrid,mixture2,-1.33763272,7.39611349e-05,100
4854,Metropolis,metropolis,-1.33663832,3.80903942e-04,100
4854,Row-Update,mps2,-1.33770397,6.57187256e-05,100
4854,Hybrid,mixture2,-1.33763687,7.40549293e-05,100
4855,Metropolis,metropolis,-1.33664472,3.80535284e-04,100
4855,Row-Update,mps2,-1.33771059,6.41633957e-05,100
4855,Hybrid,mixture2,-1.33762799,7.43431849e-05,100
4856,Metropolis,metropolis,-1.33664073,3.80876183e-04,100
4856,Row-Update,mps2,-1.33770184,6.52183302e-05,100
4856,Hybrid,mixture2,-1.33763143,7.40399012e-05,100
4857,Metropolis,metropolis,-1.33664087,3.80627631e-04,100
4857,Row-Update,mps2,-1.33770719,6.47688281e-05,100
4857,Hybrid,mixture2,-1.33762916,7.41333126e-05,100
4858,Metropolis,metropolis,-1.33664189,3.80723545e-04,100
4858,Row-Update,mps2,-1.33771765,6.48045274e-05,100
4858,Hybrid,mixture2,-1.33763006,7.38903674e-05,100
4859,Metropolis,metropolis,-1.33664134,3.80776564e-04,100
4859,Row-Update,mps2,-1.33770624,6.40207876e-05,100
4859,Hybrid,mixture2,-1.33762932,7.38344653e-05,100
4860,Metropolis,metropolis,-1.33663961,3.80473872e-04,100
4860,Row-Update,mps2,-1.33770699,6.36674103e-05,100
4860,Hybrid,mixture2,-1.33762912,7.45703092e-05,100
4861,Metropolis,metropolis,-1.33663752,3.80737068e-04,100
4861,Row-Update,mps2,-1.33771257,6.50712036e-05,100
4861,Hybrid,mixture2,-1.33763203,7.47410472e-05,100
4862,Metropolis,metropolis,-1.33663592,3.80601644e-04,100
4862,Row-Update,mps2,-1.33771011,6.45482601e-05,100
4862,Hybrid,mixture2,-1.33763172,7.45596135e-05,100
4863,Metropolis,metropolis,-1.33663791,3.80647421e-04,100
4863,Row-Update,mps2,-1.33771112,6.42469226e-05,100
4863,Hybrid,mixture2,-1.33762811,7.41472684e-05,100
4864,Metropolis,metropolis,-1.33664107,3.81041129e-04,100
4864,Row-Update,mps2,-1.33770943,6.35540092e-05,100
4864,Hybrid,mixture2,-1.33762692,7.40874660e-05,100
4865,Metropolis,metropolis,-1.33663457,3.80763508e-04,100
4865,Row-Update,mps2,-1.33771352,6.36826922e-05,100
4865,Hybrid,mixture2,-1.33763259,7.41261481e-05,100
4866,Metropolis,metropolis,-1.33664486,3.80869750e-04,100
4866,Row-Update,mps2,-1.33770640,6.40610960e-05,100
4866,Hybrid,mixture2,-1.33763216,7.45460815e-05,100
4867,Metropolis,metropolis,-1.33664065,3.80855397e-04,100
4867,Row-Update,mps2,-1.33770508,6.46964307e-05,100
4867,Hybrid,mixture2,-1.33763325,7.50951904e-05,100
4868,Metropolis,metropolis,-1.33663427,3.80632561e-04,100
4868,Row-Update,mps2,-1.33771147,6.39072773e-05,100
4868,Hybrid,mixture2,-1.33763129,7.42853164e-05,100
4869,Metropolis,metropolis,-1.33663971,3.80346597e-04,100
4869,Row-Update,mps2,-1.33771448,6.37831353e-05,100
4869,Hybrid,mixture2,-1.33762845,7.46455062e-05,100
4870,Metropolis,metropolis,-1.33663542,3.80414147e-04,100
4870,Row-Update,mps2,-1.33771266,6.46688596e-05,100
4870,Hybrid,mixture2,-1.33763851,7.43106380e-05,100
4871,Metropolis,metropolis,-1.33664348,3.80375650e-04,100
4871,Row-Update,mps2,-1.33771057,6.31856857e-05,100
4871,Hybrid,mixture2,-1.33763893,7.43660118e-05,100
4872,Metropolis,metropolis,-1.33664088,3.80827191e-04,100
4872,Row-Update,mps2,-1.33770826,6.47851941e-05,100
4872,Hybrid,mixture2,-1.33763896,7.36008160e-05,100
4873,Metropolis,metropolis,-1.33664051,3.80425987e-04,100
4873,Row-Update,mps2,-1.33771212,6.44330901e-05,100
4873,Hybrid,mixture2,-1.33764501,7.47994684e-05,100
4874,Metropolis,metropolis,-1.33664498,3.80571533e-04,100
4874,Row-Update,mps2,-1.33771017,6.47480353e-05,100
4874,Hybrid,mixture2,-1.33763819,7.29289622e-05,100
4875,Metropolis,metropolis,-1.33664402,3.80860457e-04,100
4875,Row-Update,mps2,-1.33771010,6.54947274e-05,100
4875,Hybrid,mixture2,-1.33763495,7.49027749e-05,100
4876,Metropolis,metropolis,-1.33663982,3.80303493e-04,100
4876,Row-Update,mps2,-1.33770952,6.48101349e-05,100
4876,Hybrid,mixture2,-1.33763629,7.52301673e-05,100
4877,Metropolis,metropolis,-1.33663590,3.80755168e-04,100
4877,Row-Update,mps2,-1.33771336,6.42039985e-05,100
4877,Hybrid,mixture2,-1.33763798,7.44385416e-05,100
4878,Metropolis,metropolis,-1.33663791,3.80524359e-04,100
4878,Row-Update,mps2,-1.33771069,6.48222793e-05,100
4878,Hybrid,mixture2,-1.33763573,7.38366132e-05,100
4879,Metropolis,metropolis,-1.33663979,3.80699491e-04,100
4879,Row-Update,mps2,-1.33771130,6.49557268e-05,100
4879,Hybrid,mixture2,-1.33763326,7.41877632e-05,100
4880,Metropolis,metropolis,-1.33664175,3.80813927e-04,100
4880,Row-Update,mps2,-1.33770256,6.40060268e-05,100
4880,Hybrid,mixture2,-1.33763039,7.48548335e-05,100
4881,Metropolis,metropolis,-1.33663803,3.80624915e-04,100
4881,Row-Update,mps2,-1.33770472,6.47508949e-05,100
4881,Hybrid,mixture2,-1.33763969,7.42371483e-05,100
4882,Metropolis,metropolis,-1.33664083,3.80629122e-04,100
4882,Row-Update,mps2,-1.33770731,6.51493783e-05,100
4882,Hybrid,mixture2,-1.33762784,7.41345855e-05,100
4883,Metropolis,metropolis,-1.33664239,3.80520965e-04,100
4883,Row-Update,mps2,-1.33770016,6.64278181e-05,100
4883,Hybrid,mixture2,-1.33763181,7.42012078e-05,100
4884,Metropolis,metropolis,-1.33663995,3.80516243e-04,100
4884,Row-Update,mps2,-1.33770138,6.40352193e-05,100
4884,Hybrid,mixture2,-1.33763925,7.43544763e-05,100
4885,Metropolis,metropolis,-1.33664342,3.80296188e-04,100
4885,Row-Update,mps2,-1.33770599,6.47492245e-05,100
4885,Hybrid,mixture2,-1.33763131,7.42552011e-05,100
4886,Metropolis,metropolis,-1.33664044,3.80814391e-04,100
4886,Row-Update,mps2,-1.33770678,6.55752264e-05,100
4886,Hybrid,mixture2,-1.33763527,7.46468747e-05,100
4887,Metropolis,metropolis,-1.33663980,3.80543922e-04,100
4887,Row-Update,mps2,-1.33769723,6.63398329e-05,100
4887,Hybrid,mixture2,-1.33763448,7.45101939e-05,100
4888,Metropolis,metropolis,-1.33664077,3.80848361e-04,100
4888,Row-Update,mps2,-1.33769652,6.52161858e-05,100
4888,Hybrid,mixture2,-1.33763576,7.44258839e-05,100
4889,Metropolis,metropolis,-1.33663639,3.80697106e-04,100
4889,Row-Update,mps2,-1.33769180,6.45510531e-05,100
4889,Hybrid,mixture2,-1.33763819,7.40657729e-05,100
4890,Metropolis,metropolis,-1.33664096,3.80914980e-04,100
4890,Row-Update,mps2,-1.33769976,6.53169244e-05,100
4890,Hybrid,mixture2,-1.33763210,7.45184918e-05,100
4891,Metropolis,metropolis,-1.33664150,3.80780335e-04,100
4891,Row-Update,mps2,-1.33769543,6.43543313e-05,100
4891,Hybrid,mixture2,-1.33763479,7.45480290e-05,100
4892,Metropolis,metropolis,-1.33664540,3.80391018e-04,100
4892,Row-Update,mps2,-1.33770566,6.52894415e-05,100
4892,Hybrid,mixture2,-1.33762944,7.39936818e-05,100
4893,Metropolis,metropolis,-1.33664013,3.80676052e-04,100
4893,Row-Update,mps2,-1.33769975,6.42742291e-05,100
4893,Hybrid,mixture2,-1.33763335,7.45996101e-05,100
4894,Metropolis,metropolis,-1.33664308,3.79150034e-04,100
4894,Row-Update,mps2,-1.33771000,6.61803834e-05,100
4894,Hybrid,mixture2,-1.33763354,7.46517189e-05,100
4895,Metropolis,metropolis,-1.33664117,3.80722669e-04,100
4895,Row-Update,mps2,-1.33771218,6.52207280e-05,100
4895,Hybrid,mixture2,-1.33762568,7.41813827e-05,100
4896,Metropolis,metropolis,-1.33663958,3.80257924e-04,100
4896,Row-Update,mps2,-1.33769685,6.52558202e-05,100
4896,Hybrid,mixture2,-1.33763066,7.47910114e-05,100
4897,Metropolis,metropolis,-1.33664056,3.80439190e-04,100
4897,Row-Update,mps2,-1.33771396,6.43921656e-05,100
4897,Hybrid,mixture2,-1.33763789,7.39699122e-05,100
4898,Metropolis,metropolis,-1.33664011,3.80355701e-04,100
4898,Row-Update,mps2,-1.33770946,6.70744517e-05,100
4898,Hybrid,mixture2,-1.33763093,7.45588481e-05,100
4899,Metropolis,metropolis,-1.33664154,3.80395571e-04,100
4899,Row-Update,mps2,-1.33769955,6.59417077e-05,100
4899,Hybrid,mixture2,-1.33762533,7.43535959e-05,100
4900,Metropolis,metropolis,-1.33664469,3.80699367e-04,100
4900,Row-Update,mps2,-1.33770125,6.68535335e-05,100
4900,Hybrid,mixture2,-1.33762890,7.43385348e-05,100
4901,Metropolis,metropolis,-1.33664116,3.80722007e-04,100
4901,Row-Update,mps2,-1.33769445,6.63055490e-05,100
4901,Hybrid,mixture2,-1.33763011,7.39337624e-05,100
4902,Metropolis,metropolis,-1.33663994,3.80887708e-04,100
4902,Row-Update,mps2,-1.33770201,6.72056548e-05,100
4902,Hybrid,mixture2,-1.33763055,7.41905871e-05,100
4903,Metropolis,metropolis,-1.33664141,3.80723038e-04,100
4903,Row-Update,mps2,-1.33769703,6.64280811e-05,100
4903,Hybrid,mixture2,-1.33765068,7.53952930e-05,100
4904,Metropolis,metropolis,-1.33663812,3.80739122e-04,100
4904,Row-Update,mps2,-1.33769914,6.69654630e-05,100
4904,Hybrid,mixture2,-1.33762865,7.45448911e-05,100
4905,Metropolis,metropolis,-1.33664402,3.80783855e-04,100
4905,Row-Update,mps2,-1.33770526,6.62621631e-05,100
4905,Hybrid,mixture2,-1.33761782,7.68685130e-05,100
4906,Metropolis,metropolis,-1.33663950,3.80748695e-04,100
4906,Row-Update,mps2,-1.33769857,6.74416128e-05,100
4906,Hybrid,mixture2,-1.33763212,7.41108340e-05,100
4907,Metropolis,metropolis,-1.33664064,3.79541531e-04,100
4907,Row-Update,mps2,-1.33770078,6.76315539e-05,100
4907,Hybrid,mixture2,-1.33763320,7.40152797e-05,100
4908,Metropolis,metropolis,-1.33664009,3.80681583e-04,100
4908,Row-Update,mps2,-1.33770218,6.68161276e-05,100
4908,Hybrid,mixture2,-1.33763094,7.42774105e-05,100
4909,Metropolis,metropolis,-1.33664004,3.80724541e-04,100
4909,Row-Update,mps2,-1.33770065,6.67406094e-05,100
4909,Hybrid,mixture2,-1.33763628,7.41289140e-05,100
4910,Metropolis,metropolis,-1.33664180,3.80515832e-04,100
4910,Row-Update,mps2,-1.33769566,6.93451987e-05,100
4910,Hybrid,mixture2,-1.33762858,7.40976955e-05,100
4911,Metropolis,metropolis,-1.33664417,3.80261008e-04,100
4911,Row-Update,mps2,-1.33769586,6.76409049e-05,100
4911,Hybrid,mixture2,-1.33762745,7.47257863e-05,100
4912,Metropolis,metropolis,-1.33663756,3.80758620e-04,100
4912,Row-Update,mps2,-1.33770572,6.60427351e-05,100
4912,Hybrid,mixture2,-1.33762989,7.54198747e-05,100
4913,Metropolis,metropolis,-1.33663689,3.80930303e-04,100
4913,Row-Update,mps2,-1.33770155,6.56067204e-05,100
4913,Hybrid,mixture2,-1.33763446,7.43622163e-05,100
4914,Metropolis,metropolis,-1.33664099,3.80277199e-04,100
4914,Row-Update,mps2,-1.33770638,6.52715145e-05,100
4914,Hybrid,mixture2,-1.33763157,7.37631756e-05,100
4915,Metropolis,metropolis,-1.33664353,3.80788699e-04,100
4915,Row-Update,mps2,-1.33770284,6.76334615e-05,100
4915,Hybrid,mixture2,-1.33763183,7.45878428e-05,100
4916,Metropolis,metropolis,-1.33663655,3.80436326e-04,100
4916,Row-Update,mps2,-1.33770084,6.50407354e-05,100
4916,Hybrid,mixture2,-1.33763478,7.42651820e-05,100
4917,Metropolis,metropolis,-1.33664035,3.80277276e-04,100
4917,Row-Update,mps2,-1.33770411,6.68114380e-05,100
4917,Hybrid,mixture2,-1.33764069,7.39347596e-05,100
4918,Metropolis,metropolis,-1.33664068,3.80508502e-04,100
4918,Row-Update,mps2,-1.33770174,6.51781524e-05,100
4918,Hybrid,mixture2,-1.33763119,7.46348157e-05,100
4919,Metropolis,metropolis,-1.33663604,3.80465811e-04,100
4919,Row-Update,mps2,-1.33770144,6.67747021e-05,100
4919,Hybrid,mixture2,-1.33763053,7.44689091e-05,100
4920,Metropolis,metropolis,-1.33663674,3.80630146e-04,100
4920,Row-Update,mps2,-1.33769742,6.74287904e-05,100
4920,Hybrid,mixture2,-1.33763066,7.44120100e-05,100
4921,Metropolis,metropolis,-1.33664428,3.80546014e-04,100
4921,Row-Update,mps2,-1.33769919,6.59710094e-05,100
4921,Hybrid,mixture2,-1.33763343,7.40712581e-05,100
4922,Metropolis,metropolis,-1.33664273,3.80423784e-04,100
4922,Row-Update,mps2,-1.33769973,6.65333763e-05,100
4922,Hybrid,mixture2,-1.33764177,7.44166117e-05,100
4923,Metropolis,metropolis,-1.33664334,3.80437401e-04,100
4923,Row-Update,mps2,-1.33769576,6.82636888e-05,100
4923,Hybrid,mixture2,-1.33763940,7.36483434e-05,100
4924,Metropolis,metropolis,-1.33663952,3.80555795e-04,100
4924,Row-Update,mps2,-1.33769209,6.84804605e-05,100
4924,Hybrid,mixture2,-1.33763296,7.39057041e-05,100
4925,Metropolis,metropolis,-1.33663968,3.80588174e-04,100
4925,Row-Update,mps2,-1.33770237,6.81081108e-05,100
4925,Hybrid,mixture2,-1.33763358,7.39045753e-05,100
4926,Metropolis,metropolis,-1.33664128,3.80295612e-04,100
4926,Row-Update,mps2,-1.33769814,6.80494692e-05,100
4926,Hybrid,mixture2,-1.33763702,7.39084488e-05,100
4927,Metropolis,metropolis,-1.33663522,3.80670814e-04,100
4927,Row-Update,mps2,-1.33770647,6.89761828e-05,100
4927,Hybrid,mixture2,-1.33763568,7.39135398e-05,100
4928,Metropolis,metropolis,-1.33664279,3.80816190e-04,100
4928,Row-Update,mps2,-1.33770028,6.82887229e-05,100
4928,Hybrid,mixture2,-1.33763316,7.40722999e-05,100
4929,Metropolis,metropolis,-1.33664223,3.80162730e-04,100
4929,Row-Update,mps2,-1.33769799,6.94087985e-05,100
4929,Hybrid,mixture2,-1.33763716,7.39731118e-05,100
4930,Metropolis,metropolis,-1.33664049,3.80612052e-04,100
4930,Row-Update,mps2,-1.33769883,6.86331028e-05,100
4930,Hybrid,mixture2,-1.33763682,7.36450112e-05,100
4931,Metropolis,metropolis,-1.33664315,3.81044795e-04,100
4931,Row-Update,mps2,-1.33770057,6.83716895e-05,100
4931,Hybrid,mixture2,-1.33762372,7.47464117e-05,100
4932,Metropolis,metropolis,-1.33664599,3.80408721e-04,100
4932,Row-Update,mps2,-1.33771017,6.76414514e-05,100
4932,Hybrid,mixture2,-1.33763575,7.36480795e-05,100
4933,Metropolis,metropolis,-1.33664184,3.80719993e-04,100
4933,Row-Update,mps2,-1.33771190,6.74279545e-05,100
4933,Hybrid,mixture2,-1.33763616,7.47710460e-05,100
4934,Metropolis,metropolis,-1.33663611,3.80597399e-04,100
4934,Row-Update,mps2,-1.33770520,6.86556564e-05,100
4934,Hybrid,mixture2,-1.33763669,7.46593911e-05,100
4935,Metropolis,metropolis,-1.33664037,3.80967257e-04,100
4935,Row-Update,mps2,-1.33770698,6.79730710e-05,100
4935,Hybrid,mixture2,-1.33763888,7.41949760e-05,100
4936,Metropolis,metropolis,-1.33664564,3.80459288e-04,100
4936,Row-Update,mps2,-1.33770827,6.76117384e-05,100
4936,Hybrid,mixture2,-1.33763138,7.39639952e-05,100
4937,Metropolis,metropolis,-1.33663869,3.80763128e-04,100
4937,Row-Update,mps2,-1.33770622,6.88567222e-05,100
4937,Hybrid,mixture2,-1.33763129,7.43450919e-05,100
4938,Metropolis,metropolis,-1.33664307,3.80474093e-04,100
4938,Row-Update,mps2,-1.33771158,6.60505158e-05,100
4938,Hybrid,mixture2,-1.33763627,7.48439068e-05,100
4939,Metropolis,metropolis,-1.33663977,3.80516477e-04,100
4939,Row-Update,mps2,-1.33771831,6.54977208e-05,100
4939,Hybrid,mixture2,-1.33763401,7.47694943e-05,100
4940,Metropolis,metropolis,-1.33664456,3.80298715e-04,100
4940,Row-Update,mps2,-1.33771141,6.64006927e-05,100
4940,Hybrid,mixture2,-1.33763691,7.38938080e-05,100
4941,Metropolis,metropolis,-1.33664315,3.80647093e-04,100
4941,Row-Update,mps2,-1.33770650,6.65234177e-05,100
4941,Hybrid,mixture2,-1.33763636,7.57157144e-05,100
4942,Metropolis,metropolis,-1.33664158,3.80838083e-04,100
4942,Row-Update,mps2,-1.33770212,6.59321387e-05,100
4942,Hybrid,mixture2,-1.33763204,7.45342988e-05,100
4943,Metropolis,metropolis,-1.33664370,3.80611207e-04,100
4943,Row-Update,mps2,-1.33770083,6.64885504e-05,100
4943,Hybrid,mixture2,-1.33763827,7.45124994e-05,100
4944,Metropolis,metropolis,-1.33664015,3.80732043e-04,100
4944,Row-Update,mps2,-1.33769996,6.45717645e-05,100
4944,Hybrid,mixture2,-1.33763383,7.45951422e-05,100
4945,Metropolis,metropolis,-1.33663928,3.80386865e-04,100
4945,Row-Update,mps2,-1.33770654,6.56908624e-05,100
4945,Hybrid,mixture2,-1.33763330,7.48787108e-05,100
4946,Metropolis,metropolis,-1.33664027,3.80569551e-04,100
4946,Row-Update,mps2,-1.33770170,6.71416391e-05,100
4946,Hybrid,mixture2,-1.33763131,7.63542404e-05,100
4947,Metropolis,metropolis,-1.33663777,3.80682328e-04,100
4947,Row-Update,mps2,-1.33770525,6.69772660e-05,100
4947,Hybrid,mixture2,-1.33763936,7.51695387e-05,100
4948,Metropolis,metropolis,-1.33664300,3.80666365e-04,100
4948,Row-Update,mps2,-1.33770250,6.58670300e-05,100
4948,Hybrid,mixture2,-1.33763395,7.44695907e-05,100
4949,Metropolis,metropolis,-1.33664271,3.80826771e-04,100
4949,Row-Update,mps2,-1.33770460,6.61153515e-05,100
4949,Hybrid,mixture2,-1.33763479,7.48008696e-05,100
4950,Metropolis,metropolis,-1.33664017,3.80375842e-04,100
4950,Row-Update,mps2,-1.33770191,6.66374602e-05,100
4950,Hybrid,mixture2,-1.33763279,7.40063648e-05,100
4951,Metropolis,metropolis,-1.33664318,3.80661398e-04,100
4951,Row-Update,mps2,-1.33770382,6.82760041e-05,100
4951,Hybrid,mixture2,-1.33763444,7.42181243e-05,100
4952,Metropolis,metropolis,-1.33664607,3.80730409e-04,100
4952,Row-Update,mps2,-1.33769317,6.63260913e-05,100
4952,Hybrid,mixture2,-1.33763309,7.39298638e-05,100
4953,Metropolis,metropolis,-1.33664413,3.80171313e-04,100
4953,Row-Update,mps2,-1.33769692,6.67438147e-05,100
4953,Hybrid,mixture2,-1.33763484,7.38377990e-05,100
4954,Metropolis,metropolis,-1.33664175,3.80412388e-04,100
4954,Row-Update,mps2,-1.33770051,6.71063302e-05,100
4954,Hybrid,mixture2,-1.33763004,7.41734227e-05,100
4955,Metropolis,metropolis,-1.33664723,3.81054326e-04,100
4955,Row-Update,mps2,-1.33770566,6.59294608e-05,100
4955,Hybrid,mixture2,-1.33763487,7.48980490e-05,100
4956,Metropolis,metropolis,-1.33664463,3.80833498e-04,100
4956,Row-Update,mps2,-1.33770173,6.64609673e-05,100
4956,Hybrid,mixture2,-1.33763259,7.46461404e-05,100
4957,Metropolis,metropolis,-1.33664298,3.80177554e-04,100
4957,Row-Update,mps2,-1.33770019,6.59855765e-05,100
4957,Hybrid,mixture2,-1.33763850,7.44967639e-05,100
4958,Metropolis,metropolis,-1.33664741,3.80073923e-04,100
4958,Row-Update,mps2,-1.33770279,6.60278902e-05,100
4958,Hybrid,mixture2,-1.33763722,7.45123186e-05,100
4959,Metropolis,metropolis,-1.33664050,3.80531530e-04,100
4959,Row-Update,mps2,-1.33770098,6.64629927e-05,100
4959,Hybrid,mixture2,-1.33762932,7.42779303e-05,100
4960,Metropolis,metropolis,-1.33664301,3.80643807e-04,100
4960,Row-Update,mps2,-1.33769581,6.77044133e-05,100
4960,Hybrid,mixture2,-1.33762831,7.46746575e-05,100
4961,Metropolis,metropolis,-1.33664605,3.80829644e-04,100
4961,Row-Update,mps2,-1.33770015,6.63507114e-05,100
4961,Hybrid,mixture2,-1.33763142,7.40107105e-05,100
4962,Metropolis,metropolis,-1.33664241,3.80692286e-04,100
4962,Row-Update,mps2,-1.33770138,6.64121333e-05,100
4962,Hybrid,mixture2,-1.33762992,7.41219485e-05,100
4963,Metropolis,metropolis,-1.33663784,3.80722067e-04,100
4963,Row-Update,mps2,-1.33770211,6.61974788e-05,100
4963,Hybrid,mixture2,-1.33763377,7.37726534e-05,100
4964,Metropolis,metropolis,-1.33663888,3.80976821e-04,100
4964,Row-Update,mps2,-1.33770353,6.64242814e-05,100
4964,Hybrid,mixture2,-1.33763145,7.35154822e-05,100
4965,Metropolis,metropolis,-1.33663986,3.80591224e-04,100
4965,Row-Update,mps2,-1.33769020,6.54946501e-05,100
4965,Hybrid,mixture2,-1.33763991,7.46274763e-05,100
4966,Metropolis,metropolis,-1.33664383,3.80725451e-04,100
4966,Row-Update,mps2,-1.33770327,6.63676915e-05,100
4966,Hybrid,mixture2,-1.33763584,7.42779964e-05,100
4967,Metropolis,metropolis,-1.33664024,3.80461528e-04,100
4967,Row-Update,mps2,-1.33769988,6.73819688e-05,100
4967,Hybrid,mixture2,-1.33763845,7.37237577e-05,100
4968,Metropolis,metropolis,-1.33663681,3.80145771e-04,100
4968,Row-Update,mps2,-1.33770383,6.70031086e-05,100
4968,Hybrid,mixture2,-1.33763740,7.44073042e-05,100
4969,Metropolis,metropolis,-1.33663931,3.81141129e-04,100
4969,Row-Update,mps2,-1.33770511,6.56999543e-05,100
4969,Hybrid,mixture2,-1.33763743,7.37131122e-05,100
4970,Metropolis,metropolis,-1.33664306,3.80409704e-04,100
4970,Row-Update,mps2,-1.33770289,6.63773662e-05,100
4970,Hybrid,mixture2,-1.33763662,7.41163691e-05,100
4971,Metropolis,metropolis,-1.33664011,3.80357615e-04,100
4971,Row-Update,mps2,-1.33769975,6.65574197e-05,100
4971,Hybrid,mixture2,-1.33762694,7.38451878e-05,100
4972,Metropolis,metropolis,-1.33664574,3.80425446e-04,100
4972,Row-Update,mps2,-1.33770407,6.73563782e-05,100
4972,Hybrid,mixture2,-1.33763305,7.40097988e-05,100
4973,Metropolis,metropolis,-1.33663924,3.80330467e-04,100
4973,Row-Update,mps2,-1.33768909,6.69323429e-05,100
4973,Hybrid,mixture2,-1.33763342,7.38286188e-05,100
4974,Metropolis,metropolis,-1.33664423,3.80635208e-04,100
4974,Row-Update,mps2,-1.33770080,6.72778265e-05,100
4974,Hybrid,mixture2,-1.33763553,7.41625965e-05,100
4975,Metropolis,metropolis,-1.33663989,3.80778819e-04,100
4975,Row-Update,mps2,-1.33769660,6.83619713e-05,100
4975,Hybrid,mixture2,-1.33763892,7.40356959e-05,100
4976,Metropolis,metropolis,-1.33664843,3.80507765e-04,100
4976,Row-Update,mps2,-1.33769906,6.58484467e-05,100
4976,Hybrid,mixture2,-1.33763479,7.47958123e-05,100
4977,Metropolis,metropolis,-1.33664382,3.80261922e-04,100
4977,Row-Update,mps2,-1.33770173,6.54397891e-05,100
4977,Hybrid,mixture2,-1.33763842,7.40950669e-05,100
4978,Metropolis,metropolis,-1.33664569,3.80405814e-04,100
4978,Row-Update,mps2,-1.33770278,6.62090813e-05,100
4978,Hybrid,mixture2,-1.33763971,7.43119743e-05,100
4979,Metropolis,metropolis,-1.33664201,3.80110356e-04,100
4979,Row-Update,mps2,-1.33769150,6.57951531e-05,100
4979,Hybrid,mixture2,-1.33762791,7.47873858e-05,100
4980,Metropolis,metropolis,-1.33664175,3.80652503e-04,100
4980,Row-Update,mps2,-1.33770401,6.74871188e-05,100
4980,Hybrid,mixture2,-1.33763342,7.42168719e-05,100
4981,Metropolis,metropolis,-1.33664033,3.80093975e-04,100
4981,Row-Update,mps2,-1.33769678,6.48043123e-05,100
4981,Hybrid,mixture2,-1.33763614,7.40646425e-05,100
4982,Metropolis,metropolis,-1.33664414,3.80288553e-04,100
4982,Row-Update,mps2,-1.33770330,6.51005561e-05,100
4982,Hybrid,mixture2,-1.33763449,7.50028319e-05,100
4983,Metropolis,metropolis,-1.33665008,3.80655322e-04,100
4983,Row-Update,mps2,-1.33770307,6.56919929e-05,100
4983,Hybrid,mixture2,-1.33763197,7.40745152e-05,100
4984,Metropolis,metropolis,-1.33664170,3.80881542e-04,100
4984,Row-Update,mps2,-1.33769241,6.57740906e-05,100
4984,Hybrid,mixture2,-1.33763520,7.44549842e-05,100
4985,Metropolis,metropolis,-1.33663845,3.80437257e-04,100
4985,Row-Update,mps2,-1.33770512,6.51162224e-05,100
4985,Hybrid,mixture2,-1.33763456,7.50168550e-05,100
4986,Metropolis,metropolis,-1.33664266,3.80944827e-04,100
4986,Row-Update,mps2,-1.33770280,6.49876197e-05,100
4986,Hybrid,mixture2,-1.33763275,7.43803302e-05,100
4987,Metropolis,metropolis,-1.33664661,3.80301027e-04,100
4987,Row-Update,mps2,-1.33770671,6.38483699e-05,100
4987,Hybrid,mixture2,-1.33763265,7.54962149e-05,100
4988,Metropolis,metropolis,-1.33664456,3.80346141e-04,100
4988,Row-Update,mps2,-1.33770624,6.36900670e-05,100
4988,Hybrid,mixture2,-1.33763292,7.42270418e-05,100
4989,Metropolis,metropolis,-1.33664556,3.80376602e-04,100
4989,Row-Update,mps2,-1.33769948,6.46763450e-05,100
4989,Hybrid,mixture2,-1.33764060,7.35746932e-05,100
4990,Metropolis,metropolis,-1.33664002,3.80186926e-04,100
4990,Row-Update,mps2,-1.33770351,6.33295605e-05,100
4990,Hybrid,mixture2,-1.33762371,7.40655210e-05,100
4991,Metropolis,metropolis,-1.33664234,3.80485999e-04,100
4991,Row-Update,mps2,-1.33771337,6.30000663e-05,100
4991,Hybrid,mixture2,-1.33763367,7.45152243e-05,100
4992,Metropolis,metropolis,-1.33664313,3.80380463e-04,100
4992,Row-Update,mps2,-1.33771123,6.34129276e-05,100
4992,Hybrid,mixture2,-1.33762948,7.40049288e-05,100
4993,Metropolis,metropolis,-1.33663863,3.80870683e-04,100
4993,Row-Update,mps2,-1.33771094,6.34234047e-05,100
4993,Hybrid,mixture2,-1.33763695,7.43099808e-05,100
4994,Metropolis,metropolis,-1.33664630,3.80591323e-04,100
4994,Row-Update,mps2,-1.33770635,6.35785414e-05,100
4994,Hybrid,mixture2,-1.33763496,7.45522585e-05,100
4995,Metropolis,metropolis,-1.33663978,3.80766683e-04,100
4995,Row-Update,mps2,-1.33770786,6.31038961e-05,100
4995,Hybrid,mixture2,-1.33763371,7.41219633e-05,100
4996,Metropolis,metropolis,-1.33664777,3.80690036e-04,100
4996,Row-Update,mps2,-1.33771548,6.43551872e-05,100
4996,Hybrid,mixture2,-1.33764618,7.38138800e-05,100
4997,Metropolis,metropolis,-1.33664404,3.80708213e-04,100
4997,Row-Update,mps2,-1.33771307,6.27645803e-05,100
4997,Hybrid,mixture2,-1.33763592,7.42103011e-05,100
4998,Metropolis,metropolis,-1.33664205,3.80547632e-04,100
4998,Row-Update,mps2,-1.33771683,6.38221548e-05,100
4998,Hybrid,mixture2,-1.33764042,7.37954810e-05,100
4999,Metropolis,metropolis,-1.33664308,3.80711406e-04,100
4999,Row-Update,mps2,-1.33771680,6.49805453e-05,100
4999,Hybrid,mixture2,-1.33763818,7.46735527e-05,100
5000,Metropolis,metropolis,-1.33664156,3.80685626e-04,100
5000,Row-Update,mps2,-1.33771091,6.48202574e-05,100
5000,Hybrid,mixture2,-1.33764016,7.44392146e-05,100
